city_id,city_name,service_date_local,bins,generated_l,overflow_l,successful_collections,missed_collections,collected_kg,scheduled_readings,received_readings,fill_sum_pct,mean_fill_pct,overflow_slots,overflow_slot_pct,generated_l_per_bin_day,collections_per_bin_day,data_origin
CBE,Coimbatore,2026-01-01,500,189732.09999667108,4572.974096000195,1,0,21.78101623535156,6000,5914,259551.20988076925,43.88759044314664,109,1.8166666666666667,379.46419999334216,0.002,synthetic
CBE,Coimbatore,2026-01-02,500,184406.71346893907,14850.386648207903,281,19,21564.879067382797,6000,5915,320633.51000617445,54.206848690815626,473,7.883333333333334,368.81342693787815,0.562,synthetic
CBE,Coimbatore,2026-01-03,500,210342.01620975137,27086.68333467841,281,17,21712.381821899395,6000,5893,314897.6099590361,53.435874759721045,745,12.416666666666666,420.6840324195027,0.562,synthetic
CBE,Coimbatore,2026-01-04,500,211779.089466393,26489.285809684545,282,12,22889.290922241184,6000,5897,304696.1501590274,51.66968800390494,770,12.833333333333334,423.558178932786,0.564,synthetic
CBE,Coimbatore,2026-01-05,500,188282.59596606717,15856.922561563551,309,10,22651.416421508773,6000,5907,290699.8800162375,49.21277806267776,532,8.866666666666667,376.5651919321343,0.618,synthetic
CBE,Coimbatore,2026-01-06,500,188277.3954553753,20806.479885578156,241,8,18939.278309326153,6000,5912,298353.21000193805,50.465698579488844,629,10.483333333333333,376.5547909107506,0.482,synthetic
CBE,Coimbatore,2026-01-07,500,184903.51296541095,15542.283855587244,316,8,22464.970772094704,6000,5918,279751.83994779177,47.27134841970121,536,8.933333333333334,369.8070259308219,0.632,synthetic
CBE,Coimbatore,2026-01-08,500,185340.74830474705,15866.009439766407,236,14,18136.317903442367,6000,5919,297200.359954983,50.211245135155096,527,8.783333333333333,370.6814966094941,0.472,synthetic
CBE,Coimbatore,2026-01-09,500,184655.61971290782,18941.175084210932,299,12,21755.852751159655,6000,5910,282252.05005495995,47.75838410405414,569,9.483333333333333,369.31123942581564,0.598,synthetic
CBE,Coimbatore,2026-01-10,500,204067.21426710486,20418.93615502119,243,9,19106.099326171865,6000,5905,299091.4300373122,50.65053853299106,572,9.533333333333333,408.13442853420975,0.486,synthetic
CBE,Coimbatore,2026-01-11,500,209166.7860790789,23327.081998050213,317,16,23114.200063476543,6000,5922,301383.33992791176,50.89215466530087,648,10.8,418.33357215815784,0.634,synthetic
CBE,Coimbatore,2026-01-12,500,185482.4150191769,16903.970437176526,270,7,21241.8579949951,6000,5908,296353.360067755,50.16136764857058,613,10.216666666666667,370.9648300383538,0.54,synthetic
CBE,Coimbatore,2026-01-13,500,187618.21292507648,19963.554443091154,274,18,20023.657998046852,6000,5911,296049.2800396532,50.08446625607396,638,10.633333333333333,375.23642585015295,0.548,synthetic
CBE,Coimbatore,2026-01-14,500,182137.83595121652,16415.22956673056,271,10,20274.38293945311,6000,5897,289570.2199919373,49.104666778351245,566,9.433333333333334,364.27567190243303,0.542,synthetic
CBE,Coimbatore,2026-01-15,500,180734.39608051628,14471.50342103839,282,11,20429.02343536376,6000,5905,286796.0000038855,48.56833192275791,493,8.216666666666667,361.4687921610326,0.564,synthetic
CBE,Coimbatore,2026-01-16,500,182734.1376110837,21154.766729325056,251,17,18157.428557739244,6000,5918,298303.1798467729,50.40607973078286,608,10.133333333333333,365.4682752221674,0.502,synthetic
CBE,Coimbatore,2026-01-17,500,202533.32530006766,20548.10016721487,292,11,21874.44931091306,6000,5900,293225.40998643637,49.69922203159938,642,10.7,405.06665060013535,0.584,synthetic
CBE,Coimbatore,2026-01-18,500,201520.29972369224,18274.587294846773,288,8,21457.77897766111,6000,5915,296740.439989239,50.16744547578005,598,9.966666666666667,403.04059944738447,0.576,synthetic
CBE,Coimbatore,2026-01-19,500,182917.65700269118,16350.926300320774,283,8,21395.699739990217,6000,5922,294938.42010385543,49.803853445433205,539,8.983333333333333,365.8353140053824,0.566,synthetic
CBE,Coimbatore,2026-01-20,500,179246.31374380365,13878.762507341802,268,12,19627.535542602527,6000,5927,290435.7499098033,49.00215115738202,535,8.916666666666666,358.4926274876073,0.536,synthetic
CBE,Coimbatore,2026-01-21,500,180378.31510052085,14933.659156635404,283,8,20933.851162719708,6000,5894,281089.7397881448,47.69082792469373,495,8.25,360.7566302010417,0.566,synthetic
CBE,Coimbatore,2026-01-22,500,178888.02096286416,17119.90319186449,257,12,18601.06024658202,6000,5928,284981.4499307424,48.07379384796599,529,8.816666666666666,357.7760419257283,0.514,synthetic
CBE,Coimbatore,2026-01-23,500,180470.51714906096,16226.60481005907,278,14,20303.813669128405,6000,5912,283682.050021559,47.98410859633948,533,8.883333333333333,360.9410342981219,0.556,synthetic
CBE,Coimbatore,2026-01-24,500,198833.42334564775,20653.388843789697,259,19,18761.33436035155,6000,5919,301632.37017782405,50.96002199321237,608,10.133333333333333,397.6668466912955,0.518,synthetic
CBE,Coimbatore,2026-01-25,500,199119.9631458819,18830.419635221362,308,7,23017.63875274656,6000,5913,292195.7101779729,49.415814337556725,594,9.9,398.23992629176377,0.616,synthetic
CBE,Coimbatore,2026-01-26,500,177445.21335208416,15312.459377638996,263,7,19799.500944213854,6000,5898,291589.7700404227,49.438753821706115,522,8.7,354.8904267041683,0.526,synthetic
CBE,Coimbatore,2026-01-27,500,179772.75473159552,17372.057697460055,275,12,20393.4408654785,6000,5925,286204.0298406482,48.30447761023598,564,9.4,359.545509463191,0.55,synthetic
CBE,Coimbatore,2026-01-28,500,176947.96266966313,14741.305281408131,264,7,19124.100483398426,6000,5901,281681.9199616611,47.734607687114234,487,8.116666666666667,353.89592533932625,0.528,synthetic
CBE,Coimbatore,2026-01-29,500,177981.18336574733,15847.976699873805,276,12,19900.888809814438,6000,5901,282669.7101575583,47.902001382402695,502,8.366666666666667,355.9623667314947,0.552,synthetic
CBE,Coimbatore,2026-01-30,500,174897.02854692936,13760.819060474634,259,9,18852.34867492674,6000,5905,283511.43010085635,48.012096545445615,482,8.033333333333333,349.7940570938587,0.518,synthetic
CBE,Coimbatore,2026-01-31,500,198207.17126396298,18827.961341932416,288,12,20494.59937408445,6000,5898,288332.44997404143,48.88647846287579,534,8.9,396.41434252792595,0.576,synthetic
CBE,Coimbatore,2026-02-01,500,198288.93473100662,18290.986033320427,281,10,21323.520861511213,6000,5923,294774.4700318277,49.76776465166768,572,9.533333333333333,396.57786946201327,0.562,synthetic
CBE,Coimbatore,2026-02-02,500,174497.13274943084,13820.951463386416,281,8,20938.566522216777,6000,5917,288015.27000035346,48.675894879221474,508,8.466666666666667,348.9942654988617,0.562,synthetic
CBE,Coimbatore,2026-02-03,500,176514.14548429847,12812.468159370124,260,9,19429.725176696764,6000,5905,284066.0200644415,48.10601525223395,445,7.416666666666667,353.02829096859693,0.52,synthetic
CBE,Coimbatore,2026-02-04,500,176830.93764084578,16569.813245356083,275,13,20069.25058044432,6000,5922,280162.24015853927,47.30872005378914,495,8.25,353.66187528169155,0.55,synthetic
CBE,Coimbatore,2026-02-05,500,176492.9886636883,15497.144583508372,256,15,18560.289146118146,6000,5902,284135.4600997567,48.14223315821022,501,8.35,352.9859773273766,0.512,synthetic
CBE,Coimbatore,2026-02-06,500,175853.39660749584,14710.673490941525,278,12,19835.856586303697,6000,5912,279336.75014619343,47.249112000371014,518,8.633333333333333,351.7067932149917,0.556,synthetic
CBE,Coimbatore,2026-02-07,500,199804.8950023204,20574.645322799683,267,10,19585.826434936516,6000,5905,290347.85002447665,49.16983065613491,549,9.15,399.60979000464084,0.534,synthetic
CBE,Coimbatore,2026-02-08,500,197608.04274042323,20244.36210691929,290,18,21337.309768066392,6000,5903,294045.5999805182,49.81290868719604,598,9.966666666666667,395.21608548084646,0.58,synthetic
CBE,Coimbatore,2026-02-09,500,172950.7459832728,14022.526204560389,282,6,20844.51504272459,6000,5908,282734.19980036095,47.85616110364945,508,8.466666666666667,345.90149196654556,0.564,synthetic
CBE,Coimbatore,2026-02-10,500,172069.5217280984,14260.75099658966,250,14,18433.50175689696,6000,5910,285293.0200178027,48.27293062906983,472,7.866666666666666,344.13904345619676,0.5,synthetic
CBE,Coimbatore,2026-02-11,500,169447.81287889183,15273.45456752181,270,13,19790.42463500975,6000,5904,276120.6799957473,46.76840785835828,514,8.566666666666666,338.89562575778365,0.54,synthetic
CBE,Coimbatore,2026-02-12,500,173817.20165739954,15404.542428180575,254,7,17602.879183044424,6000,5893,284058.7301166076,48.20273716555364,467,7.783333333333333,347.63440331479904,0.508,synthetic
CBE,Coimbatore,2026-02-13,500,172590.53595907986,14415.90804758668,280,7,20198.952611389144,6000,5910,275893.8198390044,46.68254142791953,497,8.283333333333333,345.1810719181597,0.56,synthetic
CBE,Coimbatore,2026-02-14,500,190716.96354602277,14478.292749049142,269,11,19288.208647155752,6000,5935,284861.45991387963,47.99687614387189,430,7.166666666666667,381.43392709204556,0.538,synthetic
CBE,Coimbatore,2026-02-15,500,194503.49756228924,17384.97385890782,288,8,21148.15455047605,6000,5914,288474.48003190756,48.77823470272363,491,8.183333333333334,389.00699512457845,0.576,synthetic
CBE,Coimbatore,2026-02-16,500,167236.9927150756,14390.2378616333,267,10,19719.176412963854,6000,5913,286936.92000064254,48.5264535769732,507,8.45,334.47398543015123,0.534,synthetic
CBE,Coimbatore,2026-02-17,500,167948.77669283748,13263.647255726159,265,7,18974.518038940412,6000,5906,278211.1001600623,47.10651882154797,476,7.933333333333334,335.89755338567494,0.53,synthetic
CBE,Coimbatore,2026-02-18,500,168324.01545425178,12220.139106601477,258,8,18479.945860290518,6000,5894,277556.7099779397,47.09139972479466,432,7.2,336.6480309085036,0.516,synthetic
CBE,Coimbatore,2026-02-19,500,168424.15079563856,14494.896482527256,266,10,18786.043894042956,6000,5910,276940.3799497448,46.85962435697881,479,7.983333333333333,336.8483015912771,0.532,synthetic
CBE,Coimbatore,2026-02-20,500,166711.65642861277,10653.29807856679,263,10,18939.399938049304,6000,5910,270638.16015666537,45.793258909757256,402,6.7,333.42331285722554,0.526,synthetic
CBE,Coimbatore,2026-02-21,500,189061.12420004606,14309.655101634562,276,9,19344.18120666503,6000,5907,279589.00995661505,47.33181140284663,417,6.95,378.12224840009213,0.552,synthetic
CBE,Coimbatore,2026-02-22,500,190982.6613938436,17482.821050435305,272,5,20454.419320678695,6000,5906,289476.1700448394,49.01391297745333,541,9.016666666666667,381.96532278768717,0.544,synthetic
CBE,Coimbatore,2026-02-23,500,168098.2880610861,14262.19423854351,268,20,19363.157276916496,6000,5901,289979.7399254665,49.14077951626275,531,8.85,336.1965761221722,0.536,synthetic
CBE,Coimbatore,2026-02-24,500,168121.24464268982,13186.48400311917,269,8,19705.615510253898,6000,5912,275841.42992006615,46.657887334246645,476,7.933333333333334,336.24248928537963,0.538,synthetic
CBE,Coimbatore,2026-02-25,500,168579.84457626194,14022.208210766315,252,13,17586.47417358397,6000,5909,280258.7600722909,47.429135229698915,465,7.75,337.15968915252387,0.504,synthetic
CBE,Coimbatore,2026-02-26,500,168245.7864985019,16590.28717315197,272,13,19380.51426727294,6000,5915,274120.1499190554,46.343220611843684,497,8.283333333333333,336.4915729970038,0.544,synthetic
CBE,Coimbatore,2026-02-27,500,166485.28079740703,14906.992127507925,255,11,17409.14737701415,6000,5914,276716.78997145034,46.79012343108731,490,8.166666666666666,332.97056159481406,0.51,synthetic
CBE,Coimbatore,2026-02-28,500,186555.60685783625,16762.116547890007,266,11,19395.134845275865,6000,5922,283479.9801309407,47.868959832985595,515,8.583333333333334,373.1112137156725,0.532,synthetic
CBE,Coimbatore,2026-03-01,500,187076.55692012608,16731.748544812202,283,10,20157.836271057116,6000,5922,288325.7302342132,48.6872222617719,518,8.633333333333333,374.15311384025216,0.566,synthetic
CBE,Coimbatore,2026-03-02,500,170109.95672813803,15744.602488273755,256,13,19281.5647640991,6000,5924,288646.2400061153,48.72488858982365,521,8.683333333333334,340.21991345627606,0.512,synthetic
CBE,Coimbatore,2026-03-03,500,165317.75734359026,12824.971716284752,280,7,19930.99099456786,6000,5891,270446.3600193523,45.90839586137367,421,7.016666666666667,330.63551468718055,0.56,synthetic
CBE,Coimbatore,2026-03-04,500,164171.3139142543,10359.700296126306,246,8,17809.685039062497,6000,5901,273440.8900368698,46.33805965715469,369,6.15,328.3426278285086,0.492,synthetic
CBE,Coimbatore,2026-03-05,500,163664.49966342747,9984.038400992751,294,5,19947.04584869383,6000,5920,259215.0900585465,43.78633278015988,338,5.633333333333334,327.32899932685496,0.588,synthetic
CBE,Coimbatore,2026-03-06,500,164118.09098918736,9446.601328244433,230,6,16368.727619018551,6000,5924,274873.21004123986,46.399934173065475,301,5.016666666666667,328.2361819783747,0.46,synthetic
CBE,Coimbatore,2026-03-07,500,182569.13770398498,15798.0497629866,288,11,20072.0765913391,6000,5920,276718.6000048518,46.74300675757632,480,8.0,365.13827540796996,0.576,synthetic
CBE,Coimbatore,2026-03-08,500,185225.5377190858,16262.661622010171,250,10,18680.220189971908,6000,5920,293226.1198986769,49.531439172073796,503,8.383333333333333,370.45107543817164,0.5,synthetic
CBE,Coimbatore,2026-03-09,500,162626.4349012077,13155.04010117799,286,17,20787.55370544432,6000,5901,274810.6100158319,46.57017624399795,515,8.583333333333334,325.2528698024154,0.572,synthetic
CBE,Coimbatore,2026-03-10,500,163935.86237467825,11127.071679636836,246,7,17699.29988433837,6000,5911,272706.9098759517,46.135494819142565,376,6.266666666666667,327.87172474935653,0.492,synthetic
CBE,Coimbatore,2026-03-11,500,160927.79958190024,10997.53157556057,275,9,18756.336081848134,6000,5903,266881.1801183596,45.211109625336206,382,6.366666666666666,321.8555991638005,0.55,synthetic
CBE,Coimbatore,2026-03-12,500,167185.0003738813,11363.554153300822,250,9,17727.89302368163,6000,5895,270799.42004265264,45.93713656363912,380,6.333333333333333,334.3700007477626,0.5,synthetic
CBE,Coimbatore,2026-03-13,500,164815.33110558242,9974.025032013655,288,8,19534.78467590331,6000,5915,265078.2699640021,44.81458494742216,351,5.85,329.6306622111648,0.576,synthetic
CBE,Coimbatore,2026-03-14,500,181583.2410715595,12432.836616754532,251,6,18443.661676940912,6000,5908,278584.3900337666,47.153755929886024,378,6.3,363.16648214311897,0.502,synthetic
CBE,Coimbatore,2026-03-15,500,180740.67407340556,15815.862849164754,290,11,20214.298989257804,6000,5908,279001.7498866301,47.22439910064829,465,7.75,361.4813481468111,0.58,synthetic
CBE,Coimbatore,2026-03-16,500,161421.7540266961,11863.772220522165,246,9,18155.045376892078,6000,5917,282974.9600638449,47.8240595003963,422,7.033333333333333,322.84350805339216,0.492,synthetic
CBE,Coimbatore,2026-03-17,500,162433.20842944458,13405.059020774905,274,12,19230.96795410155,6000,5913,270449.40013721585,45.73810250925349,444,7.4,324.8664168588892,0.548,synthetic
CBE,Coimbatore,2026-03-18,500,162643.12442217395,13912.074496239424,241,16,16968.936981811516,6000,5925,276702.3997642547,46.70082696443117,433,7.216666666666667,325.2862488443479,0.482,synthetic
CBE,Coimbatore,2026-03-19,500,162068.5640271157,10730.232453446835,278,8,19277.25444580077,6000,5898,262206.84994776547,44.45690911287987,396,6.6,324.1371280542314,0.556,synthetic
CBE,Coimbatore,2026-03-20,500,163508.67751441896,12213.699151605368,244,11,17068.38169555663,6000,5920,270703.9099334888,45.72701181308933,377,6.283333333333333,327.0173550288379,0.488,synthetic
CBE,Coimbatore,2026-03-21,500,179416.63074569404,15263.738805294037,276,15,19152.74581878661,6000,5901,274978.14020328224,46.598566379136116,459,7.65,358.8332614913881,0.552,synthetic
CBE,Coimbatore,2026-03-22,500,178971.73230446875,16465.252773538232,251,9,18416.358159484855,6000,5899,287688.1100837141,48.7689625502143,521,8.683333333333334,357.9434646089375,0.502,synthetic
CBE,Coimbatore,2026-03-23,500,159930.81723884493,13501.126012012362,276,10,19925.013788452132,6000,5918,273573.99012298137,46.22744003429898,497,8.283333333333333,319.86163447768985,0.552,synthetic
CBE,Coimbatore,2026-03-24,500,160269.93856839836,11144.007155515254,234,15,16800.760195312487,6000,5915,277725.3999221325,46.952730333412084,423,7.05,320.5398771367967,0.468,synthetic
CBE,Coimbatore,2026-03-25,500,163567.83059942722,14404.37733232975,284,12,19187.719246215805,6000,5893,266962.71999581903,45.30166638313576,456,7.6,327.13566119885445,0.568,synthetic
CBE,Coimbatore,2026-03-26,500,159875.7186006084,12583.984014192596,242,12,17131.621928100576,6000,5919,266934.26995137706,45.09786618539906,415,6.916666666666667,319.75143720121685,0.484,synthetic
CBE,Coimbatore,2026-03-27,500,160182.89463335276,10568.001695878804,270,16,18555.99828735351,6000,5918,267003.60006198287,45.11720176782407,365,6.083333333333333,320.3657892667055,0.54,synthetic
CBE,Coimbatore,2026-03-28,500,180567.87782309204,14106.562872320414,261,10,17874.16319458007,6000,5892,273326.6398744285,46.389450080520795,437,7.283333333333333,361.13575564618407,0.522,synthetic
CBE,Coimbatore,2026-03-29,500,177304.57306830585,13896.905789420009,280,12,20483.661558837877,6000,5907,276732.58001323044,46.84824445797028,467,7.783333333333333,354.6091461366117,0.56,synthetic
CBE,Coimbatore,2026-03-30,500,160874.800211519,12951.117440268397,250,13,17514.629340820306,6000,5917,281002.2700198963,47.49066588134128,459,7.65,321.74960042303803,0.5,synthetic
CBE,Coimbatore,2026-03-31,500,161973.3289167583,11199.735048510134,273,8,19834.833111877426,6000,5890,262870.21998039633,44.629918502613975,408,6.8,323.9466578335166,0.546,synthetic
CBE,Coimbatore,2026-04-01,500,157534.12725554034,9564.443200826645,241,11,16663.835049133286,6000,5900,269458.23005861044,45.67088645061194,361,6.016666666666667,315.0682545110807,0.482,synthetic
CBE,Coimbatore,2026-04-02,500,158450.6632413715,12680.563083916903,264,16,18108.291340942367,6000,5919,269559.38015350327,45.541371879287595,446,7.433333333333334,316.901326482743,0.528,synthetic
CBE,Coimbatore,2026-04-03,500,160852.6941793263,10796.732139885426,252,14,17340.37023834228,6000,5912,272175.9900499955,46.03788735622386,401,6.683333333333334,321.7053883586526,0.504,synthetic
CBE,Coimbatore,2026-04-04,500,178542.92472673953,13557.584461390972,271,9,19173.592501831045,6000,5908,274385.41994817555,46.443029781343185,450,7.5,357.08584945347906,0.542,synthetic
CBE,Coimbatore,2026-04-05,500,175236.42111848295,13678.638725161552,271,8,19217.546067810046,6000,5902,277026.8599669337,46.937793962543836,452,7.533333333333333,350.4728422369659,0.542,synthetic
CBE,Coimbatore,2026-04-06,500,156569.7321949154,12226.556033762172,265,11,19043.508907470696,6000,5914,270356.6599686146,45.71468717764873,432,7.2,313.13946438983083,0.53,synthetic
CBE,Coimbatore,2026-04-07,500,160617.6743895635,11945.456213995814,248,13,16693.94813781737,6000,5928,272018.89006827027,45.88712720449903,407,6.783333333333333,321.235348779127,0.496,synthetic
CBE,Coimbatore,2026-04-08,500,156699.34021674097,11820.465563625097,270,13,18776.22407684325,6000,5914,266769.21011770144,45.10808422686869,406,6.766666666666667,313.39868043348196,0.54,synthetic
CBE,Coimbatore,2026-04-09,500,158062.80555474758,11863.912141859531,249,12,16827.21465087889,6000,5911,266833.06988275796,45.14178140462831,388,6.466666666666667,316.12561110949514,0.498,synthetic
CBE,Coimbatore,2026-04-10,500,156635.2693046704,10061.062476724386,264,10,18162.264929809564,6000,5919,265439.1800227687,44.84527454346489,367,6.116666666666666,313.2705386093408,0.528,synthetic
CBE,Coimbatore,2026-04-11,500,174262.95964265615,12063.292769014835,253,15,17345.92967376708,6000,5899,276335.78004639596,46.844512637124254,378,6.3,348.5259192853123,0.506,synthetic
CBE,Coimbatore,2026-04-12,500,177497.91086633503,16758.055539794266,276,11,19787.13858032225,6000,5922,279264.5901039727,47.15714118608117,499,8.316666666666666,354.9958217326701,0.552,synthetic
CBE,Coimbatore,2026-04-13,500,156902.44992366433,12029.407493023202,260,8,18533.80177001952,6000,5888,269856.129958719,45.83154381092375,446,7.433333333333334,313.80489984732867,0.52,synthetic
CBE,Coimbatore,2026-04-14,500,155802.49587255716,10566.326959639788,252,13,17607.64520690917,6000,5912,268983.29012067616,45.49785015573007,366,6.1,311.6049917451143,0.504,synthetic
CBE,Coimbatore,2026-04-15,500,157610.0949037224,12373.747367501259,251,18,17100.36356781005,6000,5907,267505.09008104727,45.28611648570294,416,6.933333333333334,315.2201898074448,0.502,synthetic
CBE,Coimbatore,2026-04-16,500,157470.13202887774,10197.817251503468,265,12,18375.820853576653,6000,5915,264072.8599777743,44.644608618389576,379,6.316666666666666,314.9402640577555,0.53,synthetic
CBE,Coimbatore,2026-04-17,500,156185.1438774988,10537.01218718756,244,10,16995.265231018057,6000,5925,264685.75001117587,44.67270042382715,366,6.1,312.3702877549976,0.488,synthetic
CBE,Coimbatore,2026-04-18,500,176009.45765957236,13826.942494347692,272,7,18957.198218994123,6000,5919,267434.8700899314,45.18244130595226,390,6.5,352.01891531914475,0.544,synthetic
CBE,Coimbatore,2026-04-19,500,172860.44990588725,13291.418405279517,258,8,18109.87222412108,6000,5912,277554.1397036556,46.94758790657233,424,7.066666666666666,345.7208998117745,0.516,synthetic
CBE,Coimbatore,2026-04-20,500,156240.56832511723,12643.127688884735,263,11,18765.501036071764,6000,5912,273939.46001077443,46.33617388544899,436,7.266666666666667,312.4811366502345,0.526,synthetic
CBE,Coimbatore,2026-04-21,500,156450.39324851334,10873.341880515218,259,9,18487.241397399892,6000,5916,256797.28999369591,43.40724982990127,388,6.466666666666667,312.9007864970267,0.518,synthetic
CBE,Coimbatore,2026-04-22,500,156108.98265337944,10362.758874952793,254,11,16873.899565429674,6000,5903,262775.26997832954,44.51554632870228,317,5.283333333333333,312.21796530675886,0.508,synthetic
CBE,Coimbatore,2026-04-23,500,157096.39488768578,11132.814724951982,254,9,17269.916990661608,6000,5901,262110.53010970354,44.41798510586401,383,6.383333333333334,314.1927897753716,0.508,synthetic
CBE,Coimbatore,2026-04-24,500,157816.6004576236,10631.916761368513,257,19,17805.050333862295,6000,5926,266814.6399530731,45.024407686985,376,6.266666666666667,315.6332009152472,0.514,synthetic
CBE,Coimbatore,2026-04-25,500,174429.1622389257,12782.4293192029,262,10,17957.528724517815,6000,5919,271214.0898384154,45.82093087319064,407,6.783333333333333,348.8583244778514,0.524,synthetic
CBE,Coimbatore,2026-04-26,500,175502.81771434844,12152.471805736423,277,11,19582.936003417955,6000,5910,275874.20005589724,46.67922166766451,407,6.783333333333333,351.00563542869685,0.554,synthetic
CBE,Coimbatore,2026-04-27,500,156388.77846999466,9788.164715532213,262,8,18635.393501586903,6000,5908,272879.75005815923,46.188177057914565,428,7.133333333333334,312.7775569399893,0.524,synthetic
CBE,Coimbatore,2026-04-28,500,158739.15412816405,10688.243653014302,259,8,18217.695621643055,6000,5917,265507.8700659722,44.87204158627213,381,6.35,317.4783082563281,0.518,synthetic
CBE,Coimbatore,2026-04-29,500,157864.93037143163,12575.96963467449,250,16,16919.312494354235,6000,5908,268116.7599557899,45.38198374336322,446,7.433333333333334,315.72986074286325,0.5,synthetic
CBE,Coimbatore,2026-04-30,500,156783.9926006794,9333.298199392855,265,8,18496.806080017086,6000,5916,262396.2800232768,44.353664642203654,345,5.75,313.5679852013588,0.53,synthetic
CBE,Coimbatore,2026-05-01,500,155902.9857024625,8568.503691375256,259,9,17312.89342071532,6000,5903,262626.54999227077,44.49035236189577,302,5.033333333333333,311.805971404925,0.518,synthetic
CBE,Coimbatore,2026-05-02,500,173488.63978120685,12936.261537760496,260,19,18015.60880187987,6000,5908,271060.960081378,45.880324996848,378,6.3,346.9772795624137,0.52,synthetic
CBE,Coimbatore,2026-05-03,500,176162.07002425194,11986.504338666797,277,5,19459.40879882812,6000,5916,275445.219842419,46.55936778945555,383,6.383333333333334,352.32414004850386,0.554,synthetic
CBE,Coimbatore,2026-05-04,500,158830.89570609946,11614.254014021717,249,16,18296.904429931634,6000,5908,278058.43996562995,47.06473256019464,405,6.75,317.6617914121989,0.498,synthetic
CBE,Coimbatore,2026-05-05,500,159123.77817241848,11424.430626630783,261,15,17876.529086608876,6000,5924,272619.2400268465,46.01945307678031,420,7.0,318.24755634483694,0.522,synthetic
CBE,Coimbatore,2026-05-06,500,154908.50472017005,11086.289817020297,250,14,17905.0034399414,6000,5906,270687.69995583594,45.83266169248831,392,6.533333333333333,309.8170094403401,0.5,synthetic
CBE,Coimbatore,2026-05-07,500,157263.13964527845,11775.461945563555,265,17,17500.44679138183,6000,5906,261869.00004045665,44.33948527606784,396,6.6,314.5262792905569,0.53,synthetic
CBE,Coimbatore,2026-05-08,500,156747.3599652052,11245.668637186289,251,13,17452.942289428705,6000,5916,264444.3400446307,44.69985463905184,365,6.083333333333333,313.4947199304104,0.502,synthetic
CBE,Coimbatore,2026-05-09,500,176956.46166564524,12602.717234283686,264,13,18053.841632080064,6000,5917,272897.43985011056,46.120912599308866,394,6.566666666666666,353.9129233312905,0.528,synthetic
CBE,Coimbatore,2026-05-10,500,178291.87267646194,14965.771671921015,275,10,19823.043342590325,6000,5897,276587.9501008168,46.90316264215988,469,7.816666666666666,356.58374535292387,0.55,synthetic
CBE,Coimbatore,2026-05-11,500,158251.37311452627,14401.774993091822,251,17,17529.259776306146,6000,5921,282821.020104412,47.765752424322244,502,8.366666666666667,316.50274622905255,0.502,synthetic
CBE,Coimbatore,2026-05-12,500,154134.86980600655,9479.649332277477,271,7,19238.106643981926,6000,5896,260762.57988089137,44.22703186582282,372,6.2,308.2697396120131,0.542,synthetic
CBE,Coimbatore,2026-05-13,500,156369.25111433864,7418.462985150516,251,7,16952.76432083129,6000,5896,262115.85006151348,44.45655530215629,299,4.983333333333333,312.73850222867725,0.502,synthetic
CBE,Coimbatore,2026-05-14,500,155880.5002090931,9553.238388955593,266,11,17980.033801574697,6000,5919,263675.3901178371,44.54728672374339,333,5.55,311.7610004181862,0.532,synthetic
CBE,Coimbatore,2026-05-15,500,157757.05686058104,10819.295858502388,253,11,17493.605722045886,6000,5917,261801.2599170804,44.245607557390635,385,6.416666666666667,315.51411372116206,0.506,synthetic
CBE,Coimbatore,2026-05-16,500,178136.45623054355,13095.3015127182,268,8,18442.188898315424,6000,5898,270289.3599223122,45.82729059381353,425,7.083333333333333,356.2729124610871,0.536,synthetic
CBE,Coimbatore,2026-05-17,500,178721.51096189767,15688.60850149393,265,11,18587.93013336181,6000,5922,282214.54998346604,47.65527693067647,478,7.966666666666667,357.44302192379536,0.53,synthetic
CBE,Coimbatore,2026-05-18,500,158595.4304216057,11085.947694659233,283,8,20363.2243093872,6000,5931,266756.39999360964,44.97663125840661,417,6.95,317.1908608432114,0.566,synthetic
CBE,Coimbatore,2026-05-19,500,158392.96681553125,11686.174869820476,228,13,15897.09250030517,6000,5906,276967.36015272886,46.89592958901606,372,6.2,316.7859336310625,0.456,synthetic
CBE,Coimbatore,2026-05-20,500,160207.6860344708,13357.865928649902,279,17,19371.58438293456,6000,5911,262159.0099317506,44.3510421133058,438,7.3,320.41537206894156,0.558,synthetic
CBE,Coimbatore,2026-05-21,500,158603.76766128838,10518.19021731615,244,10,16662.444578247058,6000,5887,266715.90005505085,45.30591133940052,341,5.683333333333334,317.20753532257675,0.488,synthetic
CBE,Coimbatore,2026-05-22,500,158157.54867631197,11297.194765850902,264,15,18641.0442059326,6000,5893,263002.279998146,44.62960800918819,391,6.516666666666667,316.3150973526239,0.528,synthetic
CBE,Coimbatore,2026-05-23,500,178192.48034618795,12561.77286657691,252,8,17209.427694396967,6000,5913,278332.0498649478,47.071207486038865,398,6.633333333333334,356.3849606923759,0.504,synthetic
CBE,Coimbatore,2026-05-24,500,179455.78517400473,16434.472921431065,276,14,20309.763172302235,6000,5923,282214.6601527184,47.64724973032558,495,8.25,358.9115703480095,0.552,synthetic
CBE,Coimbatore,2026-05-25,500,158612.0778181851,11209.946398943663,265,12,18293.660162658693,6000,5898,278240.08005043864,47.17532723812117,420,7.0,317.2241556363702,0.53,synthetic
CBE,Coimbatore,2026-05-26,500,158226.72133538872,11465.286859750748,260,8,18881.581658020015,6000,5903,265018.47998768464,44.895558188664175,391,6.516666666666667,316.45344267077746,0.52,synthetic
CBE,Coimbatore,2026-05-27,500,158881.66648630798,10532.883699821308,260,7,17666.3668295288,6000,5905,260770.64015386254,44.16098901843566,346,5.766666666666667,317.76333297261596,0.52,synthetic
CBE,Coimbatore,2026-05-28,500,157904.10000989214,8890.098156094551,256,10,17848.28681579588,6000,5918,262583.94003142975,44.3703852706032,340,5.666666666666667,315.8082000197843,0.512,synthetic
CBE,Coimbatore,2026-05-29,500,158378.3535154462,9621.910866975784,267,8,17807.867252197262,6000,5899,259530.83006794006,43.99573318663164,340,5.666666666666667,316.75670703089236,0.534,synthetic
CBE,Coimbatore,2026-05-30,500,176712.69089113176,11911.23187738657,258,8,18423.158124389636,6000,5898,269058.4800354745,45.61859614029748,375,6.25,353.4253817822635,0.516,synthetic
CBE,Coimbatore,2026-05-31,500,178178.6282152608,13178.3025913015,280,13,19245.62221801757,6000,5905,277071.26004576683,46.921466561518514,427,7.116666666666666,356.3572564305216,0.56,synthetic
CBE,Coimbatore,2026-06-01,500,160152.17154315114,12525.175695300102,253,13,18833.15808654784,6000,5925,277933.81009444594,46.90865993155206,429,7.15,320.30434308630225,0.506,synthetic
CBE,Coimbatore,2026-06-02,500,160796.39086780138,10233.419339053333,262,12,18115.629039001455,6000,5892,270200.5001000166,45.858876459609064,386,6.433333333333334,321.5927817356028,0.524,synthetic
CBE,Coimbatore,2026-06-03,500,160197.19795057178,11605.409651529044,258,7,18404.99540405273,6000,5917,265765.2199994121,44.91553489934292,416,6.933333333333334,320.3943959011435,0.516,synthetic
CBE,Coimbatore,2026-06-04,500,158980.5791015476,10851.09538333118,259,11,17357.169762268062,6000,5901,268416.9301569108,45.48668533416553,382,6.366666666666666,317.9611582030952,0.518,synthetic
CBE,Coimbatore,2026-06-05,500,161500.0393619761,12185.20437219739,255,9,17928.59909820556,6000,5909,268809.3599358946,45.49151462783798,416,6.933333333333334,323.0000787239522,0.51,synthetic
CBE,Coimbatore,2026-06-06,500,181283.948557958,12025.796629622579,269,13,18865.790834655745,6000,5899,275150.5299819857,46.6435887408011,416,6.933333333333334,362.567897115916,0.538,synthetic
CBE,Coimbatore,2026-06-07,500,179834.1486555934,14513.621052831411,281,9,20074.321004333484,6000,5897,279470.42994720675,47.39196709296367,477,7.95,359.6682973111868,0.562,synthetic
CBE,Coimbatore,2026-06-08,500,162828.1084844023,12852.770744770765,254,13,18462.962161560048,6000,5895,279200.89001074433,47.36232230886248,469,7.816666666666666,325.6562169688046,0.508,synthetic
CBE,Coimbatore,2026-06-09,500,164271.8705073446,12153.807246267796,270,10,19092.616086730945,6000,5911,267367.68002955616,45.23222467087737,424,7.066666666666666,328.5437410146892,0.54,synthetic
CBE,Coimbatore,2026-06-10,500,162600.59588843584,12902.400447249413,248,13,17296.078338317864,6000,5895,272221.34001419693,46.178344362035105,387,6.45,325.20119177687167,0.496,synthetic
CBE,Coimbatore,2026-06-11,500,164881.0506908521,10246.761287180707,273,9,19470.222235107412,6000,5903,263873.4800793659,44.70158903597593,376,6.266666666666667,329.7621013817042,0.546,synthetic
CBE,Coimbatore,2026-06-12,500,164277.0398888886,10134.824524728581,252,3,17532.182531433096,6000,5920,271924.5999658406,45.93320945368929,333,5.55,328.5540797777772,0.504,synthetic
CBE,Coimbatore,2026-06-13,500,182219.7112119645,15594.89228128083,271,8,19118.320953369126,6000,5909,277835.9899143167,47.01912166429458,452,7.533333333333333,364.439422423929,0.542,synthetic
CBE,Coimbatore,2026-06-14,500,179470.1406749487,17157.911030098796,265,12,18970.5863909912,6000,5900,286090.4101317227,48.48990002232588,582,9.7,358.94028134989736,0.53,synthetic
CBE,Coimbatore,2026-06-15,500,163463.99995714426,12806.349997520447,267,12,19577.91813446043,6000,5908,276719.3600678295,46.83807719496098,485,8.083333333333334,326.92799991428853,0.534,synthetic
CBE,Coimbatore,2026-06-16,500,164582.08313577995,9835.089923858643,268,10,18993.63980804442,6000,5901,269135.31976990774,45.608425651568844,371,6.183333333333334,329.1641662715599,0.536,synthetic
CBE,Coimbatore,2026-06-17,500,164074.9621395804,11625.814983986318,254,13,17879.42401062011,6000,5896,273262.5000545606,46.34709973788341,418,6.966666666666667,328.1499242791608,0.508,synthetic
CBE,Coimbatore,2026-06-18,500,164019.9273725152,12254.486918106675,272,9,18932.931254882806,6000,5912,267583.70988646895,45.261114662799216,440,7.333333333333333,328.0398547450304,0.544,synthetic
CBE,Coimbatore,2026-06-19,500,165102.98530981317,10709.418072603643,256,7,17990.42619873045,6000,5912,269240.3300640099,45.541327818675555,378,6.3,330.2059706196263,0.512,synthetic
CBE,Coimbatore,2026-06-20,500,184467.07988213003,15343.411190586165,271,8,18874.067982788067,6000,5913,278576.27005077526,47.112509732923264,438,7.3,368.9341597642601,0.542,synthetic
CBE,Coimbatore,2026-06-21,500,183216.24540770054,14979.727086603642,281,4,20791.22295135496,6000,5919,277752.2200736627,46.92553135219846,480,8.0,366.4324908154011,0.562,synthetic
CBE,Coimbatore,2026-06-22,500,165731.1943976283,12940.926485151052,255,15,18306.434353637687,6000,5911,283371.2199304104,47.93964133486895,433,7.216666666666667,331.46238879525663,0.51,synthetic
CBE,Coimbatore,2026-06-23,500,166344.63260482997,12289.902479657903,265,13,19358.473504028312,6000,5890,275366.4701365717,46.751522943390775,442,7.366666666666666,332.68926520965994,0.53,synthetic
CBE,Coimbatore,2026-06-24,500,166202.19807580858,12595.107699844986,257,11,17871.394085083004,6000,5915,276825.42989920825,46.80057986461678,444,7.4,332.40439615161716,0.514,synthetic
CBE,Coimbatore,2026-06-25,500,167045.6321148798,11844.835407197475,271,10,19506.097996215813,6000,5916,270960.0297067687,45.801222059967664,418,6.966666666666667,334.0912642297596,0.542,synthetic
CBE,Coimbatore,2026-06-26,500,164334.69593644142,9387.297544962727,259,6,17938.603586425772,6000,5901,273361.30997882225,46.32457379746183,346,5.766666666666667,328.66939187288284,0.518,synthetic
CBE,Coimbatore,2026-06-27,500,185812.0654643625,13387.565987706184,273,9,19612.915162353504,6000,5918,278660.59993839264,47.086955041972395,391,6.516666666666667,371.624130928725,0.546,synthetic
CBE,Coimbatore,2026-06-28,500,189126.83264687657,15987.62390525639,277,9,20036.865054931637,6000,5926,288330.4399408847,48.655153550604915,475,7.916666666666667,378.25366529375316,0.554,synthetic
CBE,Coimbatore,2026-06-29,500,166877.2594384998,12899.005458921194,272,10,19985.937007141096,6000,5902,281776.98989795335,47.742627905447875,476,7.933333333333334,333.7545188769996,0.544,synthetic
CBE,Coimbatore,2026-06-30,500,170357.2852095589,13577.665945112705,260,7,18642.319751586896,6000,5920,279495.94990126044,47.21215369953723,431,7.183333333333334,340.7145704191178,0.52,synthetic
CBE,Coimbatore,2026-07-01,500,167612.40564040095,12116.626387029886,271,12,19319.694089355453,6000,5919,275125.69996931404,46.48178745891435,404,6.733333333333333,335.2248112808019,0.542,synthetic
CBE,Coimbatore,2026-07-02,500,169362.33112903312,13643.70349924732,263,10,18677.01023345946,6000,5907,273623.29989522323,46.32187233709552,403,6.716666666666667,338.72466225806625,0.526,synthetic
CBE,Coimbatore,2026-07-03,500,169089.7052944526,12742.732206888497,271,8,18679.753265991203,6000,5914,271901.059869647,45.97583021130318,411,6.85,338.1794105889052,0.542,synthetic
CBE,Coimbatore,2026-07-04,500,187888.39255912602,15558.786047920585,265,13,19294.732221679675,6000,5901,281012.9500143826,47.62124216478268,482,8.033333333333333,375.77678511825206,0.53,synthetic
CBE,Coimbatore,2026-07-05,500,190605.89876155555,18942.362379714847,282,11,20035.729323120104,6000,5923,290132.32003919035,48.984014863952446,576,9.6,381.2117975231111,0.564,synthetic
CBE,Coimbatore,2026-07-06,500,167948.5072587058,12858.405950024724,273,11,20508.742398376446,6000,5915,279075.2701534033,47.18094169964552,488,8.133333333333333,335.8970145174116,0.546,synthetic
CBE,Coimbatore,2026-07-07,500,171522.16588708013,12908.823273274116,268,7,18869.474317932123,6000,5918,276665.8801128883,46.74989525395206,412,6.866666666666666,343.04433177416024,0.536,synthetic
CBE,Coimbatore,2026-07-08,500,170881.3736399263,14538.485061109066,259,9,18364.374555358878,6000,5910,281548.88014765084,47.639404424306406,479,7.983333333333333,341.76274727985265,0.518,synthetic
CBE,Coimbatore,2026-07-09,500,170675.61224944144,12694.176425516605,272,13,19378.87437011718,6000,5905,275448.13985837996,46.646594387532595,438,7.3,341.3512244988829,0.544,synthetic
CBE,Coimbatore,2026-07-10,500,171262.6378325373,14504.277281999588,250,17,17867.778739013665,6000,5926,287789.6499567628,48.56389638149895,482,8.033333333333333,342.52527566507456,0.5,synthetic
CBE,Coimbatore,2026-07-11,500,191484.64126610756,17964.579894319177,275,14,20085.482275085436,6000,5901,285560.7201731019,48.39192004289135,540,9.0,382.9692825322151,0.55,synthetic
CBE,Coimbatore,2026-07-12,500,192240.8046104908,18271.24539894983,276,13,20227.27029418944,6000,5904,295556.6800238844,50.06041328317825,566,9.433333333333334,384.4816092209816,0.552,synthetic
CBE,Coimbatore,2026-07-13,500,172125.13342911005,17902.845297791064,269,13,19997.67146759032,6000,5887,290703.4300035089,49.38057244836231,581,9.683333333333334,344.2502668582201,0.538,synthetic
CBE,Coimbatore,2026-07-14,500,173936.7105035782,14430.841490387917,265,4,19785.616741332997,6000,5909,277428.60990427434,46.95017937117522,488,8.133333333333333,347.87342100715637,0.53,synthetic
CBE,Coimbatore,2026-07-15,500,172460.18350365758,13248.787513844669,267,11,19024.54052673338,6000,5908,279136.34993718565,47.24718177677482,420,7.0,344.9203670073152,0.534,synthetic
CBE,Coimbatore,2026-07-16,500,172487.52910871804,13274.309421502054,254,12,18053.416503295888,6000,5905,285877.0900254026,48.41271634638486,475,7.916666666666667,344.97505821743607,0.508,synthetic
CBE,Coimbatore,2026-07-17,500,172717.71228370443,16976.12754869461,280,14,20419.262093811016,6000,5919,277674.0802068487,46.912329820383285,537,8.95,345.43542456740886,0.56,synthetic
CBE,Coimbatore,2026-07-18,500,193963.85393846035,14452.88398694992,257,12,18638.61707061766,6000,5916,289824.93013047427,48.99001523503622,462,7.7,387.9277078769207,0.514,synthetic
CBE,Coimbatore,2026-07-19,500,193004.0295508057,18104.67210476473,295,13,21923.06469177245,6000,5909,291621.48981939256,49.352088309255805,569,9.483333333333333,386.00805910161137,0.59,synthetic
CBE,Coimbatore,2026-07-20,500,172370.56074865162,17641.578148011118,255,12,19162.0890005493,6000,5928,292850.109976992,49.401165650639676,600,10.0,344.74112149730325,0.51,synthetic
CBE,Coimbatore,2026-07-21,500,174199.37128068507,14251.221565037966,280,14,20269.5176119995,6000,5905,276302.0800048765,46.791207452138266,490,8.166666666666666,348.3987425613701,0.56,synthetic
CBE,Coimbatore,2026-07-22,500,174537.02169361338,14594.523048371077,250,14,18342.77622161864,6000,5906,282169.99998626113,47.77683711247225,522,8.7,349.07404338722677,0.5,synthetic
CBE,Coimbatore,2026-07-23,500,175460.63645476103,13347.956475555897,283,11,20300.739938049297,6000,5926,276257.1199505888,46.617806269083495,447,7.45,350.92127290952203,0.566,synthetic
CBE,Coimbatore,2026-07-24,500,178509.693698287,16678.562238574028,239,15,17286.72106292724,6000,5903,293097.5801767949,49.65230902537606,528,8.8,357.019387396574,0.478,synthetic
CBE,Coimbatore,2026-07-25,500,199018.24987360835,21989.797782946844,298,11,21853.405968017567,6000,5918,287373.47004525363,48.55922102826185,615,10.25,398.0364997472167,0.596,synthetic
CBE,Coimbatore,2026-07-26,500,195896.27275192738,20117.177006199956,264,10,19564.647861328107,6000,5910,299949.24014012516,50.752832511019484,582,9.7,391.79254550385474,0.528,synthetic
CBE,Coimbatore,2026-07-27,500,178849.76976788044,17680.796991195995,286,5,21787.864135436997,6000,5903,286786.59024447016,48.58319333296124,573,9.55,357.6995395357609,0.572,synthetic
CBE,Coimbatore,2026-07-28,500,178497.204005152,14680.195110850036,255,10,18903.741423339827,6000,5921,286333.9099755753,48.35904576517063,465,7.75,356.99440801030397,0.51,synthetic
CBE,Coimbatore,2026-07-29,500,176685.80388829112,15088.666859269142,281,16,20164.35811065673,6000,5909,282694.1600314975,47.84128617896386,488,8.133333333333333,353.37160777658227,0.562,synthetic
CBE,Coimbatore,2026-07-30,500,176248.28234588355,14756.045830667019,254,14,18814.57505493163,6000,5920,286680.0500640124,48.425684132434526,493,8.216666666666667,352.4965646917671,0.508,synthetic
CBE,Coimbatore,2026-07-31,500,175998.27661326528,15991.566236495972,275,17,20084.081353454574,6000,5902,280621.04990618676,47.54677226468769,520,8.666666666666666,351.9965532265306,0.55,synthetic
CBE,Coimbatore,2026-08-01,500,197378.15683701634,17031.061070200056,260,10,19024.632290039044,6000,5894,294200.89991101436,49.91532064998547,546,9.1,394.7563136740327,0.52,synthetic
CBE,Coimbatore,2026-08-02,500,202062.99014090002,20098.328728954424,306,12,22644.489545288066,6000,5903,293102.5200906545,49.653145873395644,605,10.083333333333334,404.1259802818,0.612,synthetic
CBE,Coimbatore,2026-08-03,500,181734.63918703794,15520.480755373836,275,11,20528.5498095703,6000,5913,290928.06998212636,49.20143243398044,558,9.3,363.4692783740759,0.55,synthetic
CBE,Coimbatore,2026-08-04,500,182147.99207736552,15257.656123518944,269,13,19748.89157409667,6000,5911,292835.1798818074,49.54071728672093,511,8.516666666666667,364.29598415473106,0.538,synthetic
CBE,Coimbatore,2026-08-05,500,181138.43542133272,16924.729174152017,270,15,19907.175332336414,6000,5906,290109.5699877441,49.12115983537827,542,9.033333333333333,362.27687084266546,0.54,synthetic
CBE,Coimbatore,2026-08-06,500,180667.32377170026,15307.024537160993,289,2,20639.616015930158,6000,5894,280989.92993817665,47.673893779806015,459,7.65,361.33464754340054,0.578,synthetic
CBE,Coimbatore,2026-08-07,500,180282.56928945333,16129.522204697132,250,11,18596.40909210204,6000,5914,294073.3599867709,49.72495096157776,506,8.433333333333334,360.56513857890667,0.5,synthetic
CBE,Coimbatore,2026-08-08,500,201885.89036744833,19384.248610258102,295,18,21789.410902404772,6000,5911,290105.6000005454,49.07893757410682,565,9.416666666666666,403.77178073489665,0.59,synthetic
CBE,Coimbatore,2026-08-09,500,198593.97140321136,20294.65009509027,271,8,20528.2383288574,6000,5900,302691.55004350096,51.30365254974593,628,10.466666666666667,397.1879428064227,0.542,synthetic
CBE,Coimbatore,2026-08-10,500,182914.76093816757,19320.45261928439,292,11,21424.064860839826,6000,5909,287390.339997977,48.63603655406617,605,10.083333333333334,365.82952187633515,0.584,synthetic
CBE,Coimbatore,2026-08-11,500,180782.82212487608,16709.084144294262,247,10,18734.656706542955,6000,5942,296845.6801905632,49.95719962816614,550,9.166666666666666,361.56564424975215,0.494,synthetic
CBE,Coimbatore,2026-08-12,500,182317.66705422103,16928.875516593456,290,11,21247.43152313231,6000,5910,281105.73008288443,47.56442133382139,556,9.266666666666667,364.63533410844207,0.58,synthetic
CBE,Coimbatore,2026-08-13,500,186130.28458482027,16486.06135378033,252,11,18519.196587524395,6000,5900,293814.3999607228,49.79905084080047,484,8.066666666666666,372.2605691696405,0.504,synthetic
CBE,Coimbatore,2026-08-14,500,186107.22099891305,17592.66444425285,292,14,21711.772611694323,6000,5909,286964.5501203183,48.563978696956895,536,8.933333333333334,372.2144419978261,0.584,synthetic
CBE,Coimbatore,2026-08-15,500,206034.8059693873,20858.93962763343,255,11,18989.33434570311,6000,5917,306149.0201869998,51.740581407300965,598,9.966666666666667,412.0696119387746,0.51,synthetic
CBE,Coimbatore,2026-08-16,500,205793.32638414204,23424.49218173325,314,10,23853.944469909646,6000,5908,298297.36007224023,50.49041301155048,681,11.35,411.58665276828407,0.628,synthetic
CBE,Coimbatore,2026-08-17,500,187636.84137128294,17250.16603565216,267,10,20025.252811889633,6000,5905,300961.61006390676,50.96724979913747,580,9.666666666666666,375.2736827425659,0.534,synthetic
CBE,Coimbatore,2026-08-18,500,186190.6436946839,20228.583921790123,279,21,21466.795916748026,6000,5903,290711.809949439,49.248146696499916,601,10.016666666666667,372.3812873893678,0.558,synthetic
CBE,Coimbatore,2026-08-19,500,185721.42451000214,15106.63103029877,267,10,19492.028168334946,6000,5903,290452.24997122586,49.204175837917305,527,8.783333333333333,371.44284902000425,0.534,synthetic
CBE,Coimbatore,2026-08-20,500,185731.12976139784,15525.492671698332,281,12,21079.265254211416,6000,5899,288577.50996336713,48.919733846985444,520,8.666666666666666,371.4622595227957,0.562,synthetic
CBE,Coimbatore,2026-08-21,500,187526.149867177,18809.58866763115,265,14,19127.313518371557,6000,5930,297555.22990342975,50.1779477071551,591,9.85,375.052299734354,0.53,synthetic
CBE,Coimbatore,2026-08-22,500,210860.26666013896,22212.05743546225,297,9,22317.380337524395,6000,5908,297949.01005617157,50.43145058499857,607,10.116666666666667,421.7205333202779,0.594,synthetic
CBE,Coimbatore,2026-08-23,500,206667.31994890422,20319.728806503117,281,7,21545.193330688468,6000,5910,304574.45010726526,51.5354399504679,630,10.5,413.3346398978084,0.562,synthetic
CBE,Coimbatore,2026-08-24,500,186215.48653413355,19977.915508449078,288,15,21585.64982849119,6000,5915,299547.2998522371,50.64197799699698,645,10.75,372.4309730682671,0.576,synthetic
CBE,Coimbatore,2026-08-25,500,186865.6442924291,21292.85284484923,260,17,19917.025231933578,6000,5894,294658.92003218085,49.99303020566353,620,10.333333333333334,373.7312885848582,0.52,synthetic
CBE,Coimbatore,2026-08-26,500,184524.84000318125,20199.574655354023,266,17,19752.121527099596,6000,5921,296943.9200384021,50.15097450403683,648,10.8,369.0496800063625,0.532,synthetic
CBE,Coimbatore,2026-08-27,500,189350.14830619842,19298.33391571045,277,11,20485.380697631816,6000,5916,292785.2300008461,49.490403989324896,605,10.083333333333334,378.7002966123968,0.554,synthetic
CBE,Coimbatore,2026-08-28,500,189202.23923771083,20205.719189029187,264,13,20065.683290405254,6000,5909,295905.2600504458,50.07704519384765,610,10.166666666666666,378.4044784754217,0.528,synthetic
CBE,Coimbatore,2026-08-29,500,207564.9256523773,22485.20670402795,293,6,21514.03787841795,6000,5912,296133.17013299465,50.09018439326702,622,10.366666666666667,415.1298513047546,0.586,synthetic
CBE,Coimbatore,2026-08-30,500,213749.06924107298,23251.219720572233,282,9,21682.771375122058,6000,5910,307214.35989549756,51.98212519382361,664,11.066666666666666,427.498138482146,0.564,synthetic
CBE,Coimbatore,2026-08-31,500,187905.32657821476,18283.180630981922,307,9,23342.976707153306,6000,5911,290064.4500855282,49.07197599146138,638,10.633333333333333,375.8106531564295,0.614,synthetic
CBE,Coimbatore,2026-09-01,500,191291.79788045585,16594.433600842953,265,10,19625.195079345685,6000,5919,292962.5599773079,49.49527960420813,500,8.333333333333334,382.5835957609117,0.53,synthetic
CBE,Coimbatore,2026-09-02,500,189110.11168912053,18789.349982768297,280,16,20923.696525268544,6000,5905,294312.4999526739,49.84123623245959,588,9.8,378.2202233782411,0.56,synthetic
CBE,Coimbatore,2026-09-03,500,191031.95204024017,18930.606396283954,266,12,19457.251482238753,6000,5897,299794.78007467836,50.83852468622662,623,10.383333333333333,382.0639040804803,0.532,synthetic
CBE,Coimbatore,2026-09-04,500,190339.88710580766,20018.824138134718,290,15,22014.872496643035,6000,5927,290655.05999583006,49.03915302781003,620,10.333333333333334,380.6797742116153,0.58,synthetic
CBE,Coimbatore,2026-09-05,500,217759.0435444042,23177.33154807985,283,10,20811.14417633055,6000,5928,301116.3400663808,50.79560392482807,640,10.666666666666666,435.51808708880844,0.566,synthetic
CBE,Coimbatore,2026-09-06,500,213318.3880727142,24303.720878779888,295,15,22608.901360473617,6000,5905,310177.99002189934,52.528025405910135,741,12.35,426.6367761454284,0.59,synthetic
CBE,Coimbatore,2026-09-07,500,191082.74036563933,19386.772385895252,292,12,22656.791683959946,6000,5911,300793.7501831427,50.88711727002922,632,10.533333333333333,382.16548073127865,0.584,synthetic
CBE,Coimbatore,2026-09-08,500,192269.6195415929,19372.26430001855,260,13,19778.134383544904,6000,5897,301582.13993484527,51.14162115225458,631,10.516666666666667,384.5392390831858,0.52,synthetic
CBE,Coimbatore,2026-09-09,500,192954.9212879315,20047.18214248866,292,13,21777.476100769032,6000,5906,296114.63996514864,50.13793429819652,625,10.416666666666666,385.909842575863,0.584,synthetic
CBE,Coimbatore,2026-09-10,500,193762.84081971645,19750.45710466802,263,9,19852.212247009258,6000,5902,298662.5398953743,50.60361570575641,625,10.416666666666666,387.5256816394329,0.526,synthetic
CBE,Coimbatore,2026-09-11,500,195067.60423891246,20390.105633735657,293,15,21996.634542846663,6000,5912,294014.30021137744,49.73178285036831,603,10.05,390.1352084778249,0.586,synthetic
CBE,Coimbatore,2026-09-12,500,221094.18684008718,27032.313975021243,274,12,20433.36410522459,6000,5913,309631.3000856638,52.364501959354605,702,11.7,442.1883736801743,0.548,synthetic
CBE,Coimbatore,2026-09-13,500,220203.5792389661,26806.173916805536,324,12,25187.134151000966,6000,5906,301018.73011240363,50.96829158692916,719,11.983333333333333,440.4071584779322,0.648,synthetic
CBE,Coimbatore,2026-09-14,500,193076.83739887178,18210.119067639112,277,9,21217.292505798327,6000,5903,300611.2700512111,50.9251685670356,653,10.883333333333333,386.1536747977436,0.554,synthetic
CBE,Coimbatore,2026-09-15,500,195332.258347705,21976.93775740266,279,17,20903.309399414044,6000,5912,300562.71994766593,50.83943165555919,665,11.083333333333334,390.66451669541,0.558,synthetic
CBE,Coimbatore,2026-09-16,500,194817.94035514817,17867.828913003206,286,6,21329.298605346663,6000,5919,293073.66986659914,49.5140513374893,609,10.15,389.6358807102963,0.572,synthetic
CBE,Coimbatore,2026-09-17,500,198002.80580332503,18991.714006766677,275,14,20957.457935028062,6000,5908,302834.98986294866,51.2584613850624,569,9.483333333333333,396.00561160665006,0.55,synthetic
CBE,Coimbatore,2026-09-18,500,191359.200223729,17426.732630878687,294,12,22187.50188995359,6000,5906,291024.1798804272,49.27602097535171,571,9.516666666666667,382.718400447458,0.588,synthetic
CBE,Coimbatore,2026-09-19,500,219826.99855066836,23256.057993017137,272,15,20396.217728576645,6000,5907,313063.5500000194,52.998738784496254,635,10.583333333333334,439.6539971013367,0.544,synthetic
CBE,Coimbatore,2026-09-20,500,217939.27472765744,26691.614425100386,320,10,24790.796870727514,6000,5906,300932.1100740135,50.953625139521414,762,12.7,435.8785494553149,0.64,synthetic
CBE,Coimbatore,2026-09-21,500,191298.85993684828,18573.767909914255,275,11,20928.11636810301,6000,5898,303979.3300849926,51.53939133350163,636,10.6,382.5977198736966,0.55,synthetic
CBE,Coimbatore,2026-09-22,500,195588.6600357145,19849.795010243077,277,12,20931.368067626932,6000,5912,302576.04004030675,51.17997970911819,639,10.65,391.177320071429,0.554,synthetic
CBE,Coimbatore,2026-09-23,500,195445.48240986466,19819.66519676149,295,12,21967.615188903786,6000,5906,291654.20973579586,49.38269721229188,628,10.466666666666667,390.89096481972933,0.59,synthetic
CBE,Coimbatore,2026-09-24,500,200585.2088854462,21821.565289054066,275,13,20535.06062622068,6000,5893,296824.82997594774,50.369053109782406,616,10.266666666666667,401.17041777089236,0.55,synthetic
CBE,Coimbatore,2026-09-25,500,194663.06367129087,23062.67788552493,283,16,21210.828549499485,6000,5913,298411.47989712656,50.46701841656123,693,11.55,389.32612734258174,0.566,synthetic
CBE,Coimbatore,2026-09-26,500,219647.72924554348,24477.108066782355,282,8,21307.536857299787,6000,5916,308101.4398632571,52.07935088966482,684,11.4,439.29545849108695,0.564,synthetic
CBE,Coimbatore,2026-09-27,500,220924.90497113764,27026.45120587945,298,12,23633.735026245093,6000,5903,310634.259937251,52.62311704849246,766,12.766666666666667,441.8498099422753,0.596,synthetic
CBE,Coimbatore,2026-09-28,500,195860.72286221385,20541.01609045267,297,8,22700.276932983375,6000,5905,300534.82990875095,50.89497542908568,701,11.683333333333334,391.7214457244277,0.594,synthetic
CBE,Coimbatore,2026-09-29,500,200144.67211982608,21266.50507239625,270,13,21017.5538241577,6000,5908,301448.8100436665,51.023833792089796,666,11.1,400.28934423965217,0.54,synthetic
CBE,Coimbatore,2026-09-30,500,198148.11245601997,20531.662237495184,307,10,22509.213354492167,6000,5900,288905.6800355464,48.967064412804476,615,10.25,396.2962249120399,0.614,synthetic
CBE,Coimbatore,2026-10-01,500,196754.79359135032,18077.916511058807,257,12,19687.733334960914,6000,5903,303058.5699716136,51.3397543573799,566,9.433333333333334,393.5095871827006,0.514,synthetic
CBE,Coimbatore,2026-10-02,500,194316.2681132704,20006.672147538513,306,13,23102.758257751448,6000,5919,292187.29983079433,49.36430137367703,619,10.316666666666666,388.6325362265408,0.612,synthetic
CBE,Coimbatore,2026-10-03,500,218994.92900806665,23257.449423730373,258,3,19528.63494232176,6000,5905,311120.4098486304,52.687622328303206,635,10.583333333333334,437.9898580161333,0.516,synthetic
CBE,Coimbatore,2026-10-04,500,221981.15735177696,27019.99796438217,335,13,25536.778185424788,6000,5923,302606.2198803723,51.09002530480707,749,12.483333333333333,443.96231470355394,0.67,synthetic
CBE,Coimbatore,2026-10-05,500,199054.35977721214,19780.929823100567,273,10,21198.64484619138,6000,5911,307324.45999768376,51.99195736722784,656,10.933333333333334,398.1087195544243,0.546,synthetic
CBE,Coimbatore,2026-10-06,500,199469.2406380847,20860.54451599531,300,15,22767.10626892088,6000,5907,294878.30004420877,49.920145597462124,634,10.566666666666666,398.9384812761694,0.6,synthetic
CBE,Coimbatore,2026-10-07,500,198749.31761882454,20660.749870426953,258,12,19949.81698150633,6000,5906,305742.2299927771,51.76807145153693,615,10.25,397.49863523764907,0.516,synthetic
CBE,Coimbatore,2026-10-08,500,198594.16383865476,18670.876607105136,307,9,23329.7367791748,6000,5921,292118.20006074756,49.335956774319804,593,9.883333333333333,397.18832767730953,0.614,synthetic
CBE,Coimbatore,2026-10-09,500,199018.00688505173,20945.077001154423,257,9,19432.8811981201,6000,5910,307079.70999233425,51.959341792273136,630,10.5,398.03601377010347,0.514,synthetic
CBE,Coimbatore,2026-10-10,500,222221.082829386,30217.75088771805,304,16,23084.19495849607,6000,5903,307004.7000658661,52.00825005350942,758,12.633333333333333,444.442165658772,0.608,synthetic
CBE,Coimbatore,2026-10-11,500,222613.77647491544,26310.081303033978,292,15,22411.356884765602,6000,5918,314521.10997873545,53.14652078045547,740,12.333333333333334,445.2275529498309,0.584,synthetic
CBE,Coimbatore,2026-10-12,500,200424.86781209707,22125.141602844,308,16,24076.173178710917,6000,5912,302524.22985464707,51.17121614591459,705,11.75,400.8497356241941,0.616,synthetic
CBE,Coimbatore,2026-10-13,500,201914.16315880418,19079.16460985318,275,6,20630.51478515623,6000,5906,300707.43998326734,50.91558414887696,591,9.85,403.82832631760834,0.55,synthetic
CBE,Coimbatore,2026-10-14,500,198330.74698691443,19075.270347431768,292,6,22495.27512359617,6000,5920,300057.7700315807,50.6854341269562,602,10.033333333333333,396.66149397382884,0.584,synthetic
CBE,Coimbatore,2026-10-15,500,197761.18240600824,21524.697395175695,280,16,21000.9178111267,6000,5916,299394.7501260415,50.60763186714697,629,10.483333333333333,395.52236481201646,0.56,synthetic
CBE,Coimbatore,2026-10-16,500,199313.96079033613,22939.16568169743,279,14,20957.828504333484,6000,5928,302213.72001374513,50.980721999619625,657,10.95,398.62792158067225,0.558,synthetic
CBE,Coimbatore,2026-10-17,500,217835.1559571661,25748.956660345197,285,11,21942.174486694315,6000,5917,306086.3799661696,51.729994924145615,701,11.683333333333334,435.6703119143322,0.57,synthetic
CBE,Coimbatore,2026-10-18,500,222879.16175342072,28980.903380066156,297,20,23070.186611938458,6000,5908,310600.9700434357,52.572946859078485,795,13.25,445.75832350684146,0.594,synthetic
CBE,Coimbatore,2026-10-19,500,195714.3539480716,22747.76826888323,293,12,22521.768313293436,6000,5907,300587.8400512021,50.88671746253633,730,12.166666666666666,391.4287078961432,0.586,synthetic
CBE,Coimbatore,2026-10-20,500,200273.8548169136,21756.8512147367,274,7,20785.131107482892,6000,5905,301521.5400078576,51.06207282097504,637,10.616666666666667,400.5477096338272,0.548,synthetic
CBE,Coimbatore,2026-10-21,500,197156.07596230507,22938.875551849604,280,10,21275.817578430153,6000,5920,304178.80002104864,51.38155405760957,714,11.9,394.31215192461013,0.56,synthetic
CBE,Coimbatore,2026-10-22,500,200134.5069682151,21069.321198374033,278,14,21184.83264587401,6000,5909,303821.5899589136,51.41675240462238,696,11.6,400.2690139364302,0.556,synthetic
CBE,Coimbatore,2026-10-23,500,197799.75515224785,20040.65376539156,284,14,21329.714538574204,6000,5912,301172.6200988367,50.94259473931609,640,10.666666666666666,395.5995103044957,0.568,synthetic
CBE,Coimbatore,2026-10-24,500,225945.72686462104,29448.265633314848,288,15,22201.442279663064,6000,5897,309076.18996348977,52.41244530498385,745,12.416666666666666,451.8914537292421,0.576,synthetic
CBE,Coimbatore,2026-10-25,500,222188.3380902931,28318.49578000605,309,11,23452.38090087888,6000,5914,308689.3300395608,52.196369638072504,786,13.1,444.37667618058623,0.618,synthetic
CBE,Coimbatore,2026-10-26,500,200663.13258323073,21753.508273780346,290,9,22702.155530090313,6000,5915,305671.8500314988,51.67740490811476,662,11.033333333333333,401.32626516646144,0.58,synthetic
CBE,Coimbatore,2026-10-27,500,200500.28083495796,18320.52290598303,291,4,22190.468543701158,6000,5905,295963.96995912865,50.12090939189308,616,10.266666666666667,401.0005616699159,0.582,synthetic
CBE,Coimbatore,2026-10-28,500,197262.2842015475,18378.454172644764,292,7,21744.4471948242,6000,5925,297097.28007446975,50.14300085645059,571,9.516666666666667,394.52456840309503,0.584,synthetic
CBE,Coimbatore,2026-10-29,500,197165.00883615017,22773.151308566332,268,14,19946.74127197264,6000,5905,302157.83985072,51.16982893322947,690,11.5,394.33001767230036,0.536,synthetic
CBE,Coimbatore,2026-10-30,500,197209.47360429168,22590.79905383289,282,14,21515.591916503894,6000,5914,300155.6700856462,50.7534105657163,676,11.266666666666667,394.41894720858335,0.564,synthetic
CBE,Coimbatore,2026-10-31,500,219989.46236273274,25019.522069603205,287,11,21351.18564971922,6000,5895,307268.21016744524,52.123530138667554,677,11.283333333333333,439.9789247254655,0.574,synthetic
CBE,Coimbatore,2026-11-01,500,224786.50209962577,29560.255410015583,303,14,23575.952140502908,6000,5909,315284.1499143839,53.35660008705092,820,13.666666666666666,449.57300419925156,0.606,synthetic
CBE,Coimbatore,2026-11-02,500,199306.2145972401,22357.010537788272,298,9,22997.02893768308,6000,5898,303222.94996261597,51.411147840389276,718,11.966666666666667,398.61242919448017,0.596,synthetic
CBE,Coimbatore,2026-11-03,500,198672.44394496083,22559.503446780145,277,10,20933.712459411596,6000,5923,304010.6199941337,51.32713489686539,653,10.883333333333333,397.34488788992167,0.554,synthetic
CBE,Coimbatore,2026-11-04,500,197631.10292154364,20210.972435120493,284,11,21934.112085571276,6000,5906,297588.31986927986,50.3874568014358,633,10.55,395.26220584308726,0.568,synthetic
CBE,Coimbatore,2026-11-05,500,199408.84014853835,18337.694800704718,289,11,21271.607795104974,6000,5906,298331.63999155164,50.51331527117366,568,9.466666666666667,398.8176802970767,0.578,synthetic
CBE,Coimbatore,2026-11-06,500,199412.10141511261,20857.204273818992,286,15,21485.713352050774,6000,5916,299847.9200310856,50.68423259484206,619,10.316666666666666,398.8242028302252,0.572,synthetic
CBE,Coimbatore,2026-11-07,500,222787.3512864262,26246.3489574939,287,12,21968.890689697248,6000,5912,308485.4699302241,52.17954498143168,712,11.866666666666667,445.57470257285235,0.574,synthetic
CBE,Coimbatore,2026-11-08,500,222090.045165658,28657.00868332386,294,14,23047.36492218015,6000,5916,314602.5100288838,53.178247131319104,794,13.233333333333333,444.18009033131597,0.588,synthetic
CBE,Coimbatore,2026-11-09,500,201705.1661021486,24548.266549387947,288,18,22708.179635009747,6000,5932,309650.6797192916,52.20004715429731,791,13.183333333333334,403.41033220429716,0.576,synthetic
CBE,Coimbatore,2026-11-10,500,200602.04576268792,19458.07942044735,288,10,21981.158090972876,6000,5907,300411.80012491345,50.856915545101316,644,10.733333333333333,401.2040915253758,0.576,synthetic
CBE,Coimbatore,2026-11-11,500,196093.76400725916,19711.06496244669,281,13,21199.39262878416,6000,5915,301927.6399512589,51.04440235862365,641,10.683333333333334,392.1875280145183,0.562,synthetic
CBE,Coimbatore,2026-11-12,500,201619.58251790702,22804.091032907367,280,15,21044.645177307124,6000,5900,303490.18002198637,51.43901356304853,693,11.55,403.23916503581404,0.56,synthetic
CBE,Coimbatore,2026-11-13,500,197807.53713212907,21730.00336110592,286,12,21518.11443603514,6000,5924,303780.84008197114,51.279682660697354,687,11.45,395.61507426425817,0.572,synthetic
CBE,Coimbatore,2026-11-14,500,220723.0631223619,29849.921650089324,286,13,21573.577185058573,6000,5912,310050.129975155,52.444203311088465,753,12.55,441.4461262447238,0.572,synthetic
CBE,Coimbatore,2026-11-15,500,222123.6266952753,26794.85807400942,294,17,22813.642727050763,6000,5913,318700.9000313431,53.89834264017303,804,13.4,444.2472533905506,0.588,synthetic
CBE,Coimbatore,2026-11-16,500,195513.7728422396,21658.818298339844,307,13,23527.359875793434,6000,5913,299575.22008651495,50.66382886631405,720,12.0,391.02754568447915,0.614,synthetic
CBE,Coimbatore,2026-11-17,500,195935.5996927321,19649.56274406612,269,13,20127.049599609356,6000,5911,303727.59995117784,51.383454567954296,623,10.383333333333333,391.8711993854642,0.538,synthetic
CBE,Coimbatore,2026-11-18,500,197499.9457911998,20912.977892703377,285,13,21911.555852050762,6000,5911,295955.09997180104,50.06853323833548,677,11.283333333333333,394.9998915823996,0.57,synthetic
CBE,Coimbatore,2026-11-19,500,200380.51260747015,18534.798467040062,287,13,22014.36765930174,6000,5903,294667.25002376735,49.91821955340799,579,9.65,400.76102521494033,0.574,synthetic
CBE,Coimbatore,2026-11-20,500,199947.8261313103,18081.460994124413,281,10,21032.559022521953,6000,5889,295644.77009849995,50.20288166046866,575,9.583333333333334,399.8956522626206,0.562,synthetic
CBE,Coimbatore,2026-11-21,500,222575.25642728806,26495.611585335806,289,9,22257.890642395,6000,5911,308988.9599889815,52.2735510047338,670,11.166666666666666,445.1505128545761,0.578,synthetic
CBE,Coimbatore,2026-11-22,500,216430.66440176964,23723.917171418667,309,12,24241.504720458965,6000,5905,301213.7898490131,51.00995594394803,733,12.216666666666667,432.86132880353927,0.618,synthetic
CBE,Coimbatore,2026-11-23,500,198138.47879208624,18860.671153739095,282,9,21435.585488891596,6000,5904,303701.6299160011,51.43997796680236,598,9.966666666666667,396.27695758417246,0.564,synthetic
CBE,Coimbatore,2026-11-24,500,203683.66123769432,23037.681464642286,283,14,21839.67970367429,6000,5906,302232.0701148361,51.17373351080869,680,11.333333333333334,407.3673224753886,0.566,synthetic
CBE,Coimbatore,2026-11-25,500,197982.78003910184,22175.677263617516,286,18,21636.93640686034,6000,5913,299023.77010160685,50.57056825665599,670,11.166666666666666,395.9655600782037,0.572,synthetic
CBE,Coimbatore,2026-11-26,500,196511.5415917933,18028.590335264802,287,7,21699.00951232909,6000,5904,293548.63005399704,49.72029641835993,564,9.4,393.0230831835866,0.574,synthetic
CBE,Coimbatore,2026-11-27,500,194795.18378676474,21127.73840996623,268,13,20259.5510897827,6000,5914,302457.8298678063,51.14268344061655,642,10.7,389.5903675735295,0.536,synthetic
CBE,Coimbatore,2026-11-28,500,219360.0993090868,27388.299544237554,287,11,21852.293231506337,6000,5905,307048.53998529725,51.99805926931367,745,12.416666666666666,438.7201986181736,0.574,synthetic
CBE,Coimbatore,2026-11-29,500,222777.87934716046,28220.85258090496,307,11,23130.704967040998,6000,5917,310822.0300987959,52.53034140591446,782,13.033333333333333,445.5557586943209,0.614,synthetic
CBE,Coimbatore,2026-11-30,500,194185.28017140925,20499.08572807908,296,10,22924.73687622069,6000,5901,298967.78018990904,50.66391801218591,676,11.266666666666667,388.3705603428185,0.592,synthetic
CBE,Coimbatore,2026-12-01,500,198191.62815827504,21503.68611357361,270,10,20364.252808227524,6000,5909,301527.7499731034,51.028558127111765,623,10.383333333333333,396.3832563165501,0.54,synthetic
CBE,Coimbatore,2026-12-02,500,194603.51950405538,19952.535717621446,292,10,21944.87428436278,6000,5903,295214.17018743604,50.01087077544233,617,10.283333333333333,389.20703900811077,0.584,synthetic
CBE,Coimbatore,2026-12-03,500,194965.54733596742,17697.732322596014,276,11,20439.641617126446,6000,5906,299867.3700208962,50.77334406042943,573,9.55,389.93109467193483,0.552,synthetic
CBE,Coimbatore,2026-12-04,500,195083.36443150043,20955.648126378655,277,14,20873.043905639628,6000,5903,302867.65990680456,51.30741316395131,672,11.2,390.16672886300086,0.554,synthetic
CBE,Coimbatore,2026-12-05,500,217050.65506330132,23185.888340115547,299,8,22704.114701843253,6000,5901,299862.34011879563,50.81551264511026,670,11.166666666666666,434.10131012660264,0.598,synthetic
CBE,Coimbatore,2026-12-06,500,218463.14934402704,27912.71448762715,288,19,21761.193680419903,6000,5913,315033.72985336185,53.27815488810449,738,12.3,436.9262986880541,0.576,synthetic
CBE,Coimbatore,2026-12-07,500,195632.87153363228,21464.11918064952,310,8,23575.2387359619,6000,5910,294119.75983797014,49.766456825375656,649,10.816666666666666,391.26574306726457,0.62,synthetic
CBE,Coimbatore,2026-12-08,500,194087.35088051856,23476.507847353816,243,16,18711.442001495343,6000,5926,309400.3801411167,52.210661515544494,648,10.8,388.1747017610371,0.486,synthetic
CBE,Coimbatore,2026-12-09,500,193054.02721348405,23613.970760650933,300,15,22782.33583557127,6000,5918,291401.6298094783,49.23988337436267,736,12.266666666666667,386.1080544269681,0.6,synthetic
CBE,Coimbatore,2026-12-10,500,188768.31608834118,15957.098381057382,255,7,18784.32360809325,6000,5912,300010.5300260447,50.746030112659795,537,8.95,377.53663217668236,0.51,synthetic
CBE,Coimbatore,2026-12-11,500,193995.03604684025,19955.4754148582,303,15,22404.345577697743,6000,5926,291873.5498538166,49.25304587475812,601,10.016666666666667,387.9900720936805,0.606,synthetic
CBE,Coimbatore,2026-12-12,500,215492.51955123246,23824.819324851036,266,12,19735.600216369618,6000,5909,310767.8700009398,52.592294804694504,656,10.933333333333334,430.9850391024649,0.532,synthetic
CBE,Coimbatore,2026-12-13,500,214695.1318345368,27071.128603190184,319,22,24518.84988647459,6000,5905,303285.43002928793,51.360784086246895,783,13.05,429.3902636690736,0.638,synthetic
CBE,Coimbatore,2026-12-14,500,191467.20276533067,19514.072577726096,264,10,19999.380372619606,6000,5930,310300.9502463937,52.32731032822828,647,10.783333333333333,382.93440553066137,0.528,synthetic
CBE,Coimbatore,2026-12-15,500,195047.03114068508,22563.46132904291,295,11,22175.764497985812,6000,5908,293943.8300780654,49.753525741040185,687,11.45,390.09406228137016,0.59,synthetic
CBE,Coimbatore,2026-12-16,500,191003.3358090073,20001.100823126733,256,16,19560.753981628408,6000,5921,303157.77991715074,51.200435723214106,634,10.566666666666666,382.0066716180146,0.512,synthetic
CBE,Coimbatore,2026-12-17,500,192162.34184601903,18557.993857309222,302,13,22590.578666381818,6000,5911,287459.56996773183,48.63129250003922,579,9.65,384.32468369203804,0.604,synthetic
CBE,Coimbatore,2026-12-18,500,194355.2361459732,18412.49361655116,254,7,19214.60174194334,6000,5882,298576.2700943202,50.76101157672903,553,9.216666666666667,388.7104722919464,0.508,synthetic
CBE,Coimbatore,2026-12-19,500,214572.55751483142,24294.13140682876,311,9,23314.186248779275,6000,5897,295340.5398721993,50.08318464849912,674,11.233333333333333,429.14511502966286,0.622,synthetic
CBE,Coimbatore,2026-12-20,500,211410.24322538078,27046.722690671682,278,11,21315.19922149656,6000,5917,306784.8800732158,51.84804462957847,713,11.883333333333333,422.82048645076156,0.556,synthetic
CBE,Coimbatore,2026-12-21,500,193785.71021026373,21979.884171649814,294,14,21976.161216430646,6000,5922,299046.6300468296,50.49757346282161,649,10.816666666666666,387.57142042052743,0.588,synthetic
CBE,Coimbatore,2026-12-22,500,191005.233883366,19575.752760648727,257,9,19871.12943786619,6000,5919,302317.74985808134,51.07581514750487,647,10.783333333333333,382.01046776673195,0.514,synthetic
CBE,Coimbatore,2026-12-23,500,192754.23618769646,19205.06441617012,289,16,21769.17937225339,6000,5916,293310.7198648155,49.579229186074286,613,10.216666666666667,385.5084723753929,0.578,synthetic
CBE,Coimbatore,2026-12-24,500,188652.8975175768,16930.104618294165,272,8,20664.87798934936,6000,5897,292314.70999047905,49.57007122104105,575,9.583333333333334,377.3057950351536,0.544,synthetic
CBE,Coimbatore,2026-12-25,500,186408.18451837823,17009.243493620306,281,12,20649.65553039549,6000,5910,289339.3101249784,48.95758208544474,569,9.483333333333333,372.81636903675644,0.562,synthetic
CBE,Coimbatore,2026-12-26,500,216729.66992452368,20361.238322466612,279,7,21177.805216369605,6000,5917,301032.63000453636,50.87588811974588,565,9.416666666666666,433.45933984904735,0.558,synthetic
CBE,Coimbatore,2026-12-27,500,213955.82762119174,25048.467955738306,298,17,22707.947389526344,6000,5919,310608.0600722879,52.476441978761265,703,11.716666666666667,427.91165524238346,0.596,synthetic
CBE,Coimbatore,2026-12-28,500,187069.75708320737,19424.610738277435,285,13,22131.18901336668,6000,5898,296886.38005024195,50.3367887504649,632,10.533333333333333,374.13951416641476,0.57,synthetic
CBE,Coimbatore,2026-12-29,500,187012.08340911567,17469.730770394206,266,9,19885.070711059558,6000,5926,297061.4599554688,50.12849476130084,567,9.45,374.0241668182313,0.532,synthetic
CBE,Coimbatore,2026-12-30,500,186313.87572097778,16756.55686814338,282,13,21162.740907897925,6000,5906,288165.7400274873,48.79203183668935,529,8.816666666666666,372.6277514419556,0.564,synthetic
CBE,Coimbatore,2026-12-31,500,190459.62446691096,17497.554391652346,272,15,19942.292968139638,6000,5917,293820.12992306054,49.65694269444998,543,9.05,380.9192489338219,0.544,synthetic
CHN,Chennai,2026-01-01,1000,420193.5448531136,13119.438658952713,0,0,0.0,12000,11833,548718.6901444197,46.37189978402938,282,2.35,420.19354485311356,0.0,synthetic
CHN,Chennai,2026-01-02,1000,418624.5087312907,46118.38760501146,677,31,52837.18624694823,12000,11807,624992.7003830392,52.934081509531566,1272,10.6,418.6245087312907,0.677,synthetic
CHN,Chennai,2026-01-03,1000,470224.12202601135,57476.21101376414,553,20,43535.01293701167,12000,11829,652256.6498884112,55.14047255798556,1552,12.933333333333334,470.22412202601134,0.553,synthetic
CHN,Chennai,2026-01-04,1000,473960.64530575275,68492.64666889608,635,25,51551.8423040771,12000,11835,628958.3600229621,53.14392564621564,1889,15.741666666666667,473.96064530575273,0.635,synthetic
CHN,Chennai,2026-01-05,1000,421897.51562793925,44302.080041208304,623,27,47952.78825256345,12000,11828,618169.9802796803,52.26327192083872,1408,11.733333333333333,421.89751562793924,0.623,synthetic
CHN,Chennai,2026-01-06,1000,421715.6371243298,47755.4695086116,550,20,43653.01714508052,12000,11818,619081.9999004565,52.38466744799937,1454,12.116666666666667,421.7156371243298,0.55,synthetic
CHN,Chennai,2026-01-07,1000,420905.84411613084,45675.84519332647,616,25,47012.984790344206,12000,11843,604150.780051589,51.01332264220122,1385,11.541666666666666,420.9058441161308,0.616,synthetic
CHN,Chennai,2026-01-08,1000,417924.85484787077,50863.63452591933,540,23,42680.83670104976,12000,11815,616635.3800160587,52.19089124130839,1444,12.033333333333333,417.9248548478708,0.54,synthetic
CHN,Chennai,2026-01-09,1000,417575.23859645426,46119.89299915731,603,23,45373.936834716755,12000,11816,605614.5000124332,51.253766080943905,1380,11.5,417.57523859645426,0.603,synthetic
CHN,Chennai,2026-01-10,1000,464509.27838820964,61168.46718901396,563,24,44098.518978881795,12000,11835,635371.0202386528,53.685764278720136,1575,13.125,464.5092783882096,0.563,synthetic
CHN,Chennai,2026-01-11,1000,464975.29951381683,59678.98296876997,662,30,51079.12575622556,12000,11801,622065.0099543482,52.712906529476165,1658,13.816666666666666,464.9752995138168,0.662,synthetic
CHN,Chennai,2026-01-12,1000,414510.2712752037,43826.300654340535,575,19,45108.46245483395,12000,11798,620725.9200891703,52.612808958227696,1469,12.241666666666667,414.51027127520365,0.575,synthetic
CHN,Chennai,2026-01-13,1000,410978.67480294406,46772.183603294194,582,27,45275.95147705074,12000,11820,614690.3499194868,52.00425972246081,1444,12.033333333333333,410.97867480294406,0.582,synthetic
CHN,Chennai,2026-01-14,1000,407402.52077423036,44906.14524704963,563,16,43613.4958447265,12000,11832,603621.7701544762,51.01603872164268,1326,11.05,407.40252077423037,0.563,synthetic
CHN,Chennai,2026-01-15,1000,415951.56477648765,45101.04188655503,591,27,44937.8246466064,12000,11795,600758.8899364136,50.93335226251917,1288,10.733333333333333,415.95156477648766,0.591,synthetic
CHN,Chennai,2026-01-16,1000,408058.69796637446,44610.52670685947,556,20,42873.90107757563,12000,11831,604813.0402017012,51.12104134914219,1357,11.308333333333334,408.05869796637444,0.556,synthetic
CHN,Chennai,2026-01-17,1000,458313.16984313726,54436.56700513419,591,27,45150.00747711178,12000,11811,624621.3701252788,52.88471510670382,1503,12.525,458.31316984313725,0.591,synthetic
CHN,Chennai,2026-01-18,1000,462127.60722732544,61844.23234294355,607,28,48608.575819702106,12000,11809,627463.1801736206,53.13431960145826,1787,14.891666666666667,462.1276072273254,0.607,synthetic
CHN,Chennai,2026-01-19,1000,410724.0616300106,43603.96715812385,610,18,47392.12357360836,12000,11829,608151.1600515451,51.41188266561376,1426,11.883333333333333,410.7240616300106,0.61,synthetic
CHN,Chennai,2026-01-20,1000,406293.10751467943,48628.73483553529,527,33,40894.10054718013,12000,11811,620791.7500277739,52.56047328996477,1439,11.991666666666667,406.29310751467943,0.527,synthetic
CHN,Chennai,2026-01-21,1000,410217.59600602835,43680.18812640011,614,25,47389.56151336666,12000,11828,591497.5300102867,50.00824568906719,1367,11.391666666666667,410.2175960060284,0.614,synthetic
CHN,Chennai,2026-01-22,1000,405700.3306488991,40778.87260828912,536,17,41074.55257965084,12000,11829,611630.9998502284,51.70606136192649,1270,10.583333333333334,405.70033064889907,0.536,synthetic
CHN,Chennai,2026-01-23,1000,407081.21636343,45465.4244427681,599,23,45602.38152740475,12000,11811,598342.8802240938,50.65979851190363,1377,11.475,407.08121636343003,0.599,synthetic
CHN,Chennai,2026-01-24,1000,452528.1017677374,51085.1473236233,562,22,43401.2721276855,12000,11839,622795.0300447643,52.60537461312309,1430,11.916666666666666,452.52810176773744,0.562,synthetic
CHN,Chennai,2026-01-25,1000,449441.12278766185,54752.90087737143,633,28,49698.841919860795,12000,11814,617291.4597855657,52.25084304939612,1594,13.283333333333333,449.44112278766187,0.633,synthetic
CHN,Chennai,2026-01-26,1000,403772.4519013986,39549.23691613972,573,19,45106.62720703121,12000,11806,608172.5897496343,51.513856492430484,1381,11.508333333333333,403.7724519013986,0.573,synthetic
CHN,Chennai,2026-01-27,1000,400602.36897147633,41614.767804682255,561,28,42927.66724365231,12000,11810,605698.8802213594,51.28695006108039,1320,11.0,400.6023689714763,0.561,synthetic
CHN,Chennai,2026-01-28,1000,403514.73665025085,42464.06044845283,569,27,44243.46076721187,12000,11843,598493.9499461651,50.535670855878166,1339,11.158333333333333,403.5147366502508,0.569,synthetic
CHN,Chennai,2026-01-29,1000,407536.5543964952,44657.19140983373,557,26,42046.05062347409,12000,11818,609343.1198576912,51.560595689430635,1318,10.983333333333333,407.5365543964952,0.557,synthetic
CHN,Chennai,2026-01-30,1000,404881.7337640524,44508.52057993412,580,26,44910.9523040771,12000,11832,596347.8497364763,50.40127195203485,1353,11.275,404.8817337640524,0.58,synthetic
CHN,Chennai,2026-01-31,1000,445747.00790685415,52298.908732414246,571,27,43621.13549560543,12000,11824,617165.1601204574,52.19597091681812,1415,11.791666666666666,445.74700790685415,0.571,synthetic
CHN,Chennai,2026-02-01,1000,446351.1472078562,58572.29378923774,600,28,46656.75108764644,12000,11809,623108.9501776677,52.76559828754913,1605,13.375,446.3511472078562,0.6,synthetic
CHN,Chennai,2026-02-02,1000,394133.68037534505,42372.53741679713,592,26,45670.735447998,12000,11842,606456.8096898571,51.212363594819884,1371,11.425,394.1336803753451,0.592,synthetic
CHN,Chennai,2026-02-03,1000,395597.20592791215,38513.698013052344,558,24,42803.78622161862,12000,11826,594904.7100243643,50.30481228009169,1237,10.308333333333334,395.59720592791217,0.558,synthetic
CHN,Chennai,2026-02-04,1000,401092.0842359662,43908.57442724705,566,22,42975.05155334468,12000,11823,593978.5900242627,50.23924469460058,1281,10.675,401.0920842359662,0.566,synthetic
CHN,Chennai,2026-02-05,1000,394472.5757700652,42029.75037895143,562,23,43005.45322174068,12000,11786,588677.9100936651,49.94721789357417,1251,10.425,394.4725757700652,0.562,synthetic
CHN,Chennai,2026-02-06,1000,393738.0854624808,42199.843504656106,552,22,41081.59685211178,12000,11816,597387.3100962006,50.55749069873058,1244,10.366666666666667,393.7380854624808,0.552,synthetic
CHN,Chennai,2026-02-07,1000,445242.3282651603,52540.53757540509,568,20,43726.130505981404,12000,11830,618449.7799927238,52.27808791147285,1439,11.991666666666667,445.2423282651603,0.568,synthetic
CHN,Chennai,2026-02-08,1000,444776.94124390185,53879.95574167371,621,21,48002.97042755122,12000,11842,616004.2200241238,52.0185965228951,1523,12.691666666666666,444.77694124390183,0.621,synthetic
CHN,Chennai,2026-02-09,1000,392074.3479575515,46273.579492755234,555,23,43447.30551452632,12000,11835,614963.7901682109,51.961452485695894,1497,12.475,392.0743479575515,0.555,synthetic
CHN,Chennai,2026-02-10,1000,392242.5934147239,42800.03996528685,567,27,42721.2600613403,12000,11791,597865.9102119841,50.70527607598881,1284,10.7,392.2425934147239,0.567,synthetic
CHN,Chennai,2026-02-11,1000,392391.0725719221,39275.89888480492,555,20,42772.737491455046,12000,11833,590032.2398413718,49.863284022764454,1248,10.4,392.3910725719221,0.555,synthetic
CHN,Chennai,2026-02-12,1000,388776.0650081076,40594.91642952338,556,35,41700.84335815426,12000,11851,596601.4798416719,50.34186818341675,1267,10.558333333333334,388.7760650081076,0.556,synthetic
CHN,Chennai,2026-02-13,1000,383496.4019931704,41323.143882229924,536,35,40190.324972534145,12000,11818,600407.3801758327,50.80448300692441,1327,11.058333333333334,383.49640199317037,0.536,synthetic
CHN,Chennai,2026-02-14,1000,437558.5840356201,51661.73460969329,579,18,44014.70228576657,12000,11797,608846.0399928391,51.61024328158338,1415,11.791666666666666,437.5585840356201,0.579,synthetic
CHN,Chennai,2026-02-15,1000,441960.4800287336,54224.84349472448,593,28,45999.24740295405,12000,11819,622026.62997289,52.62937896377782,1555,12.958333333333334,441.9604800287336,0.593,synthetic
CHN,Chennai,2026-02-16,1000,382730.1036450416,41673.05023054499,600,19,45785.59596679684,12000,11837,593681.1001243144,50.15469292255761,1365,11.375,382.7301036450416,0.6,synthetic
CHN,Chennai,2026-02-17,1000,387094.61578924954,35987.29157652706,526,24,40453.931520080536,12000,11819,594263.520338377,50.28035538864346,1132,9.433333333333334,387.09461578924953,0.526,synthetic
CHN,Chennai,2026-02-18,1000,384678.61387594044,37029.279060423374,567,23,42789.11544204708,12000,11819,587658.1998511255,49.72148234631741,1169,9.741666666666667,384.6786138759404,0.567,synthetic
CHN,Chennai,2026-02-19,1000,378118.462215662,37048.5259847343,535,15,40897.99937438959,12000,11829,589803.1598452833,49.860779427279,1187,9.891666666666667,378.118462215662,0.535,synthetic
CHN,Chennai,2026-02-20,1000,389369.2549868226,40459.228412368335,569,19,42227.30730194088,12000,11813,581865.1600781009,49.25634132549741,1204,10.033333333333333,389.3692549868226,0.569,synthetic
CHN,Chennai,2026-02-21,1000,427910.8481954485,47413.64857631922,551,23,41655.652836914014,12000,11822,608633.4900532812,51.48312384142118,1341,11.175,427.9108481954485,0.551,synthetic
CHN,Chennai,2026-02-22,1000,425340.71904201806,48854.318298045546,604,27,46214.00673614497,12000,11825,612177.6602818221,51.769780996348594,1492,12.433333333333334,425.34071904201807,0.604,synthetic
CHN,Chennai,2026-02-23,1000,384537.1675456837,40969.39130964875,557,22,43370.27517791744,12000,11816,600627.7602505367,50.831733264263434,1370,11.416666666666666,384.5371675456837,0.557,synthetic
CHN,Chennai,2026-02-24,1000,380543.89439459145,35533.62291276455,555,12,42385.44451721187,12000,11819,584955.9600853473,49.492847117805844,1156,9.633333333333333,380.54389439459146,0.555,synthetic
CHN,Chennai,2026-02-25,1000,378629.6877172068,34112.11247046944,557,14,41570.11172698972,12000,11826,577233.9199815392,48.810580076233656,1142,9.516666666666667,378.62968771720676,0.557,synthetic
CHN,Chennai,2026-02-26,1000,374277.0619452521,34026.10060368478,544,19,40787.66446289059,12000,11833,583037.1001453996,49.272128804647984,1057,8.808333333333334,374.2770619452521,0.544,synthetic
CHN,Chennai,2026-02-27,1000,383831.829751797,36935.1754078567,537,26,40260.88709472653,12000,11842,592590.6699289754,50.04143471786653,1144,9.533333333333333,383.83182975179704,0.537,synthetic
CHN,Chennai,2026-02-28,1000,422206.4915041402,49686.0486651063,563,35,42209.62282745359,12000,11826,607285.4298783932,51.35171908323974,1372,11.433333333333334,422.2064915041402,0.563,synthetic
CHN,Chennai,2026-03-01,1000,424665.1266615093,51210.87001905963,587,28,45574.278771057085,12000,11837,606090.39993654,51.20304130578187,1445,12.041666666666666,424.66512666150925,0.587,synthetic
CHN,Chennai,2026-03-02,1000,375259.9544325024,38000.15838165581,561,22,42729.47331024165,12000,11816,599437.120086588,50.730968186068715,1277,10.641666666666667,375.2599544325024,0.561,synthetic
CHN,Chennai,2026-03-03,1000,376696.562303558,37510.84619229287,539,16,41262.023797302194,12000,11814,584517.6996384021,49.476697108380066,1172,9.766666666666667,376.696562303558,0.539,synthetic
CHN,Chennai,2026-03-04,1000,373675.1181617975,33252.51229784638,558,24,41551.6416769409,12000,11826,576087.8100396525,48.713665655306315,1092,9.1,373.6751181617975,0.558,synthetic
CHN,Chennai,2026-03-05,1000,371958.82811303064,31467.685857206583,547,11,40170.917656860314,12000,11815,579216.0697545279,49.023789230175865,1038,8.65,371.9588281130306,0.547,synthetic
CHN,Chennai,2026-03-06,1000,376846.5975322202,37521.6115371678,536,26,40370.832990417446,12000,11838,590060.8201275356,49.844637618477414,1186,9.883333333333333,376.8465975322202,0.536,synthetic
CHN,Chennai,2026-03-07,1000,418388.3892608583,44233.177805515006,573,23,43275.06748260494,12000,11807,589231.4898797572,49.90526720418033,1301,10.841666666666667,418.3883892608583,0.573,synthetic
CHN,Chennai,2026-03-08,1000,418592.1203545332,46029.95430908725,584,17,44689.44946289059,12000,11831,602022.2399943732,50.885152564818966,1345,11.208333333333334,418.5921203545332,0.584,synthetic
CHN,Chennai,2026-03-09,1000,372374.68989346176,38267.36406907439,552,28,41581.1750170898,12000,11824,594920.0501460973,50.31461858475112,1285,10.708333333333334,372.3746898934618,0.552,synthetic
CHN,Chennai,2026-03-10,1000,370618.2925421819,34402.79191313684,553,25,41677.37925201413,12000,11824,581872.4601869285,49.21113499551154,1132,9.433333333333334,370.6182925421819,0.553,synthetic
CHN,Chennai,2026-03-11,1000,374451.2358388975,32957.72155598644,544,19,39963.3624050903,12000,11842,581648.6701592803,49.117435412876226,1087,9.058333333333334,374.4512358388975,0.544,synthetic
CHN,Chennai,2026-03-12,1000,373869.7735579312,37566.470063984394,537,23,41024.44306091305,12000,11805,582046.4098903388,49.30507495894441,1173,9.775,373.8697735579312,0.537,synthetic
CHN,Chennai,2026-03-13,1000,364669.1608130187,32820.37642648816,544,31,39696.52503021237,12000,11833,581380.2300476171,49.13210766902874,1115,9.291666666666666,364.66916081301866,0.544,synthetic
CHN,Chennai,2026-03-14,1000,413691.067599982,42663.032957758754,568,21,42895.808393554646,12000,11830,585790.9701163806,49.51741082978703,1181,9.841666666666667,413.69106759998203,0.568,synthetic
CHN,Chennai,2026-03-15,1000,406662.76632902026,40691.43276587129,579,22,43407.64930389401,12000,11836,597440.5298084095,50.47655709770273,1226,10.216666666666667,406.66276632902026,0.579,synthetic
CHN,Chennai,2026-03-16,1000,363112.69100696594,32301.44186720252,568,30,43178.15054077146,12000,11821,582392.879933957,49.26764909347407,1152,9.6,363.1126910069659,0.568,synthetic
CHN,Chennai,2026-03-17,1000,367818.97376069427,31748.535473097116,519,21,38497.089483032185,12000,11828,581561.9800074026,49.16824315246894,1071,8.925,367.8189737606943,0.519,synthetic
CHN,Chennai,2026-03-18,1000,365695.30569177866,33176.859550398774,558,22,41639.05295013424,12000,11832,571917.8400267661,48.336531442424445,1086,9.05,365.6953056917787,0.558,synthetic
CHN,Chennai,2026-03-19,1000,365254.1891732663,32926.21646894887,519,27,38788.69298126219,12000,11795,577129.8400257267,48.93004154520786,1066,8.883333333333333,365.2541891732663,0.519,synthetic
CHN,Chennai,2026-03-20,1000,364547.93746495247,31354.63377352059,554,23,41255.71334564204,12000,11801,567615.439929137,48.098927203553686,1065,8.875,364.5479374649525,0.554,synthetic
CHN,Chennai,2026-03-21,1000,405383.36988829076,40479.18304990232,538,19,39776.2338075256,12000,11817,592485.4998242203,50.13840228689349,1130,9.416666666666666,405.38336988829076,0.538,synthetic
CHN,Chennai,2026-03-22,1000,405278.65210267156,39633.714575983584,597,19,45544.75041687008,12000,11813,586497.1099407561,49.64844746810769,1210,10.083333333333334,405.2786521026716,0.597,synthetic
CHN,Chennai,2026-03-23,1000,362876.0464197248,32664.161418408155,532,21,39851.417336425744,12000,11816,592580.1898877248,50.1506592660566,1116,9.3,362.87604641972484,0.532,synthetic
CHN,Chennai,2026-03-24,1000,362351.7060617581,36197.34240689734,554,17,41328.455449218716,12000,11808,572580.1197338477,48.49086379859821,1144,9.533333333333333,362.3517060617581,0.554,synthetic
CHN,Chennai,2026-03-25,1000,365343.41913389415,31320.23865529895,535,15,39929.54971343991,12000,11835,565503.7401791196,47.78231856181831,1009,8.408333333333333,365.34341913389414,0.535,synthetic
CHN,Chennai,2026-03-26,1000,364043.29707760364,27547.593180671334,558,14,40663.8020169067,12000,11808,565109.4000392277,47.85818089763107,926,7.716666666666667,364.04329707760365,0.558,synthetic
CHN,Chennai,2026-03-27,1000,364176.7052817978,30439.062843553722,508,20,37975.252240905735,12000,11819,581047.0101892501,49.16211271590237,1011,8.425,364.1767052817978,0.508,synthetic
CHN,Chennai,2026-03-28,1000,405187.5721602291,40973.73552265763,570,29,42388.060881957965,12000,11780,586695.1098571494,49.80433869755088,1241,10.341666666666667,405.1875721602291,0.57,synthetic
CHN,Chennai,2026-03-29,1000,405477.1656870395,47668.70017269254,546,29,41588.79983001705,12000,11798,607235.8200384974,51.46938633993028,1361,11.341666666666667,405.4771656870395,0.546,synthetic
CHN,Chennai,2026-03-30,1000,358809.94918070734,36126.882139891386,564,19,42503.206597595185,12000,11829,588654.1101820692,49.76364106704449,1212,10.1,358.80994918070735,0.564,synthetic
CHN,Chennai,2026-03-31,1000,361381.1073468253,32686.318752355874,521,18,39089.307121582,12000,11821,577394.5201755278,48.844811790502305,1083,9.025,361.3811073468253,0.521,synthetic
CHN,Chennai,2026-04-01,1000,361446.15298460424,31950.090721026063,557,23,41127.46115478513,12000,11809,563944.0299094915,47.755443298288725,1050,8.75,361.4461529846042,0.557,synthetic
CHN,Chennai,2026-04-02,1000,358179.24332813174,32322.542698398232,509,24,37394.27275176998,12000,11812,576227.3501740564,48.783216235527966,999,8.325,358.17924332813175,0.509,synthetic
CHN,Chennai,2026-04-03,1000,353695.44925837964,30032.490073420107,565,22,41465.72106811521,12000,11819,556502.3998856526,47.08540484691197,981,8.175,353.69544925837965,0.565,synthetic
CHN,Chennai,2026-04-04,1000,397102.02755425125,40254.4481851235,518,29,37893.819743957494,12000,11828,590348.2200317793,49.91107710786095,1134,9.45,397.10202755425126,0.518,synthetic
CHN,Chennai,2026-04-05,1000,402302.76910571754,44407.536135561764,577,35,42951.30991333006,12000,11832,598308.3699513525,50.56696838669308,1283,10.691666666666666,402.3027691057175,0.577,synthetic
CHN,Chennai,2026-04-06,1000,357077.80911212415,29862.065323024988,555,11,42671.36119812008,12000,11821,578095.6500807106,48.90412402340839,1042,8.683333333333334,357.07780911212416,0.555,synthetic
CHN,Chennai,2026-04-07,1000,361010.53867387027,30805.285707220435,524,27,38654.0977075195,12000,11793,577327.3601658233,48.955088625949564,1001,8.341666666666667,361.01053867387026,0.524,synthetic
CHN,Chennai,2026-04-08,1000,355680.20815560967,31650.149503797293,532,23,39697.72327239986,12000,11823,574485.6701530758,48.59051595644725,1073,8.941666666666666,355.68020815560965,0.532,synthetic
CHN,Chennai,2026-04-09,1000,355169.99714756757,30895.36801830679,532,26,38760.65728271481,12000,11829,574109.510052178,48.53406966372289,1015,8.458333333333334,355.1699971475676,0.532,synthetic
CHN,Chennai,2026-04-10,1000,352392.17170137167,35165.10454779118,524,32,38428.798670654265,12000,11823,573862.5700252578,48.53781358582913,1107,9.225,352.3921717013717,0.524,synthetic
CHN,Chennai,2026-04-11,1000,404653.02524369955,40016.44756561518,545,18,40275.67296112057,12000,11800,586689.4799148235,49.71944745040877,1167,9.725,404.6530252436996,0.545,synthetic
CHN,Chennai,2026-04-12,1000,397501.3671900779,40578.8088537734,573,26,42526.2559986877,12000,11834,599046.359803319,50.620784164552894,1269,10.575,397.50136719007793,0.573,synthetic
CHN,Chennai,2026-04-13,1000,357685.57079847157,34420.110358417034,570,19,42950.878092956504,12000,11850,578469.1497445107,48.81596200375618,1155,9.625,357.6855707984716,0.57,synthetic
CHN,Chennai,2026-04-14,1000,356928.7428788319,34057.044097291306,498,29,36788.28492187499,12000,11818,584423.640042603,49.45199188040303,1091,9.091666666666667,356.92874287883194,0.498,synthetic
CHN,Chennai,2026-04-15,1000,359041.22950966656,33143.66079837084,560,23,41524.79836395261,12000,11805,563359.4799962621,47.72210758121661,1056,8.8,359.04122950966655,0.56,synthetic
CHN,Chennai,2026-04-16,1000,361243.5344915837,32810.32693114877,516,28,37545.42834503171,12000,11807,575056.7902041189,48.7047336498788,1023,8.525,361.2435344915837,0.516,synthetic
CHN,Chennai,2026-04-17,1000,354392.9040712863,30635.227435685694,552,17,40746.474493102985,12000,11817,562453.910040658,47.59701362788,1009,8.408333333333333,354.3929040712863,0.552,synthetic
CHN,Chennai,2026-04-18,1000,397969.14405207336,42324.935296848416,528,27,38633.14128845211,12000,11824,585715.7900217734,49.53617980563036,1125,9.375,397.9691440520734,0.528,synthetic
CHN,Chennai,2026-04-19,1000,393965.63848018646,44135.11118739471,572,33,42403.81490661617,12000,11818,591546.7800520584,50.05472838484163,1255,10.458333333333334,393.96563848018644,0.572,synthetic
CHN,Chennai,2026-04-20,1000,357007.43094369397,31050.096509153023,550,17,41609.307536315886,12000,11839,579625.2698987368,48.95897203300421,1108,9.233333333333333,357.007430943694,0.55,synthetic
CHN,Chennai,2026-04-21,1000,353419.5432647392,30333.105153635144,530,22,38894.7837167358,12000,11824,569455.8300308138,48.16101404184826,978,8.15,353.4195432647392,0.53,synthetic
CHN,Chennai,2026-04-22,1000,351537.0079343915,31950.078695037402,533,16,38999.97179260252,12000,11812,564133.1600763798,47.75932611550794,1002,8.35,351.5370079343915,0.533,synthetic
CHN,Chennai,2026-04-23,1000,357092.87078975886,28097.462610550225,540,12,39247.77128814694,12000,11833,562077.869997099,47.500876362469285,929,7.741666666666666,357.0928707897589,0.54,synthetic
CHN,Chennai,2026-04-24,1000,354533.5999701917,29230.657499611378,540,23,38794.66878021238,12000,11813,564297.6198138744,47.76920509725509,936,7.8,354.53359997019174,0.54,synthetic
CHN,Chennai,2026-04-25,1000,396739.0633524209,39418.86227853596,533,28,39391.19581329343,12000,11836,590167.7199893668,49.86209192204856,1082,9.016666666666667,396.73906335242094,0.533,synthetic
CHN,Chennai,2026-04-26,1000,396081.76740147173,40954.03490563296,587,16,44621.432615661586,12000,11822,577800.1099342108,48.87498815210716,1209,10.075,396.0817674014717,0.587,synthetic
CHN,Chennai,2026-04-27,1000,356239.5784819722,31465.316920034587,527,23,39306.6766479492,12000,11814,582950.2101050913,49.34401643009068,1102,9.183333333333334,356.2395784819722,0.527,synthetic
CHN,Chennai,2026-04-28,1000,353788.8411747366,31505.296856716275,535,25,40198.22508178706,12000,11840,569713.320288796,48.117679078445605,1063,8.858333333333333,353.7888411747366,0.535,synthetic
CHN,Chennai,2026-04-29,1000,348004.790069893,28026.394715622067,525,21,38529.25834350582,12000,11828,563054.6998810917,47.60354243161073,952,7.933333333333334,348.004790069893,0.525,synthetic
CHN,Chennai,2026-04-30,1000,351758.4961199984,27634.300722122192,531,23,39249.415131225556,12000,11803,560375.250166662,47.4773574656157,973,8.108333333333333,351.75849611999837,0.531,synthetic
CHN,Chennai,2026-05-01,1000,351398.7283893302,30279.722868591547,528,26,37873.50120574948,12000,11795,565406.3899230566,47.93610766621929,991,8.258333333333333,351.3987283893302,0.528,synthetic
CHN,Chennai,2026-05-02,1000,400104.3877182156,39850.18596405536,533,28,39586.381260681126,12000,11819,589385.7597891074,49.86765037559078,1133,9.441666666666666,400.1043877182156,0.533,synthetic
CHN,Chennai,2026-05-03,1000,396663.9009623006,43068.7956141904,569,30,42442.49579132076,12000,11795,595587.7301126905,50.4949326081128,1301,10.841666666666667,396.6639009623006,0.569,synthetic
CHN,Chennai,2026-05-04,1000,356086.39743070304,32414.063483939506,545,26,41741.5036889648,12000,11825,582812.1799424887,49.286442278434556,1140,9.5,356.086397430703,0.545,synthetic
CHN,Chennai,2026-05-05,1000,353869.0041462332,29831.23314538598,535,17,39329.50005706784,12000,11840,569428.2098636217,48.09359880604914,982,8.183333333333334,353.8690041462332,0.535,synthetic
CHN,Chennai,2026-05-06,1000,353453.9309525192,30505.107305839658,525,30,38871.1484106445,12000,11812,566723.6398153603,47.97863527051814,990,8.25,353.45393095251916,0.525,synthetic
CHN,Chennai,2026-05-07,1000,356443.21657933295,30092.976163566113,536,20,38949.779788513166,12000,11823,566313.7600590307,47.89932843263391,974,8.116666666666667,356.44321657933295,0.536,synthetic
CHN,Chennai,2026-05-08,1000,359283.9828353673,31294.14058610797,538,16,39863.88179809567,12000,11841,564481.0200245082,47.67173549738267,990,8.25,359.28398283536734,0.538,synthetic
CHN,Chennai,2026-05-09,1000,401481.3814626336,40273.08184430003,536,24,39735.347732849084,12000,11820,586982.2898354232,49.66009220265848,1169,9.741666666666667,401.48138146263364,0.536,synthetic
CHN,Chennai,2026-05-10,1000,395122.0558574796,43626.443695783615,574,24,42905.86783355709,12000,11824,590587.5099073946,49.94819941706653,1288,10.733333333333333,395.12205585747955,0.574,synthetic
CHN,Chennai,2026-05-11,1000,354117.05529369414,30863.416790410876,547,18,41181.87795043942,12000,11827,578824.3799127042,48.94093006787048,1062,8.85,354.11705529369414,0.547,synthetic
CHN,Chennai,2026-05-12,1000,351720.0729069412,30625.1690903306,522,23,38533.75616729734,12000,11826,571959.7300717682,48.364597503109096,1058,8.816666666666666,351.7200729069412,0.522,synthetic
CHN,Chennai,2026-05-13,1000,357355.68364417925,29360.36090055108,548,20,40415.634735717744,12000,11831,561788.5499444231,47.48445185905022,961,8.008333333333333,357.35568364417924,0.548,synthetic
CHN,Chennai,2026-05-14,1000,354293.5971277356,31129.022615090013,501,25,36476.38843231198,12000,11811,577464.5701427832,48.89209805628509,1037,8.641666666666667,354.2935971277356,0.501,synthetic
CHN,Chennai,2026-05-15,1000,355242.7550816685,29741.009216511622,552,21,41608.71181182858,12000,11820,563661.8499595225,47.68712774615249,1018,8.483333333333333,355.2427550816685,0.552,synthetic
CHN,Chennai,2026-05-16,1000,398743.69807412475,39066.546425402164,525,29,37603.331080169664,12000,11816,589787.640085591,49.91432295917324,1092,9.1,398.7436980741248,0.525,synthetic
CHN,Chennai,2026-05-17,1000,401367.1959623769,43110.25853909552,590,27,44987.978188476496,12000,11823,588454.1499240659,49.77198256991169,1259,10.491666666666667,401.3671959623769,0.59,synthetic
CHN,Chennai,2026-05-18,1000,356775.17921070755,31424.79111419618,543,25,40615.28720031734,12000,11804,584464.0098852031,49.514063866926726,1127,9.391666666666667,356.77517921070756,0.543,synthetic
CHN,Chennai,2026-05-19,1000,353122.80407262594,31846.685113050044,530,28,39542.137493591275,12000,11834,573146.2299058586,48.432164095475635,1072,8.933333333333334,353.1228040726259,0.53,synthetic
CHN,Chennai,2026-05-20,1000,357154.9417436272,30444.016008511186,537,23,39397.51202728269,12000,11816,567453.379577877,48.024151961567114,1044,8.7,357.1549417436272,0.537,synthetic
CHN,Chennai,2026-05-21,1000,359834.45765705407,31483.212100476027,529,15,38719.74733612056,12000,11831,568782.4901749026,48.075605627157685,1046,8.716666666666667,359.8344576570541,0.529,synthetic
CHN,Chennai,2026-05-22,1000,357680.26221171767,31276.4248881042,543,18,40030.457726440385,12000,11817,564592.3502168357,47.7779766621677,1020,8.5,357.68026221171766,0.543,synthetic
CHN,Chennai,2026-05-23,1000,401024.7802397311,40224.29264777899,526,27,38450.25934753417,12000,11803,595944.389975775,50.49092518645895,1144,9.533333333333333,401.02478023973106,0.526,synthetic
CHN,Chennai,2026-05-24,1000,399638.4715414494,43995.796103257686,595,32,45214.50080841061,12000,11798,585653.8698172532,49.640097458658516,1334,11.116666666666667,399.6384715414494,0.595,synthetic
CHN,Chennai,2026-05-25,1000,361247.5395824313,32288.5858656466,528,16,39416.93999999997,12000,11812,587398.9001930207,49.728995952676996,1134,9.45,361.24753958243133,0.528,synthetic
CHN,Chennai,2026-05-26,1000,362088.834776666,35507.697604782064,537,22,40748.27446014401,12000,11829,578730.0599992033,48.92468171436329,1134,9.45,362.08883477666603,0.537,synthetic
CHN,Chennai,2026-05-27,1000,364460.77879757434,30734.575984612107,536,22,38702.524304351784,12000,11836,575205.8900344558,48.597996792367,1024,8.533333333333333,364.46077879757433,0.536,synthetic
CHN,Chennai,2026-05-28,1000,363632.7092264518,35448.23944353685,546,24,41099.35460815426,12000,11825,571357.2999392375,48.31774206674313,1088,9.066666666666666,363.6327092264518,0.546,synthetic
CHN,Chennai,2026-05-29,1000,359243.37297777086,31492.311941869557,528,26,38777.09591674802,12000,11800,571423.6999254432,48.42573728181722,1064,8.866666666666667,359.2433729777709,0.528,synthetic
CHN,Chennai,2026-05-30,1000,402700.41227316484,38163.32450325787,563,27,41174.441530151336,12000,11845,582450.3100953698,49.17267286579737,1110,9.25,402.70041227316483,0.563,synthetic
CHN,Chennai,2026-05-31,1000,403349.98404186964,39189.09519172087,575,15,43439.034011535594,12000,11823,593739.6597305909,50.219035754934524,1236,10.3,403.3499840418696,0.575,synthetic
CHN,Chennai,2026-06-01,1000,362482.2693797052,30061.912557564676,577,13,43177.67430725095,12000,11820,574569.9800358377,48.609981390510804,1037,8.641666666666667,362.4822693797052,0.577,synthetic
CHN,Chennai,2026-06-02,1000,358880.5576426983,31164.086082227528,505,27,37523.345168151835,12000,11831,585383.0498676877,49.47874650221348,1071,8.925,358.8805576426983,0.505,synthetic
CHN,Chennai,2026-06-03,1000,361775.7168241739,31859.63342176564,576,24,42337.29857391354,12000,11820,562267.4899220895,47.56916158393312,1059,8.825,361.7757168241739,0.576,synthetic
CHN,Chennai,2026-06-04,1000,357871.17735153437,30991.374664597213,518,21,37822.46090240475,12000,11819,570512.2901549377,48.27077503637682,989,8.241666666666667,357.87117735153436,0.518,synthetic
CHN,Chennai,2026-06-05,1000,362861.33352698386,29160.785487145185,557,16,40944.74306030271,12000,11838,562570.2900628746,47.52241004079021,961,8.008333333333333,362.86133352698386,0.557,synthetic
CHN,Chennai,2026-06-06,1000,411068.42343268543,42913.60475072265,524,23,39232.61455718991,12000,11813,598503.8597476911,50.664848873926275,1162,9.683333333333334,411.06842343268545,0.524,synthetic
CHN,Chennai,2026-06-07,1000,408868.38555684686,42582.88929261267,603,26,45364.916476135215,12000,11832,593797.8402036857,50.18575390497681,1301,10.841666666666667,408.8683855568469,0.603,synthetic
CHN,Chennai,2026-06-08,1000,369187.9699216783,32512.13920110278,538,19,41871.13255187984,12000,11820,592324.970169343,50.11209561500364,1147,9.558333333333334,369.1879699216783,0.538,synthetic
CHN,Chennai,2026-06-09,1000,362718.4583453238,34901.13788472861,538,29,40260.29094818113,12000,11814,579099.980132591,49.01811242022947,1162,9.683333333333334,362.7184583453238,0.538,synthetic
CHN,Chennai,2026-06-10,1000,367317.51511416584,34971.71974296123,519,27,39003.81779388423,12000,11819,581407.9199375641,49.19264911900872,1099,9.158333333333333,367.3175151141658,0.519,synthetic
CHN,Chennai,2026-06-11,1000,371985.3690286651,34321.455157250166,564,16,41520.6408425903,12000,11800,569985.6898997016,48.30387202539844,1082,9.016666666666667,371.9853690286651,0.564,synthetic
CHN,Chennai,2026-06-12,1000,364956.73112408817,35421.81349569559,521,27,38696.75974548336,12000,11850,585733.6599548273,49.42900084006981,1146,9.55,364.95673112408815,0.521,synthetic
CHN,Chennai,2026-06-13,1000,416209.9385307878,48815.72811822966,558,29,41460.154562988246,12000,11811,592187.2099468,50.13861738606384,1348,11.233333333333333,416.20993853078784,0.558,synthetic
CHN,Chennai,2026-06-14,1000,410014.4615523983,43651.60474091489,561,24,43669.956872863724,12000,11803,606660.9300570637,51.39887571440004,1338,11.15,410.0144615523983,0.561,synthetic
CHN,Chennai,2026-06-15,1000,371685.75263304263,36965.791779939085,581,18,43895.84821289058,12000,11827,581285.9400888607,49.149060631509315,1217,10.141666666666667,371.6857526330426,0.581,synthetic
CHN,Chennai,2026-06-16,1000,371339.33918763325,37021.26626084745,504,20,38788.12490570065,12000,11834,587774.2400746793,49.66826432944729,1140,9.5,371.33933918763324,0.504,synthetic
CHN,Chennai,2026-06-17,1000,368466.1920276508,30687.29511078261,586,19,42577.05474884031,12000,11815,566435.3500290476,47.942052478125056,1012,8.433333333333334,368.4661920276508,0.586,synthetic
CHN,Chennai,2026-06-18,1000,373318.7998279184,32687.64320158679,521,21,38675.72292938229,12000,11836,583364.560048515,49.28730652657274,1034,8.616666666666667,373.3187998279184,0.521,synthetic
CHN,Chennai,2026-06-19,1000,375104.09120997787,36863.76141722128,572,25,42246.95739074703,12000,11846,574050.3501013294,48.459425130958074,1099,9.158333333333333,375.10409120997787,0.572,synthetic
CHN,Chennai,2026-06-20,1000,415464.1372860968,41258.17820903659,529,21,40563.42702941891,12000,11821,600544.6299506426,50.80320023269119,1191,9.925,415.4641372860968,0.529,synthetic
CHN,Chennai,2026-06-21,1000,415160.520261094,45204.030779480934,611,26,45697.29291412351,12000,11821,596827.2300042249,50.48872599646603,1353,11.275,415.16052026109395,0.611,synthetic
CHN,Chennai,2026-06-22,1000,377349.29172185063,37322.447246044874,546,19,42271.26314941404,12000,11833,593924.4999947343,50.19221668171506,1201,10.008333333333333,377.34929172185065,0.546,synthetic
CHN,Chennai,2026-06-23,1000,376308.4075357504,35031.04779014923,553,23,41331.20968505856,12000,11809,583240.4897476193,49.38949019795235,1146,9.55,376.3084075357504,0.553,synthetic
CHN,Chennai,2026-06-24,1000,372478.00383771956,36303.05447285995,526,27,40215.351621093716,12000,11825,588729.2499822862,49.78682875114471,1153,9.608333333333333,372.47800383771954,0.526,synthetic
CHN,Chennai,2026-06-25,1000,381541.88233695924,37387.0595228374,561,28,41727.41233612057,12000,11820,578924.5902360156,48.97839172893533,1147,9.558333333333334,381.54188233695925,0.561,synthetic
CHN,Chennai,2026-06-26,1000,377162.6467254907,36711.87994015217,538,19,40845.88779510495,12000,11798,579066.9900629483,49.081792682060374,1148,9.566666666666666,377.1626467254907,0.538,synthetic
CHN,Chennai,2026-06-27,1000,421640.0227634143,46382.45524942875,566,24,41938.850016174285,12000,11812,598151.080250822,50.639271948088556,1271,10.591666666666667,421.6400227634143,0.566,synthetic
CHN,Chennai,2026-06-28,1000,424846.92852549255,47016.234684333205,590,21,45570.8443341064,12000,11799,598522.1497469544,50.726514937448464,1362,11.35,424.84692852549256,0.59,synthetic
CHN,Chennai,2026-06-29,1000,383032.60685537755,38870.33853878081,575,22,43466.039707946744,12000,11834,594397.250416711,50.22792381415506,1229,10.241666666666667,383.03260685537754,0.575,synthetic
CHN,Chennai,2026-06-30,1000,380082.1830536425,34226.76719161868,535,24,41200.90579650874,12000,11801,589363.8999125361,49.94186085183765,1139,9.491666666666667,380.0821830536425,0.535,synthetic
CHN,Chennai,2026-07-01,1000,381377.0882220268,32812.9838090539,566,24,42254.16376098629,12000,11813,585682.0299022235,49.57944890393833,1169,9.741666666666667,381.3770882220268,0.566,synthetic
CHN,Chennai,2026-07-02,1000,382481.20697733015,35586.426021609455,529,27,39986.957813415494,12000,11817,599069.2500222418,50.69554455633764,1204,10.033333333333333,382.48120697733015,0.529,synthetic
CHN,Chennai,2026-07-03,1000,382180.28222855926,38123.60484191403,577,27,43047.46257705684,12000,11810,587073.5102346241,49.70986538819849,1280,10.666666666666666,382.18028222855924,0.577,synthetic
CHN,Chennai,2026-07-04,1000,428623.61067742854,54011.19093426317,531,29,40483.39693725582,12000,11835,616120.0801948961,52.05915337514965,1401,11.675,428.62361067742853,0.531,synthetic
CHN,Chennai,2026-07-05,1000,429538.2910704836,48140.49796932191,618,28,47274.87065551753,12000,11828,608027.9300100692,51.40581078881207,1430,11.916666666666666,429.53829107048364,0.618,synthetic
CHN,Chennai,2026-07-06,1000,390968.5974314958,42788.773445248604,553,22,42721.17777557369,12000,11836,610604.2598463818,51.58873435674061,1314,10.95,390.96859743149577,0.553,synthetic
CHN,Chennai,2026-07-07,1000,385095.0235018432,39804.3123485744,569,16,43280.439391479464,12000,11811,590060.599799702,49.95856403350283,1286,10.716666666666667,385.09502350184323,0.569,synthetic
CHN,Chennai,2026-07-08,1000,384963.4779744446,40399.73012350127,530,33,40281.86992126461,12000,11839,597067.4799985737,50.4322561025909,1236,10.3,384.96347797444463,0.53,synthetic
CHN,Chennai,2026-07-09,1000,382762.00827182084,38942.957073912024,571,24,42718.45870056148,12000,11807,585035.5698894113,49.54989158036854,1176,9.8,382.76200827182083,0.571,synthetic
CHN,Chennai,2026-07-10,1000,385963.591226846,39677.11069620401,518,24,39266.25462341305,12000,11801,599426.6201555915,50.79456149102546,1230,10.25,385.963591226846,0.518,synthetic
CHN,Chennai,2026-07-11,1000,433977.40462767705,46804.85140175745,593,20,45195.270941162074,12000,11807,601916.2997423448,50.979613766608345,1328,11.066666666666666,433.97740462767706,0.593,synthetic
CHN,Chennai,2026-07-12,1000,431672.497087121,50133.09207496792,582,25,45215.25610839839,12000,11819,616222.2200474497,52.13827058528215,1448,12.066666666666666,431.67249708712103,0.582,synthetic
CHN,Chennai,2026-07-13,1000,385351.3615062423,40297.37045586109,567,32,44001.26744293208,12000,11831,608746.1200286746,51.45347984351911,1398,11.65,385.3513615062423,0.567,synthetic
CHN,Chennai,2026-07-14,1000,390111.2446783632,44289.733720988035,546,27,41482.02969360348,12000,11826,601407.0001232773,50.85464232397069,1368,11.4,390.1112446783632,0.546,synthetic
CHN,Chennai,2026-07-15,1000,394661.5798376128,42196.42834493518,568,21,43097.03120361324,12000,11808,587677.7198705375,49.769454596082106,1278,10.65,394.6615798376128,0.568,synthetic
CHN,Chennai,2026-07-16,1000,395296.3673571944,40831.82912424579,556,19,41979.03821273801,12000,11833,588441.3801332265,49.7288413870723,1187,9.891666666666667,395.2963673571944,0.556,synthetic
CHN,Chennai,2026-07-17,1000,393568.3814567663,42209.72592698783,554,28,42181.557679138146,12000,11826,594780.2501253486,50.29428802007006,1288,10.733333333333333,393.5683814567663,0.554,synthetic
CHN,Chennai,2026-07-18,1000,442301.3281727135,50585.74511376768,570,19,43488.90413635249,12000,11819,609872.9599615224,51.60106269240396,1387,11.558333333333334,442.3013281727135,0.57,synthetic
CHN,Chennai,2026-07-19,1000,447067.59447802603,52396.6210899204,611,27,47796.29038055417,12000,11805,613406.9500725195,51.961622200128716,1480,12.333333333333334,447.067594478026,0.611,synthetic
CHN,Chennai,2026-07-20,1000,390935.32736994326,43042.22218044102,580,27,44567.21220977779,12000,11828,605882.5599354338,51.22443016024973,1399,11.658333333333333,390.93532736994325,0.58,synthetic
CHN,Chennai,2026-07-21,1000,396912.80177408457,36341.393156558275,558,27,43000.208806457464,12000,11841,597018.1797143221,50.41957433614746,1240,10.333333333333334,396.9128017740846,0.558,synthetic
CHN,Chennai,2026-07-22,1000,401198.6221957207,37568.48453599401,576,20,44030.30509872433,12000,11815,593386.7800843082,50.22317224581534,1213,10.108333333333333,401.19862219572065,0.576,synthetic
CHN,Chennai,2026-07-23,1000,402377.59950438887,44016.52419595793,552,23,41892.79245758052,12000,11842,606897.3497831747,51.24956508893554,1313,10.941666666666666,402.37759950438885,0.552,synthetic
CHN,Chennai,2026-07-24,1000,406446.7409529537,50053.188539505005,565,37,42628.42656738277,12000,11804,604620.470122043,51.22165961725204,1408,11.733333333333333,406.4467409529537,0.565,synthetic
CHN,Chennai,2026-07-25,1000,444424.09030245245,55758.744300857186,585,28,45169.2855880737,12000,11838,612091.8900927734,51.705684245039144,1458,12.15,444.42409030245244,0.585,synthetic
CHN,Chennai,2026-07-26,1000,446131.0996283889,51086.20701251179,592,24,46209.750828552205,12000,11815,621328.3800549414,52.58809818492944,1457,12.141666666666667,446.1310996283889,0.592,synthetic
CHN,Chennai,2026-07-27,1000,397444.5859086886,41486.87417796254,604,24,46866.690357971165,12000,11819,601742.2398981191,50.913126313403765,1354,11.283333333333333,397.4445859086886,0.604,synthetic
CHN,Chennai,2026-07-28,1000,404648.6411562562,41592.166487298906,544,28,41798.838242797814,12000,11827,606745.1299435198,51.30169357770524,1326,11.05,404.6486411562562,0.544,synthetic
CHN,Chennai,2026-07-29,1000,399404.0703201294,41891.17714575678,591,24,45282.56548828121,12000,11822,590613.7301406674,49.958867377826714,1267,10.558333333333334,399.4040703201294,0.591,synthetic
CHN,Chennai,2026-07-30,1000,403725.915708676,42900.85151055455,528,16,39805.56914657589,12000,11805,614889.6503140926,52.0872215429134,1286,10.716666666666667,403.725915708676,0.528,synthetic
CHN,Chennai,2026-07-31,1000,398511.17062292993,40157.774668596685,595,26,46303.60391143795,12000,11806,596435.2301003411,50.519670515021275,1343,11.191666666666666,398.5111706229299,0.595,synthetic
CHN,Chennai,2026-08-01,1000,453834.33203897625,49891.05879286351,563,23,42780.863006286585,12000,11803,621006.0299555883,52.614253152214545,1385,11.541666666666666,453.83433203897624,0.563,synthetic
CHN,Chennai,2026-08-02,1000,454506.07023629546,58517.26460805535,630,37,49422.28228454586,12000,11821,620532.9096633568,52.494112990724716,1654,13.783333333333333,454.50607023629544,0.63,synthetic
CHN,Chennai,2026-08-03,1000,405969.94421803206,43723.208437334746,579,18,45261.03861877436,12000,11833,613398.8500566967,51.83798276486915,1403,11.691666666666666,405.9699442180321,0.579,synthetic
CHN,Chennai,2026-08-04,1000,409523.7952360101,35804.92701498419,586,9,45668.10171386715,12000,11822,594904.8599766605,50.321845709411306,1189,9.908333333333333,409.52379523601013,0.586,synthetic
CHN,Chennai,2026-08-05,1000,411533.1449416429,44024.56512373593,563,23,43040.80943939205,12000,11831,605254.4301615767,51.15834926562224,1265,10.541666666666666,411.5331449416429,0.563,synthetic
CHN,Chennai,2026-08-06,1000,409401.8881805688,45526.700217835605,579,24,44837.29290435787,12000,11816,599667.6198501699,50.75047561358919,1350,11.25,409.4018881805688,0.579,synthetic
CHN,Chennai,2026-08-07,1000,404856.6608360633,43582.458514139056,560,21,42476.29602355954,12000,11830,607999.919773234,51.39475230542976,1341,11.175,404.8566608360633,0.56,synthetic
CHN,Chennai,2026-08-08,1000,460457.31134082377,57670.875856630504,584,18,45000.32776885981,12000,11800,623099.4398101866,52.80503727204972,1547,12.891666666666667,460.45731134082376,0.584,synthetic
CHN,Chennai,2026-08-09,1000,458724.8221076131,59003.18573416397,616,25,48065.59186157222,12000,11830,627619.9301243108,53.05324853121815,1662,13.85,458.7248221076131,0.616,synthetic
CHN,Chennai,2026-08-10,1000,410058.2013427466,47078.18015483022,600,27,47281.35121398923,12000,11822,611193.7901631966,51.69969465092172,1455,12.125,410.0582013427466,0.6,synthetic
CHN,Chennai,2026-08-11,1000,416549.6622728482,49233.01549966633,533,32,40815.03606262203,12000,11845,629244.2799514607,53.12319796973075,1437,11.975,416.5496622728482,0.533,synthetic
CHN,Chennai,2026-08-12,1000,408870.39489310235,47322.35041034222,610,19,47692.235506896934,12000,11831,597630.409805363,50.51393878838332,1474,12.283333333333333,408.87039489310234,0.61,synthetic
CHN,Chennai,2026-08-13,1000,416181.63123515993,45774.0311544314,537,22,40894.64561737057,12000,11810,618894.4899336919,52.40427518490194,1329,11.075,416.18163123515995,0.537,synthetic
CHN,Chennai,2026-08-14,1000,416906.9954481125,46054.666067004204,604,26,47671.94950286862,12000,11812,600070.7698466778,50.80179223219419,1352,11.266666666666667,416.90699544811247,0.604,synthetic
CHN,Chennai,2026-08-15,1000,468070.850153178,61682.08853209019,560,19,42876.97943023678,12000,11841,632784.8501809984,53.440152873997,1529,12.741666666666667,468.07085015317796,0.56,synthetic
CHN,Chennai,2026-08-16,1000,465938.2606223002,63911.05724045634,642,30,50850.15328124998,12000,11826,622744.789839413,52.658953986082615,1733,14.441666666666666,465.9382606223002,0.642,synthetic
CHN,Chennai,2026-08-17,1000,417582.4596632123,52911.79411498457,566,30,44344.15118408199,12000,11826,627620.0000527464,53.071199057394416,1595,13.291666666666666,417.5824596632123,0.566,synthetic
CHN,Chennai,2026-08-18,1000,419964.1081380546,52538.408668609336,575,23,44900.217403564406,12000,11829,618943.560234353,52.32425059044323,1538,12.816666666666666,419.9641081380546,0.575,synthetic
CHN,Chennai,2026-08-19,1000,417732.02042040974,50897.325292780064,577,21,44405.02559600826,12000,11838,607419.9202276897,51.31102553029985,1437,11.975,417.73202042040975,0.577,synthetic
CHN,Chennai,2026-08-20,1000,412652.6688333452,46337.95223452896,569,26,43608.163703613245,12000,11834,615933.8601243943,52.04781647155605,1348,11.233333333333333,412.65266883334516,0.569,synthetic
CHN,Chennai,2026-08-21,1000,423472.13450879604,48365.1241498515,575,28,44886.889556579554,12000,11809,618107.2500546072,52.34204844225651,1447,12.058333333333334,423.47213450879605,0.575,synthetic
CHN,Chennai,2026-08-22,1000,470965.8627246022,56735.77764546871,613,24,47043.8914160156,12000,11847,622389.0299515054,52.535581155693876,1508,12.566666666666666,470.96586272460223,0.613,synthetic
CHN,Chennai,2026-08-23,1000,474240.5738953352,58421.683535173535,620,23,49547.2883615112,12000,11839,634375.060097985,53.58350030390953,1617,13.475,474.2405738953352,0.62,synthetic
CHN,Chennai,2026-08-24,1000,420932.95728448033,49251.32960763201,614,22,48358.02039550776,12000,11798,611672.2501764148,51.84541872998939,1548,12.9,420.9329572844803,0.614,synthetic
CHN,Chennai,2026-08-25,1000,422926.117332384,44306.96176881343,571,12,44516.731001586864,12000,11827,614031.8601108342,51.91780334073174,1311,10.925,422.92611733238397,0.571,synthetic
CHN,Chennai,2026-08-26,1000,424837.8920570612,43726.01361271739,594,25,46249.67967681879,12000,11821,607606.7597348634,51.40062259833038,1409,11.741666666666667,424.8378920570612,0.594,synthetic
CHN,Chennai,2026-08-27,1000,427618.8888573274,47716.565028607845,566,28,43943.35704162593,12000,11840,623816.360274652,52.68719259076453,1391,11.591666666666667,427.6188888573274,0.566,synthetic
CHN,Chennai,2026-08-28,1000,425662.0624918565,48561.052801296115,604,27,46480.81515747066,12000,11829,612136.480049191,51.74879364690093,1466,12.216666666666667,425.6620624918565,0.604,synthetic
CHN,Chennai,2026-08-29,1000,481710.50759280473,64578.87998005748,588,33,45989.65854583736,12000,11834,641011.830154309,54.16696215601733,1635,13.625,481.71050759280473,0.588,synthetic
CHN,Chennai,2026-08-30,1000,478593.47896015644,65379.73549262434,647,23,51234.96301208493,12000,11826,629339.489815399,53.216598157906226,1763,14.691666666666666,478.59347896015646,0.647,synthetic
CHN,Chennai,2026-08-31,1000,425217.96644715965,49553.51544791274,587,32,47014.59800537104,12000,11816,625005.4702275284,52.89484345188967,1529,12.741666666666667,425.21796644715965,0.587,synthetic
CHN,Chennai,2026-09-01,1000,431390.01356452703,53223.20931376517,578,27,44892.30303955074,12000,11831,620892.3397705536,52.48012338522134,1566,13.05,431.390013564527,0.578,synthetic
CHN,Chennai,2026-09-02,1000,427060.17669796944,56273.689160227776,576,33,45136.88511749263,12000,11847,622519.9300602432,52.546630375643055,1565,13.041666666666666,427.06017669796944,0.576,synthetic
CHN,Chennai,2026-09-03,1000,428146.05504800007,48044.85509577766,600,25,46375.76955505366,12000,11815,610270.5799750574,51.6521862018669,1438,11.983333333333333,428.14605504800005,0.6,synthetic
CHN,Chennai,2026-09-04,1000,437662.8879034072,50774.55605211109,571,16,43922.402887573204,12000,11850,625325.609861888,52.77009365923105,1410,11.75,437.66288790340724,0.571,synthetic
CHN,Chennai,2026-09-05,1000,485047.8399308473,63498.29372101836,628,26,49468.238717651344,12000,11803,628044.8899717517,53.21061509546316,1667,13.891666666666667,485.04783993084726,0.628,synthetic
CHN,Chennai,2026-09-06,1000,481823.87359946966,58292.86109740287,645,19,51117.89241760249,12000,11845,630807.2199119404,53.255147312109784,1690,14.083333333333334,481.82387359946966,0.645,synthetic
CHN,Chennai,2026-09-07,1000,432461.21492741257,52848.65808846429,606,25,47300.11422546381,12000,11816,626956.850449739,53.0599907286509,1607,13.391666666666667,432.4612149274126,0.606,synthetic
CHN,Chennai,2026-09-08,1000,431484.5754546672,50551.86944498122,583,22,46431.96561859127,12000,11826,618759.6900078654,52.32197615490153,1509,12.575,431.4845754546672,0.583,synthetic
CHN,Chennai,2026-09-09,1000,431788.14905970544,49478.01658067107,601,20,46307.52802001949,12000,11832,610506.5799016319,51.59791919384989,1433,11.941666666666666,431.78814905970546,0.601,synthetic
CHN,Chennai,2026-09-10,1000,431678.470969826,49341.58014340326,568,26,44295.49878662104,12000,11807,630058.2499888632,53.36311086549193,1475,12.291666666666666,431.678470969826,0.568,synthetic
CHN,Chennai,2026-09-11,1000,438322.9182377532,53773.46105271578,616,27,47752.06455505366,12000,11782,612852.9199726433,52.01603462677332,1563,13.025,438.3229182377532,0.616,synthetic
CHN,Chennai,2026-09-12,1000,489315.67125081643,59282.23426813632,603,26,47186.78883361813,12000,11794,639619.589997191,54.23262591124224,1534,12.783333333333333,489.3156712508164,0.603,synthetic
CHN,Chennai,2026-09-13,1000,489632.8680266738,69792.76966536045,645,32,50779.331869811984,12000,11823,640892.0498870946,54.20722742849485,1833,15.275,489.6328680266738,0.645,synthetic
CHN,Chennai,2026-09-14,1000,437179.78823141754,51418.6252284199,625,23,49716.58687408443,12000,11811,627106.8001234289,53.095148600747514,1604,13.366666666666667,437.17978823141755,0.625,synthetic
CHN,Chennai,2026-09-15,1000,439841.0055499077,51293.870794035494,593,24,45941.98062652582,12000,11817,621935.1100933738,52.63054160052245,1493,12.441666666666666,439.84100554990766,0.593,synthetic
CHN,Chennai,2026-09-16,1000,439156.1887528822,55933.76096173609,579,35,45767.18155151363,12000,11813,631258.0597372651,53.437573837066374,1577,13.141666666666667,439.1561887528822,0.579,synthetic
CHN,Chennai,2026-09-17,1000,441201.4108787924,54560.1884187758,605,30,46971.506359405466,12000,11797,619226.1898554079,52.4901407014841,1604,13.366666666666667,441.2014108787924,0.605,synthetic
CHN,Chennai,2026-09-18,1000,437055.38852509856,50755.68307119608,590,24,46085.306158447216,12000,11822,619992.0501123741,52.44392235766995,1460,12.166666666666666,437.0553885250986,0.59,synthetic
CHN,Chennai,2026-09-19,1000,497530.5320394188,68048.30319279432,615,32,47994.86000244136,12000,11806,639088.0198871493,54.13247669720052,1727,14.391666666666667,497.5305320394188,0.615,synthetic
CHN,Chennai,2026-09-20,1000,495510.59336288273,67549.77923589945,647,31,52220.79174499508,12000,11827,641613.7600918002,54.249916300989284,1844,15.366666666666667,495.51059336288273,0.647,synthetic
CHN,Chennai,2026-09-21,1000,442885.87975516915,49360.672098589595,661,19,51574.71226684567,12000,11814,607634.550268583,51.43343069820408,1534,12.783333333333333,442.8858797551691,0.661,synthetic
CHN,Chennai,2026-09-22,1000,440018.7930341065,50171.135149108246,561,21,44074.4664019775,12000,11810,627895.1401459035,53.166396286698,1402,11.683333333333334,440.01879303410647,0.561,synthetic
CHN,Chennai,2026-09-23,1000,443818.6044051945,56221.72279176116,615,33,48120.2996191406,12000,11809,620943.7297761682,52.58224487900485,1621,13.508333333333333,443.81860440519455,0.615,synthetic
CHN,Chennai,2026-09-24,1000,440460.6334121935,51797.52147163823,592,19,46551.382380981406,12000,11852,621735.9501569029,52.458315065550366,1502,12.516666666666667,440.4606334121935,0.592,synthetic
CHN,Chennai,2026-09-25,1000,443938.8975260556,49757.92920110747,596,19,46053.70799377438,12000,11806,622101.1296222657,52.69364133680042,1522,12.683333333333334,443.9388975260556,0.596,synthetic
CHN,Chennai,2026-09-26,1000,496843.70550458133,64270.78546304628,626,16,49418.373458862254,12000,11815,637390.6098707821,53.94757595182244,1637,13.641666666666667,496.84370550458135,0.626,synthetic
CHN,Chennai,2026-09-27,1000,498480.2209806442,67721.38417392969,654,33,51821.23142303464,12000,11808,642081.6201451719,54.376830974353986,1830,15.25,498.4802209806442,0.654,synthetic
CHN,Chennai,2026-09-28,1000,446541.34680952877,59043.52233990282,624,28,49628.20729248044,12000,11820,631760.479942197,53.44843315923832,1768,14.733333333333333,446.54134680952876,0.624,synthetic
CHN,Chennai,2026-09-29,1000,443930.98272184655,54779.87729817815,575,20,45777.32512939448,12000,11825,632217.2199871484,53.46445834986456,1607,13.391666666666667,443.93098272184653,0.575,synthetic
CHN,Chennai,2026-09-30,1000,441187.0242680311,54751.977792434394,605,21,47700.37570861813,12000,11810,623489.7399194911,52.793373405545395,1633,13.608333333333333,441.1870242680311,0.605,synthetic
CHN,Chennai,2026-10-01,1000,443138.3249837011,56088.00276084244,584,33,45671.030654296825,12000,11820,627681.1200900674,53.103309652289965,1604,13.366666666666667,443.1383249837011,0.584,synthetic
CHN,Chennai,2026-10-02,1000,446201.2674270347,56395.570216109045,611,28,47501.808477172824,12000,11825,622450.9301921874,52.6385564644556,1568,13.066666666666666,446.2012674270347,0.611,synthetic
CHN,Chennai,2026-10-03,1000,500919.8534639925,62278.30730174482,612,19,47821.830942077606,12000,11806,640356.279834345,54.23990173084406,1647,13.725,500.91985346399247,0.612,synthetic
CHN,Chennai,2026-10-04,1000,497016.782115452,67618.57288161665,674,18,53521.865130615224,12000,11840,640949.7300887592,54.13426774398304,1799,14.991666666666667,497.016782115452,0.674,synthetic
CHN,Chennai,2026-10-05,1000,450087.8532370776,54598.53711960837,638,23,50426.546028442346,12000,11829,620207.3700443059,52.431090543943355,1605,13.375,450.0878532370776,0.638,synthetic
CHN,Chennai,2026-10-06,1000,446002.39696092904,54967.26704657078,582,25,45554.37158020015,12000,11830,631567.1901094858,53.38691378778409,1535,12.791666666666666,446.00239696092905,0.582,synthetic
CHN,Chennai,2026-10-07,1000,442985.2528936863,56440.04119270295,600,29,47657.587756347624,12000,11832,625901.06991373,52.899008613398415,1645,13.708333333333334,442.9852528936863,0.6,synthetic
CHN,Chennai,2026-10-08,1000,449936.70083644986,57292.100695580244,593,25,45571.649141235306,12000,11845,629220.4999027327,53.12119036747426,1606,13.383333333333333,449.93670083644986,0.593,synthetic
CHN,Chennai,2026-10-09,1000,449656.9683829099,58935.71695920825,600,31,47225.5397561645,12000,11840,628464.4700110033,53.07976942660501,1692,14.1,449.6569683829099,0.6,synthetic
CHN,Chennai,2026-10-10,1000,500204.1241814196,66857.85900349915,634,24,49604.545867309535,12000,11847,635943.0900127664,53.679673336099135,1716,14.3,500.2041241814196,0.634,synthetic
CHN,Chennai,2026-10-11,1000,504749.77129013836,75406.34347379953,631,26,50842.99239807125,12000,11834,652154.8799357973,55.108575286107595,1963,16.358333333333334,504.74977129013837,0.631,synthetic
CHN,Chennai,2026-10-12,1000,441381.1442405805,56058.05848703347,642,28,50906.594479064916,12000,11820,623541.4496148825,52.753083723763325,1763,14.691666666666666,441.3811442405805,0.642,synthetic
CHN,Chennai,2026-10-13,1000,451778.45155405626,52948.63380343467,575,22,45559.6882617187,12000,11809,631108.4200298972,53.44300279701052,1563,13.025,451.77845155405623,0.575,synthetic
CHN,Chennai,2026-10-14,1000,448061.98185151815,55169.2125934232,622,26,48249.0941400146,12000,11812,624870.1299820989,52.901297831197,1644,13.7,448.06198185151817,0.622,synthetic
CHN,Chennai,2026-10-15,1000,446147.7942392081,53522.45425311476,589,24,47041.209922485315,12000,11821,628648.9801926054,53.18069369703117,1536,12.8,446.1477942392081,0.589,synthetic
CHN,Chennai,2026-10-16,1000,448756.48076666147,57014.321954932064,614,28,47214.074302368135,12000,11805,625913.9399378523,53.021087669449585,1620,13.5,448.75648076666147,0.614,synthetic
CHN,Chennai,2026-10-17,1000,498275.4101201147,67668.47439875081,601,27,47908.83057037351,12000,11810,645952.6698405892,54.69539964780603,1763,14.691666666666666,498.27541012011466,0.601,synthetic
CHN,Chennai,2026-10-18,1000,501044.8895663023,69793.99313975126,674,31,54035.36837860105,12000,11822,634172.5100634694,53.643419900479564,1854,15.45,501.0448895663023,0.674,synthetic
CHN,Chennai,2026-10-19,1000,447244.2923203409,56122.56532340497,598,26,47222.36944702144,12000,11808,639869.0801071934,54.1894546161241,1678,13.983333333333333,447.2442923203409,0.598,synthetic
CHN,Chennai,2026-10-20,1000,453691.45344761014,57577.15424475074,613,22,48338.62730987546,12000,11822,628515.2798139825,53.16488579038932,1677,13.975,453.6914534476101,0.613,synthetic
CHN,Chennai,2026-10-21,1000,449167.97424316406,56718.1724332273,587,32,46590.56826873774,12000,11840,634342.249951113,53.576203543168326,1647,13.725,449.16797424316405,0.587,synthetic
CHN,Chennai,2026-10-22,1000,449674.1379983872,56805.68089090288,620,26,48739.45413848871,12000,11845,622769.1101487782,52.576539480690435,1617,13.475,449.6741379983872,0.62,synthetic
CHN,Chennai,2026-10-23,1000,451294.7913207114,50586.35007298738,597,16,46965.48954528804,12000,11822,620088.6101095453,52.4520901801341,1490,12.416666666666666,451.2947913207114,0.597,synthetic
CHN,Chennai,2026-10-24,1000,504540.19517308474,69250.11068952084,623,22,48763.73134368892,12000,11808,644219.8798303232,54.55791665229702,1694,14.116666666666667,504.5401951730847,0.623,synthetic
CHN,Chennai,2026-10-25,1000,504665.96420323104,74049.36484112404,668,22,53510.05530761716,12000,11817,637959.4398797676,53.98658203264514,1911,15.925,504.66596420323106,0.668,synthetic
CHN,Chennai,2026-10-26,1000,448845.62862547114,51771.306233137846,635,17,50535.46111999508,12000,11824,619613.7201278359,52.40305481460046,1558,12.983333333333333,448.84562862547114,0.635,synthetic
CHN,Chennai,2026-10-27,1000,452450.1249818206,54738.21379794553,579,20,45511.54808166497,12000,11829,633619.2201528922,53.564901526155396,1545,12.875,452.4501249818206,0.579,synthetic
CHN,Chennai,2026-10-28,1000,448983.39533409476,59374.75394967385,609,24,47880.963133850055,12000,11821,630904.5201128498,53.37150157455797,1661,13.841666666666667,448.9833953340948,0.609,synthetic
CHN,Chennai,2026-10-29,1000,450767.60066467524,56803.281940445304,597,24,47087.56312133784,12000,11823,624728.4597777221,52.840096403427395,1626,13.55,450.76760066467523,0.597,synthetic
CHN,Chennai,2026-10-30,1000,453252.716415599,57510.37710809708,609,23,47844.949548339806,12000,11817,624599.139862813,52.85598204813515,1628,13.566666666666666,453.25271641559897,0.609,synthetic
CHN,Chennai,2026-10-31,1000,500609.36995690316,65434.4051295314,621,26,49176.8440997314,12000,11803,639209.8699659184,54.15655934643043,1741,14.508333333333333,500.60936995690315,0.621,synthetic
CHN,Chennai,2026-11-01,1000,505809.44955249876,68887.0073190406,677,19,53293.131893005346,12000,11845,634714.9499687739,53.585052762243464,1800,15.0,505.80944955249873,0.677,synthetic
CHN,Chennai,2026-11-02,1000,450072.41846844926,55883.2091731783,615,24,49046.970703124935,12000,11836,632483.4701009374,53.43726513188049,1611,13.425,450.07241846844926,0.615,synthetic
CHN,Chennai,2026-11-03,1000,453550.1869853586,61126.22894307971,600,34,47151.88751586909,12000,11831,633812.1599611342,53.57215450605479,1646,13.716666666666667,453.5501869853586,0.6,synthetic
CHN,Chennai,2026-11-04,1000,453009.2896399051,54991.293286075816,601,21,47995.93419067377,12000,11814,625658.6299252342,52.959084977588816,1621,13.508333333333333,453.0092896399051,0.601,synthetic
CHN,Chennai,2026-11-05,1000,455165.3747089952,54760.36488466244,618,22,47686.80601409908,12000,11836,627411.5899594985,53.008752108778175,1543,12.858333333333333,455.1653747089952,0.618,synthetic
CHN,Chennai,2026-11-06,1000,448039.74249791354,54906.75806204602,598,22,47238.87311004635,12000,11830,628455.0996268261,53.123846122301444,1601,13.341666666666667,448.03974249791355,0.598,synthetic
CHN,Chennai,2026-11-07,1000,502354.79596437514,65510.5624504555,639,20,50387.252154235815,12000,11820,631644.5599603206,53.43862605417264,1719,14.325,502.3547959643751,0.639,synthetic
CHN,Chennai,2026-11-08,1000,505207.26569874585,69974.25654602051,653,26,51125.81855163572,12000,11834,648457.5601274464,54.79614332663904,1761,14.675,505.20726569874586,0.653,synthetic
CHN,Chennai,2026-11-09,1000,451594.818817392,60924.159302800894,634,29,50940.27801544189,12000,11833,628088.2200665008,53.079372945702765,1753,14.608333333333333,451.59481881739197,0.634,synthetic
CHN,Chennai,2026-11-10,1000,443518.82322746515,51412.6844818471,589,24,46224.088244934035,12000,11813,629347.9801368862,53.27588082086568,1523,12.691666666666666,443.51882322746513,0.589,synthetic
CHN,Chennai,2026-11-11,1000,450219.22343945503,57009.340428964235,601,25,47478.99604980464,12000,11795,624868.7100722343,52.97742349065149,1628,13.566666666666666,450.21922343945505,0.601,synthetic
CHN,Chennai,2026-11-12,1000,455610.25789730996,61003.95800649375,578,38,46137.181023559526,12000,11825,641135.5700012483,54.21865285422818,1685,14.041666666666666,455.61025789730996,0.578,synthetic
CHN,Chennai,2026-11-13,1000,452269.82163939625,58144.26964588463,628,27,48810.76915832516,12000,11839,620431.3298732787,52.40572091167149,1678,13.983333333333333,452.26982163939624,0.628,synthetic
CHN,Chennai,2026-11-14,1000,508280.953121081,68347.27694403008,612,17,48761.77287048337,12000,11836,645847.3797516469,54.56635516658051,1684,14.033333333333333,508.280953121081,0.612,synthetic
CHN,Chennai,2026-11-15,1000,497819.9312118441,72557.88420381397,656,29,52181.316191711434,12000,11809,642886.9998205192,54.440426777925246,1889,15.741666666666667,497.8199312118441,0.656,synthetic
CHN,Chennai,2026-11-16,1000,446855.8067497015,55997.68341443688,620,21,49321.00787658687,12000,11841,630694.6799471639,53.26363313463085,1671,13.925,446.8558067497015,0.62,synthetic
CHN,Chennai,2026-11-17,1000,455719.1727413386,55948.602966533974,609,23,47885.20506774899,12000,11804,624707.7600639444,52.923395464583564,1573,13.108333333333333,455.71917274133864,0.609,synthetic
CHN,Chennai,2026-11-18,1000,445969.558501333,52712.151304751635,602,22,47605.25277832027,12000,11825,625786.6002254598,52.920642725197446,1542,12.85,445.969558501333,0.602,synthetic
CHN,Chennai,2026-11-19,1000,445987.97600637376,52479.44317698479,595,23,47221.8626783752,12000,11807,626623.3300064355,53.072188532771705,1609,13.408333333333333,445.98797600637374,0.595,synthetic
CHN,Chennai,2026-11-20,1000,445570.5510184467,53363.98900418356,614,32,46768.09520324704,12000,11807,620031.9499722812,52.51392817585172,1553,12.941666666666666,445.5705510184467,0.614,synthetic
CHN,Chennai,2026-11-21,1000,497208.59001883864,66488.90176629182,622,26,49792.23542449949,12000,11830,634364.1202028655,53.62334067648905,1673,13.941666666666666,497.20859001883866,0.622,synthetic
CHN,Chennai,2026-11-22,1000,502242.948727265,71038.69937805273,637,32,50407.32326660154,12000,11840,649411.2101500984,54.84891977619075,1861,15.508333333333333,502.242948727265,0.637,synthetic
CHN,Chennai,2026-11-23,1000,440043.5262505263,62081.62085125968,623,32,49635.28459075923,12000,11841,629081.1900144219,53.127370155765725,1786,14.883333333333333,440.0435262505263,0.623,synthetic
CHN,Chennai,2026-11-24,1000,441848.8685715273,58539.65409415215,577,30,44485.48494689936,12000,11817,633520.3400763571,53.610928330063224,1682,14.016666666666667,441.8488685715273,0.577,synthetic
CHN,Chennai,2026-11-25,1000,453360.4932716619,58688.827086508274,593,27,47497.442801513615,12000,11804,631050.0201587677,53.460692998879,1695,14.125,453.36049327166194,0.593,synthetic
CHN,Chennai,2026-11-26,1000,444155.71854124963,56071.650271460414,622,30,47856.33362457271,12000,11829,621549.9998878837,52.544593785432724,1592,13.266666666666667,444.15571854124966,0.622,synthetic
CHN,Chennai,2026-11-27,1000,440870.4243981242,53133.09708568454,581,22,45472.35339752192,12000,11837,629577.360032618,53.187240012893305,1590,13.25,440.8704243981242,0.581,synthetic
CHN,Chennai,2026-11-28,1000,498349.3571923226,66597.77301491797,625,24,48875.94314117427,12000,11809,641766.3999644741,54.34553306499061,1723,14.358333333333333,498.3493571923226,0.625,synthetic
CHN,Chennai,2026-11-29,1000,497626.5927783996,73031.0513748154,651,25,51900.70492950437,12000,11801,638785.6699377634,54.12979153781573,1856,15.466666666666667,497.6265927783996,0.651,synthetic
CHN,Chennai,2026-11-30,1000,441568.8438677639,53329.89553838596,631,25,49834.82005279536,12000,11812,623127.390014179,52.753758043868864,1600,13.333333333333334,441.56884386776386,0.631,synthetic
CHN,Chennai,2026-12-01,1000,438557.57859709114,53943.80160936713,567,31,44058.56408843989,12000,11822,635097.6199731752,53.721673149481916,1657,13.808333333333334,438.55757859709115,0.567,synthetic
CHN,Chennai,2026-12-02,1000,438301.143130742,52300.11199980602,627,26,49543.47124923703,12000,11834,610811.9798476994,51.61500590228996,1502,12.516666666666667,438.301143130742,0.627,synthetic
CHN,Chennai,2026-12-03,1000,439989.56102980673,51650.80730516836,558,26,43211.366877136184,12000,11812,633169.8999241423,53.60395360007978,1488,12.4,439.98956102980674,0.558,synthetic
CHN,Chennai,2026-12-04,1000,440378.61036510766,52097.215091735125,617,25,48990.60335449215,12000,11797,615939.1998581327,52.21151138917799,1534,12.783333333333333,440.37861036510765,0.617,synthetic
CHN,Chennai,2026-12-05,1000,490618.4573827684,64090.8832539469,594,30,46175.70731140131,12000,11800,646238.3199289329,54.76595931601127,1690,14.083333333333334,490.6184573827684,0.594,synthetic
CHN,Chennai,2026-12-06,1000,494009.4404962808,70217.1925534308,669,33,53348.013621826176,12000,11802,633415.0801771283,53.67014744764687,1860,15.5,494.0094404962808,0.669,synthetic
CHN,Chennai,2026-12-07,1000,440239.5327987708,54643.62985865027,612,22,47868.832300415,12000,11834,626772.1597831696,52.9636775209709,1582,13.183333333333334,440.2395327987708,0.612,synthetic
CHN,Chennai,2026-12-08,1000,440283.8104891144,53407.16933063697,597,24,46500.34758270258,12000,11825,626596.5098890662,52.989134028673675,1480,12.333333333333334,440.2838104891144,0.597,synthetic
CHN,Chennai,2026-12-09,1000,435983.91937119514,54278.35462145507,577,30,45254.66154418939,12000,11826,627307.8500967398,53.04480383026719,1589,13.241666666666667,435.98391937119516,0.577,synthetic
CHN,Chennai,2026-12-10,1000,440196.3299330175,56618.07187378779,604,21,47167.80579711911,12000,11817,624291.220214013,52.82992470288677,1581,13.175,440.19632993301747,0.604,synthetic
CHN,Chennai,2026-12-11,1000,432838.4021509215,52884.289720505476,573,24,44713.82592224115,12000,11802,622164.5099812448,52.71687086775503,1567,13.058333333333334,432.8384021509215,0.573,synthetic
CHN,Chennai,2026-12-12,1000,485747.6881879866,64558.34480829537,617,28,48770.360699157696,12000,11812,635446.0401750673,53.79665087834975,1711,14.258333333333333,485.7476881879866,0.617,synthetic
CHN,Chennai,2026-12-13,1000,494191.7672969252,68505.49569310993,627,17,49424.053811645455,12000,11813,639638.0300824195,54.14695928912381,1825,15.208333333333334,494.1917672969252,0.627,synthetic
CHN,Chennai,2026-12-14,1000,440159.6624495089,54268.317434910685,636,22,51699.948636474575,12000,11819,619958.1298428308,52.454364146106336,1623,13.525,440.1596624495089,0.636,synthetic
CHN,Chennai,2026-12-15,1000,433267.63185957074,49304.62350341678,565,16,44244.9265164184,12000,11818,622115.859788239,52.64138261873743,1481,12.341666666666667,433.26763185957077,0.565,synthetic
CHN,Chennai,2026-12-16,1000,433635.371421054,52201.18340872973,581,30,45968.0663653564,12000,11819,628989.769994434,53.21852694766342,1593,13.275,433.635371421054,0.581,synthetic
CHN,Chennai,2026-12-17,1000,425278.8402258642,47846.39187798649,599,21,46269.06013366695,12000,11843,610534.5597451534,51.55235664486646,1498,12.483333333333333,425.2788402258642,0.599,synthetic
CHN,Chennai,2026-12-18,1000,437349.1784233898,51208.288399327546,586,14,45860.429916686975,12000,11818,617497.7001046594,52.25060924899809,1418,11.816666666666666,437.3491784233898,0.586,synthetic
CHN,Chennai,2026-12-19,1000,478072.17361274175,58339.719890773296,620,23,48012.92943786616,12000,11805,624103.2998859361,52.867708588389334,1572,13.1,478.0721736127418,0.62,synthetic
CHN,Chennai,2026-12-20,1000,486796.14110676944,60605.579063653946,639,27,50261.810092163054,12000,11777,634302.8601478674,53.85945997689287,1622,13.516666666666667,486.7961411067694,0.639,synthetic
CHN,Chennai,2026-12-21,1000,433212.26877839863,49233.773255079985,627,14,49691.98166198727,12000,11823,617221.5899171233,52.20515858218078,1541,12.841666666666667,433.21226877839865,0.627,synthetic
CHN,Chennai,2026-12-22,1000,428251.63519608974,51753.56558628054,557,25,43664.05070617672,12000,11795,634735.9199448079,53.81398219116642,1532,12.766666666666667,428.25163519608975,0.557,synthetic
CHN,Chennai,2026-12-23,1000,435238.4494320154,56466.76857260987,610,24,47243.59899810786,12000,11807,615124.7397128567,52.0983094531089,1654,13.783333333333333,435.23844943201544,0.61,synthetic
CHN,Chennai,2026-12-24,1000,431777.3442799598,49605.04903104156,575,20,44649.95156707759,12000,11823,620553.5697663873,52.486980442052555,1439,11.991666666666667,431.7773442799598,0.575,synthetic
CHN,Chennai,2026-12-25,1000,434955.6957090795,49137.282182484865,613,23,47726.73750915524,12000,11829,609856.5401163772,51.556052085246186,1422,11.85,434.9556957090795,0.613,synthetic
CHN,Chennai,2026-12-26,1000,476767.2251820266,58467.40576916933,587,19,46103.04977783199,12000,11857,637898.1799663454,53.79928986812393,1562,13.016666666666667,476.7672251820266,0.587,synthetic
CHN,Chennai,2026-12-27,1000,476223.7252726406,65033.45376605634,634,27,50440.689940795855,12000,11836,634616.939689368,53.61751771623589,1779,14.825,476.2237252726406,0.634,synthetic
CHN,Chennai,2026-12-28,1000,426251.78337989,53071.06108544767,593,37,46907.29586151119,12000,11823,627522.7097598165,53.076436586299295,1593,13.275,426.25178337989,0.593,synthetic
CHN,Chennai,2026-12-29,1000,426861.3100539595,50297.6934049353,581,28,45374.347433166455,12000,11832,621564.4200726002,52.5324898641481,1530,12.75,426.86131005395947,0.581,synthetic
CHN,Chennai,2026-12-30,1000,428166.55426599085,49224.51167266816,584,27,45299.903067626925,12000,11813,614611.2701662108,52.02838145824184,1480,12.333333333333334,428.16655426599084,0.584,synthetic
CHN,Chennai,2026-12-31,1000,423574.1821343899,53035.97543352842,570,28,44314.57400573725,12000,11821,624022.6600702591,52.78932916591313,1485,12.375,423.5741821343899,0.57,synthetic
