zone_id,service_date_local,scheduled_readings,received_readings,missing_readings,collected_kg_simulated,overflow_l_simulated,data_origin
001,2026-01-01,60,60,0,0.0,0.0,synthetic
002,2026-01-01,60,60,0,0.0,128.612548828125,synthetic
003,2026-01-01,60,59,1,0.0,61.441890716552734,synthetic
004,2026-01-01,60,60,0,0.0,139.12396240234375,synthetic
005,2026-01-01,60,59,1,0.0,342.15722465515137,synthetic
006,2026-01-01,60,59,1,0.0,0.0,synthetic
007,2026-01-01,60,59,1,0.0,0.0,synthetic
008,2026-01-01,60,60,0,0.0,0.0,synthetic
009,2026-01-01,60,60,0,0.0,0.0,synthetic
010,2026-01-01,60,60,0,0.0,0.0,synthetic
011,2026-01-01,60,59,1,0.0,233.86785888671875,synthetic
012,2026-01-01,60,60,0,0.0,0.0,synthetic
013,2026-01-01,60,60,0,0.0,8.140439987182617,synthetic
014,2026-01-01,60,59,1,0.0,68.59752655029297,synthetic
015,2026-01-01,60,58,2,0.0,27.784549713134766,synthetic
016,2026-01-01,60,58,2,0.0,90.41565179824829,synthetic
017,2026-01-01,60,60,0,0.0,0.0,synthetic
018,2026-01-01,60,59,1,0.0,230.49902725219727,synthetic
019,2026-01-01,60,59,1,0.0,0.0,synthetic
020,2026-01-01,60,60,0,0.0,0.0,synthetic
021,2026-01-01,60,60,0,0.0,0.0,synthetic
022,2026-01-01,60,59,1,0.0,123.01739025115967,synthetic
023,2026-01-01,60,59,1,0.0,246.94916248321533,synthetic
024,2026-01-01,60,60,0,0.0,0.0,synthetic
025,2026-01-01,60,59,1,0.0,0.0,synthetic
026,2026-01-01,60,60,0,0.0,11.075440406799316,synthetic
027,2026-01-01,60,60,0,0.0,0.0,synthetic
028,2026-01-01,60,60,0,0.0,8.099120140075684,synthetic
029,2026-01-01,60,58,2,0.0,0.0,synthetic
030,2026-01-01,60,60,0,0.0,2.68572998046875,synthetic
031,2026-01-01,60,60,0,0.0,422.7798480987549,synthetic
032,2026-01-01,120,119,1,0.0,83.09503030776978,synthetic
033,2026-01-01,60,59,1,0.0,0.0,synthetic
034,2026-01-01,60,59,1,0.0,476.85657119750977,synthetic
035,2026-01-01,60,60,0,0.0,0.0,synthetic
036,2026-01-01,60,59,1,0.0,55.06970024108887,synthetic
037,2026-01-01,60,60,0,0.0,131.41595911979675,synthetic
038,2026-01-01,60,60,0,0.0,2.6018099784851074,synthetic
039,2026-01-01,60,59,1,0.0,281.04442977905273,synthetic
040,2026-01-01,60,60,0,0.0,26.188600540161133,synthetic
041,2026-01-01,60,58,2,0.0,0.0,synthetic
042,2026-01-01,60,59,1,0.0,0.0,synthetic
043,2026-01-01,60,58,2,0.0,0.0,synthetic
044,2026-01-01,60,57,3,0.0,14.021190166473389,synthetic
045,2026-01-01,60,60,0,0.0,0.0,synthetic
046,2026-01-01,60,60,0,0.0,0.0,synthetic
047,2026-01-01,60,60,0,0.0,12.579589545726776,synthetic
048,2026-01-01,60,60,0,0.0,0.0,synthetic
049,2026-01-01,60,60,0,0.0,45.704471588134766,synthetic
050,2026-01-01,60,59,1,0.0,134.47438049316406,synthetic
051,2026-01-01,60,59,1,0.0,336.2911376953125,synthetic
052,2026-01-01,60,58,2,0.0,234.0693359375,synthetic
053,2026-01-01,60,59,1,0.0,0.0,synthetic
054,2026-01-01,60,60,0,0.0,0.0,synthetic
055,2026-01-01,60,60,0,0.0,0.0,synthetic
056,2026-01-01,60,60,0,0.0,156.46068954467773,synthetic
057,2026-01-01,60,58,2,0.0,0.0,synthetic
058,2026-01-01,60,60,0,0.0,0.0,synthetic
059,2026-01-01,60,59,1,0.0,0.0,synthetic
060,2026-01-01,60,58,2,0.0,0.0,synthetic
061,2026-01-01,60,59,1,0.0,55.386467933654785,synthetic
062,2026-01-01,60,60,0,0.0,25.437379837036133,synthetic
063,2026-01-01,60,58,2,0.0,0.0,synthetic
064,2026-01-01,60,60,0,0.0,0.0,synthetic
065,2026-01-01,60,58,2,0.0,72.671142578125,synthetic
066,2026-01-01,60,60,0,0.0,507.33617210388184,synthetic
067,2026-01-01,60,60,0,0.0,0.0,synthetic
068,2026-01-01,60,60,0,0.0,0.0,synthetic
069,2026-01-01,60,58,2,0.0,0.0,synthetic
070,2026-01-01,60,60,0,0.0,0.0,synthetic
071,2026-01-01,60,60,0,0.0,62.308589935302734,synthetic
072,2026-01-01,60,58,2,0.0,0.0,synthetic
073,2026-01-01,60,59,1,0.0,0.0,synthetic
074,2026-01-01,60,58,2,0.0,0.0,synthetic
075,2026-01-01,60,59,1,0.0,0.0,synthetic
076,2026-01-01,60,59,1,0.0,0.0,synthetic
077,2026-01-01,60,59,1,0.0,100.39941167831421,synthetic
078,2026-01-01,60,58,2,0.0,0.0,synthetic
079,2026-01-01,60,60,0,0.0,3.322200059890747,synthetic
080,2026-01-01,60,58,2,0.0,0.0,synthetic
081,2026-01-01,60,59,1,0.0,0.0,synthetic
082,2026-01-01,60,58,2,0.0,0.0,synthetic
083,2026-01-01,60,58,2,0.0,28.680909395217896,synthetic
084,2026-01-01,60,60,0,0.0,0.0,synthetic
085,2026-01-01,60,60,0,0.0,0.0,synthetic
086,2026-01-01,60,60,0,0.0,122.89337158203125,synthetic
087,2026-01-01,60,60,0,0.0,163.92217922210693,synthetic
088,2026-01-01,60,58,2,0.0,0.0,synthetic
089,2026-01-01,60,59,1,0.0,0.0,synthetic
090,2026-01-01,60,60,0,0.0,15.08788013458252,synthetic
091,2026-01-01,60,59,1,0.0,357.44671416282654,synthetic
092,2026-01-01,60,58,2,0.0,0.0,synthetic
093,2026-01-01,60,59,1,0.0,309.8334836959839,synthetic
094,2026-01-01,60,59,1,0.0,0.0,synthetic
095,2026-01-01,60,60,0,0.0,0.0,synthetic
096,2026-01-01,60,59,1,0.0,0.0,synthetic
097,2026-01-01,60,60,0,0.0,0.0,synthetic
098,2026-01-01,60,59,1,0.0,0.0,synthetic
099,2026-01-01,60,60,0,0.0,0.0,synthetic
100,2026-01-01,60,59,1,0.0,0.0,synthetic
101,2026-01-01,60,59,1,0.0,0.0,synthetic
102,2026-01-01,60,60,0,0.0,10.382080078125,synthetic
103,2026-01-01,60,59,1,0.0,0.0,synthetic
104,2026-01-01,60,60,0,0.0,137.9884672164917,synthetic
105,2026-01-01,60,59,1,0.0,0.0,synthetic
106,2026-01-01,60,60,0,0.0,0.0,synthetic
107,2026-01-01,60,60,0,0.0,0.0,synthetic
108,2026-01-01,60,59,1,0.0,0.0,synthetic
109,2026-01-01,60,59,1,0.0,84.11890065670013,synthetic
110,2026-01-01,60,58,2,0.0,0.0,synthetic
111,2026-01-01,60,60,0,0.0,0.0,synthetic
112,2026-01-01,60,59,1,0.0,0.0,synthetic
113,2026-01-01,60,60,0,0.0,56.03282976150513,synthetic
114,2026-01-01,60,59,1,0.0,55.145999908447266,synthetic
115,2026-01-01,60,59,1,0.0,0.0,synthetic
116,2026-01-01,60,58,2,0.0,0.0,synthetic
117,2026-01-01,60,60,0,0.0,146.88214874267578,synthetic
118,2026-01-01,60,59,1,0.0,32.59375,synthetic
119,2026-01-01,60,58,2,0.0,84.42913913726807,synthetic
120,2026-01-01,60,56,4,0.0,0.0,synthetic
121,2026-01-01,60,60,0,0.0,14.00225019454956,synthetic
122,2026-01-01,60,59,1,0.0,255.6314046382904,synthetic
123,2026-01-01,60,58,2,0.0,0.0,synthetic
124,2026-01-01,60,60,0,0.0,0.0,synthetic
125,2026-01-01,60,60,0,0.0,0.0,synthetic
126,2026-01-01,60,60,0,0.0,473.524099111557,synthetic
127,2026-01-01,60,59,1,0.0,382.2726573944092,synthetic
128,2026-01-01,60,57,3,0.0,557.4101543426514,synthetic
129,2026-01-01,60,60,0,0.0,479.13696575164795,synthetic
130,2026-01-01,60,60,0,0.0,0.0,synthetic
131,2026-01-01,60,57,3,0.0,0.0,synthetic
132,2026-01-01,60,59,1,0.0,0.0,synthetic
133,2026-01-01,60,58,2,0.0,0.0,synthetic
134,2026-01-01,60,56,4,0.0,18.921689987182617,synthetic
135,2026-01-01,60,60,0,0.0,2.2258899211883545,synthetic
136,2026-01-01,60,60,0,0.0,0.0,synthetic
137,2026-01-01,60,59,1,0.0,0.0,synthetic
138,2026-01-01,60,59,1,0.0,0.0,synthetic
139,2026-01-01,60,58,2,0.0,261.0588970184326,synthetic
140,2026-01-01,60,59,1,0.0,159.79425048828125,synthetic
141,2026-01-01,60,60,0,0.0,81.53845977783203,synthetic
142,2026-01-01,60,60,0,0.0,0.0,synthetic
143,2026-01-01,60,59,1,0.0,544.643551826477,synthetic
144,2026-01-01,60,59,1,0.0,0.0,synthetic
145,2026-01-01,60,58,2,0.0,158.09448719024658,synthetic
146,2026-01-01,60,60,0,0.0,0.0,synthetic
147,2026-01-01,60,57,3,0.0,0.0,synthetic
148,2026-01-01,60,60,0,0.0,53.442440032958984,synthetic
149,2026-01-01,60,60,0,0.0,191.38470458984375,synthetic
150,2026-01-01,60,60,0,0.0,51.455318450927734,synthetic
151,2026-01-01,60,59,1,0.0,0.0,synthetic
152,2026-01-01,60,59,1,0.0,195.111572265625,synthetic
153,2026-01-01,60,59,1,0.0,200.3363618850708,synthetic
154,2026-01-01,60,57,3,0.0,158.18431758880615,synthetic
155,2026-01-01,60,60,0,0.0,0.0,synthetic
156,2026-01-01,60,59,1,0.0,43.423648834228516,synthetic
157,2026-01-01,60,60,0,0.0,0.0,synthetic
158,2026-01-01,60,59,1,0.0,0.0,synthetic
159,2026-01-01,60,60,0,0.0,21.798709869384766,synthetic
160,2026-01-01,60,59,1,0.0,0.0,synthetic
161,2026-01-01,60,57,3,0.0,0.0,synthetic
162,2026-01-01,60,60,0,0.0,27.305540084838867,synthetic
163,2026-01-01,60,60,0,0.0,0.0,synthetic
164,2026-01-01,60,60,0,0.0,52.99999874830246,synthetic
165,2026-01-01,60,60,0,0.0,0.0,synthetic
166,2026-01-01,60,60,0,0.0,0.0,synthetic
167,2026-01-01,60,59,1,0.0,548.756459236145,synthetic
168,2026-01-01,60,60,0,0.0,0.0,synthetic
169,2026-01-01,60,59,1,0.0,317.4102325439453,synthetic
170,2026-01-01,60,60,0,0.0,22.043570399284363,synthetic
171,2026-01-01,60,60,0,0.0,68.56853866577148,synthetic
172,2026-01-01,60,57,3,0.0,181.54855334758759,synthetic
173,2026-01-01,60,55,5,0.0,61.355831146240234,synthetic
174,2026-01-01,60,58,2,0.0,0.0,synthetic
175,2026-01-01,60,60,0,0.0,0.0,synthetic
176,2026-01-01,60,60,0,0.0,72.14129638671875,synthetic
177,2026-01-01,60,58,2,0.0,0.0,synthetic
178,2026-01-01,60,59,1,0.0,0.0,synthetic
179,2026-01-01,60,59,1,0.0,0.0,synthetic
180,2026-01-01,60,60,0,0.0,108.71978759765625,synthetic
181,2026-01-01,60,60,0,0.0,0.0,synthetic
182,2026-01-01,60,58,2,0.0,320.5376091003418,synthetic
183,2026-01-01,60,57,3,0.0,190.6810326576233,synthetic
184,2026-01-01,60,58,2,0.0,0.0,synthetic
185,2026-01-01,60,60,0,0.0,10.048580169677734,synthetic
186,2026-01-01,60,60,0,0.0,70.96319198608398,synthetic
187,2026-01-01,60,59,1,0.0,0.0,synthetic
188,2026-01-01,60,60,0,0.0,68.367431640625,synthetic
189,2026-01-01,60,59,1,0.0,0.0,synthetic
190,2026-01-01,60,59,1,0.0,0.0,synthetic
191,2026-01-01,60,60,0,0.0,5.461550235748291,synthetic
192,2026-01-01,60,59,1,0.0,45.1885986328125,synthetic
193,2026-01-01,60,60,0,0.0,0.0,synthetic
194,2026-01-01,60,60,0,0.0,0.0,synthetic
195,2026-01-01,60,58,2,0.0,60.89306926727295,synthetic
196,2026-01-01,60,60,0,0.0,0.0,synthetic
197,2026-01-01,60,59,1,0.0,15.636469841003418,synthetic
198,2026-01-01,60,59,1,0.0,0.0,synthetic
199,2026-01-01,60,59,1,0.0,0.0,synthetic
001,2026-01-02,60,60,0,102.71982971191406,78.64611053466797,synthetic
002,2026-01-02,60,59,1,125.39999999999999,289.10523557662964,synthetic
003,2026-01-02,60,59,1,242.07169555664063,293.6396493911743,synthetic
004,2026-01-02,60,60,0,359.9100439453125,240.67253844439983,synthetic
005,2026-01-02,60,60,0,316.9870843505859,258.36835265159607,synthetic
006,2026-01-02,60,59,1,64.0499560546875,79.97632026672363,synthetic
007,2026-01-02,60,57,3,206.82019042968747,0.0,synthetic
008,2026-01-02,60,59,1,62.246066894531246,0.0,synthetic
009,2026-01-02,60,60,0,345.49346923828125,105.25634813308716,synthetic
010,2026-01-02,60,60,0,188.99740173339842,0.0,synthetic
011,2026-01-02,60,60,0,390.1778466796875,507.89891958236694,synthetic
012,2026-01-02,60,60,0,121.12410644531249,0.0,synthetic
013,2026-01-02,60,60,0,228.0,378.90391874313354,synthetic
014,2026-01-02,60,60,0,200.64,979.9454135894775,synthetic
015,2026-01-02,60,60,0,467.4472448730469,445.993234872818,synthetic
016,2026-01-02,60,59,1,476.55448974609374,165.31439399719238,synthetic
017,2026-01-02,60,59,1,348.64706542968753,13.532099723815918,synthetic
018,2026-01-02,60,60,0,471.14984619140625,308.2644672393799,synthetic
019,2026-01-02,60,59,1,131.6380224609375,282.7066140174866,synthetic
020,2026-01-02,60,59,1,336.82320190429687,81.4443998336792,synthetic
021,2026-01-02,60,59,1,277.03703979492184,164.99993133544922,synthetic
022,2026-01-02,60,58,2,275.88,790.2698278427124,synthetic
023,2026-01-02,60,60,0,467.381455078125,614.0170757770538,synthetic
024,2026-01-02,60,57,3,225.32460754394532,101.66131973266602,synthetic
025,2026-01-02,60,59,1,119.17135620117188,65.78583002090454,synthetic
026,2026-01-02,60,58,2,485.98124267578123,322.5680503845215,synthetic
027,2026-01-02,60,60,0,130.12054321289062,170.96251964569092,synthetic
028,2026-01-02,60,59,1,264.9579931640625,205.1630916595459,synthetic
029,2026-01-02,60,60,0,418.70805541992183,259.85717582702637,synthetic
030,2026-01-02,60,60,0,220.74922851562502,433.4279067516327,synthetic
031,2026-01-02,60,57,3,228.0,633.6743159294128,synthetic
032,2026-01-02,120,119,1,530.5728424072265,781.3887410163879,synthetic
033,2026-01-02,60,59,1,121.79726074218749,33.103031158447266,synthetic
034,2026-01-02,60,58,2,333.40349487304684,775.274432182312,synthetic
035,2026-01-02,60,58,2,74.73749267578124,0.0,synthetic
036,2026-01-02,60,59,1,447.02579956054683,368.9810733795166,synthetic
037,2026-01-02,60,60,0,338.74370361328124,103.44072937965393,synthetic
038,2026-01-02,60,58,2,305.54795654296873,839.9433612823486,synthetic
039,2026-01-02,60,58,2,242.96400146484373,258.7182819247246,synthetic
040,2026-01-02,60,60,0,157.90663696289062,217.4298655986786,synthetic
041,2026-01-02,60,60,0,317.78890136718746,209.5704267024994,synthetic
042,2026-01-02,60,59,1,129.76846435546872,0.0,synthetic
043,2026-01-02,60,59,1,336.37289062499997,740.3725788593292,synthetic
044,2026-01-02,60,60,0,201.68315185546874,310.0800311565399,synthetic
045,2026-01-02,60,59,1,217.5343212890625,172.80005073547363,synthetic
046,2026-01-02,60,60,0,62.7628564453125,0.0,synthetic
047,2026-01-02,60,58,2,237.36299011230466,420.5513277053833,synthetic
048,2026-01-02,60,57,3,357.35815429687494,71.32538032531738,synthetic
049,2026-01-02,60,59,1,359.4587768554687,257.65496730804443,synthetic
050,2026-01-02,60,59,1,426.07281738281245,450.0009002685547,synthetic
051,2026-01-02,60,60,0,408.8290081787109,379.74059867858887,synthetic
052,2026-01-02,60,59,1,510.3632922363281,252.10596179962158,synthetic
053,2026-01-02,60,60,0,193.21790771484376,99.28570008277893,synthetic
054,2026-01-02,60,57,3,271.20449707031247,209.74970245361328,synthetic
055,2026-01-02,60,59,1,173.66997802734375,306.4949882030487,synthetic
056,2026-01-02,60,59,1,331.892841796875,181.0109212398529,synthetic
057,2026-01-02,60,60,0,56.91854736328125,277.0002512931824,synthetic
058,2026-01-02,60,60,0,214.00410278320314,0.0,synthetic
059,2026-01-02,60,58,2,211.93903564453123,66.62234020233154,synthetic
060,2026-01-02,60,58,2,222.93454467773435,0.0,synthetic
061,2026-01-02,60,60,0,219.9081884765625,236.50933837890625,synthetic
062,2026-01-02,60,60,0,144.22161804199217,481.8386478424072,synthetic
063,2026-01-02,60,60,0,240.96243713378905,251.81104373931885,synthetic
064,2026-01-02,60,60,0,242.0946203613281,0.0,synthetic
065,2026-01-02,60,58,2,262.81185058593746,200.328369140625,synthetic
066,2026-01-02,60,55,5,409.06451660156245,382.6015148162842,synthetic
067,2026-01-02,60,60,0,303.0080786132812,151.94237130880356,synthetic
068,2026-01-02,60,58,2,138.05306396484374,0.0,synthetic
069,2026-01-02,60,59,1,279.5831323242187,114.42113876342773,synthetic
070,2026-01-02,60,60,0,269.83226623535154,145.3698706626892,synthetic
071,2026-01-02,60,59,1,375.1707934570312,90.82659912109375,synthetic
072,2026-01-02,60,58,2,373.7158374023437,0.0,synthetic
073,2026-01-02,60,57,3,434.32587890624995,1016.5754404067993,synthetic
074,2026-01-02,60,59,1,201.18506103515625,344.73002433776855,synthetic
075,2026-01-02,60,59,1,104.7504620361328,41.69201946258545,synthetic
076,2026-01-02,60,58,2,294.8757165527344,77.32213973999023,synthetic
077,2026-01-02,60,56,4,381.711005859375,284.75556087493896,synthetic
078,2026-01-02,60,59,1,415.0524169921875,5.247560024261475,synthetic
079,2026-01-02,60,59,1,127.63710571289063,42.97036075592041,synthetic
080,2026-01-02,60,59,1,100.34411865234375,75.7085509300232,synthetic
081,2026-01-02,60,60,0,221.13677124023437,0.0,synthetic
082,2026-01-02,60,60,0,116.35082153320312,0.0,synthetic
083,2026-01-02,60,60,0,300.96,394.0394208431244,synthetic
084,2026-01-02,60,59,1,149.80436645507814,0.0,synthetic
085,2026-01-02,60,57,3,0.0,16.649049758911133,synthetic
086,2026-01-02,60,59,1,220.63408447265624,178.69946146011353,synthetic
087,2026-01-02,60,60,0,280.4696923828125,129.88446187973022,synthetic
088,2026-01-02,60,59,1,137.293330078125,69.49927139282227,synthetic
089,2026-01-02,60,59,1,485.96785400390627,297.7474422454834,synthetic
090,2026-01-02,60,60,0,310.47810791015627,124.43769931793213,synthetic
091,2026-01-02,60,58,2,320.9031774902344,392.0448600947857,synthetic
092,2026-01-02,60,60,0,0.0,86.19806104898453,synthetic
093,2026-01-02,60,60,0,397.2804638671875,576.1718459129333,synthetic
094,2026-01-02,60,59,1,246.09085693359373,168.36809825897217,synthetic
095,2026-01-02,60,58,2,162.20906982421874,0.0,synthetic
096,2026-01-02,60,60,0,0.0,85.9276180267334,synthetic
097,2026-01-02,60,59,1,101.06063781738281,0.0,synthetic
098,2026-01-02,60,60,0,421.6792309570312,211.89392280578613,synthetic
099,2026-01-02,60,59,1,333.70236328125,325.81141662597656,synthetic
100,2026-01-02,60,58,2,129.96074157714844,0.0,synthetic
101,2026-01-02,60,59,1,153.66581542968748,78.95705962181091,synthetic
102,2026-01-02,60,60,0,461.3559741210937,240.1554307937622,synthetic
103,2026-01-02,60,60,0,83.90280578613282,0.0,synthetic
104,2026-01-02,60,60,0,349.49327636718755,212.7217378616333,synthetic
105,2026-01-02,60,59,1,248.1334753417969,131.07061052322388,synthetic
106,2026-01-02,60,58,2,464.65502929687494,187.59070253372192,synthetic
107,2026-01-02,60,60,0,338.2416723632812,13.473830223083496,synthetic
108,2026-01-02,60,60,0,486.5969165039062,275.67663192749023,synthetic
109,2026-01-02,60,60,0,229.0904461669922,430.95549631118774,synthetic
110,2026-01-02,60,59,1,164.502626953125,70.8730993270874,synthetic
111,2026-01-02,60,60,0,286.9291809082031,0.0,synthetic
112,2026-01-02,60,59,1,205.70146728515624,39.193119049072266,synthetic
113,2026-01-02,60,58,2,341.7731076049805,424.3371033668518,synthetic
114,2026-01-02,60,59,1,316.8169226074219,139.93494129180908,synthetic
115,2026-01-02,60,59,1,550.7215942382812,154.25934219360352,synthetic
116,2026-01-02,60,60,0,236.06473022460935,3.1108100414276123,synthetic
117,2026-01-02,60,59,1,318.8539013671875,382.26441621780396,synthetic
118,2026-01-02,60,59,1,391.18069335937497,295.74817085266113,synthetic
119,2026-01-02,60,60,0,164.61501342773437,149.27287554740906,synthetic
120,2026-01-02,60,60,0,211.51964721679687,3.9016098976135254,synthetic
121,2026-01-02,60,59,1,426.7365930175781,78.80804920196533,synthetic
122,2026-01-02,60,60,0,418.0414672851562,490.20861983299255,synthetic
123,2026-01-02,60,59,1,169.03330078124998,207.1720151901245,synthetic
124,2026-01-02,60,60,0,212.85907470703125,0.0,synthetic
125,2026-01-02,60,60,0,239.68668090820313,48.881229877471924,synthetic
126,2026-01-02,60,60,0,318.08940673828124,120.79497969150543,synthetic
127,2026-01-02,60,59,1,288.6456298828125,233.1665222644806,synthetic
128,2026-01-02,60,59,1,177.83999999999997,1522.5141739845276,synthetic
129,2026-01-02,60,58,2,460.8644091796874,471.9370789527893,synthetic
130,2026-01-02,60,60,0,109.39578369140625,71.568359375,synthetic
131,2026-01-02,60,60,0,342.1291882324219,128.6043622493744,synthetic
132,2026-01-02,60,58,2,391.41261108398436,0.0,synthetic
133,2026-01-02,60,59,1,283.40624267578124,170.9609375,synthetic
134,2026-01-02,60,60,0,212.56152099609375,104.39661836624146,synthetic
135,2026-01-02,60,55,5,370.2623107910156,122.07976865768433,synthetic
136,2026-01-02,60,57,3,47.33832275390625,321.3875722885132,synthetic
137,2026-01-02,60,60,0,145.46971435546874,27.29321002960205,synthetic
138,2026-01-02,60,60,0,106.00627075195312,25.603710174560547,synthetic
139,2026-01-02,60,60,0,228.0,480.8436632156372,synthetic
140,2026-01-02,60,60,0,236.00027160644527,688.8355665206909,synthetic
141,2026-01-02,60,58,2,233.66197265625,194.85863876342773,synthetic
142,2026-01-02,60,59,1,106.3237857055664,0.0,synthetic
143,2026-01-02,60,59,1,256.79475585937496,309.90679183602333,synthetic
144,2026-01-02,60,60,0,307.233193359375,247.97678184509277,synthetic
145,2026-01-02,60,60,0,325.4880560302734,352.04107189178467,synthetic
146,2026-01-02,60,57,3,295.31267578125,0.0,synthetic
147,2026-01-02,60,60,0,208.66788574218748,86.01525115966797,synthetic
148,2026-01-02,60,59,1,370.9574230957031,264.448721408844,synthetic
149,2026-01-02,60,58,2,464.13369140624997,400.22034549713135,synthetic
150,2026-01-02,60,59,1,321.15166259765624,115.92455863952637,synthetic
151,2026-01-02,60,57,3,206.06142700195312,103.75616836547852,synthetic
152,2026-01-02,60,60,0,377.4958447265625,492.43187046051025,synthetic
153,2026-01-02,60,58,2,309.6614721679687,454.3221378326416,synthetic
154,2026-01-02,60,59,1,393.13232666015625,280.16673851013184,synthetic
155,2026-01-02,60,57,3,394.2281469726562,368.96837043762207,synthetic
156,2026-01-02,60,60,0,130.92919555664062,103.88702011108398,synthetic
157,2026-01-02,60,59,1,116.5455615234375,0.0,synthetic
158,2026-01-02,60,60,0,301.4331610107422,146.4655680656433,synthetic
159,2026-01-02,60,60,0,335.45235351562496,139.1813988685608,synthetic
160,2026-01-02,60,60,0,244.82384765625,107.18266868591309,synthetic
161,2026-01-02,60,59,1,65.4675,214.60387992858887,synthetic
162,2026-01-02,60,58,2,394.7508251953125,256.96649837493896,synthetic
163,2026-01-02,60,60,0,134.91581176757813,10.83538967370987,synthetic
164,2026-01-02,60,59,1,167.46371337890625,171.20372772216797,synthetic
165,2026-01-02,60,57,3,246.72703124999998,87.50427007675171,synthetic
166,2026-01-02,60,59,1,456.1188720703125,46.60272026062012,synthetic
167,2026-01-02,60,59,1,250.79999999999998,1087.0554106533527,synthetic
168,2026-01-02,60,60,0,238.425556640625,57.78308868408203,synthetic
169,2026-01-02,60,59,1,508.6935131835937,457.496045589447,synthetic
170,2026-01-02,60,59,1,266.02598876953124,41.002989530563354,synthetic
171,2026-01-02,60,59,1,304.9064868164062,73.43119049072266,synthetic
172,2026-01-02,60,59,1,311.2398522949219,518.8598928451538,synthetic
173,2026-01-02,60,60,0,236.55882568359374,253.33819448947906,synthetic
174,2026-01-02,60,58,2,129.56687255859373,14.274360179901123,synthetic
175,2026-01-02,60,60,0,125.39999999999999,348.66980361938477,synthetic
176,2026-01-02,60,58,2,109.33688232421875,319.6206111907959,synthetic
177,2026-01-02,60,59,1,357.6959326171875,29.828980445861816,synthetic
178,2026-01-02,60,57,3,226.85775329589842,147.45166182518005,synthetic
179,2026-01-02,60,59,1,226.9705920410156,269.22107791900635,synthetic
180,2026-01-02,60,59,1,488.49328857421875,323.4124765396118,synthetic
181,2026-01-02,60,58,2,232.25923095703126,419.8095805644989,synthetic
182,2026-01-02,60,58,2,178.2769885253906,2010.7749032974243,synthetic
183,2026-01-02,60,57,3,205.28848754882813,532.1547245979309,synthetic
184,2026-01-02,60,59,1,216.97634765624997,2.469360113143921,synthetic
185,2026-01-02,60,59,1,99.93751831054686,105.35478854179382,synthetic
186,2026-01-02,60,58,2,278.7627484130859,951.2048844695091,synthetic
187,2026-01-02,60,60,0,302.71490295410155,0.0,synthetic
188,2026-01-02,60,59,1,382.13641113281244,212.35047022998333,synthetic
189,2026-01-02,60,60,0,353.6435009765625,27.120849609375,synthetic
190,2026-01-02,60,56,4,178.222763671875,0.0,synthetic
191,2026-01-02,60,60,0,493.224462890625,146.47437191009521,synthetic
192,2026-01-02,60,58,2,316.81706909179684,127.23058986663818,synthetic
193,2026-01-02,60,57,3,148.12283569335938,0.0,synthetic
194,2026-01-02,60,60,0,225.70551635742186,0.0,synthetic
195,2026-01-02,60,60,0,338.2358129882812,595.139970779419,synthetic
196,2026-01-02,60,60,0,299.04394409179685,21.749820590019226,synthetic
197,2026-01-02,60,59,1,376.2,399.37255811691284,synthetic
198,2026-01-02,60,60,0,170.11122802734374,33.952449798583984,synthetic
199,2026-01-02,60,60,0,159.67455322265624,31.034600734710693,synthetic
001,2026-01-03,60,60,0,366.0213610839844,192.89563751220703,synthetic
002,2026-01-03,60,59,1,409.3194213867188,83.67144846916199,synthetic
003,2026-01-03,60,60,0,150.48,794.0421667098999,synthetic
004,2026-01-03,60,60,0,182.509453125,9.81054973602295,synthetic
005,2026-01-03,60,58,2,143.84549560546873,276.54644775390625,synthetic
006,2026-01-03,60,57,3,370.72051025390624,370.4240140914917,synthetic
007,2026-01-03,60,59,1,198.67172607421872,318.46202850341797,synthetic
008,2026-01-03,60,60,0,404.2821899414062,148.56627941131592,synthetic
009,2026-01-03,60,60,0,0.0,147.79044914245605,synthetic
010,2026-01-03,60,59,1,236.80697753906247,0.0,synthetic
011,2026-01-03,60,59,1,207.97163085937498,783.1182146072388,synthetic
012,2026-01-03,60,60,0,167.6531524658203,116.77399039268494,synthetic
013,2026-01-03,60,60,0,110.88,728.4374614953995,synthetic
014,2026-01-03,60,60,0,424.6131225585937,344.1744418144226,synthetic
015,2026-01-03,60,57,3,295.6712182617187,182.79608845710754,synthetic
016,2026-01-03,60,60,0,168.20334960937498,145.2340793609619,synthetic
017,2026-01-03,60,59,1,115.77217163085938,60.4310884475708,synthetic
018,2026-01-03,60,60,0,129.725947265625,377.38049125671387,synthetic
019,2026-01-03,60,60,0,274.5335595703125,135.44836115837097,synthetic
020,2026-01-03,60,59,1,138.2051953125,287.49627161026,synthetic
021,2026-01-03,60,56,4,139.6147412109375,166.49493026733398,synthetic
022,2026-01-03,60,60,0,467.39874023437494,601.8040218353271,synthetic
023,2026-01-03,60,58,2,296.4642590332031,243.3371639251709,synthetic
024,2026-01-03,60,60,0,172.42799560546877,42.08833023905754,synthetic
025,2026-01-03,60,59,1,315.6330249023437,197.7954807281494,synthetic
026,2026-01-03,60,59,1,125.39999999999999,127.03692579269409,synthetic
027,2026-01-03,60,60,0,189.6862646484375,523.2545685768127,synthetic
028,2026-01-03,60,59,1,234.3453369140625,41.81909942626953,synthetic
029,2026-01-03,60,57,3,145.15091857910156,780.7516460418701,synthetic
030,2026-01-03,60,60,0,303.23999999999995,209.61682844161987,synthetic
031,2026-01-03,60,57,3,150.48,1191.3792525529861,synthetic
032,2026-01-03,120,118,2,690.2527221679687,443.958016872406,synthetic
033,2026-01-03,60,60,0,144.32504150390625,413.84009647369385,synthetic
034,2026-01-03,60,58,2,283.3076330566406,719.538763999939,synthetic
035,2026-01-03,60,60,0,380.10749267578126,82.62994766235352,synthetic
036,2026-01-03,60,58,2,115.22830078125,325.19561862945557,synthetic
037,2026-01-03,60,59,1,254.7527471923828,45.49687957763672,synthetic
038,2026-01-03,60,59,1,298.71971923828124,283.8274579048157,synthetic
039,2026-01-03,60,60,0,267.15127441406247,122.94459939002991,synthetic
040,2026-01-03,60,60,0,270.0572790527344,282.7926025390625,synthetic
041,2026-01-03,60,60,0,65.31355224609375,120.67675876617432,synthetic
042,2026-01-03,60,58,2,265.95303222656247,31.319090843200684,synthetic
043,2026-01-03,60,60,0,349.61066894531245,395.78308153152466,synthetic
044,2026-01-03,60,60,0,150.48,381.3673017024994,synthetic
045,2026-01-03,60,60,0,185.37856567382812,91.9504804611206,synthetic
046,2026-01-03,60,58,2,329.77440673828124,0.0,synthetic
047,2026-01-03,60,60,0,251.45488037109374,221.971510887146,synthetic
048,2026-01-03,60,60,0,191.355703125,650.8386974334717,synthetic
049,2026-01-03,60,59,1,172.00294921875,305.69427967071533,synthetic
050,2026-01-03,60,59,1,287.65228271484375,843.0786108970642,synthetic
051,2026-01-03,60,59,1,97.77348999023437,678.896722316742,synthetic
052,2026-01-03,60,60,0,184.7824768066406,392.5556650161743,synthetic
053,2026-01-03,60,60,0,214.45851562500002,368.4553643465042,synthetic
054,2026-01-03,60,59,1,253.33601074218748,59.40832042694092,synthetic
055,2026-01-03,60,58,2,186.1374609375,76.81268119812012,synthetic
056,2026-01-03,60,60,0,222.794736328125,272.55846786499023,synthetic
057,2026-01-03,60,60,0,344.70254882812503,74.84730124473572,synthetic
058,2026-01-03,60,60,0,71.02763671875,0.0,synthetic
059,2026-01-03,60,59,1,329.4767889404296,179.61365032196045,synthetic
060,2026-01-03,60,59,1,75.24,309.6855456829071,synthetic
061,2026-01-03,60,58,2,278.2073986816406,870.173300743103,synthetic
062,2026-01-03,60,58,2,253.07999999999998,160.80636262893677,synthetic
063,2026-01-03,60,59,1,150.48,164.67598092556,synthetic
064,2026-01-03,60,59,1,73.6395703125,19.709169387817383,synthetic
065,2026-01-03,60,60,0,316.50069213867187,93.4930419921875,synthetic
066,2026-01-03,60,60,0,124.55042175292968,847.1204810142517,synthetic
067,2026-01-03,60,60,0,193.65548767089842,267.08622789382935,synthetic
068,2026-01-03,60,59,1,316.8324829101562,130.39525985717773,synthetic
069,2026-01-03,60,60,0,125.39999999999999,69.1556499004364,synthetic
070,2026-01-03,60,59,1,213.46852111816406,0.0,synthetic
071,2026-01-03,60,58,2,130.9404748535156,722.223313331604,synthetic
072,2026-01-03,60,60,0,75.24,311.51634669303894,synthetic
073,2026-01-03,60,58,2,409.0316088867187,140.6695556640625,synthetic
074,2026-01-03,60,58,2,176.76725097656248,60.91616940498352,synthetic
075,2026-01-03,60,59,1,140.47677978515622,85.94973993301392,synthetic
076,2026-01-03,60,59,1,292.38619628906247,123.6786994934082,synthetic
077,2026-01-03,60,60,0,130.16949829101563,385.96941089630127,synthetic
078,2026-01-03,60,60,0,112.2217529296875,398.31383895874023,synthetic
079,2026-01-03,60,60,0,370.37097656249995,0.0,synthetic
080,2026-01-03,60,58,2,313.66015869140625,275.93904876708984,synthetic
081,2026-01-03,60,59,1,194.695927734375,119.79016304016113,synthetic
082,2026-01-03,60,59,1,208.1128564453125,289.22661447525024,synthetic
083,2026-01-03,60,58,2,347.6862414550782,234.00317084789276,synthetic
084,2026-01-03,60,58,2,243.9069873046875,240.29224133491516,synthetic
085,2026-01-03,60,58,2,225.86602294921875,219.31132125854492,synthetic
086,2026-01-03,60,60,0,207.48061523437497,292.9668617248535,synthetic
087,2026-01-03,60,60,0,216.34679260253904,73.459716796875,synthetic
088,2026-01-03,60,58,2,246.1754443359375,239.58203172683716,synthetic
089,2026-01-03,60,60,0,189.83463134765623,574.6826677322388,synthetic
090,2026-01-03,60,60,0,82.20745422363281,236.7796745300293,synthetic
091,2026-01-03,60,60,0,203.45677001953123,255.92898082733154,synthetic
092,2026-01-03,60,60,0,302.90460205078125,261.59575939178467,synthetic
093,2026-01-03,60,58,2,201.34927368164062,201.61487007141113,synthetic
094,2026-01-03,60,60,0,96.26020019531249,181.5126754939556,synthetic
095,2026-01-03,60,60,0,305.641904296875,66.49909090995789,synthetic
096,2026-01-03,60,60,0,419.9835461425781,130.37622022628784,synthetic
097,2026-01-03,60,59,1,223.84477294921874,96.20886039733887,synthetic
098,2026-01-03,60,60,0,264.397822265625,620.2688081264496,synthetic
099,2026-01-03,60,59,1,322.0224462890625,391.8782353401184,synthetic
100,2026-01-03,60,60,0,208.426962890625,28.193669319152832,synthetic
101,2026-01-03,60,57,3,144.78076171875,366.0969305038452,synthetic
102,2026-01-03,60,59,1,106.37422851562499,661.4217500686646,synthetic
103,2026-01-03,60,60,0,355.13801147460936,154.61401462554932,synthetic
104,2026-01-03,60,60,0,135.9275354003906,712.8680839538574,synthetic
105,2026-01-03,60,59,1,75.24,69.68383979797363,synthetic
106,2026-01-03,60,59,1,52.38060424804687,643.1253004074097,synthetic
107,2026-01-03,60,60,0,27.36,44.782040774822235,synthetic
108,2026-01-03,60,60,0,278.21228393554685,122.6885986328125,synthetic
109,2026-01-03,60,59,1,186.85847900390624,315.067440032959,synthetic
110,2026-01-03,60,59,1,275.88,433.9153436422348,synthetic
111,2026-01-03,60,60,0,71.66408935546875,95.4459900856018,synthetic
112,2026-01-03,60,60,0,327.44014160156246,129.15062773227692,synthetic
113,2026-01-03,60,58,2,154.33098266601561,751.3266749382019,synthetic
114,2026-01-03,60,58,2,75.24,197.32286739349365,synthetic
115,2026-01-03,60,59,1,152.59032348632812,97.5613956451416,synthetic
116,2026-01-03,60,60,0,73.73794189453125,189.70310068130493,synthetic
117,2026-01-03,60,60,0,351.12,365.54211139678955,synthetic
118,2026-01-03,60,59,1,401.78900390625,217.25195980072021,synthetic
119,2026-01-03,60,59,1,139.23998291015624,178.29590225219727,synthetic
120,2026-01-03,60,59,1,303.85547607421876,308.6056447029114,synthetic
121,2026-01-03,60,58,2,185.66490600585936,54.61388969421387,synthetic
122,2026-01-03,60,60,0,186.88974609374998,265.5874481201172,synthetic
123,2026-01-03,60,60,0,206.3357995605469,152.71822130680084,synthetic
124,2026-01-03,60,59,1,137.6065576171875,34.168331146240234,synthetic
125,2026-01-03,60,59,1,179.95307373046876,915.7940497398376,synthetic
126,2026-01-03,60,60,0,199.24754333496094,206.45666790008545,synthetic
127,2026-01-03,60,60,0,233.5466528320312,126.70409202575684,synthetic
128,2026-01-03,60,59,1,299.2275073242187,588.9957196712494,synthetic
129,2026-01-03,60,57,3,355.36083251953124,226.66271114349365,synthetic
130,2026-01-03,60,59,1,320.9817736816406,261.16393756866455,synthetic
131,2026-01-03,60,57,3,217.470146484375,299.87011164426804,synthetic
132,2026-01-03,60,60,0,63.4746826171875,251.43957138061523,synthetic
133,2026-01-03,60,60,0,246.50624816894532,34.272520542144775,synthetic
134,2026-01-03,60,60,0,196.01761962890623,174.4993872642517,synthetic
135,2026-01-03,60,60,0,77.85817932128906,382.2681875228882,synthetic
136,2026-01-03,60,58,2,453.1074096679687,199.95562863349915,synthetic
137,2026-01-03,60,59,1,200.83965270996094,93.0258207321167,synthetic
138,2026-01-03,60,59,1,213.48628967285157,16.49218988418579,synthetic
139,2026-01-03,60,59,1,357.8864282226562,126.78564739227295,synthetic
140,2026-01-03,60,60,0,125.39999999999999,704.6027166843414,synthetic
141,2026-01-03,60,60,0,200.64,177.7728789150715,synthetic
142,2026-01-03,60,58,2,217.50385803222656,0.0,synthetic
143,2026-01-03,60,58,2,333.2858276367187,505.29858446121216,synthetic
144,2026-01-03,60,59,1,171.54180908203125,443.40190625190735,synthetic
145,2026-01-03,60,60,0,102.36793212890625,599.7254228591919,synthetic
146,2026-01-03,60,59,1,169.8514599609375,16.223020553588867,synthetic
147,2026-01-03,60,60,0,158.638974609375,56.458818793296814,synthetic
148,2026-01-03,60,60,0,63.81140625,305.1423969268799,synthetic
149,2026-01-03,60,60,0,134.49043212890624,562.1289041042328,synthetic
150,2026-01-03,60,59,1,125.39999999999999,212.26898002624512,synthetic
151,2026-01-03,60,58,2,203.95053955078123,274.07701992988586,synthetic
152,2026-01-03,60,59,1,131.03254394531248,674.9455041885376,synthetic
153,2026-01-03,60,59,1,255.41251464843748,313.88024520874023,synthetic
154,2026-01-03,60,59,1,263.46734252929684,240.2915003299713,synthetic
155,2026-01-03,60,60,0,75.24,109.6829891204834,synthetic
156,2026-01-03,60,58,2,270.61946044921876,249.21440410614014,synthetic
157,2026-01-03,60,60,0,394.5010144042969,0.0,synthetic
158,2026-01-03,60,59,1,75.24,239.00269317626953,synthetic
159,2026-01-03,60,60,0,59.4,359.21357822418213,synthetic
160,2026-01-03,60,59,1,270.0689868164062,381.26091623306274,synthetic
161,2026-01-03,60,60,0,223.19574462890625,581.7590427398682,synthetic
162,2026-01-03,60,59,1,313.3485314941406,91.3831205368042,synthetic
163,2026-01-03,60,59,1,236.27999999999997,487.49377024173737,synthetic
164,2026-01-03,60,60,0,236.44410278320314,45.04016065597534,synthetic
165,2026-01-03,60,59,1,293.64130371093745,177.25024223327637,synthetic
166,2026-01-03,60,60,0,54.355144042968746,533.1097912788391,synthetic
167,2026-01-03,60,60,0,370.5344604492187,973.0583281517029,synthetic
168,2026-01-03,60,59,1,213.23876953125,391.10412096977234,synthetic
169,2026-01-03,60,58,2,261.73326416015624,414.0778064727783,synthetic
170,2026-01-03,60,58,2,81.80644409179686,401.59619140625,synthetic
171,2026-01-03,60,60,0,27.36,280.86297583580017,synthetic
172,2026-01-03,60,60,0,161.60642578124998,467.50463247299194,synthetic
173,2026-01-03,60,60,0,405.17744384765626,117.09271049499512,synthetic
174,2026-01-03,60,59,1,178.12071166992186,120.5545506477356,synthetic
175,2026-01-03,60,59,1,262.8781860351562,524.430178642273,synthetic
176,2026-01-03,60,60,0,291.27979248046876,185.40003776550293,synthetic
177,2026-01-03,60,60,0,27.36,432.9805431365967,synthetic
178,2026-01-03,60,59,1,308.57501220703125,275.85419273376465,synthetic
179,2026-01-03,60,58,2,161.04,418.3400256037712,synthetic
180,2026-01-03,60,59,1,299.3857177734375,891.5472393035889,synthetic
181,2026-01-03,60,58,2,225.71999999999997,860.2453698515892,synthetic
182,2026-01-03,60,59,1,370.4021154785156,583.6290988922119,synthetic
183,2026-01-03,60,60,0,376.2,434.2625723183155,synthetic
184,2026-01-03,60,59,1,136.06138916015624,91.02025973796844,synthetic
185,2026-01-03,60,59,1,283.21801025390624,181.1002779006958,synthetic
186,2026-01-03,60,60,0,303.24,687.4100451469421,synthetic
187,2026-01-03,60,59,1,73.87081054687499,110.84484100341797,synthetic
188,2026-01-03,60,58,2,65.94016113281249,245.20823860168457,synthetic
189,2026-01-03,60,58,2,119.01733886718749,134.92670059204102,synthetic
190,2026-01-03,60,59,1,261.42103454589846,23.509029388427734,synthetic
191,2026-01-03,60,59,1,167.153291015625,92.24340915679932,synthetic
192,2026-01-03,60,59,1,335.96417724609375,143.43341445922852,synthetic
193,2026-01-03,60,57,3,372.7194360351562,34.05657911300659,synthetic
194,2026-01-03,60,59,1,170.53500732421872,14.3716402053833,synthetic
195,2026-01-03,60,57,3,191.50718994140624,632.9478778839111,synthetic
196,2026-01-03,60,59,1,136.73583984375,59.62819159030914,synthetic
197,2026-01-03,60,59,1,460.1764086914062,416.02539107203484,synthetic
198,2026-01-03,60,59,1,117.40445434570313,64.4313907623291,synthetic
199,2026-01-03,60,56,4,261.863994140625,279.36229181289673,synthetic
001,2026-01-04,60,60,0,171.11484008789063,176.50800704956055,synthetic
002,2026-01-04,60,60,0,167.9156982421875,31.00830078125,synthetic
003,2026-01-04,60,60,0,259.85596435546876,300.5933246612549,synthetic
004,2026-01-04,60,57,3,354.14924560546876,79.48522186279297,synthetic
005,2026-01-04,60,60,0,326.4878814697266,320.18825817108154,synthetic
006,2026-01-04,60,55,5,75.24,76.09747004508972,synthetic
007,2026-01-04,60,60,0,213.28912353515625,161.9423760175705,synthetic
008,2026-01-04,60,57,3,71.16645263671874,57.6785888671875,synthetic
009,2026-01-04,60,60,0,255.36,790.8836535215378,synthetic
010,2026-01-04,60,59,1,182.70927978515624,186.31007075309753,synthetic
011,2026-01-04,60,59,1,384.16434814453123,1368.024790763855,synthetic
012,2026-01-04,60,60,0,141.4768798828125,137.24340057373047,synthetic
013,2026-01-04,60,58,2,364.2790612792969,386.60639226436615,synthetic
014,2026-01-04,60,59,1,313.0863427734375,291.44311141967773,synthetic
015,2026-01-04,60,60,0,473.0295812988281,485.7717819213867,synthetic
016,2026-01-04,60,60,0,366.45982177734373,358.41303539276123,synthetic
017,2026-01-04,60,59,1,232.53593627929683,690.9415426254272,synthetic
018,2026-01-04,60,60,0,451.8109497070312,420.371334195137,synthetic
019,2026-01-04,60,60,0,149.07952880859375,175.709481716156,synthetic
020,2026-01-04,60,60,0,392.95368164062495,449.90649223327637,synthetic
021,2026-01-04,60,60,0,261.9644091796875,374.81870460510254,synthetic
022,2026-01-04,60,59,1,369.8982055664062,306.42607593536377,synthetic
023,2026-01-04,60,60,0,458.01178710937495,730.0076766014099,synthetic
024,2026-01-04,60,60,0,217.22731201171874,138.1234164237976,synthetic
025,2026-01-04,60,60,0,150.48,74.13988876342773,synthetic
026,2026-01-04,60,57,3,526.68,517.8125673532486,synthetic
027,2026-01-04,60,59,1,223.18754150390623,179.82293939590454,synthetic
028,2026-01-04,60,60,0,248.03091064453128,77.18300819396973,synthetic
029,2026-01-04,60,60,0,415.47200683593746,345.6778609752655,synthetic
030,2026-01-04,60,60,0,228.0,283.73917269706726,synthetic
031,2026-01-04,60,55,5,282.91620483398435,551.7377653121948,synthetic
032,2026-01-04,120,119,1,377.81760498046873,890.9403041601181,synthetic
033,2026-01-04,60,60,0,335.6195068359375,247.417725071311,synthetic
034,2026-01-04,60,58,2,351.12,674.6536197662354,synthetic
035,2026-01-04,60,59,1,0.0,4.862549781799316,synthetic
036,2026-01-04,60,60,0,466.0683325195313,461.8465747833252,synthetic
037,2026-01-04,60,59,1,220.3957690429687,540.1399669647217,synthetic
038,2026-01-04,60,57,3,245.62039306640622,710.9704577922821,synthetic
039,2026-01-04,60,60,0,209.75516601562498,212.59455811977386,synthetic
040,2026-01-04,60,59,1,206.50671752929685,352.5118455886841,synthetic
041,2026-01-04,60,60,0,300.72041381835936,200.24840140342712,synthetic
042,2026-01-04,60,60,0,139.10074951171873,99.99213027954102,synthetic
043,2026-01-04,60,60,0,357.67598144531246,514.442497253418,synthetic
044,2026-01-04,60,60,0,267.24663574218744,295.4743886590004,synthetic
045,2026-01-04,60,59,1,123.01287231445312,41.016098976135254,synthetic
046,2026-01-04,60,59,1,75.24,38.368099212646484,synthetic
047,2026-01-04,60,59,1,140.3686083984375,418.30128264427185,synthetic
048,2026-01-04,60,58,2,275.88,900.8314764499664,synthetic
049,2026-01-04,60,59,1,310.96015869140626,224.09693145751953,synthetic
050,2026-01-04,60,60,0,263.0280395507812,1416.742292881012,synthetic
051,2026-01-04,60,58,2,341.0623901367187,635.683997631073,synthetic
052,2026-01-04,60,60,0,367.79564208984374,1026.206957578659,synthetic
053,2026-01-04,60,58,2,200.64,236.34310734272003,synthetic
054,2026-01-04,60,58,2,255.02921997070308,298.6767511367798,synthetic
055,2026-01-04,60,59,1,177.0242395019531,235.68639034032822,synthetic
056,2026-01-04,60,58,2,266.584892578125,369.52630281448364,synthetic
057,2026-01-04,60,60,0,72.65362060546875,49.866939544677734,synthetic
058,2026-01-04,60,60,0,226.0415148925781,167.24304962158203,synthetic
059,2026-01-04,60,59,1,75.24,1021.2245293855667,synthetic
060,2026-01-04,60,59,1,326.1015673828125,172.41472911834717,synthetic
061,2026-01-04,60,59,1,134.7484240722656,741.183521270752,synthetic
062,2026-01-04,60,59,1,198.15089355468749,0.0,synthetic
063,2026-01-04,60,59,1,257.82247558593747,343.1204676628113,synthetic
064,2026-01-04,60,60,0,242.50002502441404,83.17730951309204,synthetic
065,2026-01-04,60,60,0,384.7306127929687,610.4993209838867,synthetic
066,2026-01-04,60,60,0,331.5876416015625,736.0142273902893,synthetic
067,2026-01-04,60,58,2,224.4395764160156,411.23820638656616,synthetic
068,2026-01-04,60,58,2,110.88,122.11773920059204,synthetic
069,2026-01-04,60,59,1,282.42052001953124,92.51275062561035,synthetic
070,2026-01-04,60,60,0,242.73394775390625,0.0,synthetic
071,2026-01-04,60,59,1,326.03999999999996,510.5576243400574,synthetic
072,2026-01-04,60,58,2,330.338671875,672.5760419368744,synthetic
073,2026-01-04,60,60,0,451.60399658203124,123.6743221282959,synthetic
074,2026-01-04,60,60,0,219.34486083984373,186.01560306549072,synthetic
075,2026-01-04,60,59,1,102.02964477539062,68.28560948371887,synthetic
076,2026-01-04,60,59,1,171.1601806640625,643.0580585002899,synthetic
077,2026-01-04,60,58,2,325.46961914062496,649.5640778541565,synthetic
078,2026-01-04,60,59,1,253.23816284179685,1138.7165842056274,synthetic
079,2026-01-04,60,60,0,0.0,139.92360067367554,synthetic
080,2026-01-04,60,59,1,107.88862060546874,64.47204875946045,synthetic
081,2026-01-04,60,59,1,147.17539306640623,639.1594882011414,synthetic
082,2026-01-04,60,59,1,150.48,157.0828776359558,synthetic
083,2026-01-04,60,58,2,187.8738537597656,487.4832812547684,synthetic
084,2026-01-04,60,59,1,196.25851318359372,241.40143394470215,synthetic
085,2026-01-04,60,60,0,0.0,302.35116052627563,synthetic
086,2026-01-04,60,59,1,212.5777807617187,277.83477687835693,synthetic
087,2026-01-04,60,59,1,211.3330224609375,409.0812997817993,synthetic
088,2026-01-04,60,59,1,137.18153320312499,353.23490715026855,synthetic
089,2026-01-04,60,60,0,485.9982495117187,307.2592103481293,synthetic
090,2026-01-04,60,59,1,225.71999999999997,627.2001175284386,synthetic
091,2026-01-04,60,59,1,157.79637817382812,824.597728729248,synthetic
092,2026-01-04,60,58,2,0.0,0.0,synthetic
093,2026-01-04,60,60,0,351.12,484.3356399536133,synthetic
094,2026-01-04,60,60,0,266.6046459960937,282.26489412784576,synthetic
095,2026-01-04,60,60,0,179.23436279296874,19.0297908782959,synthetic
096,2026-01-04,60,60,0,0.0,0.0,synthetic
097,2026-01-04,60,59,1,102.6,61.67811155319214,synthetic
098,2026-01-04,60,60,0,424.95650390624996,631.465334892273,synthetic
099,2026-01-04,60,60,0,436.45794433593744,515.5824022293091,synthetic
100,2026-01-04,60,60,0,140.4547412109375,31.97446918487549,synthetic
101,2026-01-04,60,60,0,178.37010864257812,482.47422218322754,synthetic
102,2026-01-04,60,58,2,473.7734106445312,368.76053190231323,synthetic
103,2026-01-04,60,58,2,0.0,29.545170307159424,synthetic
104,2026-01-04,60,58,2,348.99810791015625,176.08936250209808,synthetic
105,2026-01-04,60,59,1,280.04918701171874,42.056880950927734,synthetic
106,2026-01-04,60,58,2,548.3882666015625,340.5623722076416,synthetic
107,2026-01-04,60,59,1,366.35746582031254,50.81438958644867,synthetic
108,2026-01-04,60,60,0,514.0353955078125,982.7493209838867,synthetic
109,2026-01-04,60,60,0,253.07999999999998,530.5903079509735,synthetic
110,2026-01-04,60,60,0,172.93349853515625,298.82049560546875,synthetic
111,2026-01-04,60,60,0,222.93740478515622,365.4756977558136,synthetic
112,2026-01-04,60,59,1,225.67387939453124,0.0,synthetic
113,2026-01-04,60,60,0,310.8647680664062,179.25434243679047,synthetic
114,2026-01-04,60,60,0,332.54363891601565,175.22656726837158,synthetic
115,2026-01-04,60,59,1,515.2673071289062,151.79661893844604,synthetic
116,2026-01-04,60,60,0,293.64167724609376,327.52896189689636,synthetic
117,2026-01-04,60,59,1,353.1987231445312,648.9638042151928,synthetic
118,2026-01-04,60,59,1,311.378056640625,126.49790716171265,synthetic
119,2026-01-04,60,60,0,149.85038635253906,99.67895984649658,synthetic
120,2026-01-04,60,59,1,200.64,294.4046573638916,synthetic
121,2026-01-04,60,60,0,474.66420410156246,197.00179195404053,synthetic
122,2026-01-04,60,60,0,351.11999999999995,631.1103702187538,synthetic
123,2026-01-04,60,58,2,282.95644042968746,18.7933292388916,synthetic
124,2026-01-04,60,60,0,269.24139404296875,96.39514064788818,synthetic
125,2026-01-04,60,60,0,247.11889892578125,383.23136734962463,synthetic
126,2026-01-04,60,58,2,208.73508544921873,372.37077140808105,synthetic
127,2026-01-04,60,58,2,225.71999999999997,228.957093000412,synthetic
128,2026-01-04,60,60,0,298.1627783203125,276.58917808532715,synthetic
129,2026-01-04,60,60,0,336.67762573242186,573.8946809768677,synthetic
130,2026-01-04,60,59,1,125.39999999999999,83.76209139823914,synthetic
131,2026-01-04,60,59,1,275.88,439.6257333755493,synthetic
132,2026-01-04,60,60,0,373.9951538085937,167.3384895324707,synthetic
133,2026-01-04,60,59,1,299.07035888671874,135.87232971191406,synthetic
134,2026-01-04,60,60,0,207.48959106445312,195.57943832874298,synthetic
135,2026-01-04,60,59,1,268.0038647460937,361.14593982696533,synthetic
136,2026-01-04,60,58,2,0.0,106.90259170532227,synthetic
137,2026-01-04,60,59,1,110.88,280.64030838012695,synthetic
138,2026-01-04,60,60,0,129.95999999999998,174.07197904586792,synthetic
139,2026-01-04,60,59,1,190.92098144531252,202.22560119628906,synthetic
140,2026-01-04,60,59,1,329.7812841796875,655.0531176328659,synthetic
141,2026-01-04,60,60,0,267.5743505859375,481.19507360458374,synthetic
142,2026-01-04,60,58,2,103.97852783203125,0.0,synthetic
143,2026-01-04,60,60,0,183.36741943359374,329.35333251953125,synthetic
144,2026-01-04,60,58,2,379.80756225585935,364.27122712135315,synthetic
145,2026-01-04,60,60,0,302.8678527832031,848.1330600678921,synthetic
146,2026-01-04,60,58,2,211.48977905273435,484.6349449157715,synthetic
147,2026-01-04,60,59,1,225.11407470703125,64.01116061210632,synthetic
148,2026-01-04,60,59,1,297.3729565429687,418.61605978012085,synthetic
149,2026-01-04,60,60,0,457.57902099609373,487.98863410949707,synthetic
150,2026-01-04,60,59,1,344.82250671386714,90.47498154640198,synthetic
151,2026-01-04,60,59,1,205.50027832031247,300.0851368904114,synthetic
152,2026-01-04,60,60,0,428.9045324707031,391.02014350891113,synthetic
153,2026-01-04,60,59,1,315.418388671875,432.565798997879,synthetic
154,2026-01-04,60,58,2,355.410556640625,231.8041639328003,synthetic
155,2026-01-04,60,58,2,394.4617822265625,222.01306533813477,synthetic
156,2026-01-04,60,59,1,143.14689697265624,283.45446014404297,synthetic
157,2026-01-04,60,59,1,198.27535400390624,0.0,synthetic
158,2026-01-04,60,60,0,318.24589782714844,506.44984006881714,synthetic
159,2026-01-04,60,59,1,436.91999999999996,654.11243891716,synthetic
160,2026-01-04,60,60,0,259.0888989257812,196.67285633087158,synthetic
161,2026-01-04,60,57,3,145.26298095703123,66.33617973327637,synthetic
162,2026-01-04,60,60,0,312.19566650390624,172.18993473052979,synthetic
163,2026-01-04,60,59,1,222.99181640625,203.94433975219727,synthetic
164,2026-01-04,60,60,0,170.90900756835936,148.57756900787354,synthetic
165,2026-01-04,60,59,1,249.37904296874999,242.38782501220703,synthetic
166,2026-01-04,60,59,1,390.94609130859374,252.15747737884521,synthetic
167,2026-01-04,60,58,2,227.53419799804686,924.4678506851196,synthetic
168,2026-01-04,60,60,0,195.92399414062498,544.9927787780762,synthetic
169,2026-01-04,60,58,2,377.806083984375,753.6999473571777,synthetic
170,2026-01-04,60,59,1,301.4824438476562,279.657751083374,synthetic
171,2026-01-04,60,60,0,351.91772644042965,187.12677717208862,synthetic
172,2026-01-04,60,60,0,323.2452758789062,476.120521068573,synthetic
173,2026-01-04,60,59,1,226.28326171875,121.20679092407227,synthetic
174,2026-01-04,60,59,1,102.6,74.68764781951904,synthetic
175,2026-01-04,60,60,0,250.79999999999998,407.4916925430298,synthetic
176,2026-01-04,60,58,2,137.92225341796876,22.782039642333984,synthetic
177,2026-01-04,60,60,0,302.2298693847656,564.9387307167053,synthetic
178,2026-01-04,60,60,0,75.24,484.2761287689209,synthetic
179,2026-01-04,60,60,0,446.13405761718747,227.04984760284424,synthetic
180,2026-01-04,60,58,2,519.1657543945312,537.1168813705444,synthetic
181,2026-01-04,60,58,2,275.88,287.5153753757477,synthetic
182,2026-01-04,60,60,0,455.2558703613281,471.097048997879,synthetic
183,2026-01-04,60,60,0,211.00409912109373,247.52094221115112,synthetic
184,2026-01-04,60,59,1,320.28806396484373,242.81274795532227,synthetic
185,2026-01-04,60,59,1,74.65815673828125,164.07899928092957,synthetic
186,2026-01-04,60,59,1,362.25086791992186,584.2708797454834,synthetic
187,2026-01-04,60,59,1,287.4,499.99515295028687,synthetic
188,2026-01-04,60,58,2,267.68479248046873,776.3734683990479,synthetic
189,2026-01-04,60,58,2,283.78742431640626,412.12097239494324,synthetic
190,2026-01-04,60,59,1,161.774765625,38.32166075706482,synthetic
191,2026-01-04,60,60,0,382.38936401367187,416.37433260679245,synthetic
192,2026-01-04,60,60,0,214.95949035644531,0.0,synthetic
193,2026-01-04,60,59,1,166.98033325195314,0.0,synthetic
194,2026-01-04,60,60,0,200.64,115.99365139007568,synthetic
195,2026-01-04,60,58,2,351.12,914.8704752922058,synthetic
196,2026-01-04,60,60,0,296.75108642578124,84.4693500995636,synthetic
197,2026-01-04,60,60,0,184.79999999999998,1240.857533454895,synthetic
198,2026-01-04,60,57,3,226.8528625488281,164.5006799697876,synthetic
199,2026-01-04,60,60,0,196.99619384765623,128.8926887512207,synthetic
001,2026-01-05,60,58,2,191.85009155273434,160.3756799697876,synthetic
002,2026-01-05,60,60,0,166.08581176757812,250.0987572669983,synthetic
003,2026-01-05,60,58,2,171.68757568359374,330.424551486969,synthetic
004,2026-01-05,60,59,1,195.56370849609374,0.0,synthetic
005,2026-01-05,60,59,1,290.8807763671875,13.2475004196167,synthetic
006,2026-01-05,60,59,1,391.43550292968746,39.238890647888184,synthetic
007,2026-01-05,60,59,1,180.03346435546874,11.74487018585205,synthetic
008,2026-01-05,60,58,2,346.0587854003906,73.76048946380615,synthetic
009,2026-01-05,60,59,1,197.24511474609375,290.4588575363159,synthetic
010,2026-01-05,60,60,0,326.439609375,102.93763899803162,synthetic
011,2026-01-05,60,60,0,271.76536376953123,498.4600133895874,synthetic
012,2026-01-05,60,59,1,158.59800292968748,137.47131824493408,synthetic
013,2026-01-05,60,60,0,96.62631591796874,270.9312720298767,synthetic
014,2026-01-05,60,57,3,345.79497436523434,176.113037109375,synthetic
015,2026-01-05,60,60,0,200.64,683.5075106620789,synthetic
016,2026-01-05,60,60,0,193.529501953125,146.73339939117432,synthetic
017,2026-01-05,60,58,2,276.1543084716797,228.46423053741455,synthetic
018,2026-01-05,60,60,0,200.64,656.4499015808105,synthetic
019,2026-01-05,60,59,1,269.246630859375,208.26380848884583,synthetic
020,2026-01-05,60,60,0,179.55167724609373,308.11901569366455,synthetic
021,2026-01-05,60,60,0,206.55295166015622,134.76691818237305,synthetic
022,2026-01-05,60,60,0,194.72602294921876,303.10413932800293,synthetic
023,2026-01-05,60,56,4,172.806328125,304.06659293174744,synthetic
024,2026-01-05,60,59,1,134.8153674316406,221.13592004776,synthetic
025,2026-01-05,60,60,0,271.99528198242183,0.0,synthetic
026,2026-01-05,60,59,1,313.78205566406245,291.2054500579834,synthetic
027,2026-01-05,60,57,3,210.116748046875,296.86725091934204,synthetic
028,2026-01-05,60,59,1,249.9033966064453,0.0,synthetic
029,2026-01-05,60,58,2,142.14093017578125,66.25741004943848,synthetic
030,2026-01-05,60,60,0,313.7480841064453,587.2545754909515,synthetic
031,2026-01-05,60,59,1,279.6916442871094,95.74536943435669,synthetic
032,2026-01-05,120,118,2,632.0825939941406,851.0323748588562,synthetic
033,2026-01-05,60,60,0,63.531687011718745,166.99811029434204,synthetic
034,2026-01-05,60,59,1,434.30543334960936,106.32483005523682,synthetic
035,2026-01-05,60,60,0,315.24749267578125,85.2698302268982,synthetic
036,2026-01-05,60,60,0,250.62904174804686,94.01111221313477,synthetic
037,2026-01-05,60,59,1,405.03530273437497,162.68225002288818,synthetic
038,2026-01-05,60,59,1,307.4448559570312,361.16013956069946,synthetic
039,2026-01-05,60,60,0,210.1048095703125,59.73864030838013,synthetic
040,2026-01-05,60,60,0,158.08512817382814,385.7358207702637,synthetic
041,2026-01-05,60,60,0,75.24,192.6174235343933,synthetic
042,2026-01-05,60,60,0,236.13289306640624,0.0,synthetic
043,2026-01-05,60,59,1,451.54460449218743,687.4420032501221,synthetic
044,2026-01-05,60,60,0,27.36,596.7248289585114,synthetic
045,2026-01-05,60,58,2,222.21510498046877,308.5872094631195,synthetic
046,2026-01-05,60,58,2,302.5661535644531,0.0,synthetic
047,2026-01-05,60,60,0,250.481279296875,203.15277671813965,synthetic
048,2026-01-05,60,60,0,250.79999999999998,256.36682176589966,synthetic
049,2026-01-05,60,58,2,246.46409179687498,110.73424887657166,synthetic
050,2026-01-05,60,58,2,396.5224072265625,334.4675269126892,synthetic
051,2026-01-05,60,60,0,317.8051885986328,221.37194347381592,synthetic
052,2026-01-05,60,59,1,387.43706542968744,193.75794219970703,synthetic
053,2026-01-05,60,59,1,191.46463623046873,103.22447276115417,synthetic
054,2026-01-05,60,58,2,316.86527343750004,77.07733058929443,synthetic
055,2026-01-05,60,60,0,275.88,135.09167051315308,synthetic
056,2026-01-05,60,59,1,225.71999999999997,385.18646240234375,synthetic
057,2026-01-05,60,57,3,310.4713293457031,80.15394163131714,synthetic
058,2026-01-05,60,59,1,74.67907470703125,11.157779693603516,synthetic
059,2026-01-05,60,60,0,413.2133056640625,267.1771402359009,synthetic
060,2026-01-05,60,60,0,62.448061523437495,0.0,synthetic
061,2026-01-05,60,60,0,330.01330810546875,221.72704029083252,synthetic
062,2026-01-05,60,60,0,236.49427917480466,94.15336990356445,synthetic
063,2026-01-05,60,60,0,190.399541015625,493.6546587944031,synthetic
064,2026-01-05,60,58,2,61.27350219726562,0.0,synthetic
065,2026-01-05,60,59,1,305.0060888671875,801.3236818313599,synthetic
066,2026-01-05,60,60,0,304.873505859375,119.55963134765625,synthetic
067,2026-01-05,60,58,2,218.4998565673828,379.72999000549316,synthetic
068,2026-01-05,60,60,0,348.2726220703125,65.92786026000977,synthetic
069,2026-01-05,60,58,2,121.47884033203124,336.38758277893066,synthetic
070,2026-01-05,60,60,0,75.24,182.6101791858673,synthetic
071,2026-01-05,60,58,2,358.40534912109376,417.2769181728363,synthetic
072,2026-01-05,60,58,2,150.48,347.4213261604309,synthetic
073,2026-01-05,60,60,0,298.55334228515625,589.3472983837128,synthetic
074,2026-01-05,60,60,0,188.1999462890625,147.7584924697876,synthetic
075,2026-01-05,60,60,0,155.0557434082031,67.2663516998291,synthetic
076,2026-01-05,60,60,0,287.4220422363281,603.2090425491333,synthetic
077,2026-01-05,60,60,0,150.48,382.2509832382202,synthetic
078,2026-01-05,60,60,0,200.64,413.4275336265564,synthetic
079,2026-01-05,60,59,1,340.59662109375,123.66657996177673,synthetic
080,2026-01-05,60,60,0,307.6909130859375,109.05927848815918,synthetic
081,2026-01-05,60,60,0,321.40281005859373,98.51526021957397,synthetic
082,2026-01-05,60,60,0,197.67844116210938,0.0,synthetic
083,2026-01-05,60,59,1,412.2000695800781,277.89453291893005,synthetic
084,2026-01-05,60,59,1,238.52418640136716,248.21007919311523,synthetic
085,2026-01-05,60,59,1,221.200546875,92.55897092819214,synthetic
086,2026-01-05,60,58,2,208.30557861328123,131.40520191192627,synthetic
087,2026-01-05,60,59,1,160.05145385742185,157.30028796195984,synthetic
088,2026-01-05,60,60,0,264.7243212890625,73.5784303843975,synthetic
089,2026-01-05,60,60,0,201.74724975585937,88.55992698669434,synthetic
090,2026-01-05,60,60,0,102.6,422.3668568134308,synthetic
091,2026-01-05,60,57,3,273.932666015625,172.21742117404938,synthetic
092,2026-01-05,60,58,2,297.7156127929688,20.25282983481884,synthetic
093,2026-01-05,60,60,0,199.92051635742186,88.96471881866455,synthetic
094,2026-01-05,60,57,3,253.0826385498047,39.161070346832275,synthetic
095,2026-01-05,60,58,2,154.36310302734375,418.85278940200806,synthetic
096,2026-01-05,60,60,0,340.18278442382814,0.0,synthetic
097,2026-01-05,60,59,1,166.63844238281249,274.320680141449,synthetic
098,2026-01-05,60,59,1,336.6372619628906,104.86938837170601,synthetic
099,2026-01-05,60,60,0,188.611201171875,699.4600954055786,synthetic
100,2026-01-05,60,60,0,171.95626831054688,26.55742049217224,synthetic
101,2026-01-05,60,58,2,244.90442138671875,109.42145943641663,synthetic
102,2026-01-05,60,59,1,22.018282470703124,293.3779411315918,synthetic
103,2026-01-05,60,59,1,396.4766821289062,58.90563893318176,synthetic
104,2026-01-05,60,60,0,215.30389892578123,210.88952112197876,synthetic
105,2026-01-05,60,58,2,136.01363891601562,98.53771638870239,synthetic
106,2026-01-05,60,58,2,160.9379150390625,0.0,synthetic
107,2026-01-05,60,60,0,27.36,17.384030163288116,synthetic
108,2026-01-05,60,60,0,375.70147338867184,980.0692100524902,synthetic
109,2026-01-05,60,60,0,252.13312866210936,287.0155601501465,synthetic
110,2026-01-05,60,58,2,233.897958984375,197.3834787607193,synthetic
111,2026-01-05,60,57,3,150.48,95.40680062770844,synthetic
112,2026-01-05,60,60,0,309.2260693359375,70.17871952056885,synthetic
113,2026-01-05,60,59,1,233.25800170898435,369.3761057853699,synthetic
114,2026-01-05,60,57,3,73.804130859375,336.03918266296387,synthetic
115,2026-01-05,60,59,1,183.66015014648437,27.130130767822266,synthetic
116,2026-01-05,60,60,0,143.86752319335938,0.0,synthetic
117,2026-01-05,60,59,1,333.87498779296874,241.00519943237305,synthetic
118,2026-01-05,60,57,3,388.749521484375,204.3951976299286,synthetic
119,2026-01-05,60,59,1,201.34061279296873,85.12407684326172,synthetic
120,2026-01-05,60,60,0,288.54683349609377,148.307373046875,synthetic
121,2026-01-05,60,59,1,125.39999999999999,256.36131954193115,synthetic
122,2026-01-05,60,59,1,263.83427490234374,461.0223979949951,synthetic
123,2026-01-05,60,58,2,77.52869567871093,0.0,synthetic
124,2026-01-05,60,59,1,128.49722900390623,0.0,synthetic
125,2026-01-05,60,57,3,299.7429766845703,133.83478927612305,synthetic
126,2026-01-05,60,59,1,343.207880859375,312.19380354881287,synthetic
127,2026-01-05,60,59,1,231.2816857910156,474.15466594696045,synthetic
128,2026-01-05,60,59,1,264.36164794921876,363.92867493629456,synthetic
129,2026-01-05,60,60,0,435.9690161132812,696.0053596496582,synthetic
130,2026-01-05,60,59,1,287.16494018554687,0.0,synthetic
131,2026-01-05,60,59,1,261.3559680175781,388.4032688140869,synthetic
132,2026-01-05,60,59,1,145.23075439453123,98.26948070526123,synthetic
133,2026-01-05,60,59,1,270.7219445800781,328.77172088623047,synthetic
134,2026-01-05,60,60,0,206.48423400878906,115.71068954467773,synthetic
135,2026-01-05,60,58,2,102.6,337.9123927736655,synthetic
136,2026-01-05,60,59,1,447.79713134765626,151.04802989959717,synthetic
137,2026-01-05,60,60,0,257.2231787109375,292.00188875198364,synthetic
138,2026-01-05,60,57,3,227.3069677734375,230.0651822090149,synthetic
139,2026-01-05,60,59,1,409.0257147216796,205.98694229125977,synthetic
140,2026-01-05,60,59,1,232.86127990722653,229.63011503219604,synthetic
141,2026-01-05,60,59,1,200.64,339.9212050437927,synthetic
142,2026-01-05,60,60,0,159.87594909667968,0.0,synthetic
143,2026-01-05,60,59,1,335.55824707031246,508.65569615364075,synthetic
144,2026-01-05,60,58,2,180.7802197265625,540.9018631577492,synthetic
145,2026-01-05,60,59,1,227.70065185546872,437.42395305633545,synthetic
146,2026-01-05,60,60,0,269.14008544921876,201.85265970230103,synthetic
147,2026-01-05,60,60,0,152.11953735351562,109.40277862548828,synthetic
148,2026-01-05,60,60,0,301.874912109375,250.97686290740967,synthetic
149,2026-01-05,60,60,0,122.40057495117188,471.19140625,synthetic
150,2026-01-05,60,59,1,86.52028564453124,241.05725479125977,synthetic
151,2026-01-05,60,60,0,199.76040527343747,235.5582799911499,synthetic
152,2026-01-05,60,58,2,226.01466064453123,21.339540481567383,synthetic
153,2026-01-05,60,60,0,388.92521484375,349.24701023101807,synthetic
154,2026-01-05,60,57,3,421.6600341796875,661.4339102506638,synthetic
155,2026-01-05,60,59,1,235.59929443359374,69.28235125541687,synthetic
156,2026-01-05,60,59,1,240.69269531249998,131.0227131843567,synthetic
157,2026-01-05,60,60,0,240.27075073242187,0.0,synthetic
158,2026-01-05,60,60,0,151.41232910156248,71.06281089782715,synthetic
159,2026-01-05,60,60,0,319.6594775390625,40.41211009025574,synthetic
160,2026-01-05,60,59,1,282.87566162109374,350.76147270202637,synthetic
161,2026-01-05,60,59,1,266.1532287597656,115.35656929016113,synthetic
162,2026-01-05,60,60,0,298.45643554687496,262.28406631946564,synthetic
163,2026-01-05,60,59,1,258.704150390625,103.89654922485352,synthetic
164,2026-01-05,60,57,3,231.53070190429685,0.0,synthetic
165,2026-01-05,60,60,0,336.87687011718754,35.984859466552734,synthetic
166,2026-01-05,60,60,0,254.26640258789064,71.88689827919006,synthetic
167,2026-01-05,60,60,0,295.67999999999995,711.1361789703369,synthetic
168,2026-01-05,60,60,0,330.8584423828125,153.14116954803467,synthetic
169,2026-01-05,60,59,1,373.3442395019531,459.89403438568115,synthetic
170,2026-01-05,60,60,0,69.35365722656249,10.683180347084999,synthetic
171,2026-01-05,60,57,3,0.0,0.0,synthetic
172,2026-01-05,60,59,1,239.5558959960937,202.30004119873047,synthetic
173,2026-01-05,60,60,0,316.29740478515623,60.755428075790405,synthetic
174,2026-01-05,60,60,0,212.42756835937502,113.0899583697319,synthetic
175,2026-01-05,60,60,0,170.03557983398437,107.23462295532227,synthetic
176,2026-01-05,60,59,1,273.02690551757814,287.92602014541626,synthetic
177,2026-01-05,60,60,0,75.24,257.61470317840576,synthetic
178,2026-01-05,60,59,1,252.51912597656252,229.4998071193695,synthetic
179,2026-01-05,60,60,0,200.0995458984375,0.0,synthetic
180,2026-01-05,60,58,2,483.49542480468745,128.31006050109863,synthetic
181,2026-01-05,60,59,1,267.7097644042969,170.1778450012207,synthetic
182,2026-01-05,60,60,0,273.26472656249996,6.841489791870117,synthetic
183,2026-01-05,60,59,1,232.96762207031253,343.5617046356201,synthetic
184,2026-01-05,60,58,2,95.27111389160157,116.010009765625,synthetic
185,2026-01-05,60,58,2,189.8630419921875,344.3752450942993,synthetic
186,2026-01-05,60,59,1,226.51727783203125,658.3723139762878,synthetic
187,2026-01-05,60,58,2,250.80374999999998,193.5189332962036,synthetic
188,2026-01-05,60,57,3,206.70684814453125,86.17390036582947,synthetic
189,2026-01-05,60,60,0,189.23635986328122,547.9672778844833,synthetic
190,2026-01-05,60,60,0,198.21101440429686,0.0,synthetic
191,2026-01-05,60,59,1,124.57985961914062,721.828497171402,synthetic
192,2026-01-05,60,60,0,222.03778564453125,108.96886920928955,synthetic
193,2026-01-05,60,60,0,319.12489746093746,0.0,synthetic
194,2026-01-05,60,60,0,211.79618408203126,174.88611888885498,synthetic
195,2026-01-05,60,60,0,388.8508447265625,444.1161398887634,synthetic
196,2026-01-05,60,59,1,249.29972534179683,0.0,synthetic
197,2026-01-05,60,60,0,591.0708471679687,482.28284454345703,synthetic
198,2026-01-05,60,60,0,84.65307861328125,0.0,synthetic
199,2026-01-05,60,60,0,267.8366967773437,0.0,synthetic
001,2026-01-06,60,59,1,149.88988037109374,203.58562898635864,synthetic
002,2026-01-06,60,60,0,275.88,210.11412906646729,synthetic
003,2026-01-06,60,59,1,314.7235217285156,78.42370080947876,synthetic
004,2026-01-06,60,60,0,225.42515991210936,436.0155143737793,synthetic
005,2026-01-06,60,58,2,73.84271484375,639.8186678886414,synthetic
006,2026-01-06,60,59,1,71.26486816406249,0.0,synthetic
007,2026-01-06,60,58,2,225.71999999999997,323.07047805190086,synthetic
008,2026-01-06,60,59,1,74.97974853515625,0.0,synthetic
009,2026-01-06,60,60,0,172.93739501953124,163.06396007537842,synthetic
010,2026-01-06,60,58,2,125.39999999999999,91.4250111579895,synthetic
011,2026-01-06,60,60,0,438.66917724609374,153.51473200321198,synthetic
012,2026-01-06,60,59,1,149.682802734375,118.13658857345581,synthetic
013,2026-01-06,60,59,1,291.6336767578125,260.87067890167236,synthetic
014,2026-01-06,60,57,3,225.63654052734375,1057.0999109745026,synthetic
015,2026-01-06,60,59,1,475.94524658203125,185.61180973052979,synthetic
016,2026-01-06,60,60,0,398.0434423828125,459.4624079465866,synthetic
017,2026-01-06,60,60,0,63.21667236328125,23.816229820251465,synthetic
018,2026-01-06,60,59,1,337.51177001953124,496.33142471313477,synthetic
019,2026-01-06,60,59,1,150.48,212.3649263381958,synthetic
020,2026-01-06,60,59,1,251.516953125,190.85967636108398,synthetic
021,2026-01-06,60,59,1,258.2768298339844,227.22192001342773,synthetic
022,2026-01-06,60,58,2,376.99385742187496,336.0817804336548,synthetic
023,2026-01-06,60,60,0,466.1455151367187,388.8416805267334,synthetic
024,2026-01-06,60,58,2,200.64,158.83864068984985,synthetic
025,2026-01-06,60,59,1,117.71408203125,0.0,synthetic
026,2026-01-06,60,58,2,291.50301269531246,534.9296379089355,synthetic
027,2026-01-06,60,60,0,297.1584375,139.2612795829773,synthetic
028,2026-01-06,60,59,1,203.10452087402342,125.05846786499023,synthetic
029,2026-01-06,60,59,1,294.83832275390625,487.58079409599304,synthetic
030,2026-01-06,60,60,0,101.66940490722655,108.43882179260254,synthetic
031,2026-01-06,60,57,3,200.64,265.86547660827637,synthetic
032,2026-01-06,120,120,0,365.02190185546874,573.5344734191895,synthetic
033,2026-01-06,60,59,1,308.4231811523437,116.86628246307373,synthetic
034,2026-01-06,60,60,0,325.19419921875,375.27545166015625,synthetic
035,2026-01-06,60,60,0,69.78107666015624,0.0,synthetic
036,2026-01-06,60,60,0,245.71023193359372,124.18109099566936,synthetic
037,2026-01-06,60,60,0,27.36,306.57400131225586,synthetic
038,2026-01-06,60,60,0,366.7950732421875,184.92541885375977,synthetic
039,2026-01-06,60,59,1,280.029287109375,158.92626762390137,synthetic
040,2026-01-06,60,59,1,225.71999999999997,441.54968309402466,synthetic
041,2026-01-06,60,60,0,249.4065399169922,531.135308265686,synthetic
042,2026-01-06,60,59,1,72.1018505859375,54.87285804748535,synthetic
043,2026-01-06,60,58,2,233.927109375,134.83581161499023,synthetic
044,2026-01-06,60,60,0,365.3906359863281,284.69500255584717,synthetic
045,2026-01-06,60,59,1,160.34854980468748,69.67268002033234,synthetic
046,2026-01-06,60,59,1,68.96962646484374,0.0,synthetic
047,2026-01-06,60,58,2,153.43461547851564,160.84356117248535,synthetic
048,2026-01-06,60,59,1,371.30108642578125,286.12617015838623,synthetic
049,2026-01-06,60,59,1,244.06495971679686,484.7211871147156,synthetic
050,2026-01-06,60,60,0,233.12350708007813,1022.0116109848022,synthetic
051,2026-01-06,60,60,0,96.4516845703125,452.1589376926422,synthetic
052,2026-01-06,60,60,0,293.7428173828125,70.22254085540771,synthetic
053,2026-01-06,60,59,1,200.64,226.60473680496216,synthetic
054,2026-01-06,60,58,2,183.9039990234375,171.31904315948486,synthetic
055,2026-01-06,60,60,0,75.24,253.68542230129242,synthetic
056,2026-01-06,60,59,1,144.13232666015625,665.4466688632965,synthetic
057,2026-01-06,60,60,0,34.6943115234375,204.99744415283203,synthetic
058,2026-01-06,60,59,1,233.38478942871092,118.64061737060547,synthetic
059,2026-01-06,60,60,0,0.0,379.8140335083008,synthetic
060,2026-01-06,60,60,0,310.4692016601562,41.913140416145325,synthetic
061,2026-01-06,60,60,0,198.65219970703126,140.13262748718262,synthetic
062,2026-01-06,60,59,1,141.80588378906248,163.84533643722534,synthetic
063,2026-01-06,60,60,0,227.3726806640625,173.43253636360168,synthetic
064,2026-01-06,60,60,0,254.59621215820312,9.31780993938446,synthetic
065,2026-01-06,60,59,1,320.03302734374995,285.73749923706055,synthetic
066,2026-01-06,60,60,0,173.1235217285156,659.6417946815491,synthetic
067,2026-01-06,60,60,0,226.26333618164062,259.5873918533325,synthetic
068,2026-01-06,60,60,0,61.6489306640625,72.42554092407227,synthetic
069,2026-01-06,60,57,3,339.63535400390623,93.3029191493988,synthetic
070,2026-01-06,60,59,1,269.83995849609374,156.95645660161972,synthetic
071,2026-01-06,60,60,0,145.39857421874999,55.2905912399292,synthetic
072,2026-01-06,60,58,2,272.711279296875,231.15663123130798,synthetic
073,2026-01-06,60,60,0,363.6845434570312,320.41051864624023,synthetic
074,2026-01-06,60,59,1,214.05066650390626,37.0412700176239,synthetic
075,2026-01-06,60,60,0,95.08633850097655,55.26626014709473,synthetic
076,2026-01-06,60,60,0,200.64,211.10010170936584,synthetic
077,2026-01-06,60,58,2,307.1546008300781,533.2572236061096,synthetic
078,2026-01-06,60,59,1,238.37727905273437,461.10719203948975,synthetic
079,2026-01-06,60,59,1,11.527530212402343,225.9124674797058,synthetic
080,2026-01-06,60,59,1,113.876015625,206.2796111702919,synthetic
081,2026-01-06,60,59,1,143.46984375,52.197139620780945,synthetic
082,2026-01-06,60,57,3,148.92387451171874,8.370420455932617,synthetic
083,2026-01-06,60,57,3,111.16427490234375,309.93200492858887,synthetic
084,2026-01-06,60,60,0,179.57742553710938,128.37450885772705,synthetic
085,2026-01-06,60,58,2,27.36,16.4930499792099,synthetic
086,2026-01-06,60,59,1,178.98082031250001,115.56445121765137,synthetic
087,2026-01-06,60,59,1,128.64383422851563,489.8999237418175,synthetic
088,2026-01-06,60,59,1,191.95215454101563,52.71380043029785,synthetic
089,2026-01-06,60,59,1,516.3585498046875,533.5688452720642,synthetic
090,2026-01-06,60,58,2,150.48,676.9874765872955,synthetic
091,2026-01-06,60,60,0,230.91437255859375,160.70872727036476,synthetic
092,2026-01-06,60,59,1,0.0,0.0,synthetic
093,2026-01-06,60,56,4,338.00482177734375,489.2948567867279,synthetic
094,2026-01-06,60,60,0,47.89833984375,236.80944061279297,synthetic
095,2026-01-06,60,60,0,250.79999999999998,340.1656939983368,synthetic
096,2026-01-06,60,60,0,0.0,0.0,synthetic
097,2026-01-06,60,59,1,101.48652282714843,49.19964027404785,synthetic
098,2026-01-06,60,60,0,234.67499999999998,129.6994595527649,synthetic
099,2026-01-06,60,59,1,475.73109374999996,514.0128254890442,synthetic
100,2026-01-06,60,59,1,152.76,56.436919927597046,synthetic
101,2026-01-06,60,59,1,118.7405859375,156.1883800625801,synthetic
102,2026-01-06,60,58,2,471.19287414550774,397.6178574562073,synthetic
103,2026-01-06,60,58,2,0.0,0.0,synthetic
104,2026-01-06,60,58,2,333.99561767578126,63.45757055282593,synthetic
105,2026-01-06,60,57,3,217.30591552734376,89.01502108573914,synthetic
106,2026-01-06,60,60,0,431.8525305175781,0.0,synthetic
107,2026-01-06,60,58,2,344.8506994628906,53.63176989555359,synthetic
108,2026-01-06,60,58,2,414.8476684570312,573.2775821685791,synthetic
109,2026-01-06,60,60,0,166.03317260742188,330.061146736145,synthetic
110,2026-01-06,60,60,0,157.65743041992187,163.01586985588074,synthetic
111,2026-01-06,60,59,1,222.25353515624997,62.08379936218262,synthetic
112,2026-01-06,60,59,1,124.9111962890625,469.3822011947632,synthetic
113,2026-01-06,60,59,1,245.646796875,271.2424623966217,synthetic
114,2026-01-06,60,60,0,217.56303955078124,1092.9490218162537,synthetic
115,2026-01-06,60,60,0,500.9774487304687,45.7843017578125,synthetic
116,2026-01-06,60,60,0,270.8382257080078,0.0,synthetic
117,2026-01-06,60,59,1,312.7847021484375,80.96668243408203,synthetic
118,2026-01-06,60,59,1,311.64752929687495,399.8533983230591,synthetic
119,2026-01-06,60,58,2,98.52673278808592,233.13472366333008,synthetic
120,2026-01-06,60,57,3,200.64,62.48168992996216,synthetic
121,2026-01-06,60,58,2,465.03818847656254,271.76716661453247,synthetic
122,2026-01-06,60,60,0,192.77471923828125,321.78436183929443,synthetic
123,2026-01-06,60,59,1,308.2723461914062,21.356199264526367,synthetic
124,2026-01-06,60,57,3,246.27684814453124,108.73985958099365,synthetic
125,2026-01-06,60,60,0,89.3211767578125,55.98486006259918,synthetic
126,2026-01-06,60,59,1,26.07204345703125,296.05059814453125,synthetic
127,2026-01-06,60,60,0,150.48,389.7271206378937,synthetic
128,2026-01-06,60,59,1,359.9678137207031,266.2425956726074,synthetic
129,2026-01-06,60,60,0,250.08553710937497,155.77112197875977,synthetic
130,2026-01-06,60,60,0,125.39999999999999,142.6298792362213,synthetic
131,2026-01-06,60,60,0,326.3149621582031,197.91937923431396,synthetic
132,2026-01-06,60,60,0,314.078671875,105.65112781524658,synthetic
133,2026-01-06,60,60,0,125.39999999999999,842.567578792572,synthetic
134,2026-01-06,60,60,0,165.13290435791015,150.87383842468262,synthetic
135,2026-01-06,60,59,1,298.6448712158203,296.8684768676758,synthetic
136,2026-01-06,60,59,1,0.0,12.5314302444458,synthetic
137,2026-01-06,60,60,0,75.24,94.37988948822021,synthetic
138,2026-01-06,60,58,2,120.20552673339843,48.2645902633667,synthetic
139,2026-01-06,60,60,0,175.893662109375,60.38890862464905,synthetic
140,2026-01-06,60,60,0,256.8267626953125,24.667759835720062,synthetic
141,2026-01-06,60,59,1,335.5690539550781,130.45116898417473,synthetic
142,2026-01-06,60,60,0,104.44693359374999,0.0,synthetic
143,2026-01-06,60,60,0,180.46978271484375,289.63573455810547,synthetic
144,2026-01-06,60,60,0,228.0,767.3704624921083,synthetic
145,2026-01-06,60,59,1,251.94279235839844,350.81432914733887,synthetic
146,2026-01-06,60,59,1,216.74861572265627,66.48150634765625,synthetic
147,2026-01-06,60,60,0,171.35080810546876,214.8185329437256,synthetic
148,2026-01-06,60,58,2,303.3226025390625,81.15581822395325,synthetic
149,2026-01-06,60,59,1,320.9303466796875,663.3361866474152,synthetic
150,2026-01-06,60,59,1,327.50895263671873,132.07357931137085,synthetic
151,2026-01-06,60,59,1,150.48,301.76399421691895,synthetic
152,2026-01-06,60,56,4,257.183935546875,234.16473770141602,synthetic
153,2026-01-06,60,58,2,298.439853515625,309.91569805145264,synthetic
154,2026-01-06,60,59,1,232.15471435546874,710.2675647735596,synthetic
155,2026-01-06,60,59,1,305.18438232421875,162.2949286699295,synthetic
156,2026-01-06,60,58,2,110.88,389.3648724555969,synthetic
157,2026-01-06,60,60,0,116.46416748046875,103.63817977905273,synthetic
158,2026-01-06,60,59,1,216.46506591796873,329.8288006782532,synthetic
159,2026-01-06,60,59,1,125.39999999999999,250.944580078125,synthetic
160,2026-01-06,60,58,2,241.47238769531248,271.50562286376953,synthetic
161,2026-01-06,60,60,0,64.1164599609375,73.09387874603271,synthetic
162,2026-01-06,60,55,5,219.4567236328125,519.7191181182861,synthetic
163,2026-01-06,60,58,2,138.44908447265624,47.81683969497681,synthetic
164,2026-01-06,60,60,0,157.29739929199218,10.73717975616455,synthetic
165,2026-01-06,60,59,1,125.39999999999999,224.81580352783203,synthetic
166,2026-01-06,60,60,0,293.7731030273437,170.9097194671631,synthetic
167,2026-01-06,60,58,2,520.7582080078125,758.5090987682343,synthetic
168,2026-01-06,60,59,1,107.51056640624999,29.858889394439757,synthetic
169,2026-01-06,60,59,1,320.79950683593745,973.2448709011078,synthetic
170,2026-01-06,60,59,1,303.24,363.1996021270752,synthetic
171,2026-01-06,60,57,3,345.07875,30.571319460868835,synthetic
172,2026-01-06,60,59,1,241.37066162109375,195.8853497505188,synthetic
173,2026-01-06,60,60,0,326.89979736328127,100.37694835662842,synthetic
174,2026-01-06,60,58,2,156.85297851562498,72.14571857452393,synthetic
175,2026-01-06,60,58,2,246.54487060546873,130.98169612884521,synthetic
176,2026-01-06,60,60,0,133.50682983398437,82.91344976425171,synthetic
177,2026-01-06,60,58,2,294.94986328125003,392.76809549331665,synthetic
178,2026-01-06,60,60,0,197.23246582031248,21.801029205322266,synthetic
179,2026-01-06,60,59,1,338.8006274414062,107.92333889007568,synthetic
180,2026-01-06,60,60,0,302.8161364746094,268.91197967529297,synthetic
181,2026-01-06,60,60,0,247.62423339843753,0.0,synthetic
182,2026-01-06,60,59,1,382.1561279296875,273.44091391563416,synthetic
183,2026-01-06,60,59,1,150.48,146.17840003967285,synthetic
184,2026-01-06,60,60,0,324.70699218749996,193.6052188873291,synthetic
185,2026-01-06,60,59,1,81.49328430175781,303.95287132263184,synthetic
186,2026-01-06,60,59,1,247.06735839843748,598.7432868480682,synthetic
187,2026-01-06,60,58,2,148.38150878906248,254.4683180451393,synthetic
188,2026-01-06,60,59,1,250.59693237304685,236.46579837799072,synthetic
189,2026-01-06,60,59,1,262.0809814453125,107.42852073907852,synthetic
190,2026-01-06,60,59,1,98.50378051757812,0.0,synthetic
191,2026-01-06,60,60,0,385.43999999999994,887.9882645606995,synthetic
192,2026-01-06,60,58,2,306.24640502929685,53.98486042022705,synthetic
193,2026-01-06,60,59,1,60.1732763671875,0.0,synthetic
194,2026-01-06,60,59,1,190.07065429687498,52.875980377197266,synthetic
195,2026-01-06,60,59,1,330.92329467773436,315.8023006916046,synthetic
196,2026-01-06,60,60,0,140.8242041015625,0.0,synthetic
197,2026-01-06,60,60,0,117.61077392578125,393.6365976333618,synthetic
198,2026-01-06,60,60,0,140.53219757080078,203.12218952178955,synthetic
199,2026-01-06,60,60,0,200.64,306.57115745544434,synthetic
001,2026-01-07,60,60,0,202.52535644531247,156.5701298713684,synthetic
002,2026-01-07,60,59,1,233.02824462890624,88.51038026809692,synthetic
003,2026-01-07,60,60,0,176.13108398437498,62.49342060089111,synthetic
004,2026-01-07,60,60,0,303.6170288085937,304.5429697036743,synthetic
005,2026-01-07,60,59,1,276.57049072265625,388.6133370399475,synthetic
006,2026-01-07,60,59,1,305.59979736328125,126.72686958312988,synthetic
007,2026-01-07,60,60,0,189.886787109375,133.84288501739502,synthetic
008,2026-01-07,60,59,1,325.35752197265623,0.0,synthetic
009,2026-01-07,60,60,0,200.64,74.99352073669434,synthetic
010,2026-01-07,60,57,3,298.71798339843747,188.424462556839,synthetic
011,2026-01-07,60,60,0,304.6822009277344,586.180778503418,synthetic
012,2026-01-07,60,58,2,233.42209716796876,80.45857185125351,synthetic
013,2026-01-07,60,60,0,154.91902404785156,153.17164278030396,synthetic
014,2026-01-07,60,58,2,330.78796142578125,245.94941186904907,synthetic
015,2026-01-07,60,57,3,187.13956787109373,114.46008130908012,synthetic
016,2026-01-07,60,60,0,200.39810302734372,255.99805116653442,synthetic
017,2026-01-07,60,59,1,228.0,404.95910000801086,synthetic
018,2026-01-07,60,59,1,196.59800537109373,502.3546199798584,synthetic
019,2026-01-07,60,56,4,315.5573620605469,40.432679653167725,synthetic
020,2026-01-07,60,60,0,194.42843994140622,256.40210342407227,synthetic
021,2026-01-07,60,60,0,140.67157470703125,191.8872833251953,synthetic
022,2026-01-07,60,57,3,263.12337158203127,327.09918689727783,synthetic
023,2026-01-07,60,57,3,169.87449462890623,45.70648002624512,synthetic
024,2026-01-07,60,60,0,221.0446765136719,73.99801921844482,synthetic
025,2026-01-07,60,60,0,342.66266601562495,34.835329413414,synthetic
026,2026-01-07,60,56,4,287.247568359375,450.4907159805298,synthetic
027,2026-01-07,60,59,1,125.39999999999999,196.59667921066284,synthetic
028,2026-01-07,60,58,2,215.4834814453125,250.37749981880188,synthetic
029,2026-01-07,60,60,0,180.72769409179688,703.1047029495239,synthetic
030,2026-01-07,60,56,4,405.10221679687504,81.16117000579834,synthetic
031,2026-01-07,60,60,0,292.866328125,179.70399379730225,synthetic
032,2026-01-07,120,114,6,626.2363879394532,629.7843828201294,synthetic
033,2026-01-07,60,60,0,49.165206298828124,256.49585247039795,synthetic
034,2026-01-07,60,56,4,419.3106591796875,128.4669092297554,synthetic
035,2026-01-07,60,59,1,292.94120361328123,0.06744000315666199,synthetic
036,2026-01-07,60,60,0,263.2178759765625,305.33452820777893,synthetic
037,2026-01-07,60,59,1,425.5562915039062,383.0760397911072,synthetic
038,2026-01-07,60,59,1,179.757744140625,383.75561714172363,synthetic
039,2026-01-07,60,60,0,197.63715087890625,0.0,synthetic
040,2026-01-07,60,60,0,122.51858642578125,1155.0231256484985,synthetic
041,2026-01-07,60,60,0,150.48,98.5385799407959,synthetic
042,2026-01-07,60,60,0,178.28187744140624,196.1520482301712,synthetic
043,2026-01-07,60,60,0,376.2,259.93555212020874,synthetic
044,2026-01-07,60,60,0,118.982490234375,71.8355484008789,synthetic
045,2026-01-07,60,60,0,231.06784240722652,109.0803804397583,synthetic
046,2026-01-07,60,60,0,263.7758532714844,0.0,synthetic
047,2026-01-07,60,58,2,150.48,563.4434690475464,synthetic
048,2026-01-07,60,58,2,204.25894775390623,93.32866859436035,synthetic
049,2026-01-07,60,59,1,278.5937768554687,226.28886890411377,synthetic
050,2026-01-07,60,59,1,384.5525610351562,471.1983575820923,synthetic
051,2026-01-07,60,59,1,347.7965130615234,334.4948664903641,synthetic
052,2026-01-07,60,59,1,459.21076171874995,155.27843570709229,synthetic
053,2026-01-07,60,59,1,178.92990234374997,90.67126846313477,synthetic
054,2026-01-07,60,60,0,303.9670458984375,372.9752140045166,synthetic
055,2026-01-07,60,59,1,251.70466552734376,162.10207891464233,synthetic
056,2026-01-07,60,57,3,349.81773193359373,491.023056268692,synthetic
057,2026-01-07,60,58,2,337.79305664062497,193.09069442749023,synthetic
058,2026-01-07,60,60,0,63.584150390625,0.0,synthetic
059,2026-01-07,60,60,0,408.18385253906246,344.6831685304642,synthetic
060,2026-01-07,60,58,2,52.6795166015625,0.0,synthetic
061,2026-01-07,60,60,0,275.3674365234375,73.8077392578125,synthetic
062,2026-01-07,60,59,1,154.9514483642578,389.52876329421997,synthetic
063,2026-01-07,60,60,0,190.31867431640626,127.43767166137695,synthetic
064,2026-01-07,60,59,1,49.17476440429687,0.0,synthetic
065,2026-01-07,60,60,0,316.2837890625,344.5141041278839,synthetic
066,2026-01-07,60,59,1,391.2763513183594,266.4766893386841,synthetic
067,2026-01-07,60,60,0,202.94001708984374,177.9780352115631,synthetic
068,2026-01-07,60,59,1,363.29893798828124,77.40564155578613,synthetic
069,2026-01-07,60,60,0,103.08021240234375,0.0,synthetic
070,2026-01-07,60,59,1,110.1449560546875,220.3414340019226,synthetic
071,2026-01-07,60,60,0,326.03999999999996,546.9964343309402,synthetic
072,2026-01-07,60,59,1,275.88,271.28973388671875,synthetic
073,2026-01-07,60,59,1,200.64,770.9211151003838,synthetic
074,2026-01-07,60,60,0,170.39090881347656,96.1004638671875,synthetic
075,2026-01-07,60,60,0,154.67599365234372,36.71659016609192,synthetic
076,2026-01-07,60,60,0,326.2094641113281,699.1163263320923,synthetic
077,2026-01-07,60,60,0,150.48,334.4537296295166,synthetic
078,2026-01-07,60,60,0,200.64,274.412957906723,synthetic
079,2026-01-07,60,59,1,284.9634814453125,395.65085768699646,synthetic
080,2026-01-07,60,60,0,237.30344970703123,158.69031834602356,synthetic
081,2026-01-07,60,60,0,156.73215454101563,284.1278085708618,synthetic
082,2026-01-07,60,60,0,190.91299438476562,20.3181791305542,synthetic
083,2026-01-07,60,60,0,315.64979736328127,424.01389837265015,synthetic
084,2026-01-07,60,59,1,224.81017822265625,212.28247261047363,synthetic
085,2026-01-07,60,58,2,232.47523864746094,0.0,synthetic
086,2026-01-07,60,58,2,254.3720068359375,104.612548828125,synthetic
087,2026-01-07,60,59,1,168.98294494628905,367.12267875671387,synthetic
088,2026-01-07,60,58,2,214.85058471679685,130.6591796875,synthetic
089,2026-01-07,60,59,1,125.39999999999999,332.86181434988976,synthetic
090,2026-01-07,60,58,2,159.79506958007812,461.6098756790161,synthetic
091,2026-01-07,60,59,1,271.06733276367186,96.64404678344727,synthetic
092,2026-01-07,60,60,0,189.78038635253907,99.93750190734863,synthetic
093,2026-01-07,60,60,0,226.93086181640626,205.2169885635376,synthetic
094,2026-01-07,60,59,1,292.78081604003904,126.31158065795898,synthetic
095,2026-01-07,60,58,2,204.40938354492187,78.90972995758057,synthetic
096,2026-01-07,60,59,1,339.5802282714844,0.0,synthetic
097,2026-01-07,60,60,0,199.3765100097656,12.3433198928833,synthetic
098,2026-01-07,60,60,0,410.7467358398437,337.2305495738983,synthetic
099,2026-01-07,60,59,1,183.26010864257813,615.7547588348389,synthetic
100,2026-01-07,60,59,1,135.75192260742188,0.0,synthetic
101,2026-01-07,60,60,0,200.64,237.71232891082764,synthetic
102,2026-01-07,60,60,0,117.36551513671874,0.0,synthetic
103,2026-01-07,60,60,0,406.71866821289063,84.38367080688477,synthetic
104,2026-01-07,60,60,0,197.57997436523436,125.26361775398254,synthetic
105,2026-01-07,60,59,1,150.48,47.17767000198364,synthetic
106,2026-01-07,60,59,1,226.65451904296873,392.64062118530273,synthetic
107,2026-01-07,60,60,0,22.314362182617188,192.56725311279297,synthetic
108,2026-01-07,60,59,1,376.2,1076.2830284833908,synthetic
109,2026-01-07,60,60,0,345.69692871093747,320.8767247200012,synthetic
110,2026-01-07,60,60,0,318.60099609375,347.4103322029114,synthetic
111,2026-01-07,60,60,0,131.99744018554688,144.3951416015625,synthetic
112,2026-01-07,60,60,0,203.61819580078125,934.4249229431152,synthetic
113,2026-01-07,60,60,0,253.07999999999998,274.31425404548645,synthetic
114,2026-01-07,60,60,0,195.609375,282.64372730255127,synthetic
115,2026-01-07,60,60,0,60.113935546875,249.97192478179932,synthetic
116,2026-01-07,60,59,1,43.65528442382812,200.88841915130615,synthetic
117,2026-01-07,60,60,0,256.1405310058594,396.90710186958313,synthetic
118,2026-01-07,60,59,1,243.18175048828124,349.3370282649994,synthetic
119,2026-01-07,60,60,0,134.45438232421876,97.91565990447998,synthetic
120,2026-01-07,60,58,2,275.43920654296875,22.540769577026367,synthetic
121,2026-01-07,60,59,1,113.70599853515624,214.5820291042328,synthetic
122,2026-01-07,60,59,1,415.615693359375,157.5387709736824,synthetic
123,2026-01-07,60,58,2,68.68906677246093,0.0,synthetic
124,2026-01-07,60,60,0,123.14849853515625,22.01111078262329,synthetic
125,2026-01-07,60,60,0,333.8257434082031,146.858668923378,synthetic
126,2026-01-07,60,59,1,373.8480688476563,320.0572109222412,synthetic
127,2026-01-07,60,59,1,229.98419677734375,344.7319459915161,synthetic
128,2026-01-07,60,60,0,149.95521972656252,847.7018013000488,synthetic
129,2026-01-07,60,60,0,344.11988525390626,173.27131032943726,synthetic
130,2026-01-07,60,60,0,280.0957983398438,0.0,synthetic
131,2026-01-07,60,59,1,200.64,72.27948951721191,synthetic
132,2026-01-07,60,59,1,246.46815673828127,24.89586901664734,synthetic
133,2026-01-07,60,59,1,320.7449588012695,226.8043179512024,synthetic
134,2026-01-07,60,60,0,360.3229943847656,50.07683849334717,synthetic
135,2026-01-07,60,60,0,102.15121765136718,288.774432182312,synthetic
136,2026-01-07,60,60,0,426.7687573242187,134.1390995979309,synthetic
137,2026-01-07,60,57,3,214.6690246582031,49.3638391494751,synthetic
138,2026-01-07,60,57,3,169.9561083984375,43.37658929824829,synthetic
139,2026-01-07,60,60,0,342.84808593749995,224.0461003780365,synthetic
140,2026-01-07,60,60,0,129.91226257324217,151.11360955238342,synthetic
141,2026-01-07,60,58,2,125.39999999999999,116.9576997756958,synthetic
142,2026-01-07,60,59,1,157.65681884765624,0.0,synthetic
143,2026-01-07,60,60,0,430.89195556640624,59.582279205322266,synthetic
144,2026-01-07,60,60,0,200.64,673.7219257354736,synthetic
145,2026-01-07,60,58,2,240.63773437499998,234.28399634361267,synthetic
146,2026-01-07,60,60,0,150.48,126.65228748321533,synthetic
147,2026-01-07,60,59,1,102.6,146.24565148353577,synthetic
148,2026-01-07,60,59,1,97.2125390625,381.8354685306549,synthetic
149,2026-01-07,60,59,1,142.706923828125,766.2408924102783,synthetic
150,2026-01-07,60,60,0,125.39999999999999,146.21075963974,synthetic
151,2026-01-07,60,59,1,261.682060546875,230.58251667022705,synthetic
152,2026-01-07,60,59,1,255.39188964843748,345.5916061401367,synthetic
153,2026-01-07,60,58,2,364.68369873046873,323.38946628570557,synthetic
154,2026-01-07,60,60,0,195.44033203125,455.5735412836075,synthetic
155,2026-01-07,60,60,0,144.31431884765624,221.68382835388184,synthetic
156,2026-01-07,60,60,0,283.35027465820315,175.98581743240356,synthetic
157,2026-01-07,60,59,1,238.21818603515624,162.94885540008545,synthetic
158,2026-01-07,60,60,0,173.67919189453124,170.0400390625,synthetic
159,2026-01-07,60,59,1,350.375830078125,248.00482845306396,synthetic
160,2026-01-07,60,59,1,199.4624560546875,214.12732028961182,synthetic
161,2026-01-07,60,60,0,279.42615234375,135.363951921463,synthetic
162,2026-01-07,60,60,0,449.2991967773437,327.1700391769409,synthetic
163,2026-01-07,60,60,0,236.8233544921875,113.90760040283203,synthetic
164,2026-01-07,60,60,0,220.2680712890625,0.0,synthetic
165,2026-01-07,60,58,2,345.62111206054686,105.83472061157227,synthetic
166,2026-01-07,60,60,0,319.0621472167969,121.85570955276489,synthetic
167,2026-01-07,60,58,2,371.283193359375,209.54925155639648,synthetic
168,2026-01-07,60,60,0,301.73278564453125,206.9334135055542,synthetic
169,2026-01-07,60,57,3,326.03999999999996,567.7911248207092,synthetic
170,2026-01-07,60,60,0,69.95779541015625,181.8420205116272,synthetic
171,2026-01-07,60,59,1,0.0,107.93972969055176,synthetic
172,2026-01-07,60,59,1,305.5018469238281,235.4779074192047,synthetic
173,2026-01-07,60,58,2,165.85878662109374,85.54198837280273,synthetic
174,2026-01-07,60,60,0,251.04540161132812,64.96489834785461,synthetic
175,2026-01-07,60,60,0,271.94533447265627,204.0245337486267,synthetic
176,2026-01-07,60,59,1,349.99480224609374,0.0,synthetic
177,2026-01-07,60,60,0,75.24,340.5723991394043,synthetic
178,2026-01-07,60,59,1,193.62790649414063,175.4467191696167,synthetic
179,2026-01-07,60,59,1,181.45691528320313,164.61815786361694,synthetic
180,2026-01-07,60,58,2,439.17610839843746,593.7531767189503,synthetic
181,2026-01-07,60,59,1,174.62072387695312,546.4758377075195,synthetic
182,2026-01-07,60,60,0,302.01103271484374,88.9181604385376,synthetic
183,2026-01-07,60,60,0,348.97023193359377,68.30663061141968,synthetic
184,2026-01-07,60,60,0,47.471502685546874,368.5185099840164,synthetic
185,2026-01-07,60,58,2,247.5461828613281,112.59591913223267,synthetic
186,2026-01-07,60,60,0,251.73023803710936,384.4285879135132,synthetic
187,2026-01-07,60,58,2,252.4304296875,169.99987959861755,synthetic
188,2026-01-07,60,60,0,121.87394165039063,572.4661822319031,synthetic
189,2026-01-07,60,59,1,129.8032177734375,147.44268989562988,synthetic
190,2026-01-07,60,60,0,182.66139587402344,0.0,synthetic
191,2026-01-07,60,60,0,308.84188476562497,419.1452627182007,synthetic
192,2026-01-07,60,59,1,222.0884912109375,0.7073400020599365,synthetic
193,2026-01-07,60,60,0,338.72126953124996,92.2734432220459,synthetic
194,2026-01-07,60,58,2,211.988232421875,80.30853056907654,synthetic
195,2026-01-07,60,60,0,148.26509033203124,137.99982070922852,synthetic
196,2026-01-07,60,60,0,225.2398095703125,303.1840286254883,synthetic
197,2026-01-07,60,60,0,480.7478466796874,297.4406704902649,synthetic
198,2026-01-07,60,58,2,151.6687353515625,74.6956114768982,synthetic
199,2026-01-07,60,60,0,215.09069091796874,51.44896960258484,synthetic
001,2026-01-08,60,59,1,137.90756469726563,0.0,synthetic
002,2026-01-08,60,59,1,174.7653186035156,99.91674995422363,synthetic
003,2026-01-08,60,58,2,296.0729260253906,0.0,synthetic
004,2026-01-08,60,58,2,158.8232666015625,587.0789127349854,synthetic
005,2026-01-08,60,57,3,150.48,192.10211086273193,synthetic
006,2026-01-08,60,59,1,75.24,112.57208061218262,synthetic
007,2026-01-08,60,58,2,186.12,227.95555782318115,synthetic
008,2026-01-08,60,60,0,0.0,0.0,synthetic
009,2026-01-08,60,59,1,201.01705810546875,146.58556747436523,synthetic
010,2026-01-08,60,59,1,115.68663574218749,49.9682502746582,synthetic
011,2026-01-08,60,58,2,290.736181640625,731.3297729492188,synthetic
012,2026-01-08,60,58,2,139.47087890625,49.36473846435547,synthetic
013,2026-01-08,60,56,4,146.2651300048828,575.0317244529724,synthetic
014,2026-01-08,60,60,0,406.5515258789062,273.1457505226135,synthetic
015,2026-01-08,60,58,2,468.5473645019531,275.1922492980957,synthetic
016,2026-01-08,60,59,1,356.4596850585938,384.1928775906563,synthetic
017,2026-01-08,60,59,1,215.0698114013672,88.53502941131592,synthetic
018,2026-01-08,60,58,2,226.33972045898435,905.8166480064392,synthetic
019,2026-01-08,60,59,1,75.24,179.618100957945,synthetic
020,2026-01-08,60,58,2,264.9806982421875,460.31444799900055,synthetic
021,2026-01-08,60,60,0,267.69579345703124,85.70972084999084,synthetic
022,2026-01-08,60,60,0,390.8680151367187,457.8292303085327,synthetic
023,2026-01-08,60,60,0,395.4792443847656,888.2016026973724,synthetic
024,2026-01-08,60,57,3,168.94629638671876,55.317811012268066,synthetic
025,2026-01-08,60,60,0,71.3131201171875,0.0,synthetic
026,2026-01-08,60,59,1,240.01927734375,264.3241662979126,synthetic
027,2026-01-08,60,59,1,255.97021728515625,295.4495220184326,synthetic
028,2026-01-08,60,58,2,267.81317138671875,116.8707275390625,synthetic
029,2026-01-08,60,59,1,343.43363525390623,293.80589962005615,synthetic
030,2026-01-08,60,57,3,89.13572021484374,22.772709369659424,synthetic
031,2026-01-08,60,60,0,75.24,1292.4320610761642,synthetic
032,2026-01-08,120,117,3,480.4855078125,483.84547328948975,synthetic
033,2026-01-08,60,60,0,241.54850830078124,468.1009614467621,synthetic
034,2026-01-08,60,60,0,196.2015380859375,285.5704917907715,synthetic
035,2026-01-08,60,59,1,35.017031249999995,34.23418998718262,synthetic
036,2026-01-08,60,59,1,365.231982421875,383.9897515773773,synthetic
037,2026-01-08,60,60,0,85.72142578124999,405.0107002258301,synthetic
038,2026-01-08,60,59,1,375.2678430175781,242.28490161895752,synthetic
039,2026-01-08,60,59,1,266.92777587890623,66.80981969833374,synthetic
040,2026-01-08,60,60,0,225.71999999999997,248.6830644607544,synthetic
041,2026-01-08,60,59,1,94.17109680175781,493.8492008447647,synthetic
042,2026-01-08,60,58,2,191.83841308593747,38.66136872768402,synthetic
043,2026-01-08,60,58,2,347.1194604492187,167.65686416625977,synthetic
044,2026-01-08,60,59,1,202.23980712890625,267.74034428596497,synthetic
045,2026-01-08,60,58,2,132.03917724609374,45.69688057899475,synthetic
046,2026-01-08,60,59,1,65.92865478515625,0.0,synthetic
047,2026-01-08,60,60,0,177.83999999999997,370.66187143325806,synthetic
048,2026-01-08,60,59,1,400.32307617187496,646.3411226272583,synthetic
049,2026-01-08,60,58,2,131.84664916992188,750.6446619033813,synthetic
050,2026-01-08,60,60,0,339.25961425781253,385.09874296188354,synthetic
051,2026-01-08,60,59,1,297.65251831054684,32.1838903427124,synthetic
052,2026-01-08,60,59,1,296.9251501464844,0.0,synthetic
053,2026-01-08,60,60,0,198.52959228515624,170.62339687347412,synthetic
054,2026-01-08,60,58,2,125.39999999999999,571.9788875579834,synthetic
055,2026-01-08,60,58,2,75.24,261.14447951316833,synthetic
056,2026-01-08,60,60,0,150.48,168.5543065071106,synthetic
057,2026-01-08,60,60,0,130.62546386718748,21.121950149536133,synthetic
058,2026-01-08,60,59,1,205.17252136230468,92.5851423740387,synthetic
059,2026-01-08,60,60,0,22.15644287109375,529.9964580535889,synthetic
060,2026-01-08,60,60,0,292.7426550292969,2.26134991645813,synthetic
061,2026-01-08,60,59,1,198.92382202148437,60.22400093078613,synthetic
062,2026-01-08,60,59,1,150.48,525.3903150558472,synthetic
063,2026-01-08,60,60,0,197.25169189453123,143.3308700323105,synthetic
064,2026-01-08,60,59,1,237.45976867675782,0.0,synthetic
065,2026-01-08,60,59,1,326.03999999999996,610.2806708365679,synthetic
066,2026-01-08,60,60,0,148.07300537109373,774.8228182792664,synthetic
067,2026-01-08,60,60,0,283.5209912109375,318.9120411872864,synthetic
068,2026-01-08,60,60,0,67.1925439453125,0.0,synthetic
069,2026-01-08,60,60,0,306.41168701171875,81.47856855392456,synthetic
070,2026-01-08,60,58,2,269.8931744384766,89.49619102478027,synthetic
071,2026-01-08,60,60,0,150.48,248.32129096984863,synthetic
072,2026-01-08,60,60,0,201.01320190429686,506.50024700164795,synthetic
073,2026-01-08,60,60,0,469.80922851562497,657.0600471496582,synthetic
074,2026-01-08,60,59,1,184.607490234375,87.19848155975342,synthetic
075,2026-01-08,60,60,0,63.131689453125,17.688720703125,synthetic
076,2026-01-08,60,59,1,285.7845080566406,187.06897163391113,synthetic
077,2026-01-08,60,58,2,262.4201220703125,489.9754099845886,synthetic
078,2026-01-08,60,57,3,394.259267578125,0.0,synthetic
079,2026-01-08,60,60,0,75.24,74.61864018440247,synthetic
080,2026-01-08,60,60,0,230.08609130859372,128.57107985019684,synthetic
081,2026-01-08,60,59,1,256.9553283691406,118.18445777893066,synthetic
082,2026-01-08,60,58,2,150.48,78.84924983978271,synthetic
083,2026-01-08,60,60,0,215.79533203124998,402.01733207702637,synthetic
084,2026-01-08,60,59,1,170.0674951171875,131.349853515625,synthetic
085,2026-01-08,60,59,1,22.074539794921876,0.0,synthetic
086,2026-01-08,60,59,1,186.4111376953125,0.0,synthetic
087,2026-01-08,60,60,0,258.97965820312504,66.53832864761353,synthetic
088,2026-01-08,60,57,3,164.8314990234375,0.0,synthetic
089,2026-01-08,60,59,1,452.5233178710937,628.4801588058472,synthetic
090,2026-01-08,60,60,0,219.07177001953124,188.42927932739258,synthetic
091,2026-01-08,60,60,0,229.30387573242186,228.54767274856567,synthetic
092,2026-01-08,60,59,1,75.24,55.156920433044434,synthetic
093,2026-01-08,60,59,1,319.9847131347656,467.200138092041,synthetic
094,2026-01-08,60,60,0,65.90068359375,248.4181613922119,synthetic
095,2026-01-08,60,59,1,219.94273681640624,118.95740270614624,synthetic
096,2026-01-08,60,60,0,0.0,0.0,synthetic
097,2026-01-08,60,58,2,143.92903930664062,218.11133098602295,synthetic
098,2026-01-08,60,59,1,230.15003906249999,199.0969181060791,synthetic
099,2026-01-08,60,58,2,299.0586016845703,805.291707277298,synthetic
100,2026-01-08,60,60,0,139.0466143798828,0.0,synthetic
101,2026-01-08,60,60,0,127.13585632324218,424.3676567077637,synthetic
102,2026-01-08,60,58,2,293.9833081054687,300.76386547088623,synthetic
103,2026-01-08,60,60,0,0.0,0.0,synthetic
104,2026-01-08,60,60,0,322.525634765625,293.7011094093323,synthetic
105,2026-01-08,60,57,3,212.4545947265625,85.49298080801964,synthetic
106,2026-01-08,60,59,1,428.62840576171874,142.9000997543335,synthetic
107,2026-01-08,60,60,0,364.3251232910156,191.07489013671875,synthetic
108,2026-01-08,60,58,2,450.86772216796874,229.1876564025879,synthetic
109,2026-01-08,60,58,2,162.22494873046872,185.8304089307785,synthetic
110,2026-01-08,60,60,0,125.39999999999999,59.68482065200806,synthetic
111,2026-01-08,60,60,0,229.27376586914062,11.549559593200684,synthetic
112,2026-01-08,60,60,0,250.79999999999998,266.76183700561523,synthetic
113,2026-01-08,60,60,0,202.54840576171873,162.89136028289795,synthetic
114,2026-01-08,60,58,2,211.83229980468752,121.92272996902466,synthetic
115,2026-01-08,60,58,2,347.51978393554685,970.5510835647583,synthetic
116,2026-01-08,60,57,3,278.97847412109377,333.93925380706787,synthetic
117,2026-01-08,60,58,2,374.65155761718745,294.8932409286499,synthetic
118,2026-01-08,60,59,1,361.001865234375,281.44349193573,synthetic
119,2026-01-08,60,59,1,156.94813842773436,113.73803091049194,synthetic
120,2026-01-08,60,60,0,190.25142333984374,228.65257835388184,synthetic
121,2026-01-08,60,60,0,401.28,448.8870339393616,synthetic
122,2026-01-08,60,59,1,121.6565478515625,292.55103397369385,synthetic
123,2026-01-08,60,60,0,237.2464453125,101.129150390625,synthetic
124,2026-01-08,60,60,0,251.69039428710937,152.58869075775146,synthetic
125,2026-01-08,60,58,2,27.36,240.30134749412537,synthetic
126,2026-01-08,60,59,1,73.25607421875,59.93115043640137,synthetic
127,2026-01-08,60,60,0,182.6801806640625,239.41072058677673,synthetic
128,2026-01-08,60,59,1,163.44,1415.0844097137451,synthetic
129,2026-01-08,60,58,2,197.3642431640625,571.2429070472717,synthetic
130,2026-01-08,60,59,1,0.0,728.6921291351318,synthetic
131,2026-01-08,60,60,0,317.30876220703124,258.6408097743988,synthetic
132,2026-01-08,60,59,1,188.0689013671875,0.0,synthetic
133,2026-01-08,60,60,0,235.88143798828122,181.93749618530273,synthetic
134,2026-01-08,60,58,2,22.509307250976562,85.18236947059631,synthetic
135,2026-01-08,60,60,0,256.80863525390623,267.663067817688,synthetic
136,2026-01-08,60,57,3,66.692197265625,0.0,synthetic
137,2026-01-08,60,60,0,145.20713378906248,210.79199314117432,synthetic
138,2026-01-08,60,60,0,117.82734924316406,0.0,synthetic
139,2026-01-08,60,60,0,0.0,856.7078647613525,synthetic
140,2026-01-08,60,58,2,271.7682202148437,586.596820473671,synthetic
141,2026-01-08,60,58,2,332.49095947265624,130.90477848052979,synthetic
142,2026-01-08,60,60,0,101.96621337890625,0.0,synthetic
143,2026-01-08,60,60,0,0.0,342.4452590942383,synthetic
144,2026-01-08,60,60,0,228.0,399.076043844223,synthetic
145,2026-01-08,60,60,0,176.33179870605468,361.6815776824951,synthetic
146,2026-01-08,60,60,0,221.32610229492187,0.0,synthetic
147,2026-01-08,60,60,0,233.23356445312498,8.614089965820312,synthetic
148,2026-01-08,60,60,0,303.24,621.1083364486694,synthetic
149,2026-01-08,60,59,1,401.28,666.7816038131714,synthetic
150,2026-01-08,60,59,1,152.76,624.7325763702393,synthetic
151,2026-01-08,60,59,1,91.88459106445312,462.2695846557617,synthetic
152,2026-01-08,60,60,0,275.88,420.3731732368469,synthetic
153,2026-01-08,60,59,1,216.19034912109376,163.23743152618408,synthetic
154,2026-01-08,60,57,3,413.95993286132807,235.4345098733902,synthetic
155,2026-01-08,60,58,2,387.04751953125,125.25402744114399,synthetic
156,2026-01-08,60,60,0,75.24,112.1626501083374,synthetic
157,2026-01-08,60,59,1,212.45063964843752,0.0,synthetic
158,2026-01-08,60,59,1,181.50110229492185,200.37604236602783,synthetic
159,2026-01-08,60,58,2,179.41357177734375,329.59460735321045,synthetic
160,2026-01-08,60,59,1,254.55520019531247,384.56775188446045,synthetic
161,2026-01-08,60,60,0,75.24,394.57722640037537,synthetic
162,2026-01-08,60,60,0,263.63495361328125,0.0,synthetic
163,2026-01-08,60,59,1,148.05621826171875,2.022160053253174,synthetic
164,2026-01-08,60,59,1,102.6,236.4921338558197,synthetic
165,2026-01-08,60,60,0,124.761943359375,91.07079768180847,synthetic
166,2026-01-08,60,60,0,125.39999999999999,471.0321132838726,synthetic
167,2026-01-08,60,59,1,501.8885778808593,273.31928062438965,synthetic
168,2026-01-08,60,59,1,118.73050048828125,320.8163913488388,synthetic
169,2026-01-08,60,59,1,386.39975830078123,472.4101414680481,synthetic
170,2026-01-08,60,58,2,248.73450073242185,367.54389211535454,synthetic
171,2026-01-08,60,59,1,345.26781188964844,212.22197484970093,synthetic
172,2026-01-08,60,59,1,70.57526367187499,274.50886726379395,synthetic
173,2026-01-08,60,60,0,343.88060302734374,215.14623260498047,synthetic
174,2026-01-08,60,58,2,82.00943847656251,12.769649982452393,synthetic
175,2026-01-08,60,59,1,223.73874755859373,154.3950309753418,synthetic
176,2026-01-08,60,60,0,59.13349731445312,282.8571128845215,synthetic
177,2026-01-08,60,59,1,303.24,315.8189779520035,synthetic
178,2026-01-08,60,59,1,241.12928466796876,42.2262601852417,synthetic
179,2026-01-08,60,59,1,250.25051879882812,146.29248428344727,synthetic
180,2026-01-08,60,60,0,408.10658569335936,197.35119771957397,synthetic
181,2026-01-08,60,58,2,268.4597607421875,267.22723865509033,synthetic
182,2026-01-08,60,60,0,387.83427978515624,417.4430581405759,synthetic
183,2026-01-08,60,59,1,114.15396972656251,104.91252994537354,synthetic
184,2026-01-08,60,60,0,338.7084521484375,180.6298384666443,synthetic
185,2026-01-08,60,60,0,89.392529296875,109.08139109611511,synthetic
186,2026-01-08,60,60,0,311.74776855468747,246.7723250389099,synthetic
187,2026-01-08,60,60,0,209.46779113769531,12.760009765625,synthetic
188,2026-01-08,60,59,1,343.0176049804687,142.70886105298996,synthetic
189,2026-01-08,60,56,4,225.71999999999997,595.8843190670013,synthetic
190,2026-01-08,60,60,0,200.64,127.98894929885864,synthetic
191,2026-01-08,60,60,0,200.64,761.5783863067627,synthetic
192,2026-01-08,60,59,1,196.2605859375,159.21111750602722,synthetic
193,2026-01-08,60,59,1,68.86689697265625,0.0,synthetic
194,2026-01-08,60,58,2,150.90832397460937,0.0,synthetic
195,2026-01-08,60,59,1,383.8866723632812,313.94940304756165,synthetic
196,2026-01-08,60,58,2,150.48,238.6380796432495,synthetic
197,2026-01-08,60,59,1,330.4569213867187,7.3441197872161865,synthetic
198,2026-01-08,60,59,1,112.13430725097656,0.0,synthetic
199,2026-01-08,60,59,1,243.9691223144531,7.001709938049316,synthetic
001,2026-01-09,60,59,1,202.6663000488281,14.522769927978516,synthetic
002,2026-01-09,60,60,0,229.3588439941406,62.65765166282654,synthetic
003,2026-01-09,60,58,2,75.24,43.768681049346924,synthetic
004,2026-01-09,60,60,0,276.28845703125,58.04102039337158,synthetic
005,2026-01-09,60,59,1,248.2000927734375,217.02851057052612,synthetic
006,2026-01-09,60,59,1,290.1482995605469,0.0,synthetic
007,2026-01-09,60,59,1,266.2060620117187,44.76366996765137,synthetic
008,2026-01-09,60,57,3,387.4041723632812,0.0,synthetic
009,2026-01-09,60,59,1,201.6235986328125,50.24884919077158,synthetic
010,2026-01-09,60,56,4,201.10420166015626,359.74191904067993,synthetic
011,2026-01-09,60,59,1,205.50167358398437,442.9182050228119,synthetic
012,2026-01-09,60,59,1,138.06633178710936,0.0,synthetic
013,2026-01-09,60,60,0,370.33149169921876,276.3568181991577,synthetic
014,2026-01-09,60,60,0,150.81859497070312,650.7465810775757,synthetic
015,2026-01-09,60,59,1,176.25790283203122,0.0,synthetic
016,2026-01-09,60,58,2,200.64,420.90191650390625,synthetic
017,2026-01-09,60,57,3,20.713560791015624,482.8158101439476,synthetic
018,2026-01-09,60,60,0,377.20487548828123,446.77423572540283,synthetic
019,2026-01-09,60,59,1,345.4457080078125,123.47034096717834,synthetic
020,2026-01-09,60,60,0,258.72113525390625,103.18469977378845,synthetic
021,2026-01-09,60,60,0,75.24,261.9408597946167,synthetic
022,2026-01-09,60,59,1,254.1600732421875,333.4550189971924,synthetic
023,2026-01-09,60,60,0,184.93936523437497,137.03930854797363,synthetic
024,2026-01-09,60,60,0,61.94368286132812,132.34046816825867,synthetic
025,2026-01-09,60,60,0,304.08574584960934,0.0,synthetic
026,2026-01-09,60,59,1,320.25853271484374,292.87438970804214,synthetic
027,2026-01-09,60,60,0,170.86417236328123,65.73682022094727,synthetic
028,2026-01-09,60,57,3,243.57661376953124,7.684810161590576,synthetic
029,2026-01-09,60,60,0,175.42051025390623,248.082172870636,synthetic
030,2026-01-09,60,59,1,382.8194219970703,10.034729957580566,synthetic
031,2026-01-09,60,59,1,303.24,621.4093447625637,synthetic
032,2026-01-09,120,118,2,542.4863452148437,1034.006504058838,synthetic
033,2026-01-09,60,60,0,59.08259399414062,340.8419313430786,synthetic
034,2026-01-09,60,57,3,469.02369140624995,350.3743495941162,synthetic
035,2026-01-09,60,60,0,298.9565112304687,45.480589628219604,synthetic
036,2026-01-09,60,59,1,110.19,123.1780424118042,synthetic
037,2026-01-09,60,60,0,359.49900329589843,452.1816894710064,synthetic
038,2026-01-09,60,60,0,228.28974609374998,300.010498046875,synthetic
039,2026-01-09,60,60,0,216.84359619140622,290.43685042858124,synthetic
040,2026-01-09,60,59,1,250.72144775390626,16.460390090942383,synthetic
041,2026-01-09,60,59,1,186.12,251.05077457427979,synthetic
042,2026-01-09,60,60,0,181.84869506835935,0.0,synthetic
043,2026-01-09,60,58,2,394.89550048828124,111.56519185006618,synthetic
044,2026-01-09,60,60,0,148.25641845703126,140.7227110862732,synthetic
045,2026-01-09,60,60,0,221.06855712890624,49.231600761413574,synthetic
046,2026-01-09,60,60,0,214.1631555175781,0.0,synthetic
047,2026-01-09,60,60,0,150.48,530.6160663366318,synthetic
048,2026-01-09,60,59,1,180.71802978515623,260.4507350921631,synthetic
049,2026-01-09,60,60,0,380.7403198242187,368.1762766838074,synthetic
050,2026-01-09,60,58,2,344.34446044921873,741.0276393890381,synthetic
051,2026-01-09,60,60,0,221.33912292480466,404.79065704345703,synthetic
052,2026-01-09,60,59,1,424.347158203125,42.626280784606934,synthetic
053,2026-01-09,60,60,0,181.26424804687503,9.393449783325195,synthetic
054,2026-01-09,60,58,2,346.4338623046875,550.2236104011536,synthetic
055,2026-01-09,60,58,2,281.3353253173828,311.11203241348267,synthetic
056,2026-01-09,60,58,2,275.88,608.301561832428,synthetic
057,2026-01-09,60,60,0,134.64,194.74126958847046,synthetic
058,2026-01-09,60,58,2,126.10130859374999,0.0,synthetic
059,2026-01-09,60,58,2,388.11559570312494,467.31410026550293,synthetic
060,2026-01-09,60,60,0,113.31165161132812,0.0,synthetic
061,2026-01-09,60,57,3,207.88425292968748,450.6457986831665,synthetic
062,2026-01-09,60,60,0,219.42085144042966,111.90587997436523,synthetic
063,2026-01-09,60,60,0,200.64,152.5583291053772,synthetic
064,2026-01-09,60,59,1,67.15740966796875,0.0,synthetic
065,2026-01-09,60,57,3,200.64,298.4159698486328,synthetic
066,2026-01-09,60,60,0,276.25951171875,180.61475086212158,synthetic
067,2026-01-09,60,60,0,82.53311645507813,360.6055974960327,synthetic
068,2026-01-09,60,59,1,351.88494140624994,89.70038223266602,synthetic
069,2026-01-09,60,60,0,83.97605712890625,26.8466796875,synthetic
070,2026-01-09,60,60,0,85.71632812499999,339.12420177459717,synthetic
071,2026-01-09,60,58,2,381.28379150390623,508.5324058532715,synthetic
072,2026-01-09,60,59,1,323.18137939453123,223.22082042694092,synthetic
073,2026-01-09,60,59,1,170.91581542968748,325.5679326057434,synthetic
074,2026-01-09,60,59,1,159.13041503906248,116.61953067779541,synthetic
075,2026-01-09,60,60,0,162.5753045654297,19.211610078811646,synthetic
076,2026-01-09,60,60,0,206.6890118408203,77.17163181304932,synthetic
077,2026-01-09,60,58,2,206.11265258789064,418.3073763847351,synthetic
078,2026-01-09,60,59,1,113.90204589843749,0.0,synthetic
079,2026-01-09,60,60,0,236.25199218749998,126.99637389183044,synthetic
080,2026-01-09,60,58,2,178.66880859375,138.93158102035522,synthetic
081,2026-01-09,60,60,0,179.0461669921875,29.729310035705566,synthetic
082,2026-01-09,60,58,2,145.84505310058591,25.351070404052734,synthetic
083,2026-01-09,60,57,3,259.4078686523437,246.47125005722046,synthetic
084,2026-01-09,60,59,1,208.94005737304684,139.1083973646164,synthetic
085,2026-01-09,60,60,0,160.80491271972656,0.0,synthetic
086,2026-01-09,60,59,1,100.08318603515625,663.9666774272919,synthetic
087,2026-01-09,60,60,0,19.713328857421875,581.857777737081,synthetic
088,2026-01-09,60,59,1,252.66793945312497,0.0,synthetic
089,2026-01-09,60,58,2,172.95769775390625,461.83996772766113,synthetic
090,2026-01-09,60,60,0,175.01980224609375,127.32474994659424,synthetic
091,2026-01-09,60,59,1,75.24,853.0099368095398,synthetic
092,2026-01-09,60,58,2,179.84399780273438,73.73874044418335,synthetic
093,2026-01-09,60,60,0,281.98120605468745,192.35717487335205,synthetic
094,2026-01-09,60,60,0,294.98656677246095,132.83514976501465,synthetic
095,2026-01-09,60,60,0,209.559638671875,60.50781035423279,synthetic
096,2026-01-09,60,59,1,215.53499267578127,196.49486875534058,synthetic
097,2026-01-09,60,60,0,121.05090820312499,159.85228824615479,synthetic
098,2026-01-09,60,58,2,190.84909423828122,915.9549398422241,synthetic
099,2026-01-09,60,60,0,369.4561889648437,264.71485710144043,synthetic
100,2026-01-09,60,59,1,144.17158447265624,0.0,synthetic
101,2026-01-09,60,58,2,200.64,233.86853325366974,synthetic
102,2026-01-09,60,59,1,152.76,207.6078691482544,synthetic
103,2026-01-09,60,60,0,379.30423828125,0.0,synthetic
104,2026-01-09,60,60,0,195.40409179687498,179.55456447601318,synthetic
105,2026-01-09,60,60,0,149.52715576171875,58.859859466552734,synthetic
106,2026-01-09,60,60,0,247.9074151611328,0.0,synthetic
107,2026-01-09,60,60,0,0.0,34.263519287109375,synthetic
108,2026-01-09,60,58,2,125.39999999999999,1472.1332076787949,synthetic
109,2026-01-09,60,60,0,257.28139526367187,471.9545431137085,synthetic
110,2026-01-09,60,60,0,235.824287109375,170.0760521888733,synthetic
111,2026-01-09,60,59,1,126.79940551757812,109.73748970031738,synthetic
112,2026-01-09,60,59,1,144.41763061523437,196.50463485717773,synthetic
113,2026-01-09,60,58,2,175.7611669921875,513.0507545471191,synthetic
114,2026-01-09,60,60,0,187.95850341796876,190.91143131256104,synthetic
115,2026-01-09,60,58,2,312.5223120117187,125.51525974273682,synthetic
116,2026-01-09,60,59,1,153.0907141113281,151.73733216524124,synthetic
117,2026-01-09,60,57,3,238.5785302734375,231.97320985794067,synthetic
118,2026-01-09,60,60,0,94.04551025390624,447.0749340057373,synthetic
119,2026-01-09,60,59,1,93.9364599609375,146.3139705657959,synthetic
120,2026-01-09,60,57,3,260.8920849609375,97.61059951782227,synthetic
121,2026-01-09,60,59,1,172.51044799804686,109.95312690734863,synthetic
122,2026-01-09,60,60,0,402.27361083984374,339.85046005249023,synthetic
123,2026-01-09,60,60,0,186.39851440429686,15.322460174560547,synthetic
124,2026-01-09,60,60,0,111.22373291015624,0.0,synthetic
125,2026-01-09,60,60,0,342.9462890625,435.96235609054565,synthetic
126,2026-01-09,60,58,2,376.3871704101563,372.42882347106934,synthetic
127,2026-01-09,60,60,0,296.19855468749995,368.91834115982056,synthetic
128,2026-01-09,60,60,0,349.99096435546875,414.6532971858978,synthetic
129,2026-01-09,60,59,1,471.42284912109375,468.01487731933594,synthetic
130,2026-01-09,60,59,1,352.9825634765625,69.89745855331421,synthetic
131,2026-01-09,60,59,1,200.64,219.00976467132568,synthetic
132,2026-01-09,60,60,0,256.15080322265624,125.36669635772705,synthetic
133,2026-01-09,60,60,0,284.8173284912109,0.0,synthetic
134,2026-01-09,60,59,1,366.8288671875,272.4243175983429,synthetic
135,2026-01-09,60,59,1,164.83449462890627,129.75358033180237,synthetic
136,2026-01-09,60,59,1,257.90136108398434,0.0,synthetic
137,2026-01-09,60,60,0,193.04172912597656,117.16173839569092,synthetic
138,2026-01-09,60,58,2,183.60139160156248,169.02577114105225,synthetic
139,2026-01-09,60,58,2,343.40796386718745,327.686811208725,synthetic
140,2026-01-09,60,59,1,255.36,476.0539983510971,synthetic
141,2026-01-09,60,60,0,106.473310546875,0.0,synthetic
142,2026-01-09,60,59,1,144.81457397460937,0.0,synthetic
143,2026-01-09,60,57,3,335.27350341796875,1083.691533088684,synthetic
144,2026-01-09,60,59,1,193.2375146484375,178.35651111602783,synthetic
145,2026-01-09,60,59,1,295.30065673828125,92.2277307510376,synthetic
146,2026-01-09,60,59,1,138.376025390625,0.0,synthetic
147,2026-01-09,60,56,4,158.89884155273435,36.4818696975708,synthetic
148,2026-01-09,60,60,0,75.24,41.734009742736816,synthetic
149,2026-01-09,60,60,0,320.23552734375,364.968337059021,synthetic
150,2026-01-09,60,59,1,342.89170166015623,252.538893699646,synthetic
151,2026-01-09,60,58,2,292.0548010253906,259.0882496833801,synthetic
152,2026-01-09,60,60,0,75.24,1140.5404305458069,synthetic
153,2026-01-09,60,59,1,267.6696533203125,703.9115064144135,synthetic
154,2026-01-09,60,60,0,318.0713745117188,59.86705946922302,synthetic
155,2026-01-09,60,59,1,179.407822265625,254.14237785339355,synthetic
156,2026-01-09,60,58,2,251.09298706054685,75.47198104858398,synthetic
157,2026-01-09,60,58,2,226.79503234863282,0.0,synthetic
158,2026-01-09,60,58,2,157.62161499023438,77.97192907333374,synthetic
159,2026-01-09,60,60,0,275.88,322.75672006607056,synthetic
160,2026-01-09,60,59,1,256.9017004394531,169.81310176849365,synthetic
161,2026-01-09,60,60,0,274.8880773925781,287.42192482948303,synthetic
162,2026-01-09,60,58,2,305.30035400390625,85.72107315063477,synthetic
163,2026-01-09,60,60,0,229.30265624999998,95.79084014892578,synthetic
164,2026-01-09,60,57,3,209.85416381835938,101.20349025726318,synthetic
165,2026-01-09,60,59,1,372.6805737304687,123.22130870819092,synthetic
166,2026-01-09,60,58,2,351.12,471.4596526622772,synthetic
167,2026-01-09,60,57,3,236.2551123046875,356.7472562789917,synthetic
168,2026-01-09,60,57,3,342.4992846679687,258.9349160194397,synthetic
169,2026-01-09,60,60,0,401.63396484375,368.6939935684204,synthetic
170,2026-01-09,60,57,3,133.95226318359374,66.47756862640381,synthetic
171,2026-01-09,60,60,0,118.60638244628906,0.0,synthetic
172,2026-01-09,60,58,2,288.72,380.0289959907532,synthetic
173,2026-01-09,60,60,0,229.10849670410155,205.62579035758972,synthetic
174,2026-01-09,60,60,0,194.48455078125,152.88544750213623,synthetic
175,2026-01-09,60,59,1,149.36956420898437,0.0,synthetic
176,2026-01-09,60,60,0,269.06563110351556,263.2338409423828,synthetic
177,2026-01-09,60,60,0,137.56393798828122,118.92495012283325,synthetic
178,2026-01-09,60,58,2,126.46656372070312,215.54394149780273,synthetic
179,2026-01-09,60,59,1,311.303466796875,98.28918886184692,synthetic
180,2026-01-09,60,60,0,491.7092065429688,394.67921102046967,synthetic
181,2026-01-09,60,57,3,179.85999389648435,464.8707914352417,synthetic
182,2026-01-09,60,60,0,308.84265380859375,217.12066268920898,synthetic
183,2026-01-09,60,58,2,280.7707800292968,257.15716207027435,synthetic
184,2026-01-09,60,59,1,67.36449462890624,13.199219703674316,synthetic
185,2026-01-09,60,60,0,238.2307598876953,54.04413080215454,synthetic
186,2026-01-09,60,59,1,201.87991699218747,539.6172287464142,synthetic
187,2026-01-09,60,59,1,167.58593627929687,274.698410987854,synthetic
188,2026-01-09,60,60,0,187.28164306640622,66.3522999882698,synthetic
189,2026-01-09,60,60,0,219.0238623046875,291.9398250579834,synthetic
190,2026-01-09,60,59,1,191.37204895019528,0.0,synthetic
191,2026-01-09,60,60,0,326.03999999999996,778.3483633995056,synthetic
192,2026-01-09,60,59,1,253.15489013671873,239.57616901397705,synthetic
193,2026-01-09,60,59,1,297.14600830078126,98.42114925384521,synthetic
194,2026-01-09,60,60,0,207.69667236328124,44.53413009643555,synthetic
195,2026-01-09,60,60,0,251.1116455078125,551.2516450881958,synthetic
196,2026-01-09,60,58,2,279.8281640625,116.81446099281311,synthetic
197,2026-01-09,60,59,1,316.1446655273437,490.32384967803955,synthetic
198,2026-01-09,60,59,1,150.58701416015623,0.0,synthetic
199,2026-01-09,60,59,1,162.71561279296876,0.0,synthetic
001,2026-01-10,60,60,0,176.4693017578125,301.4118528366089,synthetic
002,2026-01-10,60,60,0,249.57692504882812,118.53770971298218,synthetic
003,2026-01-10,60,60,0,329.26869140624996,87.91565084457397,synthetic
004,2026-01-10,60,57,3,243.5286181640625,56.1743106842041,synthetic
005,2026-01-10,60,60,0,261.84460144042964,553.7832514047623,synthetic
006,2026-01-10,60,59,1,74.24512939453125,0.0,synthetic
007,2026-01-10,60,59,1,134.45529052734375,62.096190452575684,synthetic
008,2026-01-10,60,60,0,0.0,0.0,synthetic
009,2026-01-10,60,59,1,206.266171875,35.12938976287842,synthetic
010,2026-01-10,60,60,0,232.18413024902344,124.02880668640137,synthetic
011,2026-01-10,60,60,0,383.8985229492187,1070.9553174972534,synthetic
012,2026-01-10,60,58,2,143.11068603515625,187.57585906982422,synthetic
013,2026-01-10,60,59,1,0.0,435.692095041275,synthetic
014,2026-01-10,60,59,1,388.78575439453124,740.1748390197754,synthetic
015,2026-01-10,60,60,0,413.41528198242185,761.7242510318756,synthetic
016,2026-01-10,60,60,0,448.56155273437497,518.5392980575562,synthetic
017,2026-01-10,60,57,3,204.9310400390625,765.7298259735107,synthetic
018,2026-01-10,60,59,1,212.42685058593747,617.7541530132294,synthetic
019,2026-01-10,60,59,1,72.343037109375,27.081050872802734,synthetic
020,2026-01-10,60,59,1,268.8645922851562,140.62780195474625,synthetic
021,2026-01-10,60,58,2,284.2881665039062,254.30773067474365,synthetic
022,2026-01-10,60,60,0,189.6150988769531,1109.4022269248962,synthetic
023,2026-01-10,60,59,1,382.17658447265626,708.0504217147827,synthetic
024,2026-01-10,60,60,0,272.449453125,66.09960949420929,synthetic
025,2026-01-10,60,60,0,62.0427978515625,80.7220401763916,synthetic
026,2026-01-10,60,58,2,326.03999999999996,720.9495301246643,synthetic
027,2026-01-10,60,60,0,260.20414306640623,148.7394995689392,synthetic
028,2026-01-10,60,57,3,248.52332519531248,4.69474983215332,synthetic
029,2026-01-10,60,57,3,228.0,730.5960409641266,synthetic
030,2026-01-10,60,59,1,98.44661499023437,36.06488037109375,synthetic
031,2026-01-10,60,59,1,224.44436462402342,226.97087955474854,synthetic
032,2026-01-10,120,119,1,523.7946752929687,429.2739849090576,synthetic
033,2026-01-10,60,59,1,254.8503479003906,62.937509059906006,synthetic
034,2026-01-10,60,59,1,401.5072119140625,678.3092060089111,synthetic
035,2026-01-10,60,60,0,35.922974853515626,0.0,synthetic
036,2026-01-10,60,60,0,391.76668945312497,132.13415622711182,synthetic
037,2026-01-10,60,60,0,171.1437451171875,577.2627326250076,synthetic
038,2026-01-10,60,60,0,364.07853881835933,238.81414985656738,synthetic
039,2026-01-10,60,60,0,265.33241088867186,180.79812860488892,synthetic
040,2026-01-10,60,60,0,150.48,399.7246776819229,synthetic
041,2026-01-10,60,60,0,218.87714538574215,123.5383312702179,synthetic
042,2026-01-10,60,59,1,169.66385742187498,25.181580543518066,synthetic
043,2026-01-10,60,58,2,250.79999999999998,343.81798869371414,synthetic
044,2026-01-10,60,59,1,190.84565185546876,72.42695963382721,synthetic
045,2026-01-10,60,60,0,143.63280029296874,126.66452693939209,synthetic
046,2026-01-10,60,59,1,67.6389111328125,0.0,synthetic
047,2026-01-10,60,56,4,243.37907958984374,386.33566999435425,synthetic
048,2026-01-10,60,58,2,326.03999999999996,435.56928128004074,synthetic
049,2026-01-10,60,59,1,134.48355834960938,347.72192645072937,synthetic
050,2026-01-10,60,59,1,275.15499389648437,1065.5738551616669,synthetic
051,2026-01-10,60,59,1,199.272333984375,759.6351647377014,synthetic
052,2026-01-10,60,58,2,174.0733154296875,637.6213426589966,synthetic
053,2026-01-10,60,60,0,199.95268615722654,0.0,synthetic
054,2026-01-10,60,58,2,125.39999999999999,421.62236881256104,synthetic
055,2026-01-10,60,60,0,75.24,103.36474895477295,synthetic
056,2026-01-10,60,60,0,145.72368896484375,379.8348307609558,synthetic
057,2026-01-10,60,59,1,255.5872814941406,127.47632217407227,synthetic
058,2026-01-10,60,58,2,174.87320800781248,97.46086883544922,synthetic
059,2026-01-10,60,60,0,27.36,38.813759565353394,synthetic
060,2026-01-10,60,58,2,170.025263671875,233.358642578125,synthetic
061,2026-01-10,60,60,0,225.71999999999997,338.56854009628296,synthetic
062,2026-01-10,60,60,0,110.88,151.43029642105103,synthetic
063,2026-01-10,60,60,0,206.93914306640625,117.33416819572449,synthetic
064,2026-01-10,60,59,1,208.2803155517578,0.0,synthetic
065,2026-01-10,60,60,0,316.26878173828123,442.1494092941284,synthetic
066,2026-01-10,60,58,2,190.44048706054684,570.2788696289062,synthetic
067,2026-01-10,60,60,0,339.2511254882812,320.769335269928,synthetic
068,2026-01-10,60,59,1,64.56910400390625,211.6479024887085,synthetic
069,2026-01-10,60,60,0,350.144208984375,118.52515316009521,synthetic
070,2026-01-10,60,58,2,239.88613403320312,328.4118881225586,synthetic
071,2026-01-10,60,59,1,134.10315307617185,475.7778949737549,synthetic
072,2026-01-10,60,59,1,128.98808349609374,501.60612869262695,synthetic
073,2026-01-10,60,59,1,468.55993652343744,534.5857100486755,synthetic
074,2026-01-10,60,60,0,268.51751220703125,180.6011028289795,synthetic
075,2026-01-10,60,60,0,62.05086181640625,26.291930198669434,synthetic
076,2026-01-10,60,58,2,391.08305419921874,231.3502197265625,synthetic
077,2026-01-10,60,59,1,320.0994982910156,143.2434787750244,synthetic
078,2026-01-10,60,58,2,318.79171875,480.55151748657227,synthetic
079,2026-01-10,60,58,2,75.24,253.57366955280304,synthetic
080,2026-01-10,60,60,0,264.95165771484375,51.75456094741821,synthetic
081,2026-01-10,60,60,0,200.64,716.0437602996826,synthetic
082,2026-01-10,60,59,1,205.37824584960939,160.5456600189209,synthetic
083,2026-01-10,60,60,0,181.78979736328125,817.4563689231873,synthetic
084,2026-01-10,60,59,1,183.10236328125,0.0,synthetic
085,2026-01-10,60,60,0,89.12085205078125,0.0,synthetic
086,2026-01-10,60,60,0,208.0775793457031,192.51916646957397,synthetic
087,2026-01-10,60,58,2,287.6683520507812,508.69115352630615,synthetic
088,2026-01-10,60,59,1,173.40391479492186,31.950199127197266,synthetic
089,2026-01-10,60,58,2,513.3224780273438,557.9223690032959,synthetic
090,2026-01-10,60,60,0,150.48,389.239115357399,synthetic
091,2026-01-10,60,59,1,165.76857971191407,1243.0090565681458,synthetic
092,2026-01-10,60,59,1,77.31714111328125,74.77126026153564,synthetic
093,2026-01-10,60,60,0,319.48799560546877,214.35425907373428,synthetic
094,2026-01-10,60,59,1,44.32137084960937,178.35865116119385,synthetic
095,2026-01-10,60,60,0,188.29907958984376,133.2006778717041,synthetic
096,2026-01-10,60,59,1,125.39999999999999,71.8475399017334,synthetic
097,2026-01-10,60,59,1,158.5652947998047,177.25781345367432,synthetic
098,2026-01-10,60,59,1,383.6009692382812,612.077205657959,synthetic
099,2026-01-10,60,60,0,257.522314453125,814.8352031707764,synthetic
100,2026-01-10,60,59,1,147.6184112548828,126.759521484375,synthetic
101,2026-01-10,60,59,1,312.7718408203125,274.4619789123535,synthetic
102,2026-01-10,60,60,0,419.93128417968745,163.8548583984375,synthetic
103,2026-01-10,60,60,0,0.0,0.0,synthetic
104,2026-01-10,60,60,0,194.7453479003906,616.0683569908142,synthetic
105,2026-01-10,60,57,3,202.406015625,111.04144287109375,synthetic
106,2026-01-10,60,60,0,411.16587890625,224.1370792388916,synthetic
107,2026-01-10,60,60,0,393.4349047851562,188.9735028743744,synthetic
108,2026-01-10,60,60,0,487.08,778.2295546531677,synthetic
109,2026-01-10,60,59,1,168.1803662109375,157.3680295944214,synthetic
110,2026-01-10,60,60,0,260.25273193359374,222.59403920173645,synthetic
111,2026-01-10,60,60,0,246.10465576171873,134.67211151123047,synthetic
112,2026-01-10,60,59,1,326.03999999999996,420.26750910282135,synthetic
113,2026-01-10,60,60,0,263.8199633789062,402.85150167346,synthetic
114,2026-01-10,60,59,1,171.11662719726561,649.7907123565674,synthetic
115,2026-01-10,60,58,2,412.83125976562496,87.38354206085205,synthetic
116,2026-01-10,60,59,1,145.63712402343748,625.2840092182159,synthetic
117,2026-01-10,60,58,2,439.43449951171874,138.8946533203125,synthetic
118,2026-01-10,60,59,1,465.36373535156247,420.0273367166519,synthetic
119,2026-01-10,60,59,1,162.2897021484375,92.2362003326416,synthetic
120,2026-01-10,60,58,2,200.64,277.58526611328125,synthetic
121,2026-01-10,60,59,1,373.4625073242188,436.8601016998291,synthetic
122,2026-01-10,60,60,0,247.77681518554687,242.104248046875,synthetic
123,2026-01-10,60,60,0,169.28508544921874,0.0,synthetic
124,2026-01-10,60,57,3,245.97034423828123,0.0,synthetic
125,2026-01-10,60,58,2,81.86987915039063,408.08400535583496,synthetic
126,2026-01-10,60,60,0,216.50461486816405,516.9753632545471,synthetic
127,2026-01-10,60,58,2,144.4622900390625,271.6548488140106,synthetic
128,2026-01-10,60,60,0,262.91115234375,182.54668140411377,synthetic
129,2026-01-10,60,60,0,264.9892181396484,151.2701530456543,synthetic
130,2026-01-10,60,60,0,0.0,0.0,synthetic
131,2026-01-10,60,60,0,375.92132812499995,146.48583984375,synthetic
132,2026-01-10,60,58,2,181.83018310546873,475.98411560058594,synthetic
133,2026-01-10,60,59,1,299.8840539550781,85.80529975891113,synthetic
134,2026-01-10,60,59,1,122.52771240234375,61.00808811187744,synthetic
135,2026-01-10,60,60,0,151.09692077636717,988.8943006396294,synthetic
136,2026-01-10,60,58,2,199.37069824218747,15.904239654541016,synthetic
137,2026-01-10,60,59,1,113.1230126953125,0.0,synthetic
138,2026-01-10,60,60,0,114.69021423339844,654.2682027816772,synthetic
139,2026-01-10,60,60,0,198.8165460205078,489.38770854473114,synthetic
140,2026-01-10,60,60,0,279.8615643310547,301.02558517456055,synthetic
141,2026-01-10,60,59,1,290.8554748535156,149.607421875,synthetic
142,2026-01-10,60,59,1,101.20515380859375,0.0,synthetic
143,2026-01-10,60,58,2,125.39999999999999,454.36973571777344,synthetic
144,2026-01-10,60,58,2,185.69549377441405,1329.1927103996277,synthetic
145,2026-01-10,60,58,2,74.56164916992188,321.2728281021118,synthetic
146,2026-01-10,60,60,0,240.1505346679687,8.292790412902832,synthetic
147,2026-01-10,60,60,0,138.7409454345703,168.7603759765625,synthetic
148,2026-01-10,60,60,0,362.36824584960937,321.8287868499756,synthetic
149,2026-01-10,60,59,1,284.6371398925781,210.44524371623993,synthetic
150,2026-01-10,60,60,0,125.39999999999999,268.7434066236019,synthetic
151,2026-01-10,60,59,1,75.24,48.86157989501953,synthetic
152,2026-01-10,60,60,0,345.35923828125,814.6743183135986,synthetic
153,2026-01-10,60,60,0,313.2727807617187,386.1986794471741,synthetic
154,2026-01-10,60,58,2,149.39200927734373,742.9187356233597,synthetic
155,2026-01-10,60,60,0,367.85029541015626,266.0990810394287,synthetic
156,2026-01-10,60,59,1,231.54141357421872,66.73717975616455,synthetic
157,2026-01-10,60,60,0,125.39999999999999,301.2982106208801,synthetic
158,2026-01-10,60,59,1,210.02220336914064,201.37834095954895,synthetic
159,2026-01-10,60,59,1,288.2162768554688,104.28685665130615,synthetic
160,2026-01-10,60,58,2,292.48686767578124,148.02967357635498,synthetic
161,2026-01-10,60,60,0,75.24,77.34027147293091,synthetic
162,2026-01-10,60,60,0,301.19638916015623,328.77643156051636,synthetic
163,2026-01-10,60,59,1,150.48,212.48653328418732,synthetic
164,2026-01-10,60,59,1,126.96941162109376,109.13093936443329,synthetic
165,2026-01-10,60,59,1,125.39999999999999,324.7856345176697,synthetic
166,2026-01-10,60,58,2,216.5804443359375,388.5924072265625,synthetic
167,2026-01-10,60,58,2,400.80647460937496,909.7882742881775,synthetic
168,2026-01-10,60,60,0,93.155712890625,22.796019554138184,synthetic
169,2026-01-10,60,60,0,423.256962890625,78.1572904586792,synthetic
170,2026-01-10,60,60,0,221.19290039062497,68.77787101268768,synthetic
171,2026-01-10,60,60,0,182.9023974609375,93.61057925224304,synthetic
172,2026-01-10,60,59,1,237.62668579101557,149.84557247161865,synthetic
173,2026-01-10,60,60,0,362.363525390625,250.18273448944092,synthetic
174,2026-01-10,60,60,0,99.05093994140624,51.835570216178894,synthetic
175,2026-01-10,60,59,1,250.79999999999998,190.1709041595459,synthetic
176,2026-01-10,60,57,3,75.24,111.5717294216156,synthetic
177,2026-01-10,60,58,2,218.51935546875,462.3736848831177,synthetic
178,2026-01-10,60,58,2,267.6407958984375,153.02039003372192,synthetic
179,2026-01-10,60,60,0,273.50440795898436,93.88257074356079,synthetic
180,2026-01-10,60,60,0,349.55783935546873,767.3828086853027,synthetic
181,2026-01-10,60,58,2,275.88,360.7097101211548,synthetic
182,2026-01-10,60,60,0,346.05408691406245,1354.9157205820084,synthetic
183,2026-01-10,60,58,2,219.4943115234375,496.88398361206055,synthetic
184,2026-01-10,60,60,0,346.40265014648435,309.7190591096878,synthetic
185,2026-01-10,60,59,1,70.9425146484375,20.86961030960083,synthetic
186,2026-01-10,60,58,2,300.9303295898437,426.54744017124176,synthetic
187,2026-01-10,60,60,0,210.23102966308593,207.86675262451172,synthetic
188,2026-01-10,60,60,0,147.75345703124998,686.9726519584656,synthetic
189,2026-01-10,60,60,0,208.22134643554685,141.18830132484436,synthetic
190,2026-01-10,60,59,1,126.94104858398437,82.32452654838562,synthetic
191,2026-01-10,60,58,2,243.36287841796874,366.41040420532227,synthetic
192,2026-01-10,60,59,1,87.4709765625,488.61683177948,synthetic
193,2026-01-10,60,60,0,189.3192041015625,124.1318416595459,synthetic
194,2026-01-10,60,59,1,106.99657836914062,99.96393013000488,synthetic
195,2026-01-10,60,58,2,259.2102392578125,629.367437839508,synthetic
196,2026-01-10,60,60,0,75.24,128.25249862670898,synthetic
197,2026-01-10,60,59,1,171.2124755859375,907.3748817443848,synthetic
198,2026-01-10,60,60,0,112.37919616699219,9.085020065307617,synthetic
199,2026-01-10,60,59,1,200.64,139.68921250104904,synthetic
001,2026-01-11,60,58,2,203.619287109375,113.62737941741943,synthetic
002,2026-01-11,60,59,1,160.97143798828125,0.0,synthetic
003,2026-01-11,60,60,0,195.85042236328124,70.84429931640625,synthetic
004,2026-01-11,60,60,0,295.334033203125,190.26129531860352,synthetic
005,2026-01-11,60,59,1,177.83999999999997,444.16653779149055,synthetic
006,2026-01-11,60,60,0,342.1301770019531,108.05395793914795,synthetic
007,2026-01-11,60,58,2,259.0921215820312,458.29444456100464,synthetic
008,2026-01-11,60,60,0,346.56495483398436,0.0,synthetic
009,2026-01-11,60,56,4,205.70992309570312,0.0,synthetic
010,2026-01-11,60,58,2,149.25199951171874,104.69351100921631,synthetic
011,2026-01-11,60,60,0,275.88,601.329283952713,synthetic
012,2026-01-11,60,60,0,190.60467041015625,146.83373069763184,synthetic
013,2026-01-11,60,60,0,378.47999999999996,539.508143901825,synthetic
014,2026-01-11,60,58,2,242.30460205078123,338.6511278152466,synthetic
015,2026-01-11,60,60,0,134.64,900.149040222168,synthetic
016,2026-01-11,60,58,2,75.24,718.0549368858337,synthetic
017,2026-01-11,60,59,1,287.07741577148437,275.54247975349426,synthetic
018,2026-01-11,60,60,0,380.6987255859375,785.2431545257568,synthetic
019,2026-01-11,60,59,1,341.68109619140625,269.9709281921387,synthetic
020,2026-01-11,60,60,0,125.39999999999999,485.3302822113037,synthetic
021,2026-01-11,60,58,2,150.48,287.8636409044266,synthetic
022,2026-01-11,60,60,0,384.2926721191406,860.3770222663879,synthetic
023,2026-01-11,60,58,2,256.9646118164062,902.1683280467987,synthetic
024,2026-01-11,60,60,0,167.48986450195312,254.1499810218811,synthetic
025,2026-01-11,60,57,3,343.3954174804687,96.60200071334839,synthetic
026,2026-01-11,60,59,1,451.43999999999994,439.439875125885,synthetic
027,2026-01-11,60,59,1,179.3961474609375,74.08477973937988,synthetic
028,2026-01-11,60,60,0,185.35751220703125,88.20818963646889,synthetic
029,2026-01-11,60,60,0,174.67011474609376,1664.351228237152,synthetic
030,2026-01-11,60,60,0,392.4918859863281,272.306077003479,synthetic
031,2026-01-11,60,58,2,226.55892150878907,346.9586715698242,synthetic
032,2026-01-11,120,116,4,633.4376074218751,754.9069275856018,synthetic
033,2026-01-11,60,57,3,236.83264892578126,1.8911700248718262,synthetic
034,2026-01-11,60,59,1,183.09609008789062,714.2831611633301,synthetic
035,2026-01-11,60,60,0,321.68656494140623,118.51824903488159,synthetic
036,2026-01-11,60,60,0,291.3616259765625,87.5314416885376,synthetic
037,2026-01-11,60,60,0,264.26198730468747,432.57698035240173,synthetic
038,2026-01-11,60,60,0,125.39999999999999,220.954408288002,synthetic
039,2026-01-11,60,58,2,268.0690686035156,0.0,synthetic
040,2026-01-11,60,58,2,244.24936157226563,522.8106734752655,synthetic
041,2026-01-11,60,59,1,150.48,159.3761510848999,synthetic
042,2026-01-11,60,60,0,164.07359985351562,255.29802322387695,synthetic
043,2026-01-11,60,59,1,523.5882897949218,369.5884850025177,synthetic
044,2026-01-11,60,59,1,177.83999999999997,315.00018668174744,synthetic
045,2026-01-11,60,58,2,224.8531787109375,41.64648902416229,synthetic
046,2026-01-11,60,60,0,283.0804614257812,9.454710006713867,synthetic
047,2026-01-11,60,60,0,221.66045654296875,280.6119918823242,synthetic
048,2026-01-11,60,60,0,359.4290515136718,394.4553872346878,synthetic
049,2026-01-11,60,59,1,378.3460400390625,366.85216426849365,synthetic
050,2026-01-11,60,60,0,324.6086499023437,556.4929938316345,synthetic
051,2026-01-11,60,59,1,268.4143212890625,563.1884306669235,synthetic
052,2026-01-11,60,58,2,412.6754956054687,442.5461277961731,synthetic
053,2026-01-11,60,59,1,158.43154541015625,39.685791015625,synthetic
054,2026-01-11,60,60,0,309.510966796875,530.293210029602,synthetic
055,2026-01-11,60,59,1,251.5443273925781,212.72955131530762,synthetic
056,2026-01-11,60,58,2,351.11999999999995,482.5944095849991,synthetic
057,2026-01-11,60,58,2,147.8860546875,102.85210943222046,synthetic
058,2026-01-11,60,60,0,47.83626708984375,351.434618473053,synthetic
059,2026-01-11,60,59,1,268.8799493408203,153.27262592315674,synthetic
060,2026-01-11,60,60,0,193.58217773437497,97.14251792430878,synthetic
061,2026-01-11,60,60,0,273.3536865234375,177.24719047546387,synthetic
062,2026-01-11,60,60,0,297.772822265625,336.5776267051697,synthetic
063,2026-01-11,60,56,4,189.47923095703123,251.8956274986267,synthetic
064,2026-01-11,60,60,0,56.821318359375,36.65135955810547,synthetic
065,2026-01-11,60,60,0,426.3397009277343,421.97236347198486,synthetic
066,2026-01-11,60,58,2,351.11999999999995,639.9312570095062,synthetic
067,2026-01-11,60,59,1,91.25838134765624,344.5214669704437,synthetic
068,2026-01-11,60,59,1,360.33364746093747,209.3170680999756,synthetic
069,2026-01-11,60,60,0,153.7064611816406,181.75971221923828,synthetic
070,2026-01-11,60,59,1,158.6841650390625,156.3233894109726,synthetic
071,2026-01-11,60,60,0,381.80664550781245,528.150750041008,synthetic
072,2026-01-11,60,59,1,331.35698364257814,319.1737103462219,synthetic
073,2026-01-11,60,58,2,320.0948803710937,605.2996812462807,synthetic
074,2026-01-11,60,59,1,186.00717041015625,18.781439542770386,synthetic
075,2026-01-11,60,59,1,176.9191845703125,202.6018557548523,synthetic
076,2026-01-11,60,60,0,213.95165771484375,54.80968952178955,synthetic
077,2026-01-11,60,60,0,196.97166870117186,237.3444766998291,synthetic
078,2026-01-11,60,58,2,182.91331787109374,223.21348571777344,synthetic
079,2026-01-11,60,59,1,273.4039599609375,262.5256462097168,synthetic
080,2026-01-11,60,59,1,175.2333544921875,238.2814792394638,synthetic
081,2026-01-11,60,58,2,256.50222656249997,167.7517011165619,synthetic
082,2026-01-11,60,59,1,101.027109375,224.6317675113678,synthetic
083,2026-01-11,60,60,0,345.660908203125,428.95127868652344,synthetic
084,2026-01-11,60,58,2,213.2860107421875,124.12427043914795,synthetic
085,2026-01-11,60,58,2,167.43278503417966,0.0,synthetic
086,2026-01-11,60,59,1,252.55013305664062,0.0,synthetic
087,2026-01-11,60,59,1,239.09365722656247,102.35860919952393,synthetic
088,2026-01-11,60,57,3,211.90878295898435,0.0,synthetic
089,2026-01-11,60,59,1,357.4816552734375,8.097960472106934,synthetic
090,2026-01-11,60,59,1,199.79025878906248,324.58156061172485,synthetic
091,2026-01-11,60,59,1,272.0760205078125,314.7452311515808,synthetic
092,2026-01-11,60,60,0,157.76844177246093,108.83593940734863,synthetic
093,2026-01-11,60,58,2,330.1713940429687,281.7576332092285,synthetic
094,2026-01-11,60,59,1,288.6458898925781,210.39984464645386,synthetic
095,2026-01-11,60,60,0,296.0249194335937,0.0,synthetic
096,2026-01-11,60,58,2,267.4090502929688,0.0,synthetic
097,2026-01-11,60,60,0,126.35188110351561,150.88125896453857,synthetic
098,2026-01-11,60,60,0,300.2944482421875,388.0392360687256,synthetic
099,2026-01-11,60,60,0,275.88,1818.8438109755516,synthetic
100,2026-01-11,60,59,1,103.69643188476562,67.93347024917603,synthetic
101,2026-01-11,60,58,2,166.4668341064453,91.95742988586426,synthetic
102,2026-01-11,60,60,0,103.5834228515625,341.6049394607544,synthetic
103,2026-01-11,60,59,1,385.1136181640625,18.490049123764038,synthetic
104,2026-01-11,60,56,4,357.48292236328126,204.52674174308777,synthetic
105,2026-01-11,60,59,1,109.50563598632812,57.463319301605225,synthetic
106,2026-01-11,60,59,1,225.806103515625,5.676390171051025,synthetic
107,2026-01-11,60,60,0,98.99537109375,148.43799018859863,synthetic
108,2026-01-11,60,59,1,298.750810546875,691.1428689956665,synthetic
109,2026-01-11,60,58,2,292.0099127197266,202.0190372467041,synthetic
110,2026-01-11,60,59,1,283.6204467773438,8.254030227661133,synthetic
111,2026-01-11,60,59,1,124.43352905273437,66.14478921890259,synthetic
112,2026-01-11,60,57,3,236.68287963867186,66.35668087005615,synthetic
113,2026-01-11,60,59,1,150.48,536.6334209442139,synthetic
114,2026-01-11,60,59,1,262.252412109375,361.98914432525635,synthetic
115,2026-01-11,60,59,1,197.779658203125,265.7432918548584,synthetic
116,2026-01-11,60,59,1,153.9181604003906,439.0168399810791,synthetic
117,2026-01-11,60,60,0,260.7818701171875,131.38519287109375,synthetic
118,2026-01-11,60,60,0,368.2426794433594,109.3931884765625,synthetic
119,2026-01-11,60,60,0,146.62088928222656,0.0,synthetic
120,2026-01-11,60,59,1,278.80515380859373,42.674500465393066,synthetic
121,2026-01-11,60,58,2,340.5119201660156,409.88024377822876,synthetic
122,2026-01-11,60,59,1,265.835625,532.4678974151611,synthetic
123,2026-01-11,60,59,1,192.43175720214842,78.39471054077148,synthetic
124,2026-01-11,60,60,0,130.04732666015624,8.798400163650513,synthetic
125,2026-01-11,60,60,0,334.56389282226564,242.82208395004272,synthetic
126,2026-01-11,60,58,2,248.3641424560547,963.7397220134735,synthetic
127,2026-01-11,60,58,2,312.03650390625,203.59892892837524,synthetic
128,2026-01-11,60,60,0,303.24,284.14908069372177,synthetic
129,2026-01-11,60,58,2,296.8487182617187,901.7778236791492,synthetic
130,2026-01-11,60,59,1,302.769931640625,518.001974105835,synthetic
131,2026-01-11,60,59,1,167.98841308593748,448.21197986602783,synthetic
132,2026-01-11,60,60,0,273.750849609375,179.80150544643402,synthetic
133,2026-01-11,60,58,2,147.56893615722655,268.99120140075684,synthetic
134,2026-01-11,60,58,2,289.72326416015625,41.692899227142334,synthetic
135,2026-01-11,60,58,2,286.4899951171875,322.7621257305145,synthetic
136,2026-01-11,60,57,3,220.75584228515623,201.09179973602295,synthetic
137,2026-01-11,60,60,0,191.08455322265624,42.16888999938965,synthetic
138,2026-01-11,60,59,1,228.0,326.2966113090515,synthetic
139,2026-01-11,60,60,0,255.46428588867184,137.006121635437,synthetic
140,2026-01-11,60,60,0,228.0,245.63368225097656,synthetic
141,2026-01-11,60,58,2,200.64,219.22694301605225,synthetic
142,2026-01-11,60,60,0,122.81688720703124,24.93369960784912,synthetic
143,2026-01-11,60,58,2,433.147001953125,235.992981672287,synthetic
144,2026-01-11,60,59,1,275.88,368.68157958984375,synthetic
145,2026-01-11,60,57,3,260.03999999999996,742.6912851333618,synthetic
146,2026-01-11,60,56,4,150.48,253.5286865234375,synthetic
147,2026-01-11,60,57,3,101.70035888671875,931.1171343922615,synthetic
148,2026-01-11,60,60,0,95.95267089843749,476.53259816765785,synthetic
149,2026-01-11,60,59,1,273.4255444335937,958.3985042572021,synthetic
150,2026-01-11,60,59,1,307.5706787109375,448.44163250923157,synthetic
151,2026-01-11,60,60,0,275.2586462402344,322.71784830093384,synthetic
152,2026-01-11,60,59,1,333.4767919921875,342.5300998687744,synthetic
153,2026-01-11,60,59,1,358.6657983398437,615.9359254837036,synthetic
154,2026-01-11,60,60,0,332.7349914550781,532.6041370630264,synthetic
155,2026-01-11,60,59,1,236.918671875,35.566399574279785,synthetic
156,2026-01-11,60,59,1,203.80723754882814,77.99011063575745,synthetic
157,2026-01-11,60,60,0,198.3341857910156,379.37688887119293,synthetic
158,2026-01-11,60,59,1,234.77733032226564,361.20002460479736,synthetic
159,2026-01-11,60,58,2,194.70825073242187,118.71202754974365,synthetic
160,2026-01-11,60,59,1,359.0395751953125,187.9637451171875,synthetic
161,2026-01-11,60,60,0,266.2866650390625,35.9655704498291,synthetic
162,2026-01-11,60,59,1,476.52,478.59107077121735,synthetic
163,2026-01-11,60,58,2,311.7656909179687,131.25683212280273,synthetic
164,2026-01-11,60,59,1,238.36449462890624,171.48462986946106,synthetic
165,2026-01-11,60,59,1,322.88995605468745,636.6663856506348,synthetic
166,2026-01-11,60,60,0,323.64703125,302.6248745918274,synthetic
167,2026-01-11,60,60,0,322.2072216796875,610.5534715652466,synthetic
168,2026-01-11,60,59,1,321.14824951171875,360.99970388412476,synthetic
169,2026-01-11,60,60,0,360.3058227539062,590.7382287979126,synthetic
170,2026-01-11,60,60,0,247.4850842285156,56.09644961357117,synthetic
171,2026-01-11,60,60,0,249.87453369140627,156.62944900989532,synthetic
172,2026-01-11,60,58,2,231.50061584472655,546.6870057582855,synthetic
173,2026-01-11,60,59,1,312.47252197265624,70.9141297340393,synthetic
174,2026-01-11,60,57,3,227.87259338378908,22.620849609375,synthetic
175,2026-01-11,60,59,1,138.67998779296875,268.57872772216797,synthetic
176,2026-01-11,60,59,1,345.7488903808594,356.1735258102417,synthetic
177,2026-01-11,60,60,0,175.7845440673828,409.5544505119324,synthetic
178,2026-01-11,60,58,2,138.01568115234375,252.9982328414917,synthetic
179,2026-01-11,60,57,3,366.6567736816406,165.93791675567627,synthetic
180,2026-01-11,60,59,1,389.0307934570312,487.89380073547363,synthetic
181,2026-01-11,60,59,1,310.1782543945312,756.1821298599243,synthetic
182,2026-01-11,60,60,0,360.92698974609374,326.12268447875977,synthetic
183,2026-01-11,60,60,0,258.93786987304685,197.25458145141602,synthetic
184,2026-01-11,60,59,1,268.83037353515624,18.879590034484863,synthetic
185,2026-01-11,60,59,1,284.80464111328126,68.29925966262817,synthetic
186,2026-01-11,60,59,1,357.9992358398437,370.3006842136383,synthetic
187,2026-01-11,60,59,1,230.62280639648435,128.7424201965332,synthetic
188,2026-01-11,60,59,1,351.12,542.2364029884338,synthetic
189,2026-01-11,60,58,2,283.15475097656247,132.16077184677124,synthetic
190,2026-01-11,60,60,0,288.84403564453123,107.36720275878906,synthetic
191,2026-01-11,60,59,1,439.064736328125,402.5316777229309,synthetic
192,2026-01-11,60,60,0,316.1456579589844,179.96857261657715,synthetic
193,2026-01-11,60,60,0,364.14468750000003,68.69897079467773,synthetic
194,2026-01-11,60,59,1,331.2261694335937,66.98467826843262,synthetic
195,2026-01-11,60,60,0,275.88,489.4143075942993,synthetic
196,2026-01-11,60,58,2,270.10517944335936,94.13317060470581,synthetic
197,2026-01-11,60,60,0,468.179677734375,531.151125907898,synthetic
198,2026-01-11,60,59,1,118.69898803710936,116.842529296875,synthetic
199,2026-01-11,60,59,1,240.09761718750002,605.040961265564,synthetic
001,2026-01-12,60,58,2,243.69366943359375,133.30077838897705,synthetic
002,2026-01-12,60,60,0,252.82305908203125,51.907169342041016,synthetic
003,2026-01-12,60,60,0,175.70103149414064,195.45105361938477,synthetic
004,2026-01-12,60,60,0,266.8357470703125,119.32123947143555,synthetic
005,2026-01-12,60,60,0,171.01548339843748,588.6307706832886,synthetic
006,2026-01-12,60,58,2,75.24,145.28278160095215,synthetic
007,2026-01-12,60,59,1,150.48,110.36058902740479,synthetic
008,2026-01-12,60,60,0,125.39999999999999,4.430300235748291,synthetic
009,2026-01-12,60,60,0,27.36,382.4869041442871,synthetic
010,2026-01-12,60,59,1,325.05604248046876,120.67293286323547,synthetic
011,2026-01-12,60,58,2,474.9645703125,368.0691508054733,synthetic
012,2026-01-12,60,60,0,62.521662597656245,113.34276962280273,synthetic
013,2026-01-12,60,58,2,255.3392248535156,0.0,synthetic
014,2026-01-12,60,60,0,366.56243408203125,516.6066131591797,synthetic
015,2026-01-12,60,58,2,522.3712939453125,446.2509195804596,synthetic
016,2026-01-12,60,59,1,525.276826171875,401.8707287311554,synthetic
017,2026-01-12,60,59,1,168.02315551757812,63.19212055206299,synthetic
018,2026-01-12,60,60,0,417.28511718749996,104.81690073013306,synthetic
019,2026-01-12,60,59,1,75.24,152.2850799560547,synthetic
020,2026-01-12,60,60,0,351.12,274.0518733263016,synthetic
021,2026-01-12,60,60,0,229.57449096679687,420.4451377391815,synthetic
022,2026-01-12,60,60,0,339.36979248046873,201.35815906524658,synthetic
023,2026-01-12,60,60,0,429.3095617675781,269.56151252985,synthetic
024,2026-01-12,60,59,1,176.36234619140623,311.69879764318466,synthetic
025,2026-01-12,60,60,0,75.24,1.2521400451660156,synthetic
026,2026-01-12,60,59,1,182.58845947265624,166.44610691070557,synthetic
027,2026-01-12,60,59,1,213.37462646484374,59.338199615478516,synthetic
028,2026-01-12,60,60,0,276.9764208984375,400.9435421228409,synthetic
029,2026-01-12,60,59,1,335.38697753906246,332.19109630584717,synthetic
030,2026-01-12,60,59,1,71.30525390625,118.19327926635742,synthetic
031,2026-01-12,60,60,0,125.39999999999999,414.09271717071533,synthetic
032,2026-01-12,120,117,3,597.5258166503907,290.0830080509186,synthetic
033,2026-01-12,60,58,2,150.48,109.5162992477417,synthetic
034,2026-01-12,60,59,1,319.569697265625,983.1186521053314,synthetic
035,2026-01-12,60,59,1,46.13106079101562,0.0,synthetic
036,2026-01-12,60,58,2,150.48,758.769528388977,synthetic
037,2026-01-12,60,60,0,320.32628173828124,274.6495451927185,synthetic
038,2026-01-12,60,59,1,397.19159179687495,360.38684844970703,synthetic
039,2026-01-12,60,58,2,259.32542907714844,46.154048919677734,synthetic
040,2026-01-12,60,59,1,225.71999999999997,272.25401997566223,synthetic
041,2026-01-12,60,59,1,245.9057043457031,183.48475050926208,synthetic
042,2026-01-12,60,60,0,160.52088134765626,132.22552108764648,synthetic
043,2026-01-12,60,59,1,218.24247802734374,332.6957960128784,synthetic
044,2026-01-12,60,58,2,227.98518310546876,207.5792202949524,synthetic
045,2026-01-12,60,58,2,71.84033935546874,85.65714919567108,synthetic
046,2026-01-12,60,56,4,177.42374999999998,0.0,synthetic
047,2026-01-12,60,59,1,205.18248413085936,238.97269690036774,synthetic
048,2026-01-12,60,58,2,220.51267089843748,227.3571925163269,synthetic
049,2026-01-12,60,60,0,179.206142578125,356.05928134918213,synthetic
050,2026-01-12,60,56,4,292.2931860351562,385.71954441070557,synthetic
051,2026-01-12,60,60,0,266.7861767578125,531.7666153907776,synthetic
052,2026-01-12,60,60,0,275.7207788085937,837.3479702472687,synthetic
053,2026-01-12,60,59,1,241.45468688964843,229.53717803955078,synthetic
054,2026-01-12,60,58,2,200.64,145.9010715484619,synthetic
055,2026-01-12,60,59,1,75.24,143.45849323272705,synthetic
056,2026-01-12,60,60,0,387.1571484375,141.39606094360352,synthetic
057,2026-01-12,60,57,3,257.2570056152344,32.546869695186615,synthetic
058,2026-01-12,60,59,1,251.79901611328123,191.50709104537964,synthetic
059,2026-01-12,60,60,0,145.94818908691406,193.92565989494324,synthetic
060,2026-01-12,60,59,1,98.63642578125,79.00585722923279,synthetic
061,2026-01-12,60,59,1,204.19939453125,123.22632026672363,synthetic
062,2026-01-12,60,57,3,86.27616210937501,5.882599830627441,synthetic
063,2026-01-12,60,60,0,214.42783447265623,98.99277019500732,synthetic
064,2026-01-12,60,58,2,226.16948730468752,55.988770484924316,synthetic
065,2026-01-12,60,58,2,276.7530908203125,139.2322974205017,synthetic
066,2026-01-12,60,59,1,284.5260314941406,64.25414991378784,synthetic
067,2026-01-12,60,59,1,350.72465881347654,203.65514087677002,synthetic
068,2026-01-12,60,60,0,67.11643066406249,0.0,synthetic
069,2026-01-12,60,58,2,271.4461083984375,104.02728128433228,synthetic
070,2026-01-12,60,60,0,183.70731628417968,425.9652898311615,synthetic
071,2026-01-12,60,58,2,134.5030627441406,317.2454991340637,synthetic
072,2026-01-12,60,60,0,240.33207641601564,507.37598419189453,synthetic
073,2026-01-12,60,60,0,329.7412866210937,709.4649586677551,synthetic
074,2026-01-12,60,60,0,191.69841796875,185.73346889019012,synthetic
075,2026-01-12,60,59,1,75.24,141.19293212890625,synthetic
076,2026-01-12,60,59,1,161.04,724.6129856109619,synthetic
077,2026-01-12,60,59,1,325.57817504882814,137.5107386112213,synthetic
078,2026-01-12,60,59,1,340.14930541992186,0.0,synthetic
079,2026-01-12,60,58,2,75.24,142.1680679321289,synthetic
080,2026-01-12,60,58,2,267.5447680664062,142.23179006576538,synthetic
081,2026-01-12,60,58,2,182.63586181640625,86.94194984436035,synthetic
082,2026-01-12,60,59,1,297.16790039062494,110.09698057174683,synthetic
083,2026-01-12,60,58,2,390.27418212890626,96.56358134746552,synthetic
084,2026-01-12,60,59,1,200.64,103.68456017971039,synthetic
085,2026-01-12,60,59,1,70.65250854492187,0.0,synthetic
086,2026-01-12,60,60,0,207.0487646484375,58.88978147506714,synthetic
087,2026-01-12,60,58,2,265.0853173828125,34.855219662189484,synthetic
088,2026-01-12,60,59,1,94.53998474121093,322.20605182647705,synthetic
089,2026-01-12,60,59,1,444.24128906249996,94.7289981842041,synthetic
090,2026-01-12,60,60,0,170.47655822753904,466.64342737197876,synthetic
091,2026-01-12,60,57,3,81.95524291992187,357.0435652732849,synthetic
092,2026-01-12,60,59,1,140.3749951171875,7.358610153198242,synthetic
093,2026-01-12,60,59,1,288.556201171875,189.29200172424316,synthetic
094,2026-01-12,60,60,0,128.28755859375,18.05927002429962,synthetic
095,2026-01-12,60,60,0,91.99026123046875,66.89172172546387,synthetic
096,2026-01-12,60,60,0,82.41745605468749,0.0,synthetic
097,2026-01-12,60,59,1,166.07753906250002,265.72909116744995,synthetic
098,2026-01-12,60,60,0,371.0913537597656,96.96362113952637,synthetic
099,2026-01-12,60,59,1,316.46568603515624,369.898907661438,synthetic
100,2026-01-12,60,60,0,207.45864990234372,56.75332045555115,synthetic
101,2026-01-12,60,59,1,251.76811157226564,103.10872316360474,synthetic
102,2026-01-12,60,60,0,353.4,299.5131793022156,synthetic
103,2026-01-12,60,59,1,0.0,0.0,synthetic
104,2026-01-12,60,59,1,208.09000488281248,124.74071884155273,synthetic
105,2026-01-12,60,60,0,275.8358642578125,0.0,synthetic
106,2026-01-12,60,58,2,426.85957031249995,112.24768829345703,synthetic
107,2026-01-12,60,60,0,252.00929992675782,78.50985050201416,synthetic
108,2026-01-12,60,59,1,421.7142846679687,642.4555646181107,synthetic
109,2026-01-12,60,58,2,236.35976440429687,69.4039397239685,synthetic
110,2026-01-12,60,59,1,235.62002197265625,54.275508642196655,synthetic
111,2026-01-12,60,59,1,238.80924316406248,12.964479923248291,synthetic
112,2026-01-12,60,59,1,75.24,440.5742839574814,synthetic
113,2026-01-12,60,60,0,299.23271484375,734.6570022106171,synthetic
114,2026-01-12,60,59,1,306.29578125,115.77131021022797,synthetic
115,2026-01-12,60,60,0,320.2810327148437,186.27136993408203,synthetic
116,2026-01-12,60,60,0,255.5633605957031,137.55652904510498,synthetic
117,2026-01-12,60,59,1,253.228623046875,639.351749420166,synthetic
118,2026-01-12,60,59,1,345.528076171875,339.981689453125,synthetic
119,2026-01-12,60,60,0,207.89354736328124,20.781980514526367,synthetic
120,2026-01-12,60,60,0,200.64,78.62872648239136,synthetic
121,2026-01-12,60,60,0,398.3917309570312,60.4448299407959,synthetic
122,2026-01-12,60,60,0,351.11999999999995,227.43388850986958,synthetic
123,2026-01-12,60,60,0,168.13935791015624,86.13312101364136,synthetic
124,2026-01-12,60,57,3,261.302783203125,35.166561126708984,synthetic
125,2026-01-12,60,59,1,196.56411254882812,2.8279600143432617,synthetic
126,2026-01-12,60,60,0,227.07929260253906,258.9757604598999,synthetic
127,2026-01-12,60,58,2,205.0518054199219,150.677960395813,synthetic
128,2026-01-12,60,57,3,350.0192303466797,161.78160953521729,synthetic
129,2026-01-12,60,59,1,174.8294384765625,1051.448489189148,synthetic
130,2026-01-12,60,59,1,125.39999999999999,86.8202596604824,synthetic
131,2026-01-12,60,59,1,396.7437231445312,286.63164353370667,synthetic
132,2026-01-12,60,57,3,179.34797607421876,137.62451362609863,synthetic
133,2026-01-12,60,59,1,283.7357922363281,553.248293876648,synthetic
134,2026-01-12,60,57,3,152.76,176.26931858062744,synthetic
135,2026-01-12,60,59,1,232.56553344726564,253.97699356079102,synthetic
136,2026-01-12,60,59,1,200.64,131.21862125396729,synthetic
137,2026-01-12,60,58,2,118.47780029296874,225.46276473999023,synthetic
138,2026-01-12,60,60,0,117.14050415039063,55.35433006286621,synthetic
139,2026-01-12,60,57,3,82.85757934570313,598.9997191429138,synthetic
140,2026-01-12,60,60,0,312.6865393066406,274.11308240890503,synthetic
141,2026-01-12,60,59,1,273.46953369140624,211.19654989242554,synthetic
142,2026-01-12,60,57,3,143.28399169921875,20.034069895744324,synthetic
143,2026-01-12,60,58,2,170.915390625,0.0,synthetic
144,2026-01-12,60,58,2,284.71435913085935,635.5238833427429,synthetic
145,2026-01-12,60,60,0,278.189736328125,129.42427110671997,synthetic
146,2026-01-12,60,60,0,134.64,92.87121152877808,synthetic
147,2026-01-12,60,59,1,252.92106445312498,174.78412890434265,synthetic
148,2026-01-12,60,57,3,355.4389471435547,186.8832414150238,synthetic
149,2026-01-12,60,59,1,358.9644982910156,281.3231234550476,synthetic
150,2026-01-12,60,60,0,190.44519287109375,183.06700706481934,synthetic
151,2026-01-12,60,60,0,150.48,391.92529916763306,synthetic
152,2026-01-12,60,60,0,157.51553466796872,528.9406312704086,synthetic
153,2026-01-12,60,59,1,282.13774658203124,141.22028160095215,synthetic
154,2026-01-12,60,59,1,392.87854980468745,327.24184465408325,synthetic
155,2026-01-12,60,60,0,376.9506811523437,259.7890601158142,synthetic
156,2026-01-12,60,60,0,217.71460693359376,44.2241290807724,synthetic
157,2026-01-12,60,59,1,293.72359863281247,67.40992140769958,synthetic
158,2026-01-12,60,58,2,107.78317749023437,425.32139348983765,synthetic
159,2026-01-12,60,59,1,324.015791015625,270.09290313720703,synthetic
160,2026-01-12,60,59,1,75.24,261.57019901275635,synthetic
161,2026-01-12,60,58,2,75.24,54.61701035499573,synthetic
162,2026-01-12,60,58,2,375.86787597656246,269.9329152107239,synthetic
163,2026-01-12,60,57,3,64.19435302734375,0.0,synthetic
164,2026-01-12,60,59,1,160.03438842773437,166.29443359375,synthetic
165,2026-01-12,60,59,1,243.32396484375,165.85998153686523,synthetic
166,2026-01-12,60,58,2,299.82659912109375,154.67541933059692,synthetic
167,2026-01-12,60,57,3,373.145478515625,457.6948933005333,synthetic
168,2026-01-12,60,59,1,216.1302392578125,159.50250911712646,synthetic
169,2026-01-12,60,59,1,489.69668701171867,508.05237197875977,synthetic
170,2026-01-12,60,59,1,102.6,99.67302989959717,synthetic
171,2026-01-12,60,60,0,182.75559448242186,82.47467231750488,synthetic
172,2026-01-12,60,60,0,305.9019946289062,174.83416813611984,synthetic
173,2026-01-12,60,58,2,250.79999999999998,203.53600549697876,synthetic
174,2026-01-12,60,59,1,155.19224853515624,5.628570079803467,synthetic
175,2026-01-12,60,57,3,250.79999999999998,230.16614246368408,synthetic
176,2026-01-12,60,60,0,75.24,179.2893614768982,synthetic
177,2026-01-12,60,59,1,222.5126239013672,228.0505313873291,synthetic
178,2026-01-12,60,59,1,200.64,470.0296399593353,synthetic
179,2026-01-12,60,59,1,253.36002685546873,0.0,synthetic
180,2026-01-12,60,57,3,367.26884765625,956.0023250579834,synthetic
181,2026-01-12,60,58,2,148.52435302734375,105.34716272354126,synthetic
182,2026-01-12,60,59,1,321.55800292968746,431.73863953351974,synthetic
183,2026-01-12,60,59,1,150.48,290.1790177561343,synthetic
184,2026-01-12,60,59,1,200.29576904296874,198.90541553497314,synthetic
185,2026-01-12,60,59,1,89.97718688964844,0.0,synthetic
186,2026-01-12,60,60,0,326.7767083740234,246.1472282409668,synthetic
187,2026-01-12,60,58,2,211.89026733398435,97.6448974609375,synthetic
188,2026-01-12,60,59,1,158.00477416992186,82.5068387389183,synthetic
189,2026-01-12,60,60,0,72.98064697265625,139.61712551116943,synthetic
190,2026-01-12,60,59,1,102.6,54.88357925415039,synthetic
191,2026-01-12,60,60,0,132.72495117187498,935.5257320404053,synthetic
192,2026-01-12,60,59,1,123.1699365234375,0.0,synthetic
193,2026-01-12,60,60,0,181.7351770019531,0.0,synthetic
194,2026-01-12,60,60,0,111.76207763671874,19.557190418243408,synthetic
195,2026-01-12,60,58,2,150.48,672.8025932312012,synthetic
196,2026-01-12,60,59,1,75.24,217.878354460001,synthetic
197,2026-01-12,60,60,0,318.5660302734375,229.6490650177002,synthetic
198,2026-01-12,60,60,0,192.2639318847656,3.2674601078033447,synthetic
199,2026-01-12,60,60,0,196.7065283203125,105.80016994476318,synthetic
001,2026-01-13,60,60,0,208.04328002929685,120.73931884765625,synthetic
002,2026-01-13,60,60,0,160.92516723632812,4.698359966278076,synthetic
003,2026-01-13,60,59,1,267.57964599609375,213.16540920734406,synthetic
004,2026-01-13,60,60,0,281.27809570312496,239.87804985046387,synthetic
005,2026-01-13,60,60,0,285.65874755859375,221.16028892993927,synthetic
006,2026-01-13,60,59,1,345.3397814941406,130.82896852493286,synthetic
007,2026-01-13,60,59,1,319.55546630859374,125.6095495223999,synthetic
008,2026-01-13,60,56,4,273.3613806152344,15.487789869308472,synthetic
009,2026-01-13,60,60,0,350.1015142822265,335.2971148490906,synthetic
010,2026-01-13,60,59,1,145.6673107910156,68.46045064926147,synthetic
011,2026-01-13,60,60,0,186.59360595703123,391.37615489959717,synthetic
012,2026-01-13,60,60,0,225.19897338867187,231.03679847717285,synthetic
013,2026-01-13,60,59,1,190.77919738769532,158.92878007888794,synthetic
014,2026-01-13,60,59,1,240.32074951171873,178.36968898773193,synthetic
015,2026-01-13,60,60,0,64.07161376953125,362.98229598999023,synthetic
016,2026-01-13,60,60,0,75.24,299.27113342285156,synthetic
017,2026-01-13,60,59,1,144.85412841796875,158.50039911270142,synthetic
018,2026-01-13,60,58,2,182.87145263671874,261.09375381469727,synthetic
019,2026-01-13,60,59,1,317.31144287109373,84.44970941543579,synthetic
020,2026-01-13,60,59,1,125.39999999999999,116.71947288513184,synthetic
021,2026-01-13,60,58,2,194.01650756835937,87.36620998382568,synthetic
022,2026-01-13,60,60,0,191.92573242187498,213.6695568934083,synthetic
023,2026-01-13,60,59,1,364.4935546875,89.69000053405762,synthetic
024,2026-01-13,60,60,0,159.9157177734375,443.21739959716797,synthetic
025,2026-01-13,60,60,0,330.291298828125,28.307010650634766,synthetic
026,2026-01-13,60,58,2,309.99681884765624,826.0737843513489,synthetic
027,2026-01-13,60,59,1,252.83989013671874,42.05347037315369,synthetic
028,2026-01-13,60,58,2,125.39999999999999,97.48864984512329,synthetic
029,2026-01-13,60,60,0,270.80876037597653,443.0244026184082,synthetic
030,2026-01-13,60,59,1,353.4,587.2675265073776,synthetic
031,2026-01-13,60,60,0,347.13678955078126,214.50941276550293,synthetic
032,2026-01-13,120,119,1,375.36928710937497,580.7333211898804,synthetic
033,2026-01-13,60,59,1,294.53115234374997,0.0,synthetic
034,2026-01-13,60,60,0,185.34202880859374,986.8252573013306,synthetic
035,2026-01-13,60,56,4,268.2795739746094,35.53837966918945,synthetic
036,2026-01-13,60,59,1,362.483994140625,272.01005601882935,synthetic
037,2026-01-13,60,59,1,125.39999999999999,849.7815983295441,synthetic
038,2026-01-13,60,59,1,123.344326171875,98.51843070983887,synthetic
039,2026-01-13,60,59,1,315.1260223388672,132.6104736328125,synthetic
040,2026-01-13,60,60,0,249.7562255859375,202.20586967468262,synthetic
041,2026-01-13,60,60,0,130.8144104003906,142.52050304412842,synthetic
042,2026-01-13,60,60,0,177.10058349609375,0.0,synthetic
043,2026-01-13,60,60,0,340.5045263671875,880.1805440485477,synthetic
044,2026-01-13,60,58,2,137.94107666015623,142.1015043258667,synthetic
045,2026-01-13,60,60,0,247.35650390625,241.80935633182526,synthetic
046,2026-01-13,60,59,1,231.0951708984375,11.407710075378418,synthetic
047,2026-01-13,60,60,0,27.36,750.5750606060028,synthetic
048,2026-01-13,60,60,0,291.7850610351562,669.3247766494751,synthetic
049,2026-01-13,60,60,0,391.4512353515625,187.16797161102295,synthetic
050,2026-01-13,60,58,2,262.0279907226562,413.7750873565674,synthetic
051,2026-01-13,60,57,3,205.40984619140625,374.06859588623047,synthetic
052,2026-01-13,60,58,2,376.2,824.4163703918457,synthetic
053,2026-01-13,60,59,1,189.8611962890625,273.32843685150146,synthetic
054,2026-01-13,60,60,0,256.0084423828125,153.5006012916565,synthetic
055,2026-01-13,60,58,2,256.61641479492187,79.75310850143433,synthetic
056,2026-01-13,60,59,1,61.603959960937495,264.13816833496094,synthetic
057,2026-01-13,60,59,1,104.63515869140625,267.5129404067993,synthetic
058,2026-01-13,60,58,2,115.83157104492187,0.0,synthetic
059,2026-01-13,60,59,1,275.88,156.02521133422852,synthetic
060,2026-01-13,60,60,0,194.43350830078123,473.60256081819534,synthetic
061,2026-01-13,60,58,2,276.84981811523437,161.95123171806335,synthetic
062,2026-01-13,60,60,0,219.03618530273437,182.69943058490753,synthetic
063,2026-01-13,60,60,0,200.64,316.05271077156067,synthetic
064,2026-01-13,60,58,2,184.35487060546873,0.0,synthetic
065,2026-01-13,60,60,0,326.03999999999996,127.62853741645813,synthetic
066,2026-01-13,60,56,4,195.465380859375,588.1298122406006,synthetic
067,2026-01-13,60,58,2,99.28859619140624,84.44288110733032,synthetic
068,2026-01-13,60,59,1,332.60586547851557,0.0,synthetic
069,2026-01-13,60,58,2,195.7751953125,134.2714762687683,synthetic
070,2026-01-13,60,58,2,150.48,268.8082523345947,synthetic
071,2026-01-13,60,59,1,200.64,1098.3893027305603,synthetic
072,2026-01-13,60,58,2,250.22206787109377,500.7189540863037,synthetic
073,2026-01-13,60,59,1,198.304453125,537.8585391044617,synthetic
074,2026-01-13,60,58,2,147.49748657226561,113.19248819351196,synthetic
075,2026-01-13,60,60,0,156.92330017089841,118.17874777317047,synthetic
076,2026-01-13,60,60,0,308.754755859375,828.7372145652771,synthetic
077,2026-01-13,60,60,0,127.17819213867188,64.43865966796875,synthetic
078,2026-01-13,60,60,0,296.3493896484375,10.2701997756958,synthetic
079,2026-01-13,60,60,0,177.7410791015625,272.11342191696167,synthetic
080,2026-01-13,60,58,2,103.06300231933594,141.24621868133545,synthetic
081,2026-01-13,60,59,1,234.67107788085934,75.80902910232544,synthetic
082,2026-01-13,60,60,0,68.4003076171875,71.35993099212646,synthetic
083,2026-01-13,60,58,2,75.24,463.96508979797363,synthetic
084,2026-01-13,60,59,1,228.13371826171874,0.0,synthetic
085,2026-01-13,60,59,1,181.41214599609373,0.0,synthetic
086,2026-01-13,60,58,2,199.34151489257812,67.53394031524658,synthetic
087,2026-01-13,60,59,1,158.52430297851564,102.91522026062012,synthetic
088,2026-01-13,60,60,0,246.07197509765626,195.20380902290344,synthetic
089,2026-01-13,60,60,0,179.38339599609372,347.21118354797363,synthetic
090,2026-01-13,60,60,0,209.06763427734373,176.2502090036869,synthetic
091,2026-01-13,60,59,1,293.018408203125,358.48589873313904,synthetic
092,2026-01-13,60,60,0,76.98677124023438,31.58924102783203,synthetic
093,2026-01-13,60,58,2,261.8652978515625,205.49243545532227,synthetic
094,2026-01-13,60,59,1,223.81065856933594,275.6553997993469,synthetic
095,2026-01-13,60,60,0,330.650712890625,84.08214950561523,synthetic
096,2026-01-13,60,60,0,211.84459350585936,0.0,synthetic
097,2026-01-13,60,59,1,135.99335815429686,104.67646074295044,synthetic
098,2026-01-13,60,60,0,299.78676269531246,292.20623564720154,synthetic
099,2026-01-13,60,59,1,387.879755859375,119.96190929412842,synthetic
100,2026-01-13,60,60,0,100.36489013671874,0.0,synthetic
101,2026-01-13,60,60,0,175.59214599609373,93.32958722114563,synthetic
102,2026-01-13,60,59,1,125.39999999999999,266.6522798538208,synthetic
103,2026-01-13,60,60,0,338.1052972412109,0.0,synthetic
104,2026-01-13,60,60,0,324.52279174804687,0.0,synthetic
105,2026-01-13,60,59,1,75.24,69.54071009159088,synthetic
106,2026-01-13,60,58,2,283.02654052734374,0.0,synthetic
107,2026-01-13,60,60,0,125.39999999999999,239.04981327056885,synthetic
108,2026-01-13,60,57,3,357.2743615722656,981.2710604667664,synthetic
109,2026-01-13,60,59,1,165.80715087890624,192.49379968643188,synthetic
110,2026-01-13,60,59,1,278.22737548828127,37.8704195022583,synthetic
111,2026-01-13,60,60,0,134.59373291015623,0.0,synthetic
112,2026-01-13,60,60,0,380.63994140625,320.636221408844,synthetic
113,2026-01-13,60,58,2,218.2206884765625,72.30969047546387,synthetic
114,2026-01-13,60,60,0,73.225400390625,341.44189453125,synthetic
115,2026-01-13,60,59,1,184.97460388183595,258.830322265625,synthetic
116,2026-01-13,60,58,2,84.78117553710936,160.40245604515076,synthetic
117,2026-01-13,60,59,1,258.95483276367185,366.1264548301697,synthetic
118,2026-01-13,60,57,3,305.2945275878906,223.16077518463135,synthetic
119,2026-01-13,60,58,2,110.68949340820313,79.52118015289307,synthetic
120,2026-01-13,60,58,2,250.01047485351563,0.40709999203681946,synthetic
121,2026-01-13,60,60,0,166.692509765625,241.4158272743225,synthetic
122,2026-01-13,60,60,0,308.5829296875,85.64685010910034,synthetic
123,2026-01-13,60,59,1,206.57344299316404,23.361459732055664,synthetic
124,2026-01-13,60,60,0,106.183564453125,0.0,synthetic
125,2026-01-13,60,60,0,131.23343994140623,253.18809604644775,synthetic
126,2026-01-13,60,59,1,225.97072998046872,434.8773822784424,synthetic
127,2026-01-13,60,60,0,300.34477294921874,35.905699729919434,synthetic
128,2026-01-13,60,59,1,160.14048339843748,270.6751708984375,synthetic
129,2026-01-13,60,59,1,458.4447839355468,608.4691972732544,synthetic
130,2026-01-13,60,60,0,286.88653564453125,79.30249118804932,synthetic
131,2026-01-13,60,59,1,189.7738916015625,258.00549030303955,synthetic
132,2026-01-13,60,59,1,275.88,187.59991765022278,synthetic
133,2026-01-13,60,60,0,144.98737060546875,275.6605339050293,synthetic
134,2026-01-13,60,59,1,245.24566772460938,331.69176626205444,synthetic
135,2026-01-13,60,59,1,236.9348986816406,232.18252635002136,synthetic
136,2026-01-13,60,60,0,224.12852416992186,0.0,synthetic
137,2026-01-13,60,58,2,221.56606201171874,76.83386039733887,synthetic
138,2026-01-13,60,59,1,218.78946899414063,35.30126953125,synthetic
139,2026-01-13,60,58,2,385.70508178710935,236.1259708404541,synthetic
140,2026-01-13,60,60,0,135.7364794921875,761.1303787231445,synthetic
141,2026-01-13,60,59,1,200.64,268.81579303741455,synthetic
142,2026-01-13,60,58,2,126.60928344726562,0.0,synthetic
143,2026-01-13,60,59,1,431.601884765625,59.55309844017029,synthetic
144,2026-01-13,60,59,1,300.06810791015624,160.46784126758575,synthetic
145,2026-01-13,60,60,0,125.39999999999999,499.10962295532227,synthetic
146,2026-01-13,60,60,0,346.19337890625,286.1559591293335,synthetic
147,2026-01-13,60,59,1,129.89662353515624,133.36982107162476,synthetic
148,2026-01-13,60,60,0,96.87145568847656,184.74097728729248,synthetic
149,2026-01-13,60,60,0,386.45563476562495,59.06836938858032,synthetic
150,2026-01-13,60,57,3,257.50799560546875,18.624330520629883,synthetic
151,2026-01-13,60,60,0,201.05111206054687,308.83747005462646,synthetic
152,2026-01-13,60,58,2,351.11999999999995,388.32649087905884,synthetic
153,2026-01-13,60,60,0,261.20853149414063,122.59334087371826,synthetic
154,2026-01-13,60,56,4,241.658583984375,126.41512513160706,synthetic
155,2026-01-13,60,59,1,131.96653564453123,108.16319847106934,synthetic
156,2026-01-13,60,60,0,128.95244750976562,171.96930027008057,synthetic
157,2026-01-13,60,59,1,81.9577587890625,0.0,synthetic
158,2026-01-13,60,58,2,242.11973876953124,169.81193113327026,synthetic
159,2026-01-13,60,59,1,144.03547119140626,96.61199951171875,synthetic
160,2026-01-13,60,59,1,460.2385473632812,527.3023571968079,synthetic
161,2026-01-13,60,59,1,282.2173754882813,124.13489007949829,synthetic
162,2026-01-13,60,59,1,284.70154174804685,114.45202255249023,synthetic
163,2026-01-13,60,60,0,292.67445190429686,0.0,synthetic
164,2026-01-13,60,60,0,187.81984863281247,137.07929342985153,synthetic
165,2026-01-13,60,58,2,198.83709228515625,59.52149200439453,synthetic
166,2026-01-13,60,59,1,229.31857910156248,68.99712896347046,synthetic
167,2026-01-13,60,60,0,200.64,1272.4863874912262,synthetic
168,2026-01-13,60,58,2,297.1823950195312,164.27068758010864,synthetic
169,2026-01-13,60,58,2,169.2441943359375,645.0315589904785,synthetic
170,2026-01-13,60,59,1,189.07815673828122,275.1965751647949,synthetic
171,2026-01-13,60,59,1,179.26065673828123,216.2062110900879,synthetic
172,2026-01-13,60,60,0,69.81119384765624,718.6359728574753,synthetic
173,2026-01-13,60,58,2,195.59070556640626,332.29925203323364,synthetic
174,2026-01-13,60,60,0,150.48,119.37396192550659,synthetic
175,2026-01-13,60,60,0,261.3864440917969,0.0,synthetic
176,2026-01-13,60,60,0,264.6835034179687,337.04834723472595,synthetic
177,2026-01-13,60,59,1,217.7223046875,59.7253303527832,synthetic
178,2026-01-13,60,60,0,214.05318603515624,498.8416237831116,synthetic
179,2026-01-13,60,59,1,244.54347656249996,179.7478575706482,synthetic
180,2026-01-13,60,58,2,273.43827392578123,446.07220935821533,synthetic
181,2026-01-13,60,58,2,407.1645776367187,77.56348085403442,synthetic
182,2026-01-13,60,60,0,372.85823730468746,95.97398948669434,synthetic
183,2026-01-13,60,58,2,131.51962280273438,988.3541283607483,synthetic
184,2026-01-13,60,58,2,176.8203369140625,356.20240020751953,synthetic
185,2026-01-13,60,58,2,276.05800048828127,42.51511025428772,synthetic
186,2026-01-13,60,60,0,200.64,434.7135696411133,synthetic
187,2026-01-13,60,59,1,163.62307067871092,46.824951171875,synthetic
188,2026-01-13,60,59,1,336.7993212890625,157.13592863082886,synthetic
189,2026-01-13,60,59,1,300.96,251.01263284683228,synthetic
190,2026-01-13,60,58,2,238.52715454101562,2.410249948501587,synthetic
191,2026-01-13,60,60,0,376.2,732.2349359989166,synthetic
192,2026-01-13,60,60,0,423.8194885253906,225.15918064117432,synthetic
193,2026-01-13,60,60,0,236.959189453125,0.0,synthetic
194,2026-01-13,60,60,0,227.04995361328122,83.39336824417114,synthetic
195,2026-01-13,60,60,0,335.28,539.0142946243286,synthetic
196,2026-01-13,60,59,1,271.05214599609377,147.25989055633545,synthetic
197,2026-01-13,60,59,1,468.15591796875,227.26098227500916,synthetic
198,2026-01-13,60,59,1,71.267197265625,0.0,synthetic
199,2026-01-13,60,58,2,219.59680664062498,0.0,synthetic
001,2026-01-14,60,60,0,161.41694091796873,15.3854398727417,synthetic
002,2026-01-14,60,60,0,270.88681640625,242.7288303375244,synthetic
003,2026-01-14,60,60,0,128.22179443359374,32.038089752197266,synthetic
004,2026-01-14,60,59,1,252.31996948242187,199.1279296875,synthetic
005,2026-01-14,60,59,1,165.08961914062502,23.976939916610718,synthetic
006,2026-01-14,60,60,0,75.24,104.39379119873047,synthetic
007,2026-01-14,60,60,0,71.992763671875,169.46563720703125,synthetic
008,2026-01-14,60,60,0,110.66102783203125,0.0,synthetic
009,2026-01-14,60,60,0,100.49249084472656,9.965760231018066,synthetic
010,2026-01-14,60,59,1,246.386953125,62.48987007141113,synthetic
011,2026-01-14,60,60,0,432.29481445312496,341.78679943084717,synthetic
012,2026-01-14,60,59,1,123.18097412109375,0.0,synthetic
013,2026-01-14,60,60,0,125.39999999999999,642.7472031712532,synthetic
014,2026-01-14,60,59,1,432.368994140625,155.45515060424805,synthetic
015,2026-01-14,60,60,0,404.0007019042969,695.5013275146484,synthetic
016,2026-01-14,60,59,1,486.07763671875,320.2933897972107,synthetic
017,2026-01-14,60,60,0,237.6822912597656,228.5840276479721,synthetic
018,2026-01-14,60,59,1,384.5985717773437,465.1050968170166,synthetic
019,2026-01-14,60,59,1,144.40080322265624,96.72594833374023,synthetic
020,2026-01-14,60,58,2,338.9483862304687,120.04613018035889,synthetic
021,2026-01-14,60,59,1,210.75677124023434,102.48454809188843,synthetic
022,2026-01-14,60,58,2,401.3882226562499,344.8491315841675,synthetic
023,2026-01-14,60,58,2,404.0628881835937,0.0,synthetic
024,2026-01-14,60,59,1,206.21913940429687,145.59925270080566,synthetic
025,2026-01-14,60,60,0,75.24,174.90612697601318,synthetic
026,2026-01-14,60,60,0,302.2086401367187,724.2263805866241,synthetic
027,2026-01-14,60,58,2,201.98517333984375,38.420719146728516,synthetic
028,2026-01-14,60,59,1,312.89195068359373,174.26177072525024,synthetic
029,2026-01-14,60,60,0,197.58887695312498,149.62401962280273,synthetic
030,2026-01-14,60,59,1,95.59062744140624,73.99560976028442,synthetic
031,2026-01-14,60,59,1,123.498369140625,74.52743864059448,synthetic
032,2026-01-14,120,120,0,697.5723303222657,340.78416907787323,synthetic
033,2026-01-14,60,60,0,58.194492187499996,0.0,synthetic
034,2026-01-14,60,59,1,418.2600549316406,589.5201992988586,synthetic
035,2026-01-14,60,60,0,107.09270874023437,0.0,synthetic
036,2026-01-14,60,59,1,135.4027258300781,60.437071323394775,synthetic
037,2026-01-14,60,60,0,353.4,667.0780899524689,synthetic
038,2026-01-14,60,59,1,376.39948242187495,164.65437126159668,synthetic
039,2026-01-14,60,59,1,66.9781787109375,189.53398513793945,synthetic
040,2026-01-14,60,57,3,204.91307373046874,248.63605880737305,synthetic
041,2026-01-14,60,60,0,167.13970825195312,217.61132144927979,synthetic
042,2026-01-14,60,58,2,86.70761718749999,299.1392321586609,synthetic
043,2026-01-14,60,58,2,346.2846826171875,365.51598167419434,synthetic
044,2026-01-14,60,60,0,194.5968374633789,114.40844821929932,synthetic
045,2026-01-14,60,60,0,75.24,224.5966567993164,synthetic
046,2026-01-14,60,60,0,161.08720458984374,64.33952808380127,synthetic
047,2026-01-14,60,59,1,314.9839764404297,365.80974197387695,synthetic
048,2026-01-14,60,59,1,200.64,383.39521503448486,synthetic
049,2026-01-14,60,58,2,135.60554443359374,156.14557075500488,synthetic
050,2026-01-14,60,59,1,320.5284741210937,939.9775340557098,synthetic
051,2026-01-14,60,60,0,221.66254943847656,287.50177907943726,synthetic
052,2026-01-14,60,58,2,270.4930517578125,296.2711670398712,synthetic
053,2026-01-14,60,59,1,136.56626953125,186.93364191055298,synthetic
054,2026-01-14,60,58,2,260.3426623535156,181.39458084106445,synthetic
055,2026-01-14,60,59,1,121.06822998046874,0.0,synthetic
056,2026-01-14,60,60,0,402.3791015625,164.68346977233887,synthetic
057,2026-01-14,60,60,0,254.96195434570313,189.2014102935791,synthetic
058,2026-01-14,60,60,0,170.69415161132812,0.0,synthetic
059,2026-01-14,60,57,3,264.60039184570314,0.0,synthetic
060,2026-01-14,60,60,0,174.79115112304686,174.77954483032227,synthetic
061,2026-01-14,60,59,1,148.04039794921874,181.8255615234375,synthetic
062,2026-01-14,60,59,1,150.48,72.18439102172852,synthetic
063,2026-01-14,60,60,0,216.51087890624999,139.31170058250427,synthetic
064,2026-01-14,60,60,0,113.3039776611328,8.485719680786133,synthetic
065,2026-01-14,60,58,2,273.32971069335935,0.0,synthetic
066,2026-01-14,60,58,2,255.5999340820312,542.3009128570557,synthetic
067,2026-01-14,60,60,0,315.21333984374996,239.49524807929993,synthetic
068,2026-01-14,60,59,1,59.30234252929687,94.68657875061035,synthetic
069,2026-01-14,60,60,0,232.83426269531247,94.48828983306885,synthetic
070,2026-01-14,60,60,0,279.890659790039,149.49573731422424,synthetic
071,2026-01-14,60,58,2,275.88,474.4975007176399,synthetic
072,2026-01-14,60,60,0,308.1281103515625,87.14947080612183,synthetic
073,2026-01-14,60,57,3,376.2,867.476639509201,synthetic
074,2026-01-14,60,59,1,320.29404418945313,123.86566925048828,synthetic
075,2026-01-14,60,60,0,63.92859375,0.0,synthetic
076,2026-01-14,60,58,2,360.6083422851562,270.02734649181366,synthetic
077,2026-01-14,60,59,1,233.86196777343747,198.56006050109863,synthetic
078,2026-01-14,60,58,2,381.2381726074219,0.0,synthetic
079,2026-01-14,60,60,0,200.64,302.62597131729126,synthetic
080,2026-01-14,60,60,0,331.86500793457026,196.06408500671387,synthetic
081,2026-01-14,60,59,1,169.24445800781248,0.0,synthetic
082,2026-01-14,60,58,2,238.0402972412109,174.59253025054932,synthetic
083,2026-01-14,60,58,2,275.64427001953123,490.3282516002655,synthetic
084,2026-01-14,60,60,0,195.65970703124998,120.46466064453125,synthetic
085,2026-01-14,60,58,2,51.51365661621094,0.6607199907302856,synthetic
086,2026-01-14,60,58,2,176.95977905273438,130.69592380523682,synthetic
087,2026-01-14,60,60,0,205.41199951171876,205.71905994415283,synthetic
088,2026-01-14,60,60,0,143.82353027343748,0.0,synthetic
089,2026-01-14,60,57,3,484.98881835937493,206.7309694290161,synthetic
090,2026-01-14,60,59,1,207.76993286132813,11.965130090713501,synthetic
091,2026-01-14,60,59,1,152.4830255126953,330.85912895202637,synthetic
092,2026-01-14,60,60,0,201.92578125,0.0,synthetic
093,2026-01-14,60,59,1,286.8808264160156,234.09680008888245,synthetic
094,2026-01-14,60,60,0,145.12699218749998,192.36943817138672,synthetic
095,2026-01-14,60,60,0,108.9400048828125,101.5821533203125,synthetic
096,2026-01-14,60,60,0,133.10062133789063,0.0,synthetic
097,2026-01-14,60,60,0,168.09120666503907,41.31408977508545,synthetic
098,2026-01-14,60,60,0,348.8498876953125,222.08923864364624,synthetic
099,2026-01-14,60,59,1,287.83163085937497,523.4729537963867,synthetic
100,2026-01-14,60,59,1,167.0629266357422,0.0,synthetic
101,2026-01-14,60,60,0,124.40329101562499,333.58552265167236,synthetic
102,2026-01-14,60,59,1,349.75111816406246,196.1062467098236,synthetic
103,2026-01-14,60,60,0,55.37462036132812,0.0,synthetic
104,2026-01-14,60,60,0,139.2132861328125,535.901252746582,synthetic
105,2026-01-14,60,59,1,266.56409912109376,53.89672088623047,synthetic
106,2026-01-14,60,58,2,295.0816552734375,141.55536270141602,synthetic
107,2026-01-14,60,60,0,284.0378704833984,70.63903903961182,synthetic
108,2026-01-14,60,59,1,447.57456298828123,544.550537109375,synthetic
109,2026-01-14,60,58,2,200.64,584.1010661125183,synthetic
110,2026-01-14,60,60,0,123.14421020507812,187.48486948013306,synthetic
111,2026-01-14,60,60,0,247.4991357421875,16.27374005317688,synthetic
112,2026-01-14,60,58,2,59.48853881835937,366.95080375671387,synthetic
113,2026-01-14,60,60,0,200.0421826171875,148.15966129302979,synthetic
114,2026-01-14,60,58,2,344.81148925781247,209.10785174369812,synthetic
115,2026-01-14,60,60,0,318.9694921875,336.14569544792175,synthetic
116,2026-01-14,60,59,1,246.39310180664063,136.54613876342773,synthetic
117,2026-01-14,60,59,1,265.2422314453125,645.6531257629395,synthetic
118,2026-01-14,60,59,1,247.41721435546873,677.4897480010986,synthetic
119,2026-01-14,60,60,0,165.6363262939453,162.3614616394043,synthetic
120,2026-01-14,60,60,0,182.43594360351562,125.08996105194092,synthetic
121,2026-01-14,60,59,1,432.1223510742187,286.99126148223877,synthetic
122,2026-01-14,60,59,1,275.88,448.86401438713074,synthetic
123,2026-01-14,60,59,1,140.81523559570311,0.0,synthetic
124,2026-01-14,60,57,3,237.29817993164062,0.0,synthetic
125,2026-01-14,60,59,1,228.0,270.94788098335266,synthetic
126,2026-01-14,60,60,0,226.21378601074218,334.57414531707764,synthetic
127,2026-01-14,60,60,0,212.534677734375,43.35473012924194,synthetic
128,2026-01-14,60,58,2,313.0023889160156,233.17099618911743,synthetic
129,2026-01-14,60,60,0,136.40733764648436,653.5967063903809,synthetic
130,2026-01-14,60,57,3,99.06385986328125,45.379279136657715,synthetic
131,2026-01-14,60,60,0,387.8868603515625,302.19941234588623,synthetic
132,2026-01-14,60,59,1,163.31748779296873,0.0,synthetic
133,2026-01-14,60,60,0,328.22972900390624,229.67314910888672,synthetic
134,2026-01-14,60,60,0,152.76,230.1212239265442,synthetic
135,2026-01-14,60,59,1,84.77373046874999,638.1930103302002,synthetic
136,2026-01-14,60,60,0,187.99960693359372,0.0,synthetic
137,2026-01-14,60,59,1,163.33536621093748,0.0,synthetic
138,2026-01-14,60,58,2,99.84628051757812,0.0,synthetic
139,2026-01-14,60,57,3,125.53083251953124,317.00827169418335,synthetic
140,2026-01-14,60,59,1,269.19463989257815,323.58386170864105,synthetic
141,2026-01-14,60,60,0,265.44662109374997,167.20135974884033,synthetic
142,2026-01-14,60,59,1,117.84967163085938,0.0,synthetic
143,2026-01-14,60,59,1,125.39999999999999,204.9347369670868,synthetic
144,2026-01-14,60,60,0,175.68388549804686,157.28644132614136,synthetic
145,2026-01-14,60,60,0,313.73033752441404,632.6234068870544,synthetic
146,2026-01-14,60,59,1,75.24,135.8472905755043,synthetic
147,2026-01-14,60,59,1,146.566787109375,193.23987245559692,synthetic
148,2026-01-14,60,60,0,307.108330078125,275.97522807121277,synthetic
149,2026-01-14,60,59,1,0.0,456.42261362075806,synthetic
150,2026-01-14,60,60,0,195.489580078125,35.96069097518921,synthetic
151,2026-01-14,60,59,1,182.7976611328125,101.62835931777954,synthetic
152,2026-01-14,60,60,0,198.5974951171875,237.21599996089935,synthetic
153,2026-01-14,60,60,0,317.7340356445312,208.82971858978271,synthetic
154,2026-01-14,60,57,3,401.83297668457027,346.57815742492676,synthetic
155,2026-01-14,60,58,2,386.25014648437497,196.00401985645294,synthetic
156,2026-01-14,60,60,0,237.34699951171874,70.58704042434692,synthetic
157,2026-01-14,60,58,2,164.01156005859374,437.17908096313477,synthetic
158,2026-01-14,60,60,0,138.68269775390624,30.33983955718577,synthetic
159,2026-01-14,60,59,1,388.8047094726562,158.57728052139282,synthetic
160,2026-01-14,60,59,1,0.0,29.53887939453125,synthetic
161,2026-01-14,60,59,1,75.24,27.947200775146484,synthetic
162,2026-01-14,60,60,0,275.88,579.6301922798157,synthetic
163,2026-01-14,60,60,0,69.95401611328124,0.0,synthetic
164,2026-01-14,60,58,2,165.5395935058594,81.67749190330505,synthetic
165,2026-01-14,60,58,2,348.4929565429687,159.39244842529297,synthetic
166,2026-01-14,60,60,0,397.271396484375,146.52281856536865,synthetic
167,2026-01-14,60,60,0,264.36739746093747,1389.1466068029404,synthetic
168,2026-01-14,60,58,2,141.96030029296875,0.0,synthetic
169,2026-01-14,60,60,0,494.6394873046875,234.70953130722046,synthetic
170,2026-01-14,60,60,0,177.83999999999997,289.1773021221161,synthetic
171,2026-01-14,60,59,1,183.52576171875,94.24921226501465,synthetic
172,2026-01-14,60,60,0,177.83999999999997,1134.2215859889984,synthetic
173,2026-01-14,60,58,2,272.61873046875,418.20635986328125,synthetic
174,2026-01-14,60,59,1,142.41347351074216,31.235469818115234,synthetic
175,2026-01-14,60,59,1,125.39999999999999,124.62975788116455,synthetic
176,2026-01-14,60,57,3,135.71777709960935,119.82898843288422,synthetic
177,2026-01-14,60,57,3,148.42246582031248,98.86623058468103,synthetic
178,2026-01-14,60,59,1,110.88,199.81512260437012,synthetic
179,2026-01-14,60,56,4,175.64334228515622,295.5183687210083,synthetic
180,2026-01-14,60,59,1,369.53655761718744,1283.9618453979492,synthetic
181,2026-01-14,60,60,0,223.95911499023435,99.36012268066406,synthetic
182,2026-01-14,60,59,1,267.5176318359375,65.33196878433228,synthetic
183,2026-01-14,60,60,0,300.96,416.7336940765381,synthetic
184,2026-01-14,60,59,1,168.7690740966797,125.12328743934631,synthetic
185,2026-01-14,60,60,0,89.6811181640625,41.85104984045029,synthetic
186,2026-01-14,60,60,0,372.1179565429687,470.92669463157654,synthetic
187,2026-01-14,60,59,1,222.34938171386716,340.4290647506714,synthetic
188,2026-01-14,60,60,0,102.38126220703124,237.49011135101318,synthetic
189,2026-01-14,60,59,1,131.58803466796874,433.45612144470215,synthetic
190,2026-01-14,60,60,0,200.22095947265626,45.43492007255554,synthetic
191,2026-01-14,60,60,0,150.48,637.4058573246002,synthetic
192,2026-01-14,60,57,3,0.0,245.7771110534668,synthetic
193,2026-01-14,60,58,2,124.69554931640624,34.57836985588074,synthetic
194,2026-01-14,60,59,1,140.4738134765625,33.91790937446058,synthetic
195,2026-01-14,60,59,1,264.4407055664062,628.5296058654785,synthetic
196,2026-01-14,60,60,0,99.65694580078124,10.817169785499573,synthetic
197,2026-01-14,60,59,1,217.6431884765625,494.8571786880493,synthetic
198,2026-01-14,60,59,1,214.05372711181639,40.760621070861816,synthetic
199,2026-01-14,60,60,0,134.64,58.85803031921387,synthetic
001,2026-01-15,60,58,2,173.29940551757812,197.63817715644836,synthetic
002,2026-01-15,60,59,1,158.23744995117187,101.5045804977417,synthetic
003,2026-01-15,60,57,3,262.9643774414062,229.0014033317566,synthetic
004,2026-01-15,60,57,3,196.2714111328125,151.6024227142334,synthetic
005,2026-01-15,60,59,1,221.18844726562497,416.7537406682968,synthetic
006,2026-01-15,60,60,0,311.6961364746094,0.0,synthetic
007,2026-01-15,60,58,2,274.90412109375,118.97516250610352,synthetic
008,2026-01-15,60,58,2,205.2799182128906,127.62041091918945,synthetic
009,2026-01-15,60,57,3,240.0706896972656,228.36053895950317,synthetic
010,2026-01-15,60,60,0,117.38138305664063,0.0,synthetic
011,2026-01-15,60,60,0,238.72090942382812,158.7138671875,synthetic
012,2026-01-15,60,60,0,151.08841003417967,42.28485107421875,synthetic
013,2026-01-15,60,57,3,238.14299560546874,116.32807922363281,synthetic
014,2026-01-15,60,60,0,97.63796630859375,247.08032894134521,synthetic
015,2026-01-15,60,60,0,187.92848144531249,131.45526123046875,synthetic
016,2026-01-15,60,58,2,181.58710693359376,117.52014112472534,synthetic
017,2026-01-15,60,60,0,194.52929443359375,119.30121231079102,synthetic
018,2026-01-15,60,57,3,243.42470214843752,488.536244392395,synthetic
019,2026-01-15,60,60,0,224.21768188476562,109.99884414672852,synthetic
020,2026-01-15,60,58,2,186.0224560546875,176.5484640598297,synthetic
021,2026-01-15,60,59,1,150.48,303.91967153549194,synthetic
022,2026-01-15,60,58,2,179.8194140625,1208.0919179916382,synthetic
023,2026-01-15,60,59,1,285.13542114257814,162.35217094421387,synthetic
024,2026-01-15,60,60,0,121.91763061523437,0.0,synthetic
025,2026-01-15,60,60,0,329.5367651367187,266.8429021835327,synthetic
026,2026-01-15,60,60,0,383.94922119140625,265.99676990509033,synthetic
027,2026-01-15,60,56,4,245.92106689453124,0.0,synthetic
028,2026-01-15,60,60,0,177.40676513671875,143.9054193496704,synthetic
029,2026-01-15,60,60,0,275.88,610.402321100235,synthetic
030,2026-01-15,60,59,1,309.3812841796875,53.147220611572266,synthetic
031,2026-01-15,60,58,2,326.0209680175781,235.64363884925842,synthetic
032,2026-01-15,120,119,1,150.48,1073.6920934915543,synthetic
033,2026-01-15,60,59,1,273.2361767578125,30.77221965789795,synthetic
034,2026-01-15,60,59,1,379.2922192382812,436.93847942352295,synthetic
035,2026-01-15,60,59,1,228.0090344238281,0.0,synthetic
036,2026-01-15,60,60,0,351.7837353515625,204.60644817352295,synthetic
037,2026-01-15,60,60,0,284.2217065429687,12.721980094909668,synthetic
038,2026-01-15,60,58,2,125.39999999999999,417.41363430023193,synthetic
039,2026-01-15,60,58,2,311.45400878906247,320.03139209747314,synthetic
040,2026-01-15,60,59,1,319.48261596679686,58.95471954345703,synthetic
041,2026-01-15,60,59,1,150.48,316.30650997161865,synthetic
042,2026-01-15,60,59,1,248.14796264648436,80.62853050231934,synthetic
043,2026-01-15,60,59,1,250.79999999999998,677.2530422210693,synthetic
044,2026-01-15,60,59,1,174.94839111328125,89.82368779182434,synthetic
045,2026-01-15,60,59,1,244.1671728515625,242.45898342132568,synthetic
046,2026-01-15,60,59,1,162.149443359375,0.0,synthetic
047,2026-01-15,60,60,0,97.74537048339843,174.12940406799316,synthetic
048,2026-01-15,60,58,2,355.79388061523434,113.97741317749023,synthetic
049,2026-01-15,60,58,2,402.4003051757812,159.73869800567627,synthetic
050,2026-01-15,60,60,0,224.7238916015625,934.9471435546875,synthetic
051,2026-01-15,60,60,0,242.81231323242184,299.81962633132935,synthetic
052,2026-01-15,60,60,0,303.60826904296874,674.486704826355,synthetic
053,2026-01-15,60,57,3,297.92675537109375,118.81133842468262,synthetic
054,2026-01-15,60,59,1,191.29297119140625,282.4835777282715,synthetic
055,2026-01-15,60,59,1,159.5631866455078,55.93706130981445,synthetic
056,2026-01-15,60,58,2,129.49652709960938,192.8367977142334,synthetic
057,2026-01-15,60,57,3,150.48,131.38317775726318,synthetic
058,2026-01-15,60,59,1,128.63909912109375,0.0,synthetic
059,2026-01-15,60,60,0,86.75046569824218,109.72217750549316,synthetic
060,2026-01-15,60,58,2,134.9272119140625,124.86944007873535,synthetic
061,2026-01-15,60,57,3,223.73078613281248,137.06682968139648,synthetic
062,2026-01-15,60,59,1,296.6184924316406,154.9130825996399,synthetic
063,2026-01-15,60,59,1,197.12056640625,135.358989238739,synthetic
064,2026-01-15,60,57,3,192.44019287109373,57.97167992591858,synthetic
065,2026-01-15,60,59,1,343.9805200195312,0.0,synthetic
066,2026-01-15,60,58,2,284.8367431640625,249.82658529281616,synthetic
067,2026-01-15,60,60,0,85.059140625,76.60855007171631,synthetic
068,2026-01-15,60,56,4,375.91986328124995,202.32508313655853,synthetic
069,2026-01-15,60,59,1,225.50043090820313,110.63318586349487,synthetic
070,2026-01-15,60,60,0,141.89469177246093,299.9018611907959,synthetic
071,2026-01-15,60,56,4,200.64,364.98871755599976,synthetic
072,2026-01-15,60,58,2,220.99657104492186,0.0,synthetic
073,2026-01-15,60,59,1,200.64,539.7352933883667,synthetic
074,2026-01-15,60,59,1,144.36380493164063,20.88122034072876,synthetic
075,2026-01-15,60,60,0,192.6107501220703,41.458919525146484,synthetic
076,2026-01-15,60,58,2,239.71857421875,5.160280227661133,synthetic
077,2026-01-15,60,59,1,215.62813476562502,186.5929479598999,synthetic
078,2026-01-15,60,60,0,0.0,69.91955900192261,synthetic
079,2026-01-15,60,59,1,168.30919921875,97.25771021842957,synthetic
080,2026-01-15,60,60,0,95.65891113281249,50.33395051956177,synthetic
081,2026-01-15,60,60,0,173.90228393554688,406.87084007263184,synthetic
082,2026-01-15,60,59,1,150.48,132.64789009094238,synthetic
083,2026-01-15,60,59,1,335.7896887207031,103.37713861465454,synthetic
084,2026-01-15,60,59,1,189.08928955078125,223.8509076833725,synthetic
085,2026-01-15,60,58,2,174.79476196289062,34.95391082763672,synthetic
086,2026-01-15,60,57,3,185.88485595703122,386.0800075531006,synthetic
087,2026-01-15,60,59,1,202.16434936523436,149.56284928321838,synthetic
088,2026-01-15,60,60,0,264.55601440429683,0.0,synthetic
089,2026-01-15,60,60,0,240.69218261718748,189.09205150604248,synthetic
090,2026-01-15,60,59,1,134.24269409179686,20.18634078092873,synthetic
091,2026-01-15,60,58,2,244.79303100585935,338.07547760009766,synthetic
092,2026-01-15,60,60,0,54.3371484375,0.0,synthetic
093,2026-01-15,60,59,1,191.26278808593747,444.09539699554443,synthetic
094,2026-01-15,60,60,0,240.196494140625,6.175779819488525,synthetic
095,2026-01-15,60,59,1,171.02332763671876,680.0196361541748,synthetic
096,2026-01-15,60,60,0,164.16568359374997,0.0,synthetic
097,2026-01-15,60,59,1,113.78358398437499,22.2070894241333,synthetic
098,2026-01-15,60,60,0,326.03999999999996,635.5295090675354,synthetic
099,2026-01-15,60,60,0,314.61396240234376,194.55554056167603,synthetic
100,2026-01-15,60,60,0,86.61024169921875,20.059720516204834,synthetic
101,2026-01-15,60,59,1,200.64,374.7191638946533,synthetic
102,2026-01-15,60,59,1,125.39999999999999,293.29773902893066,synthetic
103,2026-01-15,60,60,0,325.2552465820312,0.0,synthetic
104,2026-01-15,60,59,1,159.25565185546873,694.5206279754639,synthetic
105,2026-01-15,60,60,0,69.901640625,0.0,synthetic
106,2026-01-15,60,59,1,200.64,451.86674404144287,synthetic
107,2026-01-15,60,58,2,124.4604345703125,0.0,synthetic
108,2026-01-15,60,59,1,438.4456787109375,705.9914569854736,synthetic
109,2026-01-15,60,60,0,165.55006347656249,575.3244125843048,synthetic
110,2026-01-15,60,60,0,305.51468994140623,226.73084807395935,synthetic
111,2026-01-15,60,58,2,129.432919921875,0.0,synthetic
112,2026-01-15,60,60,0,373.1327124023437,99.78315258026123,synthetic
113,2026-01-15,60,57,3,172.8393420410156,251.883118391037,synthetic
114,2026-01-15,60,59,1,217.4072277832031,44.1395902633667,synthetic
115,2026-01-15,60,57,3,266.92732910156246,278.46862030029297,synthetic
116,2026-01-15,60,58,2,70.77562133789061,36.38855004310608,synthetic
117,2026-01-15,60,59,1,136.10853881835936,1029.0000483989716,synthetic
118,2026-01-15,60,59,1,250.79999999999998,825.7023839950562,synthetic
119,2026-01-15,60,59,1,121.66365600585937,201.16357612609863,synthetic
120,2026-01-15,60,60,0,160.68500244140625,367.10840034484863,synthetic
121,2026-01-15,60,60,0,199.3367431640625,387.2122749686241,synthetic
122,2026-01-15,60,59,1,271.875673828125,312.93999886512756,synthetic
123,2026-01-15,60,59,1,169.87569580078124,77.39492964744568,synthetic
124,2026-01-15,60,60,0,117.08913208007812,253.09901237487793,synthetic
125,2026-01-15,60,59,1,188.32172241210935,112.39708030223846,synthetic
126,2026-01-15,60,57,3,205.20510681152342,140.16846883296967,synthetic
127,2026-01-15,60,60,0,221.83931396484374,500.22205352783203,synthetic
128,2026-01-15,60,58,2,200.64,350.67355585098267,synthetic
129,2026-01-15,60,60,0,473.46153076171873,710.220705986023,synthetic
130,2026-01-15,60,59,1,272.6840075683594,80.3702392578125,synthetic
131,2026-01-15,60,60,0,200.64,270.34130001068115,synthetic
132,2026-01-15,60,58,2,248.66974365234375,33.745850563049316,synthetic
133,2026-01-15,60,59,1,196.52889038085937,46.97894859313965,synthetic
134,2026-01-15,60,59,1,273.2830352783203,178.84217262268066,synthetic
135,2026-01-15,60,60,0,296.62356445312497,370.76270866394043,synthetic
136,2026-01-15,60,58,2,201.47039794921875,30.7470703125,synthetic
137,2026-01-15,60,60,0,112.80830017089843,143.56975555419922,synthetic
138,2026-01-15,60,60,0,228.0,53.425719022750854,synthetic
139,2026-01-15,60,59,1,338.8651611328125,289.61196172237396,synthetic
140,2026-01-15,60,60,0,245.86988159179685,118.87521815299988,synthetic
141,2026-01-15,60,60,0,165.57838623046874,89.95147061347961,synthetic
142,2026-01-15,60,58,2,109.2241973876953,0.0,synthetic
143,2026-01-15,60,60,0,407.07710449218746,237.46024751663208,synthetic
144,2026-01-15,60,59,1,312.10033447265624,216.9725365638733,synthetic
145,2026-01-15,60,60,0,75.24,99.5000696182251,synthetic
146,2026-01-15,60,59,1,327.39615234375,236.9468333721161,synthetic
147,2026-01-15,60,58,2,150.48,289.7453875541687,synthetic
148,2026-01-15,60,60,0,232.45825927734373,215.54112339019775,synthetic
149,2026-01-15,60,60,0,476.52,557.0532873868942,synthetic
150,2026-01-15,60,58,2,227.8914990234375,0.0,synthetic
151,2026-01-15,60,59,1,122.46099609375,567.4990978240967,synthetic
152,2026-01-15,60,60,0,268.64356201171876,385.21131205558777,synthetic
153,2026-01-15,60,58,2,236.14059814453122,602.3049506694078,synthetic
154,2026-01-15,60,59,1,313.3262036132812,130.87940883636475,synthetic
155,2026-01-15,60,58,2,233.30072021484375,34.31786918640137,synthetic
156,2026-01-15,60,60,0,200.41847900390624,0.0,synthetic
157,2026-01-15,60,60,0,183.56247619628905,348.6694459915161,synthetic
158,2026-01-15,60,59,1,202.88938476562498,96.62696075439453,synthetic
159,2026-01-15,60,56,4,172.60943115234375,29.511659622192383,synthetic
160,2026-01-15,60,58,2,295.1796533203125,586.7463328838348,synthetic
161,2026-01-15,60,57,3,261.5095532226563,3.022520065307617,synthetic
162,2026-01-15,60,60,0,307.7906176757812,226.1580204963684,synthetic
163,2026-01-15,60,59,1,280.61748413085934,49.873470306396484,synthetic
164,2026-01-15,60,59,1,173.55677124023435,82.10347938537598,synthetic
165,2026-01-15,60,60,0,138.71492797851562,110.009521484375,synthetic
166,2026-01-15,60,59,1,75.24,371.5585980415344,synthetic
167,2026-01-15,60,60,0,372.6908642578125,419.119019985199,synthetic
168,2026-01-15,60,60,0,225.2427374267578,121.34807968139648,synthetic
169,2026-01-15,60,60,0,290.3944189453125,220.45244932174683,synthetic
170,2026-01-15,60,59,1,258.4371057128906,52.960909366607666,synthetic
171,2026-01-15,60,59,1,174.7425842285156,106.63792991638184,synthetic
172,2026-01-15,60,58,2,190.0134466552734,755.431453704834,synthetic
173,2026-01-15,60,59,1,192.79072265624998,170.82178115844727,synthetic
174,2026-01-15,60,60,0,75.24,185.86865854263306,synthetic
175,2026-01-15,60,59,1,268.53646362304687,14.694950103759766,synthetic
176,2026-01-15,60,60,0,171.52306640625,526.3078556060791,synthetic
177,2026-01-15,60,60,0,201.11301269531248,153.56501865386963,synthetic
178,2026-01-15,60,59,1,319.9070874023438,287.1914086341858,synthetic
179,2026-01-15,60,60,0,275.223486328125,196.0811666250229,synthetic
180,2026-01-15,60,59,1,408.760166015625,271.1747341156006,synthetic
181,2026-01-15,60,60,0,257.9590393066406,124.27026176452637,synthetic
182,2026-01-15,60,59,1,398.02909423828123,712.7224168777466,synthetic
183,2026-01-15,60,60,0,164.93953857421874,355.27690601348877,synthetic
184,2026-01-15,60,58,2,277.8895642089844,184.11249160766602,synthetic
185,2026-01-15,60,59,1,234.9789990234375,0.0,synthetic
186,2026-01-15,60,60,0,247.37726440429685,282.2492775917053,synthetic
187,2026-01-15,60,60,0,224.74966552734378,0.0,synthetic
188,2026-01-15,60,59,1,311.3991870117187,574.421275138855,synthetic
189,2026-01-15,60,57,3,225.71999999999997,298.72628927230835,synthetic
190,2026-01-15,60,60,0,185.4723046875,0.0,synthetic
191,2026-01-15,60,59,1,519.385693359375,288.2647819519043,synthetic
192,2026-01-15,60,59,1,452.40583740234376,216.91540670394897,synthetic
193,2026-01-15,60,59,1,313.54541015625,197.94688415527344,synthetic
194,2026-01-15,60,60,0,210.95662353515627,0.0,synthetic
195,2026-01-15,60,59,1,275.88,371.56236457824707,synthetic
196,2026-01-15,60,60,0,257.292421875,338.08524799346924,synthetic
197,2026-01-15,60,55,5,479.0613720703125,404.28233098983765,synthetic
198,2026-01-15,60,58,2,79.975224609375,0.0,synthetic
199,2026-01-15,60,59,1,313.99744628906245,132.65489864349365,synthetic
001,2026-01-16,60,58,2,136.32809692382813,179.42778968811035,synthetic
002,2026-01-16,60,60,0,264.09102539062496,136.0476713180542,synthetic
003,2026-01-16,60,59,1,222.33014648437498,81.68476104736328,synthetic
004,2026-01-16,60,59,1,256.04958251953127,141.07239013910294,synthetic
005,2026-01-16,60,58,2,177.83999999999997,105.41608089208603,synthetic
006,2026-01-16,60,60,0,64.8193212890625,0.0,synthetic
007,2026-01-16,60,60,0,142.04181884765626,96.43689012527466,synthetic
008,2026-01-16,60,60,0,182.22220458984373,53.79356932640076,synthetic
009,2026-01-16,60,58,2,97.332685546875,115.40322983264923,synthetic
010,2026-01-16,60,60,0,285.1115185546875,23.570499658584595,synthetic
011,2026-01-16,60,60,0,368.88164794921875,317.99603962898254,synthetic
012,2026-01-16,60,59,1,139.30207763671876,199.18072605133057,synthetic
013,2026-01-16,60,58,2,207.69904541015623,295.1309289932251,synthetic
014,2026-01-16,60,58,2,424.43806274414055,387.81628608703613,synthetic
015,2026-01-16,60,59,1,379.03910888671874,483.15565299987793,synthetic
016,2026-01-16,60,56,4,377.20124999999996,435.4446954727173,synthetic
017,2026-01-16,60,60,0,186.6510498046875,112.5343291759491,synthetic
018,2026-01-16,60,59,1,200.64,738.593207359314,synthetic
019,2026-01-16,60,59,1,148.37467529296873,56.27954053878784,synthetic
020,2026-01-16,60,60,0,297.95597900390624,197.21484804153442,synthetic
021,2026-01-16,60,60,0,270.10050292968754,216.65936470031738,synthetic
022,2026-01-16,60,59,1,346.00885986328126,510.7893080711365,synthetic
023,2026-01-16,60,60,0,186.12,288.6782829761505,synthetic
024,2026-01-16,60,58,2,209.25411254882812,0.0,synthetic
025,2026-01-16,60,60,0,75.24,18.427799224853516,synthetic
026,2026-01-16,60,60,0,272.314453125,684.4654712677002,synthetic
027,2026-01-16,60,59,1,208.38665771484375,45.89794921875,synthetic
028,2026-01-16,60,59,1,267.7884814453125,45.95321989059448,synthetic
029,2026-01-16,60,60,0,276.5130029296875,284.43209314346313,synthetic
030,2026-01-16,60,59,1,220.54259765625,67.12712073326111,synthetic
031,2026-01-16,60,59,1,125.8161328125,54.955318450927734,synthetic
032,2026-01-16,120,119,1,751.5952404785155,1223.2369890213013,synthetic
033,2026-01-16,60,60,0,123.68729003906249,36.052249908447266,synthetic
034,2026-01-16,60,59,1,267.66349365234373,548.0405912399292,synthetic
035,2026-01-16,60,60,0,105.67010192871093,14.3881196975708,synthetic
036,2026-01-16,60,60,0,169.28445556640625,94.71972370147705,synthetic
037,2026-01-16,60,60,0,125.39999999999999,90.03796005249023,synthetic
038,2026-01-16,60,60,0,401.28,575.9009909629822,synthetic
039,2026-01-16,60,60,0,209.5970471191406,0.0,synthetic
040,2026-01-16,60,58,2,128.2071826171875,103.58300971984863,synthetic
041,2026-01-16,60,60,0,156.85556396484372,314.64714193344116,synthetic
042,2026-01-16,60,60,0,78.26958251953124,53.73541069030762,synthetic
043,2026-01-16,60,57,3,376.2,474.1862783432007,synthetic
044,2026-01-16,60,60,0,350.65302795410156,81.13568019866943,synthetic
045,2026-01-16,60,57,3,188.76661376953126,31.61532974243164,synthetic
046,2026-01-16,60,59,1,148.43466796874998,0.0,synthetic
047,2026-01-16,60,59,1,245.59017333984372,384.96246790885925,synthetic
048,2026-01-16,60,58,2,172.075400390625,469.11461985111237,synthetic
049,2026-01-16,60,59,1,169.4364697265625,282.96020460128784,synthetic
050,2026-01-16,60,59,1,225.71999999999997,1308.8837461471558,synthetic
051,2026-01-16,60,58,2,214.6513330078125,283.0959777832031,synthetic
052,2026-01-16,60,60,0,305.33581787109375,696.1566715240479,synthetic
053,2026-01-16,60,59,1,84.52624328613281,86.51903915405273,synthetic
054,2026-01-16,60,59,1,269.93870361328123,208.0561008453369,synthetic
055,2026-01-16,60,58,2,150.48,83.8232989013195,synthetic
056,2026-01-16,60,59,1,303.2120471191406,273.57641553878784,synthetic
057,2026-01-16,60,60,0,241.21705444335936,121.08940172195435,synthetic
058,2026-01-16,60,59,1,130.708974609375,0.0,synthetic
059,2026-01-16,60,59,1,325.55937194824213,207.81538009643555,synthetic
060,2026-01-16,60,59,1,252.68298706054685,32.41845989227295,synthetic
061,2026-01-16,60,60,0,75.24,328.8267284631729,synthetic
062,2026-01-16,60,57,3,75.24,324.7431365251541,synthetic
063,2026-01-16,60,59,1,177.33172485351562,32.246610164642334,synthetic
064,2026-01-16,60,59,1,119.73089172363281,0.0,synthetic
065,2026-01-16,60,60,0,218.59740966796875,75.05591177940369,synthetic
066,2026-01-16,60,57,3,182.37804565429687,97.84003019332886,synthetic
067,2026-01-16,60,59,1,320.2639233398437,341.2966260910034,synthetic
068,2026-01-16,60,60,0,53.168045654296876,67.98095893859863,synthetic
069,2026-01-16,60,59,1,157.09937255859376,107.3729305267334,synthetic
070,2026-01-16,60,58,2,170.22586486816405,211.05376863479614,synthetic
071,2026-01-16,60,60,0,275.88,609.1691493988037,synthetic
072,2026-01-16,60,58,2,217.88496826171874,126.77361726760864,synthetic
073,2026-01-16,60,60,0,467.7152270507812,347.4181944131851,synthetic
074,2026-01-16,60,60,0,219.20948730468749,197.70543932914734,synthetic
075,2026-01-16,60,60,0,75.24,60.66583013534546,synthetic
076,2026-01-16,60,59,1,358.138974609375,55.59515953063965,synthetic
077,2026-01-16,60,59,1,168.97023193359374,357.42723989486694,synthetic
078,2026-01-16,60,60,0,457.4800085449218,389.5838112831116,synthetic
079,2026-01-16,60,59,1,184.46734130859375,121.80199837684631,synthetic
080,2026-01-16,60,59,1,293.3261572265625,149.94296926259995,synthetic
081,2026-01-16,60,58,2,150.48,130.88238048553467,synthetic
082,2026-01-16,60,59,1,206.40755859374997,122.81824159622192,synthetic
083,2026-01-16,60,59,1,147.31793701171875,379.7872929573059,synthetic
084,2026-01-16,60,59,1,200.331357421875,35.50461971759796,synthetic
085,2026-01-16,60,60,0,59.66875854492187,0.0,synthetic
086,2026-01-16,60,58,2,150.48,278.30071544647217,synthetic
087,2026-01-16,60,60,0,229.2981555175781,237.47476625442505,synthetic
088,2026-01-16,60,60,0,127.36580200195311,0.0,synthetic
089,2026-01-16,60,59,1,408.25233398437496,234.5902681350708,synthetic
090,2026-01-16,60,60,0,101.37594909667968,463.638600692153,synthetic
091,2026-01-16,60,59,1,296.29462280273435,79.53943061828613,synthetic
092,2026-01-16,60,60,0,172.96296020507813,0.0,synthetic
093,2026-01-16,60,59,1,348.14044189453125,358.10974073410034,synthetic
094,2026-01-16,60,59,1,89.28923400878907,91.02002143859863,synthetic
095,2026-01-16,60,59,1,206.41890380859374,255.48145198822021,synthetic
096,2026-01-16,60,60,0,124.83958740234375,0.0,synthetic
097,2026-01-16,60,60,0,162.99986389160154,94.3051181435585,synthetic
098,2026-01-16,60,59,1,282.2505688476562,331.8311245441437,synthetic
099,2026-01-16,60,59,1,424.9913232421875,48.600890159606934,synthetic
100,2026-01-16,60,59,1,168.32927124023436,16.375669956207275,synthetic
101,2026-01-16,60,58,2,118.2206396484375,230.03222179412842,synthetic
102,2026-01-16,60,59,1,353.4,408.78506660461426,synthetic
103,2026-01-16,60,59,1,0.0,31.8856201171875,synthetic
104,2026-01-16,60,60,0,186.12,493.21543979644775,synthetic
105,2026-01-16,60,60,0,270.29902221679686,0.0,synthetic
106,2026-01-16,60,58,2,326.18043457031246,300.2038640975952,synthetic
107,2026-01-16,60,58,2,260.4631915283203,59.62573051452637,synthetic
108,2026-01-16,60,59,1,285.5580102539062,512.9443898200989,synthetic
109,2026-01-16,60,59,1,134.64,415.37206745147705,synthetic
110,2026-01-16,60,60,0,68.69693115234375,265.19559836387634,synthetic
111,2026-01-16,60,59,1,305.83972412109375,0.0,synthetic
112,2026-01-16,60,58,2,192.71653564453123,14.38634967803955,synthetic
113,2026-01-16,60,59,1,223.98582275390623,395.98729515075684,synthetic
114,2026-01-16,60,58,2,197.09821655273436,97.24012851715088,synthetic
115,2026-01-16,60,59,1,235.53213867187497,367.1096649169922,synthetic
116,2026-01-16,60,60,0,262.16093994140624,298.7016623020172,synthetic
117,2026-01-16,60,59,1,397.65336914062493,225.36248207092285,synthetic
118,2026-01-16,60,59,1,354.256640625,529.6448230743408,synthetic
119,2026-01-16,60,60,0,159.9050061035156,0.0,synthetic
120,2026-01-16,60,59,1,321.7969775390625,188.64922654628754,synthetic
121,2026-01-16,60,59,1,386.60266845703126,231.9517903327942,synthetic
122,2026-01-16,60,60,0,325.9851708984375,223.19745889306068,synthetic
123,2026-01-16,60,59,1,174.80770019531252,14.867359936237335,synthetic
124,2026-01-16,60,59,1,251.10374267578123,156.30298280715942,synthetic
125,2026-01-16,60,58,2,222.01199157714842,161.66174173355103,synthetic
126,2026-01-16,60,60,0,152.76,229.6095323562622,synthetic
127,2026-01-16,60,60,0,225.71999999999997,351.69837474823,synthetic
128,2026-01-16,60,58,2,346.1386083984375,375.5255787372589,synthetic
129,2026-01-16,60,58,2,369.752109375,490.5222668647766,synthetic
130,2026-01-16,60,59,1,109.28630859375,0.0,synthetic
131,2026-01-16,60,59,1,362.0189135742187,153.60125970840454,synthetic
132,2026-01-16,60,60,0,187.34572265625,95.77753162384033,synthetic
133,2026-01-16,60,59,1,217.183916015625,171.08594131469727,synthetic
134,2026-01-16,60,58,2,150.15528808593749,141.74876976013184,synthetic
135,2026-01-16,60,60,0,66.29801513671875,255.67917585372925,synthetic
136,2026-01-16,60,58,2,75.24,549.4063737392426,synthetic
137,2026-01-16,60,59,1,185.1098693847656,150.05994033813477,synthetic
138,2026-01-16,60,59,1,106.16291564941406,0.0,synthetic
139,2026-01-16,60,60,0,88.76738891601562,32.529499530792236,synthetic
140,2026-01-16,60,58,2,261.6952807617187,273.52383041381836,synthetic
141,2026-01-16,60,60,0,308.17453857421873,0.0,synthetic
142,2026-01-16,60,59,1,95.53596313476562,0.0,synthetic
143,2026-01-16,60,56,4,229.5351159667969,94.74200201034546,synthetic
144,2026-01-16,60,60,0,98.94217163085938,282.8231911659241,synthetic
145,2026-01-16,60,58,2,335.06025146484376,242.0577335357666,synthetic
146,2026-01-16,60,59,1,75.24,33.83276081085205,synthetic
147,2026-01-16,60,59,1,214.69757812499998,41.60943031311035,synthetic
148,2026-01-16,60,59,1,185.1498046875,280.6474007368088,synthetic
149,2026-01-16,60,58,2,158.57236450195313,237.44433307647705,synthetic
150,2026-01-16,60,60,0,183.87747070312497,0.0,synthetic
151,2026-01-16,60,59,1,150.48,716.6919667720795,synthetic
152,2026-01-16,60,60,0,279.04727050781247,407.2868661880493,synthetic
153,2026-01-16,60,59,1,326.03999999999996,648.3216426372528,synthetic
154,2026-01-16,60,60,0,286.5486840820313,68.7745418548584,synthetic
155,2026-01-16,60,60,0,361.073525390625,276.83848571777344,synthetic
156,2026-01-16,60,58,2,231.49701416015623,0.0,synthetic
157,2026-01-16,60,58,2,278.88151611328124,138.0006217956543,synthetic
158,2026-01-16,60,58,2,210.49512451171876,146.2335081100464,synthetic
159,2026-01-16,60,59,1,264.77479248046876,413.4911561012268,synthetic
160,2026-01-16,60,60,0,295.7351440429687,377.96301651000977,synthetic
161,2026-01-16,60,60,0,131.22185668945312,17.578250885009766,synthetic
162,2026-01-16,60,60,0,303.34948974609375,286.36048698425293,synthetic
163,2026-01-16,60,60,0,142.2963134765625,14.24219036102295,synthetic
164,2026-01-16,60,59,1,171.51426269531248,72.209681391716,synthetic
165,2026-01-16,60,60,0,333.94282470703126,244.09472751617432,synthetic
166,2026-01-16,60,60,0,385.59513427734373,310.7396159172058,synthetic
167,2026-01-16,60,60,0,429.54389648437495,325.70697116851807,synthetic
168,2026-01-16,60,58,2,173.47758544921874,263.344895362854,synthetic
169,2026-01-16,60,60,0,292.1026611328125,630.1265139579773,synthetic
170,2026-01-16,60,60,0,85.20729858398437,190.4587278366089,synthetic
171,2026-01-16,60,59,1,234.837421875,187.9367674589157,synthetic
172,2026-01-16,60,60,0,186.12,543.0676748752594,synthetic
173,2026-01-16,60,59,1,258.07635498046875,109.7646484375,synthetic
174,2026-01-16,60,59,1,277.6481964111328,89.80146026611328,synthetic
175,2026-01-16,60,60,0,125.39999999999999,148.05859351158142,synthetic
176,2026-01-16,60,58,2,150.48,125.03681135177612,synthetic
177,2026-01-16,60,60,0,171.573720703125,308.09749031066895,synthetic
178,2026-01-16,60,60,0,71.30964111328124,307.24877548217773,synthetic
179,2026-01-16,60,60,0,46.941405029296874,794.1592826843262,synthetic
180,2026-01-16,60,59,1,286.9835009765625,253.39293479919434,synthetic
181,2026-01-16,60,60,0,262.02886962890625,102.17138004302979,synthetic
182,2026-01-16,60,59,1,127.93833251953126,1286.5202188491821,synthetic
183,2026-01-16,60,60,0,281.2746423339844,298.7431802749634,synthetic
184,2026-01-16,60,60,0,121.80359619140624,16.83544921875,synthetic
185,2026-01-16,60,59,1,100.0057470703125,67.64375066757202,synthetic
186,2026-01-16,60,60,0,291.02338623046876,740.4397442340851,synthetic
187,2026-01-16,60,59,1,123.26964111328125,108.1252212524414,synthetic
188,2026-01-16,60,59,1,150.48,224.9984723329544,synthetic
189,2026-01-16,60,59,1,261.9803283691406,144.53696823120117,synthetic
190,2026-01-16,60,59,1,187.92550048828124,0.0,synthetic
191,2026-01-16,60,60,0,191.0990185546875,386.83775997161865,synthetic
192,2026-01-16,60,58,2,0.0,25.8472900390625,synthetic
193,2026-01-16,60,60,0,120.41728637695311,21.980899810791016,synthetic
194,2026-01-16,60,60,0,122.54035766601561,56.332640171051025,synthetic
195,2026-01-16,60,59,1,306.76491210937496,606.1092500686646,synthetic
196,2026-01-16,60,57,3,75.24,98.95479965209961,synthetic
197,2026-01-16,60,60,0,191.29248779296876,151.541748046875,synthetic
198,2026-01-16,60,59,1,132.43462921142577,21.78656005859375,synthetic
199,2026-01-16,60,60,0,66.51799072265625,115.74841022491455,synthetic
001,2026-01-17,60,59,1,225.71999999999997,193.28343844413757,synthetic
002,2026-01-17,60,59,1,88.45855590820312,184.15538954734802,synthetic
003,2026-01-17,60,60,0,74.773212890625,283.5998582839966,synthetic
004,2026-01-17,60,60,0,311.5712255859375,59.44586968421936,synthetic
005,2026-01-17,60,60,0,262.5779772949219,654.5019116401672,synthetic
006,2026-01-17,60,60,0,302.6529052734375,55.146060943603516,synthetic
007,2026-01-17,60,58,2,252.43904296875002,186.72576904296875,synthetic
008,2026-01-17,60,60,0,188.37896850585938,127.34618759155273,synthetic
009,2026-01-17,60,57,3,332.1195959472656,60.79057192802429,synthetic
010,2026-01-17,60,57,3,126.850810546875,56.29820114374161,synthetic
011,2026-01-17,60,60,0,263.9447607421875,537.2829627990723,synthetic
012,2026-01-17,60,58,2,141.30904907226562,131.3331995010376,synthetic
013,2026-01-17,60,60,0,267.9351489257813,192.14315032958984,synthetic
014,2026-01-17,60,57,3,250.79999999999998,569.4103355407715,synthetic
015,2026-01-17,60,60,0,275.55726562499996,229.24773788452148,synthetic
016,2026-01-17,60,59,1,200.64,648.0977973937988,synthetic
017,2026-01-17,60,59,1,256.35113525390625,181.83907175064087,synthetic
018,2026-01-17,60,58,2,345.1079736328125,449.0389394760132,synthetic
019,2026-01-17,60,59,1,234.8916650390625,103.53253841400146,synthetic
020,2026-01-17,60,58,2,125.39999999999999,351.258975982666,synthetic
021,2026-01-17,60,60,0,134.78048583984375,250.25505924224854,synthetic
022,2026-01-17,60,60,0,125.39999999999999,1061.4686641693115,synthetic
023,2026-01-17,60,59,1,452.5129064941406,408.58337569236755,synthetic
024,2026-01-17,60,57,3,163.52608154296874,116.8127498626709,synthetic
025,2026-01-17,60,59,1,311.0901196289063,0.0,synthetic
026,2026-01-17,60,59,1,318.10839111328124,450.5286338329315,synthetic
027,2026-01-17,60,59,1,248.81582519531247,92.72210025787354,synthetic
028,2026-01-17,60,60,0,151.69140014648437,14.182169675827026,synthetic
029,2026-01-17,60,60,0,150.48,546.5347905158997,synthetic
030,2026-01-17,60,59,1,238.81699218749998,162.2631778717041,synthetic
031,2026-01-17,60,60,0,291.62415710449216,381.76716017723083,synthetic
032,2026-01-17,120,119,1,284.12595703125,523.7467294931412,synthetic
033,2026-01-17,60,58,2,222.84115722656247,172.69691467285156,synthetic
034,2026-01-17,60,59,1,379.9914697265625,332.1188201904297,synthetic
035,2026-01-17,60,59,1,209.67895751953125,66.41344833374023,synthetic
036,2026-01-17,60,60,0,251.6168115234375,525.5461483001709,synthetic
037,2026-01-17,60,60,0,333.87683349609375,218.88577556610107,synthetic
038,2026-01-17,60,58,2,125.39999999999999,594.1372785568237,synthetic
039,2026-01-17,60,58,2,260.20158325195314,324.28615536447614,synthetic
040,2026-01-17,60,60,0,332.16687377929685,186.86303234100342,synthetic
041,2026-01-17,60,59,1,150.48,136.58960008621216,synthetic
042,2026-01-17,60,59,1,224.22261108398436,103.22314667701721,synthetic
043,2026-01-17,60,60,0,231.73948242187498,702.5225875377655,synthetic
044,2026-01-17,60,58,2,21.313456420898437,0.0,synthetic
045,2026-01-17,60,60,0,27.36,433.9706814289093,synthetic
046,2026-01-17,60,59,1,219.99480102539064,20.998600006103516,synthetic
047,2026-01-17,60,58,2,153.52744812011719,489.82319164276123,synthetic
048,2026-01-17,60,60,0,447.61611328124997,293.3480896949768,synthetic
049,2026-01-17,60,60,0,278.2154663085937,385.7774715423584,synthetic
050,2026-01-17,60,58,2,335.19659912109375,491.18133783340454,synthetic
051,2026-01-17,60,60,0,216.75507385253906,436.2020835876465,synthetic
052,2026-01-17,60,60,0,459.61845336914064,251.0555396080017,synthetic
053,2026-01-17,60,59,1,302.26228271484376,272.5446400642395,synthetic
054,2026-01-17,60,60,0,255.55601074218748,49.38231945037842,synthetic
055,2026-01-17,60,59,1,168.28945312500002,26.52800017595291,synthetic
056,2026-01-17,60,60,0,150.48,379.8004140853882,synthetic
057,2026-01-17,60,59,1,121.80451171875,0.0,synthetic
058,2026-01-17,60,58,2,205.5412609863281,134.08868980407715,synthetic
059,2026-01-17,60,59,1,60.635837402343746,328.2117862701416,synthetic
060,2026-01-17,60,58,2,103.60342529296875,0.0,synthetic
061,2026-01-17,60,59,1,280.2631823730469,665.9868140220642,synthetic
062,2026-01-17,60,60,0,309.3622448730469,438.6254312992096,synthetic
063,2026-01-17,60,59,1,225.29388427734375,186.52850818634033,synthetic
064,2026-01-17,60,60,0,163.1177490234375,0.0,synthetic
065,2026-01-17,60,60,0,465.63599853515626,218.88788032531738,synthetic
066,2026-01-17,60,59,1,392.40211669921877,188.73595762252808,synthetic
067,2026-01-17,60,59,1,96.62414794921875,359.04857540130615,synthetic
068,2026-01-17,60,60,0,209.64798339843747,744.461630821228,synthetic
069,2026-01-17,60,59,1,252.34921142578122,112.32983911037445,synthetic
070,2026-01-17,60,60,0,249.57302490234372,199.30950736999512,synthetic
071,2026-01-17,60,59,1,263.4016552734375,425.5223388671875,synthetic
072,2026-01-17,60,60,0,343.0806884765625,237.67462539672852,synthetic
073,2026-01-17,60,59,1,75.24,548.7883429527283,synthetic
074,2026-01-17,60,59,1,177.83999999999997,268.36436104774475,synthetic
075,2026-01-17,60,60,0,166.84594299316404,70.55949902534485,synthetic
076,2026-01-17,60,58,2,250.95499511718748,67.8843994140625,synthetic
077,2026-01-17,60,59,1,225.71999999999997,541.2514157295227,synthetic
078,2026-01-17,60,59,1,93.3838330078125,91.64477157592773,synthetic
079,2026-01-17,60,59,1,212.93269409179686,32.38125991821289,synthetic
080,2026-01-17,60,59,1,109.26580810546875,62.44304895401001,synthetic
081,2026-01-17,60,60,0,267.4133642578125,229.5842170715332,synthetic
082,2026-01-17,60,60,0,105.69649658203124,134.68037033081055,synthetic
083,2026-01-17,60,59,1,336.98793823242187,297.2926616668701,synthetic
084,2026-01-17,60,60,0,206.16726562499997,114.75548648834229,synthetic
085,2026-01-17,60,60,0,146.69819274902343,0.0,synthetic
086,2026-01-17,60,59,1,277.1470385742187,240.67826876044273,synthetic
087,2026-01-17,60,59,1,148.30928466796874,87.82379055023193,synthetic
088,2026-01-17,60,60,0,163.67709594726563,208.40485858917236,synthetic
089,2026-01-17,60,59,1,241.22690185546872,81.91869926452637,synthetic
090,2026-01-17,60,59,1,293.6323681640625,306.8098067045212,synthetic
091,2026-01-17,60,58,2,85.03988891601563,624.8882570266724,synthetic
092,2026-01-17,60,60,0,118.25880981445312,0.0,synthetic
093,2026-01-17,60,55,5,292.5307470703125,564.4008855819702,synthetic
094,2026-01-17,60,59,1,272.6024450683594,105.75415802001953,synthetic
095,2026-01-17,60,60,0,140.14486450195312,137.31541967391968,synthetic
096,2026-01-17,60,59,1,172.79691284179688,0.0,synthetic
097,2026-01-17,60,59,1,114.56205688476561,105.06610012054443,synthetic
098,2026-01-17,60,60,0,322.46447021484374,175.66095066070557,synthetic
099,2026-01-17,60,58,2,125.39999999999999,786.792537689209,synthetic
100,2026-01-17,60,59,1,79.53725097656249,17.376309871673584,synthetic
101,2026-01-17,60,60,0,223.389697265625,384.25798892974854,synthetic
102,2026-01-17,60,59,1,150.52966003417967,242.08526699244976,synthetic
103,2026-01-17,60,60,0,362.1081573486328,134.76123142242432,synthetic
104,2026-01-17,60,57,3,293.136767578125,297.91905903816223,synthetic
105,2026-01-17,60,58,2,75.24,61.36188888549805,synthetic
106,2026-01-17,60,58,2,305.23072998046877,262.06092596054077,synthetic
107,2026-01-17,60,60,0,113.2277783203125,29.378660202026367,synthetic
108,2026-01-17,60,59,1,428.72363525390625,1112.9419779777527,synthetic
109,2026-01-17,60,60,0,212.39779541015622,1137.2558398246765,synthetic
110,2026-01-17,60,60,0,206.7314611816406,704.3651480674744,synthetic
111,2026-01-17,60,58,2,72.06699462890624,0.0,synthetic
112,2026-01-17,60,59,1,356.96458740234374,14.77258014678955,synthetic
113,2026-01-17,60,58,2,205.0684844970703,355.54100370407104,synthetic
114,2026-01-17,60,60,0,189.07125,414.49786138534546,synthetic
115,2026-01-17,60,59,1,403.0647290039062,120.30645942687988,synthetic
116,2026-01-17,60,60,0,71.32936523437499,103.88245010375977,synthetic
117,2026-01-17,60,60,0,236.59234130859372,127.02617931365967,synthetic
118,2026-01-17,60,58,2,180.96608276367186,787.2477626800537,synthetic
119,2026-01-17,60,59,1,119.36559814453125,141.25677871704102,synthetic
120,2026-01-17,60,60,0,149.61942993164064,66.82775974273682,synthetic
121,2026-01-17,60,58,2,200.64,261.8234853744507,synthetic
122,2026-01-17,60,58,2,247.44486328124998,639.5192129611969,synthetic
123,2026-01-17,60,60,0,125.39999999999999,8.496700286865234,synthetic
124,2026-01-17,60,59,1,125.82638671875,0.0,synthetic
125,2026-01-17,60,60,0,234.644853515625,132.6714403629303,synthetic
126,2026-01-17,60,58,2,210.91365234375,266.038938999176,synthetic
127,2026-01-17,60,58,2,286.87617919921877,136.41314888000488,synthetic
128,2026-01-17,60,59,1,270.596162109375,447.563992023468,synthetic
129,2026-01-17,60,59,1,246.98811035156248,568.2796592712402,synthetic
130,2026-01-17,60,60,0,281.13857299804687,109.01977109909058,synthetic
131,2026-01-17,60,59,1,179.6922802734375,146.35448932647705,synthetic
132,2026-01-17,60,59,1,275.88,222.5897092819214,synthetic
133,2026-01-17,60,59,1,308.03689178466794,416.80165100097656,synthetic
134,2026-01-17,60,58,2,161.87747680664063,487.1432571411133,synthetic
135,2026-01-17,60,60,0,303.24,319.99155604839325,synthetic
136,2026-01-17,60,59,1,301.1609948730469,203.07190036773682,synthetic
137,2026-01-17,60,59,1,147.29291748046873,331.07807064056396,synthetic
138,2026-01-17,60,57,3,181.8863818359375,94.30916261672974,synthetic
139,2026-01-17,60,60,0,381.6228662109375,83.39599990844727,synthetic
140,2026-01-17,60,59,1,236.699912109375,69.30029797554016,synthetic
141,2026-01-17,60,59,1,125.39999999999999,201.07787799835205,synthetic
142,2026-01-17,60,59,1,113.75594604492187,0.0,synthetic
143,2026-01-17,60,58,2,290.1627685546875,225.47993087768555,synthetic
144,2026-01-17,60,58,2,326.03999999999996,449.59817349910736,synthetic
145,2026-01-17,60,58,2,200.64,92.98334121704102,synthetic
146,2026-01-17,60,57,3,323.6766284179687,142.20532202720642,synthetic
147,2026-01-17,60,59,1,129.73913818359375,168.75985193252563,synthetic
148,2026-01-17,60,59,1,164.77450927734372,687.5752351284027,synthetic
149,2026-01-17,60,58,2,340.53227783203124,181.07896995544434,synthetic
150,2026-01-17,60,59,1,278.5301879882812,14.329190015792847,synthetic
151,2026-01-17,60,59,1,271.28145263671877,327.01615858078003,synthetic
152,2026-01-17,60,59,1,319.04738159179686,267.68488121032715,synthetic
153,2026-01-17,60,60,0,275.88,301.6607687473297,synthetic
154,2026-01-17,60,60,0,260.9764984130859,452.1927309036255,synthetic
155,2026-01-17,60,59,1,136.49988647460935,839.8713476657867,synthetic
156,2026-01-17,60,58,2,197.23874267578125,0.0,synthetic
157,2026-01-17,60,60,0,57.01022827148437,210.97900390625,synthetic
158,2026-01-17,60,60,0,231.17777343749998,57.272390365600586,synthetic
159,2026-01-17,60,58,2,125.39999999999999,417.9044325351715,synthetic
160,2026-01-17,60,59,1,231.3205041503906,168.65980052947998,synthetic
161,2026-01-17,60,60,0,227.7141760253906,0.0,synthetic
162,2026-01-17,60,57,3,262.81121337890625,948.3185358047485,synthetic
163,2026-01-17,60,60,0,239.48607421875,51.30616044998169,synthetic
164,2026-01-17,60,57,3,154.69180114746092,338.1541874408722,synthetic
165,2026-01-17,60,60,0,151.41114990234374,93.81968927383423,synthetic
166,2026-01-17,60,60,0,169.08237304687498,381.99889373779297,synthetic
167,2026-01-17,60,60,0,194.4635284423828,155.47149848937988,synthetic
168,2026-01-17,60,56,4,264.0403857421875,145.8515682220459,synthetic
169,2026-01-17,60,60,0,384.252861328125,691.2382154464722,synthetic
170,2026-01-17,60,59,1,276.8135083007812,340.0298681259155,synthetic
171,2026-01-17,60,60,0,101.60509826660156,187.63796067237854,synthetic
172,2026-01-17,60,58,2,300.6067236328125,517.0906854867935,synthetic
173,2026-01-17,60,60,0,185.2629052734375,148.47393608093262,synthetic
174,2026-01-17,60,60,0,0.0,11.633570075035095,synthetic
175,2026-01-17,60,60,0,262.0621032714844,105.885009765625,synthetic
176,2026-01-17,60,60,0,137.01425537109372,249.5467505455017,synthetic
177,2026-01-17,60,60,0,96.9170947265625,821.1311874389648,synthetic
178,2026-01-17,60,60,0,325.73437866210935,351.9538457393646,synthetic
179,2026-01-17,60,57,3,320.0730908203125,711.3535842895508,synthetic
180,2026-01-17,60,60,0,502.8942407226562,399.15111684799194,synthetic
181,2026-01-17,60,58,2,352.4454052734375,43.527459144592285,synthetic
182,2026-01-17,60,60,0,401.28,704.4156551361084,synthetic
183,2026-01-17,60,59,1,121.38209838867186,338.5302882194519,synthetic
184,2026-01-17,60,58,2,273.0680090332031,126.45178252458572,synthetic
185,2026-01-17,60,60,0,260.34064819335936,72.86471951007843,synthetic
186,2026-01-17,60,59,1,194.86899902343748,428.7845016717911,synthetic
187,2026-01-17,60,59,1,243.80422485351562,47.24957036972046,synthetic
188,2026-01-17,60,60,0,319.12094970703123,318.0670289993286,synthetic
189,2026-01-17,60,60,0,75.24,115.55042958259583,synthetic
190,2026-01-17,60,56,4,174.6662841796875,0.0,synthetic
191,2026-01-17,60,59,1,472.5257482910156,327.76505756378174,synthetic
192,2026-01-17,60,58,2,431.78478149414065,213.19030380249023,synthetic
193,2026-01-17,60,59,1,199.4552197265625,590.1643652915955,synthetic
194,2026-01-17,60,60,0,233.6120764160156,0.0,synthetic
195,2026-01-17,60,58,2,225.71999999999997,360.694274187088,synthetic
196,2026-01-17,60,59,1,250.15417236328125,207.03714227676392,synthetic
197,2026-01-17,60,59,1,365.0203857421875,803.9370265007019,synthetic
198,2026-01-17,60,59,1,55.583598632812496,31.476619720458984,synthetic
199,2026-01-17,60,59,1,359.5648059082031,109.70652747154236,synthetic
001,2026-01-18,60,59,1,210.7267529296875,0.0,synthetic
002,2026-01-18,60,59,1,312.828603515625,485.8703088760376,synthetic
003,2026-01-18,60,59,1,330.3700598144531,492.7733235359192,synthetic
004,2026-01-18,60,60,0,260.84163574218746,136.47399711608887,synthetic
005,2026-01-18,60,57,3,276.77442626953126,278.84374809265137,synthetic
006,2026-01-18,60,59,1,72.6037939453125,20.883480072021484,synthetic
007,2026-01-18,60,58,2,141.79521240234374,404.5649266242981,synthetic
008,2026-01-18,60,58,2,192.7000341796875,71.75012111663818,synthetic
009,2026-01-18,60,60,0,27.36,381.2886862754822,synthetic
010,2026-01-18,60,60,0,272.0252490234375,54.77199983596802,synthetic
011,2026-01-18,60,60,0,260.3460388183594,542.148247718811,synthetic
012,2026-01-18,60,59,1,138.38945068359374,39.971870839595795,synthetic
013,2026-01-18,60,59,1,266.3651806640625,99.44567966461182,synthetic
014,2026-01-18,60,60,0,415.86321166992184,74.60778856277466,synthetic
015,2026-01-18,60,58,2,488.9934851074218,244.73236083984375,synthetic
016,2026-01-18,60,57,3,378.658974609375,296.44300055503845,synthetic
017,2026-01-18,60,59,1,177.83999999999997,312.83407294750214,synthetic
018,2026-01-18,60,58,2,418.4094140625,73.45287132263184,synthetic
019,2026-01-18,60,60,0,150.48,227.66901206970215,synthetic
020,2026-01-18,60,59,1,348.2741381835938,318.28466796875,synthetic
021,2026-01-18,60,58,2,335.5909167480469,167.12951850891113,synthetic
022,2026-01-18,60,60,0,458.40638671874996,493.7877130508423,synthetic
023,2026-01-18,60,59,1,399.48209106445313,26.138059616088867,synthetic
024,2026-01-18,60,58,2,166.45529663085938,152.72838926315308,synthetic
025,2026-01-18,60,60,0,75.24,106.16893923282623,synthetic
026,2026-01-18,60,60,0,295.865361328125,509.1823716163635,synthetic
027,2026-01-18,60,60,0,137.3740869140625,146.89183044433594,synthetic
028,2026-01-18,60,59,1,193.95063720703124,568.7609112262726,synthetic
029,2026-01-18,60,59,1,250.79999999999998,791.3029328584671,synthetic
030,2026-01-18,60,60,0,227.43854736328126,180.464699447155,synthetic
031,2026-01-18,60,59,1,247.13366088867184,166.12569761276245,synthetic
032,2026-01-18,120,115,5,691.3489050292968,1147.5912046432495,synthetic
033,2026-01-18,60,60,0,58.050941162109375,224.02349972724915,synthetic
034,2026-01-18,60,59,1,129.48626586914062,1362.1312284469604,synthetic
035,2026-01-18,60,60,0,118.73607421874999,92.00261855125427,synthetic
036,2026-01-18,60,58,2,200.64,695.7650594711304,synthetic
037,2026-01-18,60,58,2,147.09781677246093,356.4553451538086,synthetic
038,2026-01-18,60,59,1,401.28,612.9978620111942,synthetic
039,2026-01-18,60,57,3,193.63089111328122,419.9892816543579,synthetic
040,2026-01-18,60,59,1,75.24,482.05108094215393,synthetic
041,2026-01-18,60,59,1,284.4135791015625,43.42128133773804,synthetic
042,2026-01-18,60,56,4,157.4845715332031,0.0,synthetic
043,2026-01-18,60,60,0,375.1093505859375,608.5185546875,synthetic
044,2026-01-18,60,59,1,333.90910400390624,205.24668276309967,synthetic
045,2026-01-18,60,60,0,150.48,863.6928918361664,synthetic
046,2026-01-18,60,59,1,153.64669921874997,77.31932878494263,synthetic
047,2026-01-18,60,58,2,278.5037548828125,190.20551180839539,synthetic
048,2026-01-18,60,60,0,75.24,1175.8266236186028,synthetic
049,2026-01-18,60,59,1,291.45162597656247,520.7154960632324,synthetic
050,2026-01-18,60,59,1,395.51055908203125,551.855845451355,synthetic
051,2026-01-18,60,60,0,152.76,635.4758280515671,synthetic
052,2026-01-18,60,60,0,125.39999999999999,1157.9084253311157,synthetic
053,2026-01-18,60,56,4,102.6,323.50158926844597,synthetic
054,2026-01-18,60,60,0,197.49583007812498,252.82942271232605,synthetic
055,2026-01-18,60,58,2,146.2205712890625,77.2560396194458,synthetic
056,2026-01-18,60,60,0,414.0156005859375,550.2745351791382,synthetic
057,2026-01-18,60,59,1,238.5399389648437,354.46748304367065,synthetic
058,2026-01-18,60,59,1,102.6,128.11032152175903,synthetic
059,2026-01-18,60,60,0,349.1667846679687,551.245844066143,synthetic
060,2026-01-18,60,60,0,225.8595263671875,0.0,synthetic
061,2026-01-18,60,60,0,150.48,470.51861000061035,synthetic
062,2026-01-18,60,59,1,75.24,577.3549637794495,synthetic
063,2026-01-18,60,60,0,180.91614990234376,214.13307523727417,synthetic
064,2026-01-18,60,60,0,105.28441223144532,0.0,synthetic
065,2026-01-18,60,60,0,208.414013671875,259.44874000549316,synthetic
066,2026-01-18,60,59,1,179.428330078125,265.2741824388504,synthetic
067,2026-01-18,60,59,1,221.19591064453124,885.4767203330994,synthetic
068,2026-01-18,60,60,0,213.31247314453122,100.68555021286011,synthetic
069,2026-01-18,60,59,1,187.34296874999998,304.5186080932617,synthetic
070,2026-01-18,60,60,0,132.02135009765624,369.69371509552,synthetic
071,2026-01-18,60,58,2,297.0867626953125,756.7863883972168,synthetic
072,2026-01-18,60,58,2,263.8103466796875,364.28271293640137,synthetic
073,2026-01-18,60,59,1,501.59999999999997,817.9054074287415,synthetic
074,2026-01-18,60,60,0,284.79071777343745,137.9679964184761,synthetic
075,2026-01-18,60,58,2,95.05725585937499,15.5452299118042,synthetic
076,2026-01-18,60,59,1,383.7547082519531,448.2314381599426,synthetic
077,2026-01-18,60,60,0,383.587236328125,141.65521907806396,synthetic
078,2026-01-18,60,60,0,437.5836437988281,231.96166896820068,synthetic
079,2026-01-18,60,59,1,0.0,624.7877488136292,synthetic
080,2026-01-18,60,60,0,250.79999999999998,742.0810275673866,synthetic
081,2026-01-18,60,58,2,148.55349609375,197.7118569612503,synthetic
082,2026-01-18,60,59,1,176.10888427734375,148.97711849212646,synthetic
083,2026-01-18,60,59,1,248.0869006347656,237.42090320587158,synthetic
084,2026-01-18,60,60,0,221.1726397705078,32.420040130615234,synthetic
085,2026-01-18,60,58,2,74.31404296874999,0.0,synthetic
086,2026-01-18,60,59,1,204.0223974609375,84.27380990982056,synthetic
087,2026-01-18,60,60,0,310.0306713867187,254.68845987319946,synthetic
088,2026-01-18,60,59,1,197.88173217773436,205.44098281860352,synthetic
089,2026-01-18,60,58,2,497.7191528320312,531.5598831176758,synthetic
090,2026-01-18,60,60,0,146.5307171630859,45.258549213409424,synthetic
091,2026-01-18,60,60,0,322.5743719482422,569.3368654251099,synthetic
092,2026-01-18,60,60,0,171.89134826660154,100.69456791877747,synthetic
093,2026-01-18,60,60,0,275.88,786.6951949596405,synthetic
094,2026-01-18,60,59,1,66.77621337890625,136.82702350616455,synthetic
095,2026-01-18,60,60,0,125.39999999999999,443.93035554885864,synthetic
096,2026-01-18,60,60,0,104.3685205078125,0.0,synthetic
097,2026-01-18,60,60,0,238.9771691894531,53.717241048812866,synthetic
098,2026-01-18,60,60,0,358.6061572265625,529.304799079895,synthetic
099,2026-01-18,60,60,0,461.181884765625,561.0424227714539,synthetic
100,2026-01-18,60,60,0,200.4383605957031,203.00267028808594,synthetic
101,2026-01-18,60,60,0,287.4357000732422,151.2824902534485,synthetic
102,2026-01-18,60,60,0,411.84,496.9548041820526,synthetic
103,2026-01-18,60,59,1,0.0,0.0,synthetic
104,2026-01-18,60,60,0,206.0845458984375,396.2334520816803,synthetic
105,2026-01-18,60,59,1,331.2918054199219,177.61717796325684,synthetic
106,2026-01-18,60,60,0,376.2,440.95665496587753,synthetic
107,2026-01-18,60,59,1,203.22572021484376,342.4565382003784,synthetic
108,2026-01-18,60,60,0,428.3528247070312,646.7089319229126,synthetic
109,2026-01-18,60,58,2,222.47619873046875,614.2690989971161,synthetic
110,2026-01-18,60,59,1,246.12509033203122,180.34582138061523,synthetic
111,2026-01-18,60,58,2,251.1171112060547,89.23920154571533,synthetic
112,2026-01-18,60,59,1,199.21343994140625,166.55289697647095,synthetic
113,2026-01-18,60,60,0,348.0370001220703,212.70513534545898,synthetic
114,2026-01-18,60,57,3,178.59086425781248,576.4182715415955,synthetic
115,2026-01-18,60,58,2,402.14313720703126,17.531370162963867,synthetic
116,2026-01-18,60,59,1,252.49131591796873,379.21793234348297,synthetic
117,2026-01-18,60,60,0,329.97888427734375,271.15918350219727,synthetic
118,2026-01-18,60,57,3,439.7330126953125,249.28076839447021,synthetic
119,2026-01-18,60,59,1,217.61633056640625,6.29256010055542,synthetic
120,2026-01-18,60,58,2,285.9895239257812,145.13938903808594,synthetic
121,2026-01-18,60,59,1,415.1826196289062,322.30969429016113,synthetic
122,2026-01-18,60,59,1,250.76114501953123,790.7294178009033,synthetic
123,2026-01-18,60,60,0,272.30027893066404,21.648749828338623,synthetic
124,2026-01-18,60,58,2,254.06918334960938,85.09716176986694,synthetic
125,2026-01-18,60,56,4,214.57633300781248,151.50267910957336,synthetic
126,2026-01-18,60,58,2,228.0,557.2654062509537,synthetic
127,2026-01-18,60,59,1,213.86291015625,243.8022574186325,synthetic
128,2026-01-18,60,59,1,355.7865966796875,267.981689453125,synthetic
129,2026-01-18,60,59,1,262.8408837890625,1150.4014756679535,synthetic
130,2026-01-18,60,60,0,125.39999999999999,148.831298828125,synthetic
131,2026-01-18,60,60,0,387.0519250488281,615.9133381843567,synthetic
132,2026-01-18,60,59,1,261.04853027343745,63.44042921066284,synthetic
133,2026-01-18,60,60,0,218.47661865234375,191.00401854515076,synthetic
134,2026-01-18,60,59,1,250.79999999999998,256.06973373889923,synthetic
135,2026-01-18,60,59,1,102.40865112304687,392.39111280441284,synthetic
136,2026-01-18,60,60,0,125.39999999999999,396.41987133026123,synthetic
137,2026-01-18,60,58,2,215.220322265625,223.0482692718506,synthetic
138,2026-01-18,60,58,2,188.86194580078126,124.63044929504395,synthetic
139,2026-01-18,60,60,0,301.0485205078125,10.54578971862793,synthetic
140,2026-01-18,60,59,1,207.2324267578125,323.51183415949345,synthetic
141,2026-01-18,60,60,0,348.7982373046875,289.8285412788391,synthetic
142,2026-01-18,60,60,0,134.24746765136717,0.0,synthetic
143,2026-01-18,60,59,1,342.8360815429687,228.28931784629822,synthetic
144,2026-01-18,60,59,1,177.83999999999997,495.95728319883347,synthetic
145,2026-01-18,60,56,4,307.2158056640625,41.20989990234375,synthetic
146,2026-01-18,60,59,1,75.24,130.52915954589844,synthetic
147,2026-01-18,60,58,2,216.74263916015624,193.62054824829102,synthetic
148,2026-01-18,60,59,1,161.74722290039062,389.2492575645447,synthetic
149,2026-01-18,60,60,0,364.11686279296873,76.47582817077637,synthetic
150,2026-01-18,60,60,0,223.84202087402343,167.208740234375,synthetic
151,2026-01-18,60,59,1,149.55346435546875,242.80841273069382,synthetic
152,2026-01-18,60,59,1,165.8066455078125,505.83801305294037,synthetic
153,2026-01-18,60,60,0,410.85423706054684,218.9029541015625,synthetic
154,2026-01-18,60,59,1,385.6526733398437,287.8135632276535,synthetic
155,2026-01-18,60,59,1,455.1001245117187,569.1587333679199,synthetic
156,2026-01-18,60,59,1,150.77931152343749,193.48518323898315,synthetic
157,2026-01-18,60,59,1,307.80927612304686,182.00915586948395,synthetic
158,2026-01-18,60,60,0,202.48585693359374,64.9390105009079,synthetic
159,2026-01-18,60,59,1,442.8767431640625,182.1599063873291,synthetic
160,2026-01-18,60,58,2,352.19953857421876,81.0200891494751,synthetic
161,2026-01-18,60,60,0,73.27818603515625,172.4807906150818,synthetic
162,2026-01-18,60,59,1,448.2857775878906,300.4930465221405,synthetic
163,2026-01-18,60,60,0,150.48,136.0075707435608,synthetic
164,2026-01-18,60,60,0,171.53558532714842,130.53570365905762,synthetic
165,2026-01-18,60,59,1,321.9900439453125,162.4572720527649,synthetic
166,2026-01-18,60,59,1,377.12912841796873,576.9087586402893,synthetic
167,2026-01-18,60,60,0,374.040732421875,998.2407315969467,synthetic
168,2026-01-18,60,59,1,122.05311767578124,2.4409799575805664,synthetic
169,2026-01-18,60,59,1,315.0776000976562,909.9873079359531,synthetic
170,2026-01-18,60,58,2,129.5464453125,324.79586839675903,synthetic
171,2026-01-18,60,60,0,328.03822265624996,146.82897067070007,synthetic
172,2026-01-18,60,59,1,161.84920532226562,778.734370470047,synthetic
173,2026-01-18,60,59,1,401.55333251953124,127.18464124202728,synthetic
174,2026-01-18,60,59,1,287.7469775390625,164.74952840805054,synthetic
175,2026-01-18,60,59,1,125.39999999999999,309.89160311222076,synthetic
176,2026-01-18,60,57,3,215.51542236328123,290.0829105377197,synthetic
177,2026-01-18,60,59,1,298.8800225830078,343.70258688926697,synthetic
178,2026-01-18,60,59,1,251.40890258789062,68.72350978851318,synthetic
179,2026-01-18,60,58,2,240.56162109374998,270.12334728240967,synthetic
180,2026-01-18,60,58,2,173.76659912109375,881.2474355697632,synthetic
181,2026-01-18,60,57,3,224.22169189453123,0.0,synthetic
182,2026-01-18,60,57,3,349.6170922851562,223.14404296875,synthetic
183,2026-01-18,60,60,0,295.2099975585937,322.6145625114441,synthetic
184,2026-01-18,60,60,0,281.05678710937497,77.83948040008545,synthetic
185,2026-01-18,60,60,0,95.40219726562499,53.43445038795471,synthetic
186,2026-01-18,60,58,2,348.7679443359375,421.8680384159088,synthetic
187,2026-01-18,60,60,0,139.83205627441407,142.56438446044922,synthetic
188,2026-01-18,60,59,1,205.71786621093747,252.99340677261353,synthetic
189,2026-01-18,60,60,0,270.4674353027344,124.60089778900146,synthetic
190,2026-01-18,60,58,2,202.95700927734373,0.0,synthetic
191,2026-01-18,60,60,0,169.13660522460935,194.07330703735352,synthetic
192,2026-01-18,60,60,0,60.441394042968746,154.66845297813416,synthetic
193,2026-01-18,60,56,4,263.74850097656247,301.8157377243042,synthetic
194,2026-01-18,60,59,1,125.57734497070312,0.0,synthetic
195,2026-01-18,60,58,2,326.03999999999996,811.5243620872498,synthetic
196,2026-01-18,60,59,1,238.76656127929687,123.92376041412354,synthetic
197,2026-01-18,60,59,1,329.99219238281245,492.0156397819519,synthetic
198,2026-01-18,60,58,2,200.64,237.1430721282959,synthetic
199,2026-01-18,60,60,0,71.3086376953125,0.0,synthetic
001,2026-01-19,60,59,1,140.34412353515626,141.60937690734863,synthetic
002,2026-01-19,60,60,0,217.62637939453123,83.03697967529297,synthetic
003,2026-01-19,60,60,0,75.24,338.64014291763306,synthetic
004,2026-01-19,60,60,0,234.904013671875,394.1914701461792,synthetic
005,2026-01-19,60,60,0,187.8610711669922,0.0,synthetic
006,2026-01-19,60,60,0,363.9173950195312,205.79625010490417,synthetic
007,2026-01-19,60,58,2,275.88,266.4173607826233,synthetic
008,2026-01-19,60,58,2,220.28855346679688,19.471309304237366,synthetic
009,2026-01-19,60,58,2,339.6382104492187,223.6100977063179,synthetic
010,2026-01-19,60,58,2,134.91818115234375,53.447359561920166,synthetic
011,2026-01-19,60,59,1,351.12,382.3108630180359,synthetic
012,2026-01-19,60,58,2,132.20835205078123,236.38154411315918,synthetic
013,2026-01-19,60,59,1,106.56988037109375,60.30123805999756,synthetic
014,2026-01-19,60,60,0,212.846279296875,75.20396947860718,synthetic
015,2026-01-19,60,59,1,166.76545166015626,183.22265434265137,synthetic
016,2026-01-19,60,59,1,284.69103515625,35.80517101287842,synthetic
017,2026-01-19,60,59,1,270.61364318847654,181.67249298095703,synthetic
018,2026-01-19,60,60,0,428.44002319335937,59.527099609375,synthetic
019,2026-01-19,60,58,2,187.91980224609375,282.3010869026184,synthetic
020,2026-01-19,60,59,1,125.39999999999999,659.4462842941284,synthetic
021,2026-01-19,60,56,4,137.65426025390624,17.82550048828125,synthetic
022,2026-01-19,60,60,0,284.5725256347656,65.7220401763916,synthetic
023,2026-01-19,60,60,0,319.27318359375,355.1213365793228,synthetic
024,2026-01-19,60,60,0,229.73257324218747,147.2698519229889,synthetic
025,2026-01-19,60,59,1,344.27745483398434,78.13756942749023,synthetic
026,2026-01-19,60,58,2,319.13841796875,454.14978218078613,synthetic
027,2026-01-19,60,60,0,305.4658154296875,92.03876113891602,synthetic
028,2026-01-19,60,57,3,194.09726074218747,518.6897382736206,synthetic
029,2026-01-19,60,59,1,303.24,227.96540307998657,synthetic
030,2026-01-19,60,60,0,300.6955078125,207.83953952789307,synthetic
031,2026-01-19,60,59,1,286.9665344238281,288.8018342703581,synthetic
032,2026-01-19,120,117,3,372.2218872070312,608.370733499527,synthetic
033,2026-01-19,60,58,2,339.53159912109373,192.3717119693756,synthetic
034,2026-01-19,60,60,0,458.9263659667969,769.1917810440063,synthetic
035,2026-01-19,60,58,2,239.67747436523436,0.0,synthetic
036,2026-01-19,60,60,0,369.891826171875,218.31036841869354,synthetic
037,2026-01-19,60,59,1,340.8552227783203,245.61003971099854,synthetic
038,2026-01-19,60,59,1,200.64,339.33417987823486,synthetic
039,2026-01-19,60,60,0,308.8187255859375,253.49530494213104,synthetic
040,2026-01-19,60,59,1,365.026904296875,307.68577575683594,synthetic
041,2026-01-19,60,60,0,121.34763427734374,0.0,synthetic
042,2026-01-19,60,60,0,176.9879296875,1.6325099468231201,synthetic
043,2026-01-19,60,59,1,250.79999999999998,316.6108283996582,synthetic
044,2026-01-19,60,60,0,27.36,115.71890377998352,synthetic
045,2026-01-19,60,60,0,177.83999999999997,385.8517548441887,synthetic
046,2026-01-19,60,60,0,225.02954589843748,0.0,synthetic
047,2026-01-19,60,59,1,88.450341796875,212.90097415447235,synthetic
048,2026-01-19,60,60,0,385.43999999999994,543.004798412323,synthetic
049,2026-01-19,60,59,1,162.98050048828122,366.8280611038208,synthetic
050,2026-01-19,60,60,0,373.8345263671875,98.08105850219727,synthetic
051,2026-01-19,60,58,2,255.36002197265626,408.9705159664154,synthetic
052,2026-01-19,60,60,0,490.98791748046875,293.9239009618759,synthetic
053,2026-01-19,60,60,0,297.95122924804684,147.8281214237213,synthetic
054,2026-01-19,60,59,1,428.6269482421875,226.71333813667297,synthetic
055,2026-01-19,60,59,1,205.51254638671872,75.44594007730484,synthetic
056,2026-01-19,60,58,2,290.53617187500004,56.02233862876892,synthetic
057,2026-01-19,60,59,1,67.951201171875,308.79028248786926,synthetic
058,2026-01-19,60,60,0,216.66276123046873,61.22919154167175,synthetic
059,2026-01-19,60,59,1,151.6298986816406,92.41438865661621,synthetic
060,2026-01-19,60,59,1,130.9858850097656,21.251829147338867,synthetic
061,2026-01-19,60,60,0,281.4108251953125,161.31823086738586,synthetic
062,2026-01-19,60,59,1,308.11698852539064,316.0864586830139,synthetic
063,2026-01-19,60,60,0,152.76,420.8332073688507,synthetic
064,2026-01-19,60,59,1,165.61061096191406,8.47271990776062,synthetic
065,2026-01-19,60,58,2,411.2565783691406,265.85915422439575,synthetic
066,2026-01-19,60,59,1,300.426650390625,362.9763832092285,synthetic
067,2026-01-19,60,58,2,228.0,291.7962472438812,synthetic
068,2026-01-19,60,59,1,95.82084228515625,491.4436037540436,synthetic
069,2026-01-19,60,59,1,232.00955566406247,132.01354837417603,synthetic
070,2026-01-19,60,58,2,243.59047119140627,165.85810136795044,synthetic
071,2026-01-19,60,60,0,150.48,549.5662536621094,synthetic
072,2026-01-19,60,60,0,150.48,662.2874290943146,synthetic
073,2026-01-19,60,60,0,188.08868408203125,444.63769721984863,synthetic
074,2026-01-19,60,59,1,163.69859985351565,65.22588014602661,synthetic
075,2026-01-19,60,59,1,159.9764483642578,41.50438976287842,synthetic
076,2026-01-19,60,59,1,197.73673828124998,261.76453042030334,synthetic
077,2026-01-19,60,58,2,75.24,551.941164970398,synthetic
078,2026-01-19,60,59,1,161.21954956054685,0.0,synthetic
079,2026-01-19,60,59,1,376.4616137695312,228.73508954048157,synthetic
080,2026-01-19,60,60,0,203.70284912109372,114.4304313659668,synthetic
081,2026-01-19,60,60,0,308.3963818359375,201.82287406921387,synthetic
082,2026-01-19,60,60,0,219.1300634765625,158.37181949615479,synthetic
083,2026-01-19,60,58,2,249.31453125,320.11658000946045,synthetic
084,2026-01-19,60,59,1,202.16033935546875,48.40075159072876,synthetic
085,2026-01-19,60,60,0,151.37796936035156,0.0,synthetic
086,2026-01-19,60,59,1,189.79945678710936,82.07447052001953,synthetic
087,2026-01-19,60,60,0,130.52036132812498,102.01177978515625,synthetic
088,2026-01-19,60,60,0,199.4529052734375,37.817989349365234,synthetic
089,2026-01-19,60,59,1,368.57085205078124,25.577510833740234,synthetic
090,2026-01-19,60,60,0,222.07496337890623,187.81758642196655,synthetic
091,2026-01-19,60,59,1,205.36130859374998,265.53680992126465,synthetic
092,2026-01-19,60,57,3,112.98391479492187,0.0,synthetic
093,2026-01-19,60,60,0,300.96,566.3921318054199,synthetic
094,2026-01-19,60,59,1,281.8748712158203,197.74830436706543,synthetic
095,2026-01-19,60,60,0,479.8622314453125,112.00323677062988,synthetic
096,2026-01-19,60,59,1,213.2852087402344,0.0,synthetic
097,2026-01-19,60,60,0,40.0575732421875,231.03942489624023,synthetic
098,2026-01-19,60,60,0,326.03999999999996,549.2489538192749,synthetic
099,2026-01-19,60,59,1,301.2875830078125,66.46709823608398,synthetic
100,2026-01-19,60,58,2,99.0275244140625,0.0,synthetic
101,2026-01-19,60,60,0,27.36,405.3371075093746,synthetic
102,2026-01-19,60,59,1,67.3327734375,782.5750312805176,synthetic
103,2026-01-19,60,59,1,399.24256713867186,0.0,synthetic
104,2026-01-19,60,60,0,269.28771606445315,278.33087682724,synthetic
105,2026-01-19,60,57,3,148.081552734375,30.649168968200684,synthetic
106,2026-01-19,60,59,1,190.06296386718748,200.88677787780762,synthetic
107,2026-01-19,60,58,2,294.19343261718745,135.29388236999512,synthetic
108,2026-01-19,60,60,0,449.8482861328125,472.6184163093567,synthetic
109,2026-01-19,60,59,1,344.44606933593747,214.02313375473022,synthetic
110,2026-01-19,60,60,0,185.4245471191406,433.6746759414673,synthetic
111,2026-01-19,60,59,1,138.85982666015624,66.22259902954102,synthetic
112,2026-01-19,60,60,0,395.0942504882812,152.09301042556763,synthetic
113,2026-01-19,60,59,1,190.71727661132812,69.84241008758545,synthetic
114,2026-01-19,60,59,1,312.17332763671874,267.4737548828125,synthetic
115,2026-01-19,60,59,1,174.29078613281249,569.7820987701416,synthetic
116,2026-01-19,60,60,0,27.36,163.2092821598053,synthetic
117,2026-01-19,60,60,0,363.48739746093753,514.221328496933,synthetic
118,2026-01-19,60,60,0,238.872685546875,330.69390535354614,synthetic
119,2026-01-19,60,59,1,95.06011962890625,0.0,synthetic
120,2026-01-19,60,57,3,183.45891357421874,78.48918867111206,synthetic
121,2026-01-19,60,60,0,275.74333740234374,89.78015184402466,synthetic
122,2026-01-19,60,60,0,335.04034057617184,400.2676477432251,synthetic
123,2026-01-19,60,59,1,118.1269189453125,0.0,synthetic
124,2026-01-19,60,58,2,123.02260620117187,90.9033784866333,synthetic
125,2026-01-19,60,60,0,336.0685748291015,37.9675498008728,synthetic
126,2026-01-19,60,59,1,221.39792724609373,352.23372316360474,synthetic
127,2026-01-19,60,60,0,320.7338085937499,240.03467273712158,synthetic
128,2026-01-19,60,60,0,283.0338079833984,117.74530029296875,synthetic
129,2026-01-19,60,57,3,338.95355712890625,424.43128395080566,synthetic
130,2026-01-19,60,59,1,164.9420617675781,388.53760051727295,synthetic
131,2026-01-19,60,59,1,151.8219268798828,219.23505306243896,synthetic
132,2026-01-19,60,59,1,200.64,154.11676025390625,synthetic
133,2026-01-19,60,60,0,209.10990966796874,470.19701957702637,synthetic
134,2026-01-19,60,58,2,91.73615478515624,310.14843368530273,synthetic
135,2026-01-19,60,59,1,303.23999999999995,243.2123670578003,synthetic
136,2026-01-19,60,59,1,303.8594018554687,60.060120582580566,synthetic
137,2026-01-19,60,58,2,127.69758544921875,326.4353836774826,synthetic
138,2026-01-19,60,60,0,152.76,183.71918964385986,synthetic
139,2026-01-19,60,60,0,281.05012207031245,36.7347412109375,synthetic
140,2026-01-19,60,58,2,177.83999999999997,867.3304240703583,synthetic
141,2026-01-19,60,60,0,182.46732055664063,100.90905094146729,synthetic
142,2026-01-19,60,58,2,136.9859033203125,0.0,synthetic
143,2026-01-19,60,60,0,245.07176513671874,17.434879302978516,synthetic
144,2026-01-19,60,59,1,365.62974609375,84.34509038925171,synthetic
145,2026-01-19,60,60,0,190.56521484375,423.41365575790405,synthetic
146,2026-01-19,60,59,1,383.6336462402343,80.98736143112183,synthetic
147,2026-01-19,60,58,2,141.59578857421874,63.52985095977783,synthetic
148,2026-01-19,60,60,0,345.3978515625,249.23845958709717,synthetic
149,2026-01-19,60,60,0,384.5445556640625,0.0,synthetic
150,2026-01-19,60,58,2,232.39924072265623,7.021359920501709,synthetic
151,2026-01-19,60,59,1,217.8199072265625,547.6757895946503,synthetic
152,2026-01-19,60,58,2,270.00165893554686,456.0996198654175,synthetic
153,2026-01-19,60,59,1,140.45260986328122,447.1318368911743,synthetic
154,2026-01-19,60,60,0,337.4702490234375,57.768388748168945,synthetic
155,2026-01-19,60,60,0,59.20769165039062,152.135009765625,synthetic
156,2026-01-19,60,60,0,217.9907373046875,80.44232988357544,synthetic
157,2026-01-19,60,60,0,177.20552490234377,15.957639694213867,synthetic
158,2026-01-19,60,58,2,102.6,669.055577993393,synthetic
159,2026-01-19,60,55,5,57.366302490234375,150.38605093955994,synthetic
160,2026-01-19,60,59,1,250.33803955078122,111.11603879928589,synthetic
161,2026-01-19,60,59,1,276.3842248535156,187.72833216190338,synthetic
162,2026-01-19,60,60,0,270.2728088378906,142.12024116516113,synthetic
163,2026-01-19,60,60,0,252.19587158203126,100.13666081428528,synthetic
164,2026-01-19,60,57,3,225.84854736328123,118.10377073287964,synthetic
165,2026-01-19,60,60,0,248.56278808593748,0.0,synthetic
166,2026-01-19,60,60,0,179.8591845703125,106.1039981842041,synthetic
167,2026-01-19,60,59,1,315.37131591796873,608.8720107078552,synthetic
168,2026-01-19,60,59,1,368.2112731933594,58.2709903717041,synthetic
169,2026-01-19,60,60,0,495.0054345703125,287.83030939102173,synthetic
170,2026-01-19,60,59,1,234.65251831054684,245.1109894514084,synthetic
171,2026-01-19,60,59,1,152.76,159.8472831249237,synthetic
172,2026-01-19,60,60,0,317.7821997070312,299.61860701441765,synthetic
173,2026-01-19,60,58,2,210.5350341796875,41.242919743061066,synthetic
174,2026-01-19,60,59,1,0.0,111.13726806640625,synthetic
175,2026-01-19,60,58,2,275.22441284179683,117.0664119720459,synthetic
176,2026-01-19,60,60,0,147.18621826171875,170.2875509262085,synthetic
177,2026-01-19,60,60,0,95.58671813964844,139.8840789794922,synthetic
178,2026-01-19,60,57,3,225.47968139648435,0.0,synthetic
179,2026-01-19,60,59,1,200.64,221.1331124305725,synthetic
180,2026-01-19,60,59,1,398.38751220703125,845.2879705429077,synthetic
181,2026-01-19,60,60,0,188.12464233398435,256.28850811719894,synthetic
182,2026-01-19,60,59,1,304.47156005859375,587.9904582500458,synthetic
183,2026-01-19,60,59,1,208.56565429687498,369.3119468688965,synthetic
184,2026-01-19,60,59,1,301.81622131347655,0.0,synthetic
185,2026-01-19,60,59,1,282.5280596923828,0.0,synthetic
186,2026-01-19,60,58,2,287.879478149414,297.42180919647217,synthetic
187,2026-01-19,60,60,0,260.5525158691406,200.67847156524658,synthetic
188,2026-01-19,60,59,1,331.66815673828125,37.467589139938354,synthetic
189,2026-01-19,60,60,0,283.65900146484375,133.95469903945923,synthetic
190,2026-01-19,60,60,0,184.16436767578125,0.0,synthetic
191,2026-01-19,60,59,1,515.631796875,252.08381032943726,synthetic
192,2026-01-19,60,59,1,321.65959716796874,959.3534021377563,synthetic
193,2026-01-19,60,58,2,195.82686767578124,169.25232315063477,synthetic
194,2026-01-19,60,60,0,228.970458984375,36.03784942626953,synthetic
195,2026-01-19,60,60,0,301.8015417480469,101.66314840316772,synthetic
196,2026-01-19,60,59,1,197.1162744140625,21.366649985313416,synthetic
197,2026-01-19,60,59,1,353.16005859374997,583.1999442577362,synthetic
198,2026-01-19,60,60,0,111.16566101074218,0.0,synthetic
199,2026-01-19,60,60,0,341.40358886718747,52.21801948547363,synthetic
001,2026-01-20,60,59,1,236.86293457031252,72.35120010375977,synthetic
002,2026-01-20,60,59,1,221.2385888671875,151.96240997314453,synthetic
003,2026-01-20,60,60,0,340.1578637695313,289.5524272918701,synthetic
004,2026-01-20,60,59,1,275.88,252.76745223999023,synthetic
005,2026-01-20,60,59,1,276.8301306152344,158.69032663106918,synthetic
006,2026-01-20,60,60,0,75.24,123.74340724945068,synthetic
007,2026-01-20,60,58,2,142.880244140625,34.51110911369324,synthetic
008,2026-01-20,60,60,0,200.64,138.23444938659668,synthetic
009,2026-01-20,60,58,2,90.21231628417968,0.0,synthetic
010,2026-01-20,60,58,2,300.90980895996097,38.959649085998535,synthetic
011,2026-01-20,60,58,2,393.95916503906244,226.05981826782227,synthetic
012,2026-01-20,60,58,2,75.24,126.57035946846008,synthetic
013,2026-01-20,60,60,0,303.24,246.3587896823883,synthetic
014,2026-01-20,60,59,1,450.8141821289062,73.93896985054016,synthetic
015,2026-01-20,60,58,2,311.30698974609373,680.0035495758057,synthetic
016,2026-01-20,60,59,1,351.75147216796876,4.126339912414551,synthetic
017,2026-01-20,60,59,1,130.55804809570313,46.00929069519043,synthetic
018,2026-01-20,60,60,0,136.23194824218749,152.2563591003418,synthetic
019,2026-01-20,60,59,1,219.30764648437497,171.7798981666565,synthetic
020,2026-01-20,60,58,2,218.26647216796874,754.8644926548004,synthetic
021,2026-01-20,60,59,1,250.2289892578125,242.96429419517517,synthetic
022,2026-01-20,60,58,2,232.04110107421874,372.8732912540436,synthetic
023,2026-01-20,60,57,3,275.88,1016.788824558258,synthetic
024,2026-01-20,60,60,0,93.06502441406249,136.97148036956787,synthetic
025,2026-01-20,60,59,1,60.654503173828125,68.66889190673828,synthetic
026,2026-01-20,60,60,0,301.81305908203126,374.8449821472168,synthetic
027,2026-01-20,60,59,1,75.24,295.9312105178833,synthetic
028,2026-01-20,60,60,0,193.59837158203123,95.55626797676086,synthetic
029,2026-01-20,60,60,0,125.39999999999999,1014.3790099024773,synthetic
030,2026-01-20,60,60,0,212.6687109375,114.15984833240509,synthetic
031,2026-01-20,60,59,1,228.0,147.93435060977936,synthetic
032,2026-01-20,120,117,3,786.0760180664064,405.2772607803345,synthetic
033,2026-01-20,60,60,0,69.47702636718749,113.67480802536011,synthetic
034,2026-01-20,60,59,1,75.24,575.4239473342896,synthetic
035,2026-01-20,60,58,2,115.64653564453126,0.0,synthetic
036,2026-01-20,60,60,0,131.3056201171875,58.91235041618347,synthetic
037,2026-01-20,60,58,2,286.2101916503906,178.34464263916016,synthetic
038,2026-01-20,60,60,0,314.90427978515623,205.0244795680046,synthetic
039,2026-01-20,60,59,1,148.84417236328125,0.0,synthetic
040,2026-01-20,60,59,1,70.90200439453125,167.7786304652691,synthetic
041,2026-01-20,60,60,0,231.70374755859376,119.58508029580116,synthetic
042,2026-01-20,60,58,2,155.427861328125,42.274240374565125,synthetic
043,2026-01-20,60,60,0,363.50047119140623,236.65966987609863,synthetic
044,2026-01-20,60,59,1,341.99187377929684,259.2786192893982,synthetic
045,2026-01-20,60,58,2,141.54105468749998,75.24020779132843,synthetic
046,2026-01-20,60,60,0,149.66805908203125,0.0,synthetic
047,2026-01-20,60,58,2,206.42635070800782,551.424738407135,synthetic
048,2026-01-20,60,58,2,301.40266845703127,212.05665254592896,synthetic
049,2026-01-20,60,60,0,261.6471789550781,798.978081792593,synthetic
050,2026-01-20,60,58,2,203.64822509765625,683.4277477264404,synthetic
051,2026-01-20,60,59,1,200.64,471.9672267436981,synthetic
052,2026-01-20,60,58,2,189.8750244140625,553.3632888793945,synthetic
053,2026-01-20,60,58,2,67.0499853515625,33.406649589538574,synthetic
054,2026-01-20,60,58,2,0.0,35.56518030166626,synthetic
055,2026-01-20,60,58,2,75.24,401.30121326446533,synthetic
056,2026-01-20,60,59,1,202.60048461914062,151.63617324829102,synthetic
057,2026-01-20,60,59,1,313.9350476074219,163.0649934411049,synthetic
058,2026-01-20,60,59,1,82.21400024414062,3.290950059890747,synthetic
059,2026-01-20,60,60,0,211.5570849609375,560.6035799980164,synthetic
060,2026-01-20,60,59,1,234.05898559570312,0.0,synthetic
061,2026-01-20,60,60,0,208.81083984375,166.576229929924,synthetic
062,2026-01-20,60,59,1,122.95859619140624,0.0,synthetic
063,2026-01-20,60,58,2,257.4439727783203,216.6461706161499,synthetic
064,2026-01-20,60,60,0,184.01516967773438,3.1323399543762207,synthetic
065,2026-01-20,60,59,1,195.646669921875,172.3709077835083,synthetic
066,2026-01-20,60,60,0,269.70782958984375,327.60426330566406,synthetic
067,2026-01-20,60,60,0,228.0,319.7928454577923,synthetic
068,2026-01-20,60,60,0,268.8827124023437,92.54206013679504,synthetic
069,2026-01-20,60,56,4,200.64,108.32970809936523,synthetic
070,2026-01-20,60,60,0,88.14449340820312,98.27855730056763,synthetic
071,2026-01-20,60,58,2,393.4979516601562,252.4734034538269,synthetic
072,2026-01-20,60,60,0,275.88,395.0161781311035,synthetic
073,2026-01-20,60,60,0,250.79999999999998,1339.4516034126282,synthetic
074,2026-01-20,60,60,0,218.9962023925781,11.825940132141113,synthetic
075,2026-01-20,60,59,1,91.9317041015625,12.834580421447754,synthetic
076,2026-01-20,60,60,0,248.83617919921875,213.77015256881714,synthetic
077,2026-01-20,60,59,1,409.1475952148437,137.85467851161957,synthetic
078,2026-01-20,60,60,0,348.38444091796873,269.4857759475708,synthetic
079,2026-01-20,60,60,0,19.975739135742188,0.0,synthetic
080,2026-01-20,60,60,0,99.898388671875,419.77245712280273,synthetic
081,2026-01-20,60,59,1,109.10374145507812,105.6623010635376,synthetic
082,2026-01-20,60,60,0,70.07098388671875,275.3942677974701,synthetic
083,2026-01-20,60,59,1,225.71999999999997,284.39099568128586,synthetic
084,2026-01-20,60,58,2,191.9482452392578,0.0,synthetic
085,2026-01-20,60,59,1,45.95544616699219,0.0,synthetic
086,2026-01-20,60,59,1,200.80882324218751,133.07537984848022,synthetic
087,2026-01-20,60,59,1,173.94694335937498,743.610751748085,synthetic
088,2026-01-20,60,59,1,213.445986328125,149.89592933654785,synthetic
089,2026-01-20,60,60,0,217.20096679687498,95.17077854275703,synthetic
090,2026-01-20,60,59,1,159.93863891601563,121.39087295532227,synthetic
091,2026-01-20,60,59,1,279.0005712890625,156.65669417381287,synthetic
092,2026-01-20,60,60,0,162.33773254394532,0.0,synthetic
093,2026-01-20,60,59,1,270.96239501953124,257.30095517635345,synthetic
094,2026-01-20,60,60,0,140.5651171875,0.0,synthetic
095,2026-01-20,60,60,0,125.39999999999999,6.008059978485107,synthetic
096,2026-01-20,60,59,1,124.08911499023436,0.0,synthetic
097,2026-01-20,60,59,1,213.324345703125,85.69787979125977,synthetic
098,2026-01-20,60,59,1,238.10860839843747,439.346688747406,synthetic
099,2026-01-20,60,59,1,248.27277099609375,144.20819282531738,synthetic
100,2026-01-20,60,59,1,197.01886413574218,0.0,synthetic
101,2026-01-20,60,60,0,303.24,161.63622856140137,synthetic
102,2026-01-20,60,60,0,382.5784350585937,511.1276171207428,synthetic
103,2026-01-20,60,59,1,0.0,0.0,synthetic
104,2026-01-20,60,60,0,150.48,542.092414855957,synthetic
105,2026-01-20,60,59,1,131.71282470703125,329.66130208969116,synthetic
106,2026-01-20,60,58,2,250.79999999999998,461.4016727209091,synthetic
107,2026-01-20,60,60,0,78.49725402832031,0.0,synthetic
108,2026-01-20,60,57,3,314.039912109375,375.2056245803833,synthetic
109,2026-01-20,60,59,1,80.20388122558593,213.05005311965942,synthetic
110,2026-01-20,60,58,2,275.88,359.519962310791,synthetic
111,2026-01-20,60,59,1,270.2024853515625,26.605719804763794,synthetic
112,2026-01-20,60,58,2,185.39030273437498,0.0,synthetic
113,2026-01-20,60,59,1,339.8571569824218,184.0248885154724,synthetic
114,2026-01-20,60,60,0,75.24,429.25573444366455,synthetic
115,2026-01-20,60,60,0,364.8442309570312,441.585200548172,synthetic
116,2026-01-20,60,58,2,326.12824951171876,111.47753047943115,synthetic
117,2026-01-20,60,59,1,200.64,706.0175886154175,synthetic
118,2026-01-20,60,59,1,239.77876831054687,191.68877840042114,synthetic
119,2026-01-20,60,59,1,146.80857421874998,125.6307373046875,synthetic
120,2026-01-20,60,59,1,289.0312573242187,99.0078182220459,synthetic
121,2026-01-20,60,58,2,306.5685498046875,308.7332706451416,synthetic
122,2026-01-20,60,59,1,168.59009033203125,411.48321294784546,synthetic
123,2026-01-20,60,60,0,207.64864929199217,227.6695613861084,synthetic
124,2026-01-20,60,59,1,250.33212524414063,146.56767654418945,synthetic
125,2026-01-20,60,60,0,123.5477783203125,171.00976848602295,synthetic
126,2026-01-20,60,57,3,39.82004425048828,819.7979724407196,synthetic
127,2026-01-20,60,57,3,71.09641113281249,383.1826171875,synthetic
128,2026-01-20,60,58,2,257.8092846679687,114.31506752967834,synthetic
129,2026-01-20,60,60,0,252.79781982421872,889.8482856750488,synthetic
130,2026-01-20,60,57,3,59.4,326.17369747161865,synthetic
131,2026-01-20,60,59,1,387.2126733398437,406.8908200263977,synthetic
132,2026-01-20,60,59,1,264.4000415039062,37.67677068710327,synthetic
133,2026-01-20,60,59,1,235.9466748046875,104.35206317901611,synthetic
134,2026-01-20,60,59,1,205.00234497070312,515.3070766925812,synthetic
135,2026-01-20,60,60,0,96.6657275390625,216.77002620697021,synthetic
136,2026-01-20,60,58,2,125.39999999999999,227.63240337371826,synthetic
137,2026-01-20,60,60,0,187.23654785156248,71.24475908279419,synthetic
138,2026-01-20,60,58,2,198.98832275390623,150.0814048051834,synthetic
139,2026-01-20,60,58,2,269.40164062499997,22.83697009086609,synthetic
140,2026-01-20,60,58,2,216.35406005859375,188.8139488697052,synthetic
141,2026-01-20,60,60,0,251.86479125976558,173.4057092666626,synthetic
142,2026-01-20,60,60,0,110.98814758300782,0.0,synthetic
143,2026-01-20,60,59,1,213.744814453125,499.19178771972656,synthetic
144,2026-01-20,60,59,1,355.7597277832032,98.09467029571533,synthetic
145,2026-01-20,60,59,1,276.4222760009765,179.10052585601807,synthetic
146,2026-01-20,60,60,0,58.303388671875,0.0,synthetic
147,2026-01-20,60,60,0,203.10875610351562,90.60618877410889,synthetic
148,2026-01-20,60,60,0,73.6512451171875,393.1435059309006,synthetic
149,2026-01-20,60,58,2,61.116683349609374,255.95769846439362,synthetic
150,2026-01-20,60,58,2,193.689755859375,83.43328762054443,synthetic
151,2026-01-20,60,60,0,139.20372802734374,504.2915587425232,synthetic
152,2026-01-20,60,60,0,392.2585180664062,348.2388219833374,synthetic
153,2026-01-20,60,58,2,448.18148437499997,519.5055539608002,synthetic
154,2026-01-20,60,59,1,260.01607910156247,60.7361900806427,synthetic
155,2026-01-20,60,60,0,451.57463745117184,418.8535966873169,synthetic
156,2026-01-20,60,60,0,176.36086669921875,69.42211675643921,synthetic
157,2026-01-20,60,59,1,182.02994384765623,390.2330574989319,synthetic
158,2026-01-20,60,59,1,225.71999999999997,741.8941640257835,synthetic
159,2026-01-20,60,59,1,442.07021484374997,232.90697813034058,synthetic
160,2026-01-20,60,60,0,59.4,316.8784861564636,synthetic
161,2026-01-20,60,60,0,123.951123046875,0.0,synthetic
162,2026-01-20,60,60,0,421.86600585937504,117.99054050445557,synthetic
163,2026-01-20,60,59,1,126.83290283203124,18.729740142822266,synthetic
164,2026-01-20,60,58,2,87.895634765625,134.31592416763306,synthetic
165,2026-01-20,60,57,3,203.65409912109374,0.0,synthetic
166,2026-01-20,60,56,4,401.28,422.1926119327545,synthetic
167,2026-01-20,60,59,1,137.991328125,1106.7212114334106,synthetic
168,2026-01-20,60,58,2,75.24,23.534059524536133,synthetic
169,2026-01-20,60,59,1,155.06518798828125,236.26892471313477,synthetic
170,2026-01-20,60,60,0,195.40643920898435,127.80818951129913,synthetic
171,2026-01-20,60,60,0,215.82943359375003,116.42104244232178,synthetic
172,2026-01-20,60,60,0,67.795810546875,827.2381465435028,synthetic
173,2026-01-20,60,58,2,406.95999023437497,192.5662334561348,synthetic
174,2026-01-20,60,59,1,289.9383270263672,214.79748129844666,synthetic
175,2026-01-20,60,60,0,125.39999999999999,141.44005966186523,synthetic
176,2026-01-20,60,58,2,185.87756103515625,82.98369932174683,synthetic
177,2026-01-20,60,59,1,289.0736407470703,242.52471256256104,synthetic
178,2026-01-20,60,60,0,134.7746630859375,31.3331298828125,synthetic
179,2026-01-20,60,57,3,264.18925048828123,333.75964736938477,synthetic
180,2026-01-20,60,60,0,208.124091796875,1138.915709733963,synthetic
181,2026-01-20,60,59,1,125.39999999999999,681.0628213882446,synthetic
182,2026-01-20,60,60,0,394.35424804687494,703.9891247749329,synthetic
183,2026-01-20,60,59,1,221.110341796875,147.73625946044922,synthetic
184,2026-01-20,60,59,1,66.78854736328125,0.0,synthetic
185,2026-01-20,60,60,0,53.851051025390625,0.0,synthetic
186,2026-01-20,60,58,2,177.60662109375,501.7507040500641,synthetic
187,2026-01-20,60,60,0,213.13473815917968,68.87537002563477,synthetic
188,2026-01-20,60,60,0,136.69547607421873,127.49854063987732,synthetic
189,2026-01-20,60,60,0,188.35528930664063,227.63109707832336,synthetic
190,2026-01-20,60,58,2,191.89694274902342,0.0,synthetic
191,2026-01-20,60,58,2,117.30961669921875,140.61609077453613,synthetic
192,2026-01-20,60,60,0,125.39999999999999,258.83228397369385,synthetic
193,2026-01-20,60,60,0,144.3443701171875,787.5760498046875,synthetic
194,2026-01-20,60,59,1,131.86832153320313,65.64241075515747,synthetic
195,2026-01-20,60,59,1,192.7733203125,335.88123178482056,synthetic
196,2026-01-20,60,60,0,120.29707763671874,123.60839891433716,synthetic
197,2026-01-20,60,60,0,303.8587719726562,269.18006134033203,synthetic
198,2026-01-20,60,60,0,169.96384277343748,0.0,synthetic
199,2026-01-20,60,58,2,75.24,57.10242056846619,synthetic
001,2026-01-21,60,58,2,145.34341552734372,91.30156898498535,synthetic
002,2026-01-21,60,59,1,172.228447265625,124.07362270355225,synthetic
003,2026-01-21,60,60,0,153.91469604492187,15.4798002243042,synthetic
004,2026-01-21,60,59,1,199.3496044921875,121.29931259155273,synthetic
005,2026-01-21,60,58,2,141.9815625,252.19688868522644,synthetic
006,2026-01-21,60,59,1,303.73711669921875,72.93419027328491,synthetic
007,2026-01-21,60,60,0,254.15756835937498,0.0,synthetic
008,2026-01-21,60,58,2,235.85434204101563,0.0,synthetic
009,2026-01-21,60,58,2,271.42606384277343,28.92956042289734,synthetic
010,2026-01-21,60,60,0,90.00948486328124,22.196709752082825,synthetic
011,2026-01-21,60,58,2,395.073837890625,548.0819676965475,synthetic
012,2026-01-21,60,60,0,280.4952850341797,52.95549821853638,synthetic
013,2026-01-21,60,59,1,227.4192956542969,125.49526691436768,synthetic
014,2026-01-21,60,60,0,122.518828125,512.224314391613,synthetic
015,2026-01-21,60,60,0,170.27999999999997,538.6237998008728,synthetic
016,2026-01-21,60,60,0,0.0,699.070559501648,synthetic
017,2026-01-21,60,60,0,273.0659875488281,204.09370613098145,synthetic
018,2026-01-21,60,59,1,388.841162109375,283.61036109924316,synthetic
019,2026-01-21,60,59,1,50.349722900390624,225.99927043914795,synthetic
020,2026-01-21,60,59,1,311.1663098144531,458.50559997558594,synthetic
021,2026-01-21,60,59,1,75.24,246.8345913887024,synthetic
022,2026-01-21,60,58,2,264.40418701171876,348.1929316520691,synthetic
023,2026-01-21,60,59,1,312.19256103515625,350.47968339920044,synthetic
024,2026-01-21,60,57,3,233.9609802246094,92.6006498336792,synthetic
025,2026-01-21,60,58,2,313.0288989257812,105.8073091506958,synthetic
026,2026-01-21,60,57,3,200.64,322.5537698864937,synthetic
027,2026-01-21,60,60,0,272.7354418945313,271.6468421816826,synthetic
028,2026-01-21,60,60,0,185.6081359863281,810.8492443561554,synthetic
029,2026-01-21,60,58,2,400.41655517578124,294.8377594947815,synthetic
030,2026-01-21,60,58,2,227.4668060302734,383.04899311065674,synthetic
031,2026-01-21,60,59,1,294.5215155029297,356.13780760765076,synthetic
032,2026-01-21,120,119,1,394.40650634765626,134.14715957641602,synthetic
033,2026-01-21,60,59,1,276.09863525390625,157.6587619781494,synthetic
034,2026-01-21,60,60,0,401.28,702.3702867031097,synthetic
035,2026-01-21,60,60,0,210.2312805175781,0.0,synthetic
036,2026-01-21,60,59,1,287.946650390625,399.0931406021118,synthetic
037,2026-01-21,60,60,0,202.31718017578123,109.05213141441345,synthetic
038,2026-01-21,60,60,0,300.14879150390624,167.72552967071533,synthetic
039,2026-01-21,60,60,0,176.4621661376953,302.2445240020752,synthetic
040,2026-01-21,60,58,2,275.7433190917969,502.85546827316284,synthetic
041,2026-01-21,60,58,2,139.65365478515625,45.45050096511841,synthetic
042,2026-01-21,60,60,0,167.35129760742188,0.0,synthetic
043,2026-01-21,60,59,1,235.64115966796874,236.56713676452637,synthetic
044,2026-01-21,60,60,0,21.090223388671873,39.2510986328125,synthetic
045,2026-01-21,60,60,0,201.14434204101562,40.891170024871826,synthetic
046,2026-01-21,60,58,2,206.74759277343747,0.0,synthetic
047,2026-01-21,60,59,1,177.83999999999997,299.76199555397034,synthetic
048,2026-01-21,60,58,2,298.79698974609374,226.40781864523888,synthetic
049,2026-01-21,60,60,0,189.80838867187498,391.12290716171265,synthetic
050,2026-01-21,60,60,0,287.14772827148437,773.8004817962646,synthetic
051,2026-01-21,60,60,0,228.0,298.70591604709625,synthetic
052,2026-01-21,60,59,1,490.6585766601562,217.79161930084229,synthetic
053,2026-01-21,60,60,0,265.39215087890625,305.7162926197052,synthetic
054,2026-01-21,60,59,1,448.49724609375,332.92516469955444,synthetic
055,2026-01-21,60,58,2,264.59679565429684,108.06488370895386,synthetic
056,2026-01-21,60,58,2,265.6991455078125,273.3170747756958,synthetic
057,2026-01-21,60,60,0,64.5633544921875,0.0,synthetic
058,2026-01-21,60,59,1,197.80778320312498,0.0,synthetic
059,2026-01-21,60,60,0,204.19272583007813,173.75047779083252,synthetic
060,2026-01-21,60,58,2,27.368338623046874,269.46191358566284,synthetic
061,2026-01-21,60,59,1,197.8674206542969,139.28180170059204,synthetic
062,2026-01-21,60,60,0,233.48148193359373,62.03868079185486,synthetic
063,2026-01-21,60,58,2,200.64,218.93646025657654,synthetic
064,2026-01-21,60,57,3,126.68112670898438,0.0,synthetic
065,2026-01-21,60,60,0,428.8201171875,320.811829328537,synthetic
066,2026-01-21,60,58,2,294.5157275390625,568.1587500572205,synthetic
067,2026-01-21,60,59,1,221.87429260253901,102.34838962554932,synthetic
068,2026-01-21,60,59,1,234.30646728515626,0.0,synthetic
069,2026-01-21,60,60,0,245.02921874999998,73.20007038116455,synthetic
070,2026-01-21,60,60,0,253.07999999999998,386.34446382522583,synthetic
071,2026-01-21,60,60,0,197.73169921874998,7.342100143432617,synthetic
072,2026-01-21,60,60,0,75.24,877.4658713340759,synthetic
073,2026-01-21,60,59,1,250.79999999999998,815.3494911193848,synthetic
074,2026-01-21,60,59,1,190.26746337890626,44.04369989037514,synthetic
075,2026-01-21,60,60,0,188.804736328125,67.63561826944351,synthetic
076,2026-01-21,60,60,0,325.31394287109373,75.41064071655273,synthetic
077,2026-01-21,60,59,1,86.72319763183594,14.644780158996582,synthetic
078,2026-01-21,60,59,1,182.01321533203122,75.58220958709717,synthetic
079,2026-01-21,60,60,0,254.15597900390622,17.2158203125,synthetic
080,2026-01-21,60,60,0,301.62117187499996,100.53514957427979,synthetic
081,2026-01-21,60,59,1,323.4117150878906,94.61059093475342,synthetic
082,2026-01-21,60,60,0,272.1919482421875,280.3539295196533,synthetic
083,2026-01-21,60,60,0,314.05591186523435,236.61358642578125,synthetic
084,2026-01-21,60,59,1,153.94038940429687,10.369449615478516,synthetic
085,2026-01-21,60,58,2,245.73200134277346,0.0,synthetic
086,2026-01-21,60,60,0,215.94964599609375,138.33154296875,synthetic
087,2026-01-21,60,59,1,75.24,781.8527231216431,synthetic
088,2026-01-21,60,59,1,191.25295532226562,0.0,synthetic
089,2026-01-21,60,59,1,395.52424804687496,503.08886194229126,synthetic
090,2026-01-21,60,60,0,126.74497924804687,153.96436309814453,synthetic
091,2026-01-21,60,59,1,153.40596862792967,375.0352714061737,synthetic
092,2026-01-21,60,56,4,97.43395385742187,0.0,synthetic
093,2026-01-21,60,60,0,288.282216796875,252.83819007873535,synthetic
094,2026-01-21,60,60,0,181.5007727050781,175.76409912109375,synthetic
095,2026-01-21,60,58,2,207.58472534179688,242.67596578598022,synthetic
096,2026-01-21,60,60,0,179.92658935546876,0.0,synthetic
097,2026-01-21,60,59,1,142.32977416992188,0.0,synthetic
098,2026-01-21,60,60,0,488.89740234374995,129.6112096309662,synthetic
099,2026-01-21,60,60,0,326.03999999999996,251.94348919391632,synthetic
100,2026-01-21,60,60,0,84.95168334960937,0.0,synthetic
101,2026-01-21,60,60,0,84.30386352539062,175.7028079032898,synthetic
102,2026-01-21,60,58,2,283.44238037109375,49.01963031291962,synthetic
103,2026-01-21,60,59,1,278.94054931640625,31.440308570861816,synthetic
104,2026-01-21,60,60,0,289.27562255859374,414.8874797821045,synthetic
105,2026-01-21,60,60,0,209.90860107421872,82.72174072265625,synthetic
106,2026-01-21,60,59,1,410.11816406249994,218.90935897827148,synthetic
107,2026-01-21,60,59,1,324.9814306640625,125.65857315063477,synthetic
108,2026-01-21,60,59,1,424.5026000976562,328.3372759819031,synthetic
109,2026-01-21,60,60,0,342.6288720703125,381.2207450866699,synthetic
110,2026-01-21,60,60,0,144.51475341796873,325.0995979309082,synthetic
111,2026-01-21,60,60,0,139.77675292968752,0.0,synthetic
112,2026-01-21,60,59,1,384.62102050781255,0.0,synthetic
113,2026-01-21,60,59,1,149.01367126464845,103.45960235595703,synthetic
114,2026-01-21,60,60,0,333.6301647949219,282.4957275390625,synthetic
115,2026-01-21,60,60,0,200.64,278.74108695983887,synthetic
116,2026-01-21,60,58,2,19.932363281249998,59.32568120956421,synthetic
117,2026-01-21,60,60,0,340.2915234375,336.9375,synthetic
118,2026-01-21,60,59,1,407.06597900390625,434.0695753097534,synthetic
119,2026-01-21,60,60,0,126.13150634765624,83.79687881469727,synthetic
120,2026-01-21,60,60,0,176.65509521484375,0.0,synthetic
121,2026-01-21,60,59,1,364.05780029296875,182.74175429344177,synthetic
122,2026-01-21,60,59,1,371.27006469726564,212.9192579984665,synthetic
123,2026-01-21,60,60,0,125.39999999999999,33.090319871902466,synthetic
124,2026-01-21,60,59,1,131.278330078125,0.0,synthetic
125,2026-01-21,60,58,2,333.08612365722655,148.46488589048386,synthetic
126,2026-01-21,60,58,2,331.3888842773438,212.20382237434387,synthetic
127,2026-01-21,60,59,1,363.48907470703125,109.5780086517334,synthetic
128,2026-01-21,60,60,0,303.25801025390626,120.21290016174316,synthetic
129,2026-01-21,60,59,1,468.3869897460937,548.3530268669128,synthetic
130,2026-01-21,60,59,1,439.2901831054687,300.4744882583618,synthetic
131,2026-01-21,60,59,1,120.04053955078125,435.3588218688965,synthetic
132,2026-01-21,60,60,0,188.07298095703123,190.14636707305908,synthetic
133,2026-01-21,60,60,0,199.6171984863281,654.2913858890533,synthetic
134,2026-01-21,60,60,0,300.09893920898435,351.1495795249939,synthetic
135,2026-01-21,60,60,0,285.87575683593747,55.48358106613159,synthetic
136,2026-01-21,60,58,2,297.5953381347656,108.05712652206421,synthetic
137,2026-01-21,60,60,0,156.0015234375,0.0,synthetic
138,2026-01-21,60,59,1,152.4869073486328,10.529549837112427,synthetic
139,2026-01-21,60,59,1,167.67917358398438,114.76102781295776,synthetic
140,2026-01-21,60,60,0,289.6536328125,76.4239387512207,synthetic
141,2026-01-21,60,59,1,200.64,240.14011526107788,synthetic
142,2026-01-21,60,60,0,89.90101684570311,0.0,synthetic
143,2026-01-21,60,60,0,289.58306396484375,190.8557186126709,synthetic
144,2026-01-21,60,58,2,214.52675903320312,90.5594300031662,synthetic
145,2026-01-21,60,59,1,125.39999999999999,688.509758234024,synthetic
146,2026-01-21,60,60,0,311.65315429687496,91.62743759155273,synthetic
147,2026-01-21,60,57,3,35.64,327.2770723104477,synthetic
148,2026-01-21,60,59,1,303.23999999999995,479.8726199269295,synthetic
149,2026-01-21,60,57,3,466.16537109374997,320.39399304986,synthetic
150,2026-01-21,60,60,0,229.97297241210936,184.0241174697876,synthetic
151,2026-01-21,60,59,1,256.37049316406245,259.10876297950745,synthetic
152,2026-01-21,60,60,0,142.58853515624997,115.15099954605103,synthetic
153,2026-01-21,60,57,3,172.6830029296875,288.4205846786499,synthetic
154,2026-01-21,60,59,1,239.25548583984374,107.62631011009216,synthetic
155,2026-01-21,60,59,1,54.638397216796875,408.60693359375,synthetic
156,2026-01-21,60,59,1,239.05463745117186,5.687379837036133,synthetic
157,2026-01-21,60,55,5,194.12924926757813,190.2334041595459,synthetic
158,2026-01-21,60,59,1,102.53345397949218,248.75372409820557,synthetic
159,2026-01-21,60,59,1,0.0,88.88305282592773,synthetic
160,2026-01-21,60,58,2,301.867880859375,877.2199046611786,synthetic
161,2026-01-21,60,60,0,183.2951477050781,6.647950172424316,synthetic
162,2026-01-21,60,59,1,186.51505371093748,291.0798454284668,synthetic
163,2026-01-21,60,59,1,148.91745849609373,266.4244213104248,synthetic
164,2026-01-21,60,58,2,171.95972900390623,193.8261203765869,synthetic
165,2026-01-21,60,59,1,196.27055419921874,86.24169731140137,synthetic
166,2026-01-21,60,60,0,243.28851928710935,240.9061906337738,synthetic
167,2026-01-21,60,57,3,490.0528198242188,828.4118747711182,synthetic
168,2026-01-21,60,60,0,370.02427734375,226.63727223873138,synthetic
169,2026-01-21,60,60,0,510.63802001953127,375.54101288318634,synthetic
170,2026-01-21,60,58,2,121.62547485351561,86.42459869384766,synthetic
171,2026-01-21,60,59,1,138.35999999999999,202.6659016609192,synthetic
172,2026-01-21,60,59,1,292.5409423828125,405.094678401947,synthetic
173,2026-01-21,60,59,1,164.92553466796875,0.0,synthetic
174,2026-01-21,60,60,0,0.0,18.161439895629883,synthetic
175,2026-01-21,60,59,1,277.8088549804687,151.14623737335205,synthetic
176,2026-01-21,60,60,0,204.54646728515627,320.3123197555542,synthetic
177,2026-01-21,60,60,0,160.11833862304687,65.63182973861694,synthetic
178,2026-01-21,60,60,0,248.83346923828122,7.984439849853516,synthetic
179,2026-01-21,60,59,1,285.53411865234375,205.6403684616089,synthetic
180,2026-01-21,60,57,3,494.57196166992185,405.46821117401123,synthetic
181,2026-01-21,60,60,0,386.2569213867187,396.73034155368805,synthetic
182,2026-01-21,60,59,1,391.90845703124995,313.84399795532227,synthetic
183,2026-01-21,60,58,2,209.28315307617186,253.50940227508545,synthetic
184,2026-01-21,60,59,1,317.4157434082031,27.536799132823944,synthetic
185,2026-01-21,60,59,1,287.575986328125,14.104859709739685,synthetic
186,2026-01-21,60,60,0,357.60935302734373,580.0013766288757,synthetic
187,2026-01-21,60,60,0,170.0182946777344,131.34637117385864,synthetic
188,2026-01-21,60,59,1,307.1583837890625,229.74792289733887,synthetic
189,2026-01-21,60,59,1,265.39973144531245,204.5128264427185,synthetic
190,2026-01-21,60,57,3,182.80576171874998,0.0,synthetic
191,2026-01-21,60,59,1,382.68062255859377,468.9066207408905,synthetic
192,2026-01-21,60,60,0,257.2973620605469,538.6306183338165,synthetic
193,2026-01-21,60,59,1,304.19354736328125,143.8132290840149,synthetic
194,2026-01-21,60,59,1,232.58616210937498,0.0,synthetic
195,2026-01-21,60,60,0,275.88,443.8099980354309,synthetic
196,2026-01-21,60,60,0,224.90832275390625,284.9897313117981,synthetic
197,2026-01-21,60,60,0,290.6449255371094,327.96606397628784,synthetic
198,2026-01-21,60,57,3,86.79644073486327,0.0,synthetic
199,2026-01-21,60,60,0,313.6457885742187,95.88269066810608,synthetic
001,2026-01-22,60,59,1,286.5329956054687,0.0,synthetic
002,2026-01-22,60,60,0,245.90842529296876,178.7967529296875,synthetic
003,2026-01-22,60,60,0,303.70055419921874,216.47070026397705,synthetic
004,2026-01-22,60,60,0,249.02990112304687,97.69275093078613,synthetic
005,2026-01-22,60,57,3,215.76,379.6709861755371,synthetic
006,2026-01-22,60,59,1,66.85056884765625,0.0,synthetic
007,2026-01-22,60,60,0,114.39049438476562,83.79748916625977,synthetic
008,2026-01-22,60,59,1,163.50846679687498,0.0,synthetic
009,2026-01-22,60,59,1,97.37394836425781,1.9523299932479858,synthetic
010,2026-01-22,60,58,2,304.1758081054687,81.48865032196045,synthetic
011,2026-01-22,60,59,1,333.090087890625,520.1143808364868,synthetic
012,2026-01-22,60,59,1,0.0,77.74036979675293,synthetic
013,2026-01-22,60,59,1,126.833291015625,35.573190689086914,synthetic
014,2026-01-22,60,59,1,400.2356176757812,814.1525235176086,synthetic
015,2026-01-22,60,57,3,473.8587231445312,363.9374988079071,synthetic
016,2026-01-22,60,59,1,358.53660644531243,725.8219165802002,synthetic
017,2026-01-22,60,60,0,75.24,289.0587168931961,synthetic
018,2026-01-22,60,59,1,74.09269775390625,123.0465669631958,synthetic
019,2026-01-22,60,60,0,325.39907226562497,180.88982725143433,synthetic
020,2026-01-22,60,60,0,145.28096923828124,462.82063472270966,synthetic
021,2026-01-22,60,60,0,220.86275390625002,314.7713670730591,synthetic
022,2026-01-22,60,59,1,374.9949682617187,330.30491161346436,synthetic
023,2026-01-22,60,60,0,431.27960449218745,213.070680975914,synthetic
024,2026-01-22,60,60,0,87.20565673828125,40.35845994949341,synthetic
025,2026-01-22,60,59,1,61.26821411132812,0.0,synthetic
026,2026-01-22,60,60,0,326.03999999999996,323.30625200271606,synthetic
027,2026-01-22,60,60,0,105.40457885742187,71.8246488571167,synthetic
028,2026-01-22,60,60,0,228.0,260.4473114013672,synthetic
029,2026-01-22,60,59,1,192.5091650390625,3.582210063934326,synthetic
030,2026-01-22,60,60,0,129.48648193359375,302.05493807792664,synthetic
031,2026-01-22,60,60,0,192.60951416015624,105.73436880111694,synthetic
032,2026-01-22,120,119,1,600.5836999511719,383.60069394111633,synthetic
033,2026-01-22,60,59,1,49.35572387695312,169.31584882736206,synthetic
034,2026-01-22,60,60,0,265.41095947265626,397.1771960258484,synthetic
035,2026-01-22,60,58,2,79.96208862304687,0.0,synthetic
036,2026-01-22,60,59,1,136.07500854492187,172.40546107292175,synthetic
037,2026-01-22,60,59,1,250.79999999999998,258.5684189796448,synthetic
038,2026-01-22,60,60,0,181.17355224609375,577.2798500061035,synthetic
039,2026-01-22,60,60,0,247.39801025390622,227.45239400863647,synthetic
040,2026-01-22,60,57,3,190.1619287109375,170.77659702301025,synthetic
041,2026-01-22,60,59,1,242.36893981933594,24.8766508102417,synthetic
042,2026-01-22,60,60,0,132.79337402343748,6.384029865264893,synthetic
043,2026-01-22,60,60,0,374.7020654296875,533.197625875473,synthetic
044,2026-01-22,60,60,0,296.4785668945312,143.81922054290771,synthetic
045,2026-01-22,60,60,0,133.96073730468748,87.93791961669922,synthetic
046,2026-01-22,60,59,1,154.03210693359375,28.313779830932617,synthetic
047,2026-01-22,60,60,0,225.71999999999997,479.7304480075836,synthetic
048,2026-01-22,60,60,0,311.7539282226562,381.8616828918457,synthetic
049,2026-01-22,60,60,0,275.88,325.89910316467285,synthetic
050,2026-01-22,60,58,2,426.36,357.34099864959717,synthetic
051,2026-01-22,60,60,0,135.49363311767578,374.51315927505493,synthetic
052,2026-01-22,60,59,1,219.50596435546873,190.19366836547852,synthetic
053,2026-01-22,60,59,1,102.6,87.99465048313141,synthetic
054,2026-01-22,60,59,1,0.0,301.28220653533936,synthetic
055,2026-01-22,60,60,0,66.95600830078125,0.0,synthetic
056,2026-01-22,60,60,0,213.27126708984372,142.08747160434723,synthetic
057,2026-01-22,60,59,1,293.2726098632812,71.62915897369385,synthetic
058,2026-01-22,60,59,1,86.64160583496093,0.0,synthetic
059,2026-01-22,60,60,0,208.1702911376953,239.48815631866455,synthetic
060,2026-01-22,60,57,3,392.50902465820315,215.75781190395355,synthetic
061,2026-01-22,60,60,0,150.48,356.89593505859375,synthetic
062,2026-01-22,60,60,0,84.43132324218749,80.26746082305908,synthetic
063,2026-01-22,60,59,1,237.5974768066406,18.664000272750854,synthetic
064,2026-01-22,60,59,1,164.79824707031247,0.0,synthetic
065,2026-01-22,60,60,0,75.24,120.08904838562012,synthetic
066,2026-01-22,60,59,1,226.33140380859373,235.74181413650513,synthetic
067,2026-01-22,60,59,1,220.71346435546874,118.4907066822052,synthetic
068,2026-01-22,60,57,3,216.12214599609376,51.40406036376953,synthetic
069,2026-01-22,60,59,1,179.59072265625,0.0,synthetic
070,2026-01-22,60,58,2,227.32315612792968,126.23356819152832,synthetic
071,2026-01-22,60,60,0,320.5413354492187,246.3873189687729,synthetic
072,2026-01-22,60,59,1,325.26302124023437,704.3275904655457,synthetic
073,2026-01-22,60,59,1,418.81694824218744,642.5272769927979,synthetic
074,2026-01-22,60,59,1,167.95749755859373,46.84191942214966,synthetic
075,2026-01-22,60,58,2,68.93926025390624,19.795090198516846,synthetic
076,2026-01-22,60,60,0,240.2334631347656,43.618590354919434,synthetic
077,2026-01-22,60,60,0,327.6631604003906,140.5086817741394,synthetic
078,2026-01-22,60,58,2,335.2397900390625,67.48505020141602,synthetic
079,2026-01-22,60,59,1,102.6,31.156190395355225,synthetic
080,2026-01-22,60,59,1,0.0,295.5900936126709,synthetic
081,2026-01-22,60,59,1,71.68857421874999,0.0,synthetic
082,2026-01-22,60,59,1,62.14367431640625,96.45244789123535,synthetic
083,2026-01-22,60,58,2,212.83938720703125,185.9726686477661,synthetic
084,2026-01-22,60,59,1,219.7982080078125,105.75189816951752,synthetic
085,2026-01-22,60,60,0,19.97541320800781,0.0,synthetic
086,2026-01-22,60,60,0,144.86236083984375,107.38450884819031,synthetic
087,2026-01-22,60,59,1,314.2590417480469,170.77398824691772,synthetic
088,2026-01-22,60,60,0,209.16206909179687,56.817081451416016,synthetic
089,2026-01-22,60,57,3,287.27132812499997,426.67287015914917,synthetic
090,2026-01-22,60,60,0,175.03711120605467,173.5943727493286,synthetic
091,2026-01-22,60,59,1,199.36951904296873,690.4332437515259,synthetic
092,2026-01-22,60,60,0,84.29810302734374,232.49755859375,synthetic
093,2026-01-22,60,60,0,306.9069104003906,122.99097061157227,synthetic
094,2026-01-22,60,59,1,142.4225537109375,78.0636625289917,synthetic
095,2026-01-22,60,57,3,200.64,166.74182510375977,synthetic
096,2026-01-22,60,60,0,105.44684326171874,0.0,synthetic
097,2026-01-22,60,60,0,126.9606884765625,5.729000091552734,synthetic
098,2026-01-22,60,60,0,181.75474365234373,129.0794712305069,synthetic
099,2026-01-22,60,57,3,334.5896118164062,349.06298714876175,synthetic
100,2026-01-22,60,58,2,191.25711181640622,7.79056978225708,synthetic
101,2026-01-22,60,60,0,226.23577331542967,345.2971775531769,synthetic
102,2026-01-22,60,60,0,135.32962646484373,211.80628883838654,synthetic
103,2026-01-22,60,59,1,118.44438720703124,0.0,synthetic
104,2026-01-22,60,60,0,206.5352307128906,101.62836074829102,synthetic
105,2026-01-22,60,60,0,146.3492431640625,32.88105058670044,synthetic
106,2026-01-22,60,60,0,236.79346435546876,324.9806480407715,synthetic
107,2026-01-22,60,60,0,58.626251220703125,0.0,synthetic
108,2026-01-22,60,58,2,305.5453784179688,332.6928153038025,synthetic
109,2026-01-22,60,59,1,194.9942138671875,208.3065185546875,synthetic
110,2026-01-22,60,58,2,265.2877587890625,244.60302925109863,synthetic
111,2026-01-22,60,59,1,236.34607910156248,59.47625923156738,synthetic
112,2026-01-22,60,57,3,0.0,105.53332901000977,synthetic
113,2026-01-22,60,59,1,233.98464477539062,138.72199010849,synthetic
114,2026-01-22,60,60,0,64.06865478515624,312.1477725505829,synthetic
115,2026-01-22,60,58,2,434.7513134765625,459.6982436180115,synthetic
116,2026-01-22,60,58,2,241.79643676757811,385.40002608299255,synthetic
117,2026-01-22,60,57,3,344.38762573242184,154.9670307636261,synthetic
118,2026-01-22,60,59,1,277.6148876953125,211.6558380126953,synthetic
119,2026-01-22,60,59,1,166.63414672851562,16.54034972190857,synthetic
120,2026-01-22,60,59,1,279.8719848632812,0.0,synthetic
121,2026-01-22,60,60,0,363.435439453125,240.60314273834229,synthetic
122,2026-01-22,60,60,0,0.0,574.0823411941528,synthetic
123,2026-01-22,60,59,1,211.42963256835938,0.0,synthetic
124,2026-01-22,60,59,1,183.32213745117187,44.58739948272705,synthetic
125,2026-01-22,60,59,1,56.82398803710937,227.89623963832855,synthetic
126,2026-01-22,60,60,0,188.9593615722656,48.52422094345093,synthetic
127,2026-01-22,60,57,3,59.94414916992187,215.71727561950684,synthetic
128,2026-01-22,60,59,1,205.06142578125002,320.3556852340698,synthetic
129,2026-01-22,60,60,0,303.53359863281247,236.5897331237793,synthetic
130,2026-01-22,60,59,1,98.21406005859374,0.0,synthetic
131,2026-01-22,60,60,0,350.4269458007812,131.85392892360687,synthetic
132,2026-01-22,60,59,1,251.90693847656252,99.50518809258938,synthetic
133,2026-01-22,60,60,0,246.97116210937497,160.57874178886414,synthetic
134,2026-01-22,60,60,0,125.39999999999999,185.65690684318542,synthetic
135,2026-01-22,60,60,0,65.22778564453125,320.9005205631256,synthetic
136,2026-01-22,60,59,1,79.84360107421875,0.0,synthetic
137,2026-01-22,60,59,1,115.06130859375,0.0,synthetic
138,2026-01-22,60,59,1,195.91504943847656,50.24743032455444,synthetic
139,2026-01-22,60,59,1,196.251416015625,323.4237813949585,synthetic
140,2026-01-22,60,60,0,162.08032104492187,540.3700320720673,synthetic
141,2026-01-22,60,60,0,339.90510131835936,117.02062606811523,synthetic
142,2026-01-22,60,60,0,150.2544415283203,0.0,synthetic
143,2026-01-22,60,60,0,133.95493286132813,258.07311832904816,synthetic
144,2026-01-22,60,60,0,209.94621093749998,515.1145795583725,synthetic
145,2026-01-22,60,58,2,381.765942993164,191.12077808380127,synthetic
146,2026-01-22,60,59,1,126.28869873046875,79.33959197998047,synthetic
147,2026-01-22,60,58,2,235.03543212890622,289.47262239456177,synthetic
148,2026-01-22,60,57,3,75.24,238.4107198268175,synthetic
149,2026-01-22,60,60,0,183.601142578125,78.23462139070034,synthetic
150,2026-01-22,60,58,2,200.64,326.3194580078125,synthetic
151,2026-01-22,60,60,0,150.48,240.89613342285156,synthetic
152,2026-01-22,60,60,0,374.17829956054686,121.44416069984436,synthetic
153,2026-01-22,60,58,2,259.8940576171875,496.1838872432709,synthetic
154,2026-01-22,60,57,3,285.11087402343753,330.06796622276306,synthetic
155,2026-01-22,60,60,0,239.54114501953126,1180.3691301345825,synthetic
156,2026-01-22,60,60,0,162.35338623046874,0.0,synthetic
157,2026-01-22,60,60,0,192.47574462890623,0.0,synthetic
158,2026-01-22,60,60,0,274.85505249023436,141.12060236930847,synthetic
159,2026-01-22,60,60,0,470.1555029296875,170.17694783210754,synthetic
160,2026-01-22,60,60,0,317.9131201171875,78.5922794342041,synthetic
161,2026-01-22,60,59,1,150.48,91.87701135873795,synthetic
162,2026-01-22,60,59,1,327.4364392089844,582.1439256668091,synthetic
163,2026-01-22,60,60,0,212.52506835937498,139.3834204673767,synthetic
164,2026-01-22,60,59,1,201.27841552734372,133.02668917179108,synthetic
165,2026-01-22,60,59,1,434.43107666015624,85.6453800201416,synthetic
166,2026-01-22,60,58,2,184.56898681640624,834.7251691818237,synthetic
167,2026-01-22,60,59,1,181.58836669921874,300.187557220459,synthetic
168,2026-01-22,60,59,1,167.0545751953125,149.53691864013672,synthetic
169,2026-01-22,60,59,1,290.84833740234376,458.1528863310814,synthetic
170,2026-01-22,60,59,1,102.6,747.3841272592545,synthetic
171,2026-01-22,60,59,1,226.0240319824219,41.27752947807312,synthetic
172,2026-01-22,60,57,3,205.75547607421873,213.47455167770386,synthetic
173,2026-01-22,60,59,1,282.5071069335937,416.82861518859863,synthetic
174,2026-01-22,60,60,0,232.11320434570314,126.80370903015137,synthetic
175,2026-01-22,60,59,1,125.39999999999999,348.9257731437683,synthetic
176,2026-01-22,60,59,1,142.49977294921874,81.52221870422363,synthetic
177,2026-01-22,60,60,0,220.93124267578122,81.4768705368042,synthetic
178,2026-01-22,60,57,3,142.26897216796874,66.43236923217773,synthetic
179,2026-01-22,60,59,1,242.55148681640625,84.48986029624939,synthetic
180,2026-01-22,60,59,1,245.85312744140623,568.8115882873535,synthetic
181,2026-01-22,60,57,3,61.078791503906245,274.9441604614258,synthetic
182,2026-01-22,60,55,5,376.59652954101557,214.4957275390625,synthetic
183,2026-01-22,60,59,1,271.8920361328125,377.8107385635376,synthetic
184,2026-01-22,60,60,0,64.67019287109375,0.0,synthetic
185,2026-01-22,60,58,2,57.29524658203125,20.52865958213806,synthetic
186,2026-01-22,60,60,0,213.7362561035156,299.4141938686371,synthetic
187,2026-01-22,60,59,1,181.85718933105466,116.37700939178467,synthetic
188,2026-01-22,60,60,0,140.64784423828124,276.06536388397217,synthetic
189,2026-01-22,60,60,0,35.64,365.6305592060089,synthetic
190,2026-01-22,60,58,2,181.3068896484375,4.044429779052734,synthetic
191,2026-01-22,60,60,0,415.51653076171874,87.37732172012329,synthetic
192,2026-01-22,60,59,1,311.09319580078125,79.72185134887695,synthetic
193,2026-01-22,60,58,2,120.14457275390625,147.82616901397705,synthetic
194,2026-01-22,60,60,0,106.84487548828125,0.0,synthetic
195,2026-01-22,60,59,1,298.59813720703124,533.0914926528931,synthetic
196,2026-01-22,60,60,0,125.39999999999999,190.16565227508545,synthetic
197,2026-01-22,60,58,2,466.9890234375,409.0102472305298,synthetic
198,2026-01-22,60,60,0,177.72406494140625,26.54248046875,synthetic
199,2026-01-22,60,60,0,68.395078125,185.33570289611816,synthetic
001,2026-01-23,60,58,2,58.58623168945312,41.6845703125,synthetic
002,2026-01-23,60,59,1,170.70372436523436,211.30165100097656,synthetic
003,2026-01-23,60,57,3,75.24,42.05493015050888,synthetic
004,2026-01-23,60,59,1,291.6323364257812,0.0,synthetic
005,2026-01-23,60,57,3,175.54454956054687,270.48920011520386,synthetic
006,2026-01-23,60,60,0,293.8409143066406,6.001949787139893,synthetic
007,2026-01-23,60,59,1,251.07975585937498,202.78844928741455,synthetic
008,2026-01-23,60,59,1,222.80363891601564,55.13666009902954,synthetic
009,2026-01-23,60,59,1,239.69746765136716,362.7815775871277,synthetic
010,2026-01-23,60,60,0,121.22302001953125,0.0,synthetic
011,2026-01-23,60,60,0,369.75213134765625,265.7700250148773,synthetic
012,2026-01-23,60,60,0,224.67632537841797,118.99017107486725,synthetic
013,2026-01-23,60,58,2,228.0,114.49572849273682,synthetic
014,2026-01-23,60,59,1,242.1992724609375,139.57836723327637,synthetic
015,2026-01-23,60,58,2,62.57871826171875,573.659294128418,synthetic
016,2026-01-23,60,60,0,200.64,201.9682116508484,synthetic
017,2026-01-23,60,59,1,284.70588867187496,198.73627853393555,synthetic
018,2026-01-23,60,60,0,463.9040771484375,448.03394532203674,synthetic
019,2026-01-23,60,60,0,124.20212036132813,28.059329986572266,synthetic
020,2026-01-23,60,60,0,326.03999999999996,377.1866407394409,synthetic
021,2026-01-23,60,59,1,211.94999267578123,265.17099928855896,synthetic
022,2026-01-23,60,57,3,185.73471679687498,530.5230159759521,synthetic
023,2026-01-23,60,60,0,257.70781127929683,264.95948028564453,synthetic
024,2026-01-23,60,59,1,237.26767456054688,190.70722103118896,synthetic
025,2026-01-23,60,59,1,323.0851281738281,0.0,synthetic
026,2026-01-23,60,59,1,200.64,695.2581605911255,synthetic
027,2026-01-23,60,60,0,313.75664611816404,16.273679733276367,synthetic
028,2026-01-23,60,60,0,147.69519287109375,569.7886457443237,synthetic
029,2026-01-23,60,60,0,374.8639013671875,67.9954993724823,synthetic
030,2026-01-23,60,59,1,294.1788134765625,179.47174978256226,synthetic
031,2026-01-23,60,59,1,301.26990966796876,332.40310192108154,synthetic
032,2026-01-23,120,119,1,276.1594409179687,613.3288750648499,synthetic
033,2026-01-23,60,59,1,253.77901611328122,129.07715845108032,synthetic
034,2026-01-23,60,59,1,388.31657958984374,272.57055950164795,synthetic
035,2026-01-23,60,60,0,262.41821044921875,0.0,synthetic
036,2026-01-23,60,59,1,366.1361572265625,338.5833740234375,synthetic
037,2026-01-23,60,58,2,191.64615234374997,302.1266276836395,synthetic
038,2026-01-23,60,60,0,311.98218017578125,361.45262336730957,synthetic
039,2026-01-23,60,59,1,123.08303466796875,675.2670564651489,synthetic
040,2026-01-23,60,60,0,295.106513671875,42.61528944969177,synthetic
041,2026-01-23,60,58,2,136.43131347656248,78.92052841186523,synthetic
042,2026-01-23,60,60,0,156.48124145507813,66.71941947937012,synthetic
043,2026-01-23,60,59,1,432.2806787109375,299.1329426765442,synthetic
044,2026-01-23,60,58,2,147.80681396484374,291.3183054924011,synthetic
045,2026-01-23,60,58,2,252.9198651123047,171.14824676513672,synthetic
046,2026-01-23,60,59,1,222.31296386718748,0.0,synthetic
047,2026-01-23,60,59,1,171.987421875,162.9375491142273,synthetic
048,2026-01-23,60,58,2,331.4455938720703,366.36980628967285,synthetic
049,2026-01-23,60,60,0,330.24146484375,182.91185808181763,synthetic
050,2026-01-23,60,59,1,312.4748693847656,336.62067794799805,synthetic
051,2026-01-23,60,59,1,303.24,281.3346104621887,synthetic
052,2026-01-23,60,58,2,526.68,526.9608135223389,synthetic
053,2026-01-23,60,60,0,295.8706274414062,181.47461223602295,synthetic
054,2026-01-23,60,60,0,424.626591796875,437.7362856864929,synthetic
055,2026-01-23,60,60,0,271.54140197753907,53.316518783569336,synthetic
056,2026-01-23,60,60,0,224.98636962890623,371.21398067474365,synthetic
057,2026-01-23,60,59,1,52.67106811523437,0.0,synthetic
058,2026-01-23,60,58,2,189.81064819335936,0.0,synthetic
059,2026-01-23,60,60,0,199.09015869140626,275.3146505355835,synthetic
060,2026-01-23,60,59,1,0.0,0.0,synthetic
061,2026-01-23,60,57,3,288.1066589355469,148.28186416625977,synthetic
062,2026-01-23,60,57,3,254.51838867187502,68.30193996429443,synthetic
063,2026-01-23,60,58,2,106.0033447265625,159.39390110969543,synthetic
064,2026-01-23,60,60,0,107.88930175781249,3.8754899501800537,synthetic
065,2026-01-23,60,59,1,364.8282678222656,500.03180146217346,synthetic
066,2026-01-23,60,59,1,399.9373828125,161.117981672287,synthetic
067,2026-01-23,60,59,1,193.7795361328125,0.0,synthetic
068,2026-01-23,60,60,0,232.5804455566406,0.0,synthetic
069,2026-01-23,60,59,1,150.48,331.93317794799805,synthetic
070,2026-01-23,60,59,1,165.439423828125,133.39866042137146,synthetic
071,2026-01-23,60,60,0,357.5718090820312,160.4172387421131,synthetic
072,2026-01-23,60,59,1,254.64517822265623,227.86901569366455,synthetic
073,2026-01-23,60,59,1,376.8199365234375,446.16563749313354,synthetic
074,2026-01-23,60,60,0,248.34674560546875,0.0,synthetic
075,2026-01-23,60,60,0,124.01615844726562,70.8973503112793,synthetic
076,2026-01-23,60,60,0,268.9101892089844,98.17895793914795,synthetic
077,2026-01-23,60,60,0,198.17166503906247,137.35053157806396,synthetic
078,2026-01-23,60,59,1,166.7269482421875,68.01618146896362,synthetic
079,2026-01-23,60,59,1,203.57065429687498,7.054210186004639,synthetic
080,2026-01-23,60,57,3,440.9293304443359,50.26841974258423,synthetic
081,2026-01-23,60,59,1,323.8845373535156,0.0,synthetic
082,2026-01-23,60,60,0,204.01731079101563,174.70586895942688,synthetic
083,2026-01-23,60,60,0,404.2224243164062,126.91418266296387,synthetic
084,2026-01-23,60,58,2,152.6883416748047,59.96202927827835,synthetic
085,2026-01-23,60,58,2,132.15590698242187,2.911289930343628,synthetic
086,2026-01-23,60,60,0,203.43051635742188,383.76294231414795,synthetic
087,2026-01-23,60,58,2,58.25700439453125,112.38714015483856,synthetic
088,2026-01-23,60,59,1,107.98505859375,294.49260330200195,synthetic
089,2026-01-23,60,59,1,384.5857836914062,443.61327171325684,synthetic
090,2026-01-23,60,59,1,153.6054473876953,82.95507025718689,synthetic
091,2026-01-23,60,59,1,155.37662475585935,567.5497417449951,synthetic
092,2026-01-23,60,58,2,191.28483398437498,57.52391982078552,synthetic
093,2026-01-23,60,58,2,225.4266943359375,280.4485385417938,synthetic
094,2026-01-23,60,59,1,187.78648498535154,98.82671928405762,synthetic
095,2026-01-23,60,59,1,221.92719726562495,84.99864959716797,synthetic
096,2026-01-23,60,60,0,250.161181640625,0.0,synthetic
097,2026-01-23,60,60,0,142.84250610351563,67.10528945922852,synthetic
098,2026-01-23,60,60,0,300.4626965332031,1119.3932518959045,synthetic
099,2026-01-23,60,59,1,306.8873364257812,194.81310868263245,synthetic
100,2026-01-23,60,59,1,43.939548339843746,41.077760219573975,synthetic
101,2026-01-23,60,60,0,197.19918823242188,46.30376958847046,synthetic
102,2026-01-23,60,58,2,192.8127978515625,1014.343677520752,synthetic
103,2026-01-23,60,58,2,215.8402111816406,0.0,synthetic
104,2026-01-23,60,59,1,198.59047119140624,169.9468538761139,synthetic
105,2026-01-23,60,60,0,146.46864990234374,164.17157995700836,synthetic
106,2026-01-23,60,59,1,295.0820581054687,263.193359375,synthetic
107,2026-01-23,60,60,0,190.61493896484376,316.4787549972534,synthetic
108,2026-01-23,60,60,0,305.97309082031245,1081.203197479248,synthetic
109,2026-01-23,60,59,1,316.4147900390625,192.93919944763184,synthetic
110,2026-01-23,60,60,0,268.0206518554687,229.3414831161499,synthetic
111,2026-01-23,60,58,2,75.24,435.9536278247833,synthetic
112,2026-01-23,60,60,0,294.84486328125,916.1521635055542,synthetic
113,2026-01-23,60,59,1,314.1576177978515,76.16364121437073,synthetic
114,2026-01-23,60,60,0,349.7265747070312,305.6678400039673,synthetic
115,2026-01-23,60,59,1,200.64,196.70282220840454,synthetic
116,2026-01-23,60,59,1,125.39999999999999,496.5125503540039,synthetic
117,2026-01-23,60,59,1,235.6432580566406,67.07147058844566,synthetic
118,2026-01-23,60,60,0,178.84543945312498,494.69810819625854,synthetic
119,2026-01-23,60,60,0,79.07048950195312,193.06809186935425,synthetic
120,2026-01-23,60,58,2,133.71812255859373,0.0,synthetic
121,2026-01-23,60,59,1,228.3506213378906,309.2905435562134,synthetic
122,2026-01-23,60,60,0,411.48889892578126,413.40465515851974,synthetic
123,2026-01-23,60,59,1,117.63509765625,0.0,synthetic
124,2026-01-23,60,60,0,231.5614709472656,10.45751953125,synthetic
125,2026-01-23,60,60,0,263.6237109375,407.66065645217896,synthetic
126,2026-01-23,60,60,0,228.0,323.05502700805664,synthetic
127,2026-01-23,60,58,2,396.52697021484374,80.48925054073334,synthetic
128,2026-01-23,60,59,1,253.14404296875,462.54456877708435,synthetic
129,2026-01-23,60,57,3,338.57874023437495,284.15907096862793,synthetic
130,2026-01-23,60,59,1,265.56281616210936,0.0,synthetic
131,2026-01-23,60,59,1,200.64,361.60668683052063,synthetic
132,2026-01-23,60,59,1,200.64,92.45909690856934,synthetic
133,2026-01-23,60,59,1,203.06107543945313,409.13330078125,synthetic
134,2026-01-23,60,59,1,275.1975109863281,136.26831877231598,synthetic
135,2026-01-23,60,59,1,285.6814599609375,170.8118212223053,synthetic
136,2026-01-23,60,59,1,287.43661010742187,78.34679985046387,synthetic
137,2026-01-23,60,59,1,163.84119873046876,18.40991973876953,synthetic
138,2026-01-23,60,59,1,150.75289672851562,205.67688977718353,synthetic
139,2026-01-23,60,60,0,275.6236889648437,292.5292570590973,synthetic
140,2026-01-23,60,60,0,290.643369140625,300.6181974411011,synthetic
141,2026-01-23,60,58,2,75.24,223.6255488395691,synthetic
142,2026-01-23,60,60,0,99.6926953125,0.0,synthetic
143,2026-01-23,60,60,0,215.363056640625,772.7467889785767,synthetic
144,2026-01-23,60,58,2,125.39999999999999,989.3789870738983,synthetic
145,2026-01-23,60,60,0,0.0,101.5120906829834,synthetic
146,2026-01-23,60,58,2,238.77356689453123,145.32884979248047,synthetic
147,2026-01-23,60,58,2,104.43364379882813,12.261319905519485,synthetic
148,2026-01-23,60,59,1,371.76234374999996,226.2310094833374,synthetic
149,2026-01-23,60,60,0,315.50366455078125,499.4070391654968,synthetic
150,2026-01-23,60,60,0,236.36414245605468,170.53736877441406,synthetic
151,2026-01-23,60,59,1,257.36025878906247,89.16339123249054,synthetic
152,2026-01-23,60,59,1,132.6254113769531,187.4112572669983,synthetic
153,2026-01-23,60,59,1,383.0295336914062,244.96283435821533,synthetic
154,2026-01-23,60,59,1,236.31143554687497,374.1381721496582,synthetic
155,2026-01-23,60,58,2,200.64,261.80658054351807,synthetic
156,2026-01-23,60,59,1,189.52029785156247,103.99225234985352,synthetic
157,2026-01-23,60,58,2,177.96950134277344,0.0,synthetic
158,2026-01-23,60,60,0,84.13185791015624,220.7862024307251,synthetic
159,2026-01-23,60,60,0,97.07323242187499,62.359798431396484,synthetic
160,2026-01-23,60,60,0,150.48,451.1137093901634,synthetic
161,2026-01-23,60,58,2,195.5741125488281,58.47948932647705,synthetic
162,2026-01-23,60,58,2,0.0,1235.6486797332764,synthetic
163,2026-01-23,60,60,0,153.848466796875,38.81945991516113,synthetic
164,2026-01-23,60,60,0,91.5593701171875,117.08925139904022,synthetic
165,2026-01-23,60,56,4,65.8721044921875,0.0,synthetic
166,2026-01-23,60,60,0,375.01527832031246,338.3984488248825,synthetic
167,2026-01-23,60,55,5,499.25124023437496,308.0343482494354,synthetic
168,2026-01-23,60,59,1,213.42014648437498,10.358759999275208,synthetic
169,2026-01-23,60,59,1,446.5650659179687,580.4017987251282,synthetic
170,2026-01-23,60,60,0,252.69942443847657,144.2101619541645,synthetic
171,2026-01-23,60,59,1,0.0,277.627010345459,synthetic
172,2026-01-23,60,58,2,256.4671343994141,77.58910918235779,synthetic
173,2026-01-23,60,58,2,178.88841796875,323.40428924560547,synthetic
174,2026-01-23,60,60,0,27.36,43.453879833221436,synthetic
175,2026-01-23,60,60,0,273.44129150390626,125.73192739486694,synthetic
176,2026-01-23,60,59,1,197.2088195800781,38.541629672050476,synthetic
177,2026-01-23,60,58,2,132.22868774414061,249.4031434059143,synthetic
178,2026-01-23,60,59,1,235.6036596679687,93.68340110778809,synthetic
179,2026-01-23,60,59,1,197.35644287109375,314.76550102233887,synthetic
180,2026-01-23,60,60,0,433.08131835937496,411.6647787094116,synthetic
181,2026-01-23,60,59,1,396.8034301757813,302.2826566696167,synthetic
182,2026-01-23,60,60,0,251.70241699218752,373.57715225219727,synthetic
183,2026-01-23,60,58,2,205.09970947265623,77.27472066879272,synthetic
184,2026-01-23,60,60,0,328.4461505126953,146.20519709587097,synthetic
185,2026-01-23,60,60,0,173.8409912109375,22.43051016330719,synthetic
186,2026-01-23,60,59,1,361.3059301757812,258.35096764564514,synthetic
187,2026-01-23,60,59,1,222.8450244140625,137.1850607395172,synthetic
188,2026-01-23,60,60,0,214.5334643554687,516.3129215240479,synthetic
189,2026-01-23,60,59,1,376.2,508.1349391937256,synthetic
190,2026-01-23,60,60,0,160.9848486328125,0.0,synthetic
191,2026-01-23,60,58,2,129.95661621093748,380.45277017354965,synthetic
192,2026-01-23,60,56,4,100.67228393554687,0.0,synthetic
193,2026-01-23,60,59,1,271.582529296875,135.7761173248291,synthetic
194,2026-01-23,60,60,0,233.9107800292969,0.0,synthetic
195,2026-01-23,60,60,0,150.48,742.7670331001282,synthetic
196,2026-01-23,60,57,3,236.891220703125,95.49126887321472,synthetic
197,2026-01-23,60,56,4,221.18582519531247,128.89769744873047,synthetic
198,2026-01-23,60,60,0,67.70238647460937,0.0,synthetic
199,2026-01-23,60,59,1,417.90376464843746,143.66874742507935,synthetic
001,2026-01-24,60,60,0,222.1342932128906,403.1578402519226,synthetic
002,2026-01-24,60,60,0,220.53914794921874,92.4375,synthetic
003,2026-01-24,60,58,2,323.15930053710935,234.92572402954102,synthetic
004,2026-01-24,60,58,2,225.88987060546876,0.0,synthetic
005,2026-01-24,60,59,1,260.29933044433596,24.148069381713867,synthetic
006,2026-01-24,60,60,0,62.1226318359375,74.49596977233887,synthetic
007,2026-01-24,60,59,1,142.25080810546874,122.73913955688477,synthetic
008,2026-01-24,60,60,0,75.24,551.0871744155884,synthetic
009,2026-01-24,60,58,2,101.96294311523437,96.96776962280273,synthetic
010,2026-01-24,60,60,0,319.477505493164,31.275510787963867,synthetic
011,2026-01-24,60,60,0,321.6108764648437,191.84893250465393,synthetic
012,2026-01-24,60,60,0,131.98749755859376,61.170538902282715,synthetic
013,2026-01-24,60,60,0,128.00051879882812,101.29541981220245,synthetic
014,2026-01-24,60,60,0,419.5338464355469,40.700740814208984,synthetic
015,2026-01-24,60,60,0,406.36639160156244,764.2430481910706,synthetic
016,2026-01-24,60,58,2,349.59501708984374,106.73852872848511,synthetic
017,2026-01-24,60,60,0,141.57448974609375,102.34237921237946,synthetic
018,2026-01-24,60,59,1,265.77970458984373,28.12376868724823,synthetic
019,2026-01-24,60,58,2,240.07792236328123,141.65716171264648,synthetic
020,2026-01-24,60,60,0,224.7862060546875,74.69665026664734,synthetic
021,2026-01-24,60,60,0,147.67677978515624,421.8086438179016,synthetic
022,2026-01-24,60,60,0,275.88,1221.9227583408356,synthetic
023,2026-01-24,60,60,0,395.26614257812497,340.4188828468323,synthetic
024,2026-01-24,60,58,2,90.67576354980469,132.05578994750977,synthetic
025,2026-01-24,60,57,3,74.67267333984374,0.0,synthetic
026,2026-01-24,60,58,2,392.1212548828125,476.213504076004,synthetic
027,2026-01-24,60,59,1,115.05411254882812,185.51678466796875,synthetic
028,2026-01-24,60,59,1,200.64,538.9062867164612,synthetic
029,2026-01-24,60,58,2,205.14090820312498,331.2721061706543,synthetic
030,2026-01-24,60,58,2,130.62860595703125,390.5379457473755,synthetic
031,2026-01-24,60,57,3,277.62034606933594,453.8097562789917,synthetic
032,2026-01-24,120,120,0,614.6193566894531,909.8560590744019,synthetic
033,2026-01-24,60,60,0,181.94184814453124,0.0,synthetic
034,2026-01-24,60,60,0,253.77955810546874,394.8588938713074,synthetic
035,2026-01-24,60,60,0,133.0458544921875,96.13275718688965,synthetic
036,2026-01-24,60,60,0,110.88,675.1564884185791,synthetic
037,2026-01-24,60,60,0,306.10209228515623,228.05575096607208,synthetic
038,2026-01-24,60,59,1,182.4928857421875,371.77734565734863,synthetic
039,2026-01-24,60,59,1,279.1402404785156,339.4243688583374,synthetic
040,2026-01-24,60,59,1,180.60201049804687,221.43634796142578,synthetic
041,2026-01-24,60,59,1,234.04740051269533,333.35875606536865,synthetic
042,2026-01-24,60,60,0,142.163759765625,79.65063905715942,synthetic
043,2026-01-24,60,59,1,242.27145996093748,4.330689907073975,synthetic
044,2026-01-24,60,59,1,205.7678869628906,173.3396201133728,synthetic
045,2026-01-24,60,60,0,112.85329833984375,0.0,synthetic
046,2026-01-24,60,59,1,145.22283325195312,0.0,synthetic
047,2026-01-24,60,58,2,240.57162048339845,29.562009811401367,synthetic
048,2026-01-24,60,60,0,200.64,256.33684730529785,synthetic
049,2026-01-24,60,60,0,225.67395263671872,118.18414354324341,synthetic
050,2026-01-24,60,60,0,351.11999999999995,499.6406707763672,synthetic
051,2026-01-24,60,59,1,146.6973907470703,354.5285005569458,synthetic
052,2026-01-24,60,60,0,191.57445556640624,340.4923686981201,synthetic
053,2026-01-24,60,60,0,102.6,237.1201946735382,synthetic
054,2026-01-24,60,60,0,126.86779541015625,84.07287979125977,synthetic
055,2026-01-24,60,59,1,73.7949169921875,166.06440687179565,synthetic
056,2026-01-24,60,60,0,300.96,344.62547731399536,synthetic
057,2026-01-24,60,59,1,294.23348144531246,44.592529296875,synthetic
058,2026-01-24,60,60,0,86.88173400878905,0.0,synthetic
059,2026-01-24,60,60,0,223.2529833984375,275.2969317436218,synthetic
060,2026-01-24,60,57,3,356.52079833984374,0.0,synthetic
061,2026-01-24,60,59,1,142.5583447265625,136.3976514339447,synthetic
062,2026-01-24,60,60,0,24.274288330078125,563.6633987426758,synthetic
063,2026-01-24,60,60,0,256.12577270507813,259.42255997657776,synthetic
064,2026-01-24,60,59,1,167.46414367675783,203.28552317619324,synthetic
065,2026-01-24,60,59,1,232.05588867187498,283.8361830711365,synthetic
066,2026-01-24,60,60,0,115.42074462890625,314.6820077896118,synthetic
067,2026-01-24,60,58,2,211.3625408935547,27.616519927978516,synthetic
068,2026-01-24,60,60,0,129.59377075195312,0.0,synthetic
069,2026-01-24,60,59,1,317.3270434570312,171.66112208366394,synthetic
070,2026-01-24,60,60,0,248.20301513671876,33.956800043582916,synthetic
071,2026-01-24,60,58,2,59.024307861328126,891.1869602203369,synthetic
072,2026-01-24,60,60,0,278.5928759765625,285.0928316116333,synthetic
073,2026-01-24,60,58,2,267.0122387695312,485.9283494949341,synthetic
074,2026-01-24,60,58,2,114.59853515625,116.89880752563477,synthetic
075,2026-01-24,60,60,0,137.095810546875,61.09150981903076,synthetic
076,2026-01-24,60,60,0,259.8459228515625,94.55755996704102,synthetic
077,2026-01-24,60,59,1,265.4956420898437,90.89507675170898,synthetic
078,2026-01-24,60,58,2,325.6452648925781,180.5637764930725,synthetic
079,2026-01-24,60,59,1,102.6,63.561479806900024,synthetic
080,2026-01-24,60,60,0,0.0,11.665350466966629,synthetic
081,2026-01-24,60,60,0,60.302109375,319.30077171325684,synthetic
082,2026-01-24,60,57,3,214.695087890625,137.8599157333374,synthetic
083,2026-01-24,60,60,0,256.34619506835935,24.285950660705566,synthetic
084,2026-01-24,60,58,2,193.49398132324217,91.14489078521729,synthetic
085,2026-01-24,60,60,0,151.07101318359372,22.854430079460144,synthetic
086,2026-01-24,60,60,0,225.71999999999997,136.2459008693695,synthetic
087,2026-01-24,60,60,0,249.44225280761717,542.3347091674805,synthetic
088,2026-01-24,60,60,0,203.82964233398434,133.40606021881104,synthetic
089,2026-01-24,60,60,0,261.89555786132814,457.7635440826416,synthetic
090,2026-01-24,60,59,1,170.74052856445311,428.66887187957764,synthetic
091,2026-01-24,60,60,0,216.05706298828125,336.89801120758057,synthetic
092,2026-01-24,60,60,0,97.33941467285156,0.0,synthetic
093,2026-01-24,60,59,1,375.4718774414062,496.32116985321045,synthetic
094,2026-01-24,60,59,1,149.48898193359375,91.19813060760498,synthetic
095,2026-01-24,60,60,0,168.57578979492186,137.41869735717773,synthetic
096,2026-01-24,60,60,0,39.51945190429687,0.0,synthetic
097,2026-01-24,60,60,0,128.12678466796874,24.979679107666016,synthetic
098,2026-01-24,60,60,0,312.09990234375,318.02655124664307,synthetic
099,2026-01-24,60,58,2,170.34977050781248,630.6257357597351,synthetic
100,2026-01-24,60,59,1,236.58578979492185,255.94423842430115,synthetic
101,2026-01-24,60,59,1,138.47628662109375,517.4160979986191,synthetic
102,2026-01-24,60,59,1,271.2686499023437,331.84857296943665,synthetic
103,2026-01-24,60,60,0,109.96401123046874,0.0,synthetic
104,2026-01-24,60,59,1,217.76661621093749,476.7880916595459,synthetic
105,2026-01-24,60,59,1,212.82470947265625,79.70995950698853,synthetic
106,2026-01-24,60,59,1,244.1747900390625,178.63525009155273,synthetic
107,2026-01-24,60,58,2,277.7056604003906,178.65735054016113,synthetic
108,2026-01-24,60,60,0,440.672109375,435.6014904975891,synthetic
109,2026-01-24,60,60,0,207.98926757812498,322.8962788581848,synthetic
110,2026-01-24,60,60,0,150.48,272.4635696411133,synthetic
111,2026-01-24,60,59,1,314.15173095703125,136.07897996902466,synthetic
112,2026-01-24,60,60,0,125.39999999999999,173.72118663787842,synthetic
113,2026-01-24,60,60,0,124.12528930664062,262.0171880722046,synthetic
114,2026-01-24,60,60,0,68.3451708984375,74.15185928344727,synthetic
115,2026-01-24,60,58,2,490.4269995117187,45.040160179138184,synthetic
116,2026-01-24,60,58,2,357.7240246582031,146.31897068023682,synthetic
117,2026-01-24,60,60,0,307.7815576171875,727.1815893650055,synthetic
118,2026-01-24,60,60,0,326.03999999999996,565.7004804611206,synthetic
119,2026-01-24,60,59,1,205.64769287109374,100.3071813583374,synthetic
120,2026-01-24,60,60,0,266.7169885253906,90.61304092407227,synthetic
121,2026-01-24,60,59,1,273.7886022949219,324.05897521972656,synthetic
122,2026-01-24,60,58,2,209.91108398437498,682.4160170555115,synthetic
123,2026-01-24,60,59,1,222.29072387695314,190.87573528289795,synthetic
124,2026-01-24,60,60,0,120.82972778320311,15.961669921875,synthetic
125,2026-01-24,60,59,1,171.09194824218747,211.86601781845093,synthetic
126,2026-01-24,60,59,1,317.13163513183594,157.64502429962158,synthetic
127,2026-01-24,60,59,1,66.37740966796875,92.36737060546875,synthetic
128,2026-01-24,60,60,0,303.24,489.4165689945221,synthetic
129,2026-01-24,60,59,1,363.26226562500005,365.68432092666626,synthetic
130,2026-01-24,60,57,3,113.16895751953125,0.0,synthetic
131,2026-01-24,60,57,3,377.72248535156245,206.78179836273193,synthetic
132,2026-01-24,60,58,2,273.35749511718745,411.98765230178833,synthetic
133,2026-01-24,60,59,1,221.61771972656248,243.44456481933594,synthetic
134,2026-01-24,60,59,1,241.49799865722653,0.0,synthetic
135,2026-01-24,60,59,1,94.0119580078125,544.2123808860779,synthetic
136,2026-01-24,60,58,2,92.48672607421875,255.57312297821045,synthetic
137,2026-01-24,60,59,1,75.24,245.1822247505188,synthetic
138,2026-01-24,60,58,2,190.64119445800782,84.93029928207397,synthetic
139,2026-01-24,60,60,0,291.90669799804687,44.858890533447266,synthetic
140,2026-01-24,60,58,2,216.96123046875,521.0669403076172,synthetic
141,2026-01-24,60,59,1,387.28212890624997,372.5836820602417,synthetic
142,2026-01-24,60,60,0,146.5418243408203,0.0,synthetic
143,2026-01-24,60,60,0,265.3559033203125,676.2071113586426,synthetic
144,2026-01-24,60,59,1,303.24,659.0843690037727,synthetic
145,2026-01-24,60,60,0,424.00110351562495,342.7377233505249,synthetic
146,2026-01-24,60,60,0,100.75130126953124,0.0,synthetic
147,2026-01-24,60,58,2,253.07999999999998,214.10791063308716,synthetic
148,2026-01-24,60,60,0,231.27319702148435,29.550649762153625,synthetic
149,2026-01-24,60,60,0,244.54976806640622,277.5200777053833,synthetic
150,2026-01-24,60,60,0,200.64,117.58146059513092,synthetic
151,2026-01-24,60,60,0,66.15147216796875,198.59080934524536,synthetic
152,2026-01-24,60,58,2,342.5900939941406,98.5615177154541,synthetic
153,2026-01-24,60,59,1,119.42006103515625,247.69781684875488,synthetic
154,2026-01-24,60,60,0,304.75329345703125,553.8230419158936,synthetic
155,2026-01-24,60,59,1,323.16561035156246,364.78722381591797,synthetic
156,2026-01-24,60,59,1,155.1380859375,155.01099109649658,synthetic
157,2026-01-24,60,60,0,160.7957666015625,230.0090389251709,synthetic
158,2026-01-24,60,60,0,221.28699462890626,298.2006483078003,synthetic
159,2026-01-24,60,58,2,437.82010986328123,162.09589910507202,synthetic
160,2026-01-24,60,60,0,315.97259033203125,316.15643310546875,synthetic
161,2026-01-24,60,58,2,144.10605468749998,104.37641064822674,synthetic
162,2026-01-24,60,60,0,466.6103540039062,652.3200120925903,synthetic
163,2026-01-24,60,58,2,178.9498718261719,5.90625,synthetic
164,2026-01-24,60,59,1,243.6861126708984,258.28089702129364,synthetic
165,2026-01-24,60,59,1,397.54993652343745,83.84583282470703,synthetic
166,2026-01-24,60,60,0,123.14517700195313,666.8654155731201,synthetic
167,2026-01-24,60,58,2,168.42488525390624,1215.7559769153595,synthetic
168,2026-01-24,60,58,2,200.64,227.98998928070068,synthetic
169,2026-01-24,60,60,0,275.55184570312497,519.2142314910889,synthetic
170,2026-01-24,60,60,0,63.0,261.21171712875366,synthetic
171,2026-01-24,60,59,1,347.28087341308594,298.57430148124695,synthetic
172,2026-01-24,60,59,1,27.36,1341.010537236929,synthetic
173,2026-01-24,60,60,0,373.79243408203126,0.0,synthetic
174,2026-01-24,60,59,1,273.0609521484375,115.2639799118042,synthetic
175,2026-01-24,60,60,0,109.62081298828124,0.0,synthetic
176,2026-01-24,60,59,1,136.55291015625,107.45049858093262,synthetic
177,2026-01-24,60,59,1,299.58417846679686,367.04352951049805,synthetic
178,2026-01-24,60,59,1,205.16078613281252,864.4671549797058,synthetic
179,2026-01-24,60,60,0,248.54879882812497,264.1634066104889,synthetic
180,2026-01-24,60,58,2,401.28,771.2976112365723,synthetic
181,2026-01-24,60,58,2,148.98825439453122,179.0233154296875,synthetic
182,2026-01-24,60,60,0,376.0206408691406,755.7104415893555,synthetic
183,2026-01-24,60,60,0,201.97578369140624,433.0807595252991,synthetic
184,2026-01-24,60,59,1,60.656363525390624,169.5706787109375,synthetic
185,2026-01-24,60,60,0,175.37899658203122,50.758601158857346,synthetic
186,2026-01-24,60,60,0,268.5161499023437,283.73441219329834,synthetic
187,2026-01-24,60,60,0,220.87054687499997,244.60688066482544,synthetic
188,2026-01-24,60,56,4,225.71999999999997,408.550772190094,synthetic
189,2026-01-24,60,59,1,244.38884033203124,205.7789306640625,synthetic
190,2026-01-24,60,59,1,95.00764343261719,142.36511993408203,synthetic
191,2026-01-24,60,59,1,403.28706298828126,415.20044803619385,synthetic
192,2026-01-24,60,59,1,304.7634448242187,44.914791107177734,synthetic
193,2026-01-24,60,58,2,130.2904248046875,23.562620639801025,synthetic
194,2026-01-24,60,59,1,119.88495483398437,12.848139762878418,synthetic
195,2026-01-24,60,59,1,384.8722302246093,443.10881996154785,synthetic
196,2026-01-24,60,58,2,125.39999999999999,235.9694902896881,synthetic
197,2026-01-24,60,59,1,355.7653491210938,217.89234161376953,synthetic
198,2026-01-24,60,57,3,108.020888671875,0.0,synthetic
199,2026-01-24,60,59,1,0.0,0.0,synthetic
001,2026-01-25,60,60,0,137.23423095703123,151.78418922424316,synthetic
002,2026-01-25,60,58,2,166.69189819335935,298.29345417022705,synthetic
003,2026-01-25,60,60,0,125.26004516601562,92.50817009806633,synthetic
004,2026-01-25,60,60,0,292.3355346679687,56.32238960266113,synthetic
005,2026-01-25,60,60,0,169.92235107421874,351.5475137233734,synthetic
006,2026-01-25,60,59,1,332.0134643554687,148.3731164932251,synthetic
007,2026-01-25,60,59,1,275.88,217.18901979923248,synthetic
008,2026-01-25,60,60,0,384.56681396484373,154.24933242797852,synthetic
009,2026-01-25,60,58,2,323.61280334472656,0.0,synthetic
010,2026-01-25,60,59,1,190.46284423828124,115.82709789276123,synthetic
011,2026-01-25,60,58,2,294.0472778320312,296.5110591650009,synthetic
012,2026-01-25,60,58,2,78.85924438476562,448.5392858982086,synthetic
013,2026-01-25,60,60,0,303.23999999999995,391.6725459098816,synthetic
014,2026-01-25,60,60,0,233.641728515625,230.66852164268494,synthetic
015,2026-01-25,60,58,2,180.92244873046874,549.7026386260986,synthetic
016,2026-01-25,60,60,0,246.45191162109376,45.029239654541016,synthetic
017,2026-01-25,60,60,0,336.9564953613281,154.01305055618286,synthetic
018,2026-01-25,60,59,1,338.3615478515625,202.3398494720459,synthetic
019,2026-01-25,60,60,0,228.93491455078123,100.92333984375,synthetic
020,2026-01-25,60,60,0,306.1716796875,209.05102252960205,synthetic
021,2026-01-25,60,59,1,221.09467529296873,288.6351900100708,synthetic
022,2026-01-25,60,58,2,358.96861083984373,522.5544548034668,synthetic
023,2026-01-25,60,60,0,415.06207031249994,187.68941068649292,synthetic
024,2026-01-25,60,60,0,157.43822021484374,611.1891002655029,synthetic
025,2026-01-25,60,60,0,347.7491674804687,4.366940021514893,synthetic
026,2026-01-25,60,59,1,380.41896972656247,92.3959903717041,synthetic
027,2026-01-25,60,58,2,308.30760498046874,139.03828239440918,synthetic
028,2026-01-25,60,58,2,311.191904296875,40.30312991142273,synthetic
029,2026-01-25,60,58,2,372.8984545898437,199.2251091003418,synthetic
030,2026-01-25,60,58,2,303.24,303.4755011200905,synthetic
031,2026-01-25,60,58,2,225.16805419921872,423.77980184555054,synthetic
032,2026-01-25,120,119,1,476.52,975.9477566480637,synthetic
033,2026-01-25,60,58,2,164.82362548828124,123.72602391242981,synthetic
034,2026-01-25,60,59,1,383.6840698242187,599.8939957618713,synthetic
035,2026-01-25,60,58,2,242.09686523437497,91.77410799264908,synthetic
036,2026-01-25,60,59,1,391.4241650390625,540.080020904541,synthetic
037,2026-01-25,60,60,0,202.35549316406252,646.4880396127701,synthetic
038,2026-01-25,60,60,0,326.03999999999996,361.03601264953613,synthetic
039,2026-01-25,60,57,3,281.6647631835937,115.28226935863495,synthetic
040,2026-01-25,60,56,4,191.20426757812498,449.9625177383423,synthetic
041,2026-01-25,60,59,1,75.24,185.24726343154907,synthetic
042,2026-01-25,60,60,0,196.79007568359373,85.60246849060059,synthetic
043,2026-01-25,60,59,1,374.892509765625,551.1579616069794,synthetic
044,2026-01-25,60,60,0,151.88056640625,146.21051120758057,synthetic
045,2026-01-25,60,58,2,239.9419720458984,60.49468994140625,synthetic
046,2026-01-25,60,60,0,212.94067016601562,0.0,synthetic
047,2026-01-25,60,59,1,127.60066589355469,390.529781460762,synthetic
048,2026-01-25,60,60,0,405.0710559082031,279.3053026199341,synthetic
049,2026-01-25,60,60,0,152.63453613281249,340.46978759765625,synthetic
050,2026-01-25,60,60,0,261.36,757.9579610824585,synthetic
051,2026-01-25,60,59,1,383.523345336914,313.91028213500977,synthetic
052,2026-01-25,60,59,1,375.7911767578125,1310.9853265285492,synthetic
053,2026-01-25,60,60,0,272.8489892578125,159.17356872558594,synthetic
054,2026-01-25,60,58,2,247.04988281249996,327.1138415336609,synthetic
055,2026-01-25,60,59,1,286.02175048828127,163.5415654182434,synthetic
056,2026-01-25,60,60,0,256.76255126953123,192.87385272979736,synthetic
057,2026-01-25,60,59,1,60.53797119140625,70.01678085327148,synthetic
058,2026-01-25,60,60,0,202.8645080566406,111.0380180478096,synthetic
059,2026-01-25,60,60,0,223.6083380126953,321.60730987787247,synthetic
060,2026-01-25,60,59,1,56.6183056640625,10.879520416259766,synthetic
061,2026-01-25,60,58,2,310.38302124023437,177.26600348949432,synthetic
062,2026-01-25,60,59,1,297.95068359375,312.9328091442585,synthetic
063,2026-01-25,60,57,3,183.63510498046872,321.3109927177429,synthetic
064,2026-01-25,60,59,1,139.97890869140625,156.2357120513916,synthetic
065,2026-01-25,60,57,3,439.9194287109375,277.2352976799011,synthetic
066,2026-01-25,60,60,0,419.11943115234374,426.43964195251465,synthetic
067,2026-01-25,60,59,1,301.6293438720703,106.50511932373047,synthetic
068,2026-01-25,60,59,1,273.82751953125,0.0,synthetic
069,2026-01-25,60,60,0,200.64,246.56579732894897,synthetic
070,2026-01-25,60,58,2,177.83999999999997,164.0270904302597,synthetic
071,2026-01-25,60,59,1,401.28,476.3090109825134,synthetic
072,2026-01-25,60,60,0,125.39999999999999,182.47876167297363,synthetic
073,2026-01-25,60,60,0,463.3701342773437,480.57276916503906,synthetic
074,2026-01-25,60,60,0,258.59589111328125,251.35006594657898,synthetic
075,2026-01-25,60,60,0,103.62794677734375,22.340659976005554,synthetic
076,2026-01-25,60,58,2,344.57646240234374,194.0253963470459,synthetic
077,2026-01-25,60,60,0,164.47745361328123,147.21143007278442,synthetic
078,2026-01-25,60,58,2,200.64,200.14417147636414,synthetic
079,2026-01-25,60,59,1,113.36920898437499,338.6462323665619,synthetic
080,2026-01-25,60,59,1,323.4905291748047,127.44324398040771,synthetic
081,2026-01-25,60,60,0,303.35103881835937,261.48059844970703,synthetic
082,2026-01-25,60,60,0,190.98177978515622,0.0,synthetic
083,2026-01-25,60,60,0,410.2137780761718,316.9301692098379,synthetic
084,2026-01-25,60,60,0,227.38537353515625,117.48783302307129,synthetic
085,2026-01-25,60,60,0,54.0022705078125,8.368769645690918,synthetic
086,2026-01-25,60,58,2,177.201181640625,139.8873405456543,synthetic
087,2026-01-25,60,59,1,149.67911865234373,179.26408982276917,synthetic
088,2026-01-25,60,60,0,205.6365234375,55.813480377197266,synthetic
089,2026-01-25,60,59,1,401.28,792.7206444740295,synthetic
090,2026-01-25,60,60,0,206.29002685546877,87.96921050548553,synthetic
091,2026-01-25,60,58,2,173.88640869140625,756.2338333129883,synthetic
092,2026-01-25,60,60,0,160.086328125,0.0,synthetic
093,2026-01-25,60,60,0,225.71999999999997,538.6756639480591,synthetic
094,2026-01-25,60,58,2,218.67532470703125,38.352420806884766,synthetic
095,2026-01-25,60,59,1,386.4852905273437,0.0,synthetic
096,2026-01-25,60,60,0,252.94421264648437,0.0,synthetic
097,2026-01-25,60,59,1,139.78370910644531,49.532900631427765,synthetic
098,2026-01-25,60,60,0,414.3354565429687,416.20890712738037,synthetic
099,2026-01-25,60,59,1,401.28,636.7534990310669,synthetic
100,2026-01-25,60,60,0,81.55745727539062,27.28777003288269,synthetic
101,2026-01-25,60,58,2,119.83229736328124,400.5029294490814,synthetic
102,2026-01-25,60,59,1,335.61916259765627,264.9965254366398,synthetic
103,2026-01-25,60,60,0,261.45851440429686,31.720340728759766,synthetic
104,2026-01-25,60,59,1,254.84646606445312,460.7620687484741,synthetic
105,2026-01-25,60,60,0,148.80097412109376,122.73901152610779,synthetic
106,2026-01-25,60,60,0,391.0352490234375,151.94836807250977,synthetic
107,2026-01-25,60,58,2,159.0977197265625,0.0,synthetic
108,2026-01-25,60,59,1,451.43999999999994,870.1822047233582,synthetic
109,2026-01-25,60,58,2,284.0467236328125,441.46390199661255,synthetic
110,2026-01-25,60,60,0,272.6939501953125,173.14130878448486,synthetic
111,2026-01-25,60,59,1,127.85501586914063,0.0,synthetic
112,2026-01-25,60,60,0,366.38723144531247,140.9251811504364,synthetic
113,2026-01-25,60,58,2,242.17275512695312,618.0027806758881,synthetic
114,2026-01-25,60,58,2,319.9330114746094,439.59606742858887,synthetic
115,2026-01-25,60,59,1,75.24,233.54333400726318,synthetic
116,2026-01-25,60,59,1,91.5535986328125,7.8210999965667725,synthetic
117,2026-01-25,60,60,0,347.584833984375,725.935489654541,synthetic
118,2026-01-25,60,59,1,356.9664953613281,263.4852478504181,synthetic
119,2026-01-25,60,60,0,143.1235089111328,0.0,synthetic
120,2026-01-25,60,59,1,278.70030029296873,89.70043110847473,synthetic
121,2026-01-25,60,60,0,180.38826416015624,1230.0842210054398,synthetic
122,2026-01-25,60,59,1,401.33414062500003,204.31859874725342,synthetic
123,2026-01-25,60,60,0,125.39999999999999,122.80358982086182,synthetic
124,2026-01-25,60,60,0,234.90436889648436,0.6923800110816956,synthetic
125,2026-01-25,60,60,0,124.96575439453125,322.29083558917046,synthetic
126,2026-01-25,60,57,3,102.6,136.5172984600067,synthetic
127,2026-01-25,60,57,3,241.16154052734373,860.1928397417068,synthetic
128,2026-01-25,60,59,1,290.54945068359376,880.3974368572235,synthetic
129,2026-01-25,60,60,0,321.1715698242187,327.48779487609863,synthetic
130,2026-01-25,60,57,3,271.7354443359375,0.0,synthetic
131,2026-01-25,60,60,0,75.24,704.8096327781677,synthetic
132,2026-01-25,60,59,1,200.64,300.7999167442322,synthetic
133,2026-01-25,60,59,1,267.620385131836,0.0,synthetic
134,2026-01-25,60,59,1,312.21240234374994,6.004519939422607,synthetic
135,2026-01-25,60,60,0,281.7548876953125,607.5946092605591,synthetic
136,2026-01-25,60,59,1,317.7632739257812,140.6055202484131,synthetic
137,2026-01-25,60,59,1,263.35957763671877,274.36434268951416,synthetic
138,2026-01-25,60,59,1,125.39999999999999,228.80786085128784,synthetic
139,2026-01-25,60,60,0,275.0635803222656,32.53645968437195,synthetic
140,2026-01-25,60,59,1,260.86734375,151.2624135017395,synthetic
141,2026-01-25,60,58,2,0.0,437.15930461883545,synthetic
142,2026-01-25,60,60,0,51.08993041992187,0.0,synthetic
143,2026-01-25,60,59,1,369.7437524414063,120.31812000274658,synthetic
144,2026-01-25,60,60,0,200.00698974609372,374.264967918396,synthetic
145,2026-01-25,60,60,0,59.367106933593746,244.33166122436523,synthetic
146,2026-01-25,60,58,2,262.8627099609375,127.41448974609375,synthetic
147,2026-01-25,60,59,1,197.53294738769532,0.0,synthetic
148,2026-01-25,60,59,1,335.328955078125,118.20494890213013,synthetic
149,2026-01-25,60,58,2,396.2110327148437,440.7502474784851,synthetic
150,2026-01-25,60,59,1,231.1548046875,89.86420774459839,synthetic
151,2026-01-25,60,59,1,299.88486328125,590.6772501468658,synthetic
152,2026-01-25,60,57,3,128.08267822265626,94.90276765823364,synthetic
153,2026-01-25,60,60,0,331.355595703125,525.5224618911743,synthetic
154,2026-01-25,60,59,1,397.06163818359374,325.15099239349365,synthetic
155,2026-01-25,60,60,0,125.39999999999999,507.92030334472656,synthetic
156,2026-01-25,60,57,3,190.62427368164063,168.35620021820068,synthetic
157,2026-01-25,60,60,0,196.42288330078122,130.06762790679932,synthetic
158,2026-01-25,60,60,0,102.6,131.83758091926575,synthetic
159,2026-01-25,60,59,1,152.32845336914062,113.96228218078613,synthetic
160,2026-01-25,60,60,0,363.37952636718745,189.06145858764648,synthetic
161,2026-01-25,60,60,0,214.96833984375002,144.7957787513733,synthetic
162,2026-01-25,60,57,3,283.18001953124997,209.19628715515137,synthetic
163,2026-01-25,60,60,0,185.40670166015624,62.66216850280762,synthetic
164,2026-01-25,60,56,4,191.5218640136719,141.7370581626892,synthetic
165,2026-01-25,60,60,0,167.47152099609374,74.77282071113586,synthetic
166,2026-01-25,60,57,3,401.28,830.7894062995911,synthetic
167,2026-01-25,60,60,0,209.88,2118.7413749694824,synthetic
168,2026-01-25,60,58,2,299.5142248535156,102.07049751281738,synthetic
169,2026-01-25,60,58,2,448.3961865234375,653.7225437164307,synthetic
170,2026-01-25,60,60,0,358.4504736328125,247.1114091873169,synthetic
171,2026-01-25,60,59,1,0.0,326.38476848602295,synthetic
172,2026-01-25,60,59,1,326.8728625488281,472.0657730102539,synthetic
173,2026-01-25,60,60,0,67.17818115234375,432.6213445663452,synthetic
174,2026-01-25,60,59,1,144.47695129394532,0.0,synthetic
175,2026-01-25,60,60,0,280.17624755859373,59.160030245780945,synthetic
176,2026-01-25,60,58,2,213.258486328125,220.20782887935638,synthetic
177,2026-01-25,60,59,1,75.24,266.0166804790497,synthetic
178,2026-01-25,60,58,2,172.37882080078123,112.49000072479248,synthetic
179,2026-01-25,60,60,0,197.52113525390624,222.3892707824707,synthetic
180,2026-01-25,60,57,3,507.79725585937496,381.2760543823242,synthetic
181,2026-01-25,60,60,0,314.44129760742186,468.58842945098877,synthetic
182,2026-01-25,60,60,0,227.2928576660156,771.6515073776245,synthetic
183,2026-01-25,60,59,1,300.96,602.3229970932007,synthetic
184,2026-01-25,60,60,0,378.3394885253906,104.24609184265137,synthetic
185,2026-01-25,60,59,1,196.29098876953122,63.44728010892868,synthetic
186,2026-01-25,60,58,2,359.70094482421877,412.29214811325073,synthetic
187,2026-01-25,60,59,1,176.23021362304686,175.73375070095062,synthetic
188,2026-01-25,60,60,0,335.22239501953123,263.5447416305542,synthetic
189,2026-01-25,60,60,0,154.31194702148437,325.3934869468212,synthetic
190,2026-01-25,60,58,2,289.7962646484375,239.11004948616028,synthetic
191,2026-01-25,60,56,4,155.679404296875,431.2959461212158,synthetic
192,2026-01-25,60,57,3,233.28056396484374,224.56163597106934,synthetic
193,2026-01-25,60,60,0,322.52357666015627,73.59980964660645,synthetic
194,2026-01-25,60,60,0,245.61056396484375,0.0,synthetic
195,2026-01-25,60,59,1,241.63411376953127,320.28144359588623,synthetic
196,2026-01-25,60,59,1,243.31235595703123,218.75273895263672,synthetic
197,2026-01-25,60,59,1,429.137548828125,437.032105922699,synthetic
198,2026-01-25,60,60,0,222.51697723388673,71.96923065185547,synthetic
199,2026-01-25,60,57,3,439.2097778320312,31.551329612731934,synthetic
001,2026-01-26,60,58,2,240.27733886718747,49.7341194152832,synthetic
002,2026-01-26,60,59,1,352.5438134765625,90.3471097946167,synthetic
003,2026-01-26,60,60,0,274.60114013671875,300.83337211608887,synthetic
004,2026-01-26,60,58,2,252.12872314453125,29.986809730529785,synthetic
005,2026-01-26,60,58,2,228.07784912109372,665.6256709098816,synthetic
006,2026-01-26,60,60,0,75.24,75.79144954681396,synthetic
007,2026-01-26,60,60,0,115.22655395507812,296.4648470878601,synthetic
008,2026-01-26,60,60,0,75.24,59.15521001815796,synthetic
009,2026-01-26,60,59,1,59.29283569335937,0.0,synthetic
010,2026-01-26,60,59,1,211.47281616210938,95.82778024673462,synthetic
011,2026-01-26,60,58,2,308.4847082519531,494.1385431289673,synthetic
012,2026-01-26,60,58,2,206.92840576171875,359.02745747566223,synthetic
013,2026-01-26,60,58,2,201.12421325683593,95.70952916145325,synthetic
014,2026-01-26,60,60,0,440.80513183593746,284.2341365814209,synthetic
015,2026-01-26,60,58,2,446.6729443359375,61.03113114833832,synthetic
016,2026-01-26,60,60,0,345.50624999999997,346.5208282470703,synthetic
017,2026-01-26,60,57,3,0.0,248.85286593437195,synthetic
018,2026-01-26,60,60,0,272.3626611328125,247.61517906188965,synthetic
019,2026-01-26,60,58,2,139.96740966796875,264.9593475908041,synthetic
020,2026-01-26,60,59,1,222.17132080078125,235.78888320922852,synthetic
021,2026-01-26,60,60,0,137.092060546875,168.89820098876953,synthetic
022,2026-01-26,60,59,1,275.88,475.96868991851807,synthetic
023,2026-01-26,60,60,0,181.74282348632812,521.988826751709,synthetic
024,2026-01-26,60,59,1,274.7890301513672,75.59724044799805,synthetic
025,2026-01-26,60,59,1,75.24,75.83410835266113,synthetic
026,2026-01-26,60,60,0,230.999208984375,136.62915802001953,synthetic
027,2026-01-26,60,59,1,132.33036621093748,0.0,synthetic
028,2026-01-26,60,59,1,190.532373046875,66.80113887786865,synthetic
029,2026-01-26,60,58,2,180.07027587890624,137.3617115020752,synthetic
030,2026-01-26,60,59,1,315.08033935546877,6.4097900390625,synthetic
031,2026-01-26,60,60,0,275.88,385.9938087463379,synthetic
032,2026-01-26,120,117,3,682.3394128417968,505.7875839471817,synthetic
033,2026-01-26,60,60,0,201.3089758300781,158.95606136322021,synthetic
034,2026-01-26,60,60,0,332.2496997070312,420.09850883483887,synthetic
035,2026-01-26,60,59,1,118.8901904296875,45.967769622802734,synthetic
036,2026-01-26,60,58,2,239.78415527343748,101.92725276947021,synthetic
037,2026-01-26,60,59,1,250.79999999999998,320.07038927078247,synthetic
038,2026-01-26,60,58,2,377.01193359375,61.93268060684204,synthetic
039,2026-01-26,60,58,2,220.74514892578122,256.4068100452423,synthetic
040,2026-01-26,60,58,2,187.8146740722656,597.6759796142578,synthetic
041,2026-01-26,60,60,0,246.19924621582032,364.2667188644409,synthetic
042,2026-01-26,60,59,1,138.93665771484376,0.0,synthetic
043,2026-01-26,60,58,2,250.79999999999998,449.05054092407227,synthetic
044,2026-01-26,60,60,0,166.40128417968748,405.1548457145691,synthetic
045,2026-01-26,60,59,1,153.67571411132812,0.0,synthetic
046,2026-01-26,60,60,0,74.42129150390625,0.0,synthetic
047,2026-01-26,60,58,2,210.80682678222655,319.401614010334,synthetic
048,2026-01-26,60,58,2,179.676328125,19.408199310302734,synthetic
049,2026-01-26,60,58,2,316.84470703125,508.56543588638306,synthetic
050,2026-01-26,60,56,4,367.62302490234373,513.0294213294983,synthetic
051,2026-01-26,60,58,2,197.26484436035156,0.0,synthetic
052,2026-01-26,60,60,0,326.03999999999996,81.35302996635437,synthetic
053,2026-01-26,60,58,2,65.9955322265625,137.97141075134277,synthetic
054,2026-01-26,60,60,0,346.15497802734376,280.2670798301697,synthetic
055,2026-01-26,60,58,2,75.24,40.132999420166016,synthetic
056,2026-01-26,60,60,0,220.28779541015624,297.0180115699768,synthetic
057,2026-01-26,60,60,0,312.3520458984375,143.03557777404785,synthetic
058,2026-01-26,60,60,0,26.3021044921875,298.17972803115845,synthetic
059,2026-01-26,60,59,1,175.837529296875,215.34165048599243,synthetic
060,2026-01-26,60,59,1,235.35254150390625,110.72583961486816,synthetic
061,2026-01-26,60,57,3,129.58889282226562,227.93622207641602,synthetic
062,2026-01-26,60,60,0,158.4945812988281,5.386410236358643,synthetic
063,2026-01-26,60,57,3,198.4671826171875,548.638106584549,synthetic
064,2026-01-26,60,58,2,161.71265624999998,71.26070165634155,synthetic
065,2026-01-26,60,58,2,239.04556640624997,228.46764755249023,synthetic
066,2026-01-26,60,60,0,295.9861010742187,0.0,synthetic
067,2026-01-26,60,59,1,217.31609619140625,60.17835819721222,synthetic
068,2026-01-26,60,60,0,122.41478027343749,52.139708518981934,synthetic
069,2026-01-26,60,58,2,266.7864624023438,33.82281970977783,synthetic
070,2026-01-26,60,58,2,239.40408691406253,351.77821958065033,synthetic
071,2026-01-26,60,60,0,275.6949536132812,33.10668992996216,synthetic
072,2026-01-26,60,58,2,257.6394323730468,274.66126012802124,synthetic
073,2026-01-26,60,59,1,387.91968749999995,81.867427110672,synthetic
074,2026-01-26,60,60,0,114.89652099609374,173.988587141037,synthetic
075,2026-01-26,60,59,1,150.48,37.17314910888672,synthetic
076,2026-01-26,60,60,0,229.91559814453123,138.30487060546875,synthetic
077,2026-01-26,60,59,1,271.27234130859375,152.98009777069092,synthetic
078,2026-01-26,60,58,2,320.53589721679685,194.14838218688965,synthetic
079,2026-01-26,60,60,0,275.88,394.7393102645874,synthetic
080,2026-01-26,60,60,0,246.84668701171873,53.76819038391113,synthetic
081,2026-01-26,60,59,1,198.917490234375,50.9543399810791,synthetic
082,2026-01-26,60,58,2,142.5633544921875,18.72882080078125,synthetic
083,2026-01-26,60,59,1,118.59109497070312,87.72259044647217,synthetic
084,2026-01-26,60,58,2,321.92291748046875,22.803980350494385,synthetic
085,2026-01-26,60,59,1,220.1867559814453,89.34056901931763,synthetic
086,2026-01-26,60,60,0,225.71999999999997,205.39404192566872,synthetic
087,2026-01-26,60,59,1,323.2508734130859,306.2256450653076,synthetic
088,2026-01-26,60,59,1,187.1664990234375,0.0,synthetic
089,2026-01-26,60,59,1,249.12917724609378,778.2154731750488,synthetic
090,2026-01-26,60,59,1,162.05405273437498,328.37285178899765,synthetic
091,2026-01-26,60,59,1,208.54068969726563,250.17981433868408,synthetic
092,2026-01-26,60,58,2,97.64091064453125,0.0,synthetic
093,2026-01-26,60,58,2,317.77536254882807,193.4158902168274,synthetic
094,2026-01-26,60,60,0,146.3022509765625,85.72112846374512,synthetic
095,2026-01-26,60,58,2,92.45921630859375,138.41601181030273,synthetic
096,2026-01-26,60,60,0,125.39999999999999,17.245729446411133,synthetic
097,2026-01-26,60,60,0,199.6518896484375,41.0403995513916,synthetic
098,2026-01-26,60,60,0,215.98583129882815,174.39167022705078,synthetic
099,2026-01-26,60,60,0,380.045947265625,258.6971502304077,synthetic
100,2026-01-26,60,58,2,222.434326171875,0.0,synthetic
101,2026-01-26,60,59,1,271.9025610351562,171.01041865348816,synthetic
102,2026-01-26,60,60,0,264.51140625,87.43498229980469,synthetic
103,2026-01-26,60,58,2,125.39999999999999,109.97863960266113,synthetic
104,2026-01-26,60,60,0,173.70132568359372,355.9338300228119,synthetic
105,2026-01-26,60,60,0,204.54674560546874,59.69116020202637,synthetic
106,2026-01-26,60,59,1,217.67286621093749,37.003719329833984,synthetic
107,2026-01-26,60,60,0,187.12106872558593,223.0118489265442,synthetic
108,2026-01-26,60,60,0,486.3713598632812,431.6741907596588,synthetic
109,2026-01-26,60,60,0,160.88919616699218,535.1217861175537,synthetic
110,2026-01-26,60,58,2,75.24,672.3218441009521,synthetic
111,2026-01-26,60,58,2,303.60560302734376,0.0,synthetic
112,2026-01-26,60,60,0,259.09751220703123,137.2377908229828,synthetic
113,2026-01-26,60,57,3,162.9812841796875,268.79986000061035,synthetic
114,2026-01-26,60,59,1,75.24,632.6721830368042,synthetic
115,2026-01-26,60,59,1,481.26886230468745,211.64269161224365,synthetic
116,2026-01-26,60,60,0,212.4207824707031,111.06067824363708,synthetic
117,2026-01-26,60,60,0,296.039443359375,599.3673739433289,synthetic
118,2026-01-26,60,60,0,372.3066467285156,213.39491093158722,synthetic
119,2026-01-26,60,57,3,165.05815795898437,64.48254036903381,synthetic
120,2026-01-26,60,58,2,198.92275634765622,114.58532619476318,synthetic
121,2026-01-26,60,59,1,298.81111083984376,543.0315532684326,synthetic
122,2026-01-26,60,60,0,186.71704833984376,126.23444128036499,synthetic
123,2026-01-26,60,58,2,228.7564141845703,0.0,synthetic
124,2026-01-26,60,59,1,75.24,50.05945062637329,synthetic
125,2026-01-26,60,59,1,220.52389892578122,235.9784586429596,synthetic
126,2026-01-26,60,59,1,328.01838867187496,28.662790536880493,synthetic
127,2026-01-26,60,60,0,150.48,282.598424911499,synthetic
128,2026-01-26,60,60,0,287.4680291748047,156.98034477233887,synthetic
129,2026-01-26,60,58,2,247.831376953125,441.786922454834,synthetic
130,2026-01-26,60,58,2,125.39999999999999,89.362548828125,synthetic
131,2026-01-26,60,59,1,526.68,567.8940439224243,synthetic
132,2026-01-26,60,60,0,358.3982885742187,49.4914608001709,synthetic
133,2026-01-26,60,59,1,250.79999999999998,171.9658226966858,synthetic
134,2026-01-26,60,60,0,121.96436279296874,94.32785177230835,synthetic
135,2026-01-26,60,58,2,97.63827026367187,158.00391054153442,synthetic
136,2026-01-26,60,59,1,166.6954833984375,0.0,synthetic
137,2026-01-26,60,58,2,75.24,37.543458700180054,synthetic
138,2026-01-26,60,59,1,195.6435040283203,177.56317949295044,synthetic
139,2026-01-26,60,60,0,321.27732421875,58.5211706161499,synthetic
140,2026-01-26,60,58,2,188.41119506835935,131.1303083896637,synthetic
141,2026-01-26,60,59,1,473.1996826171875,295.7219395637512,synthetic
142,2026-01-26,60,59,1,262.2296044921875,0.0,synthetic
143,2026-01-26,60,58,2,232.94931152343753,0.0,synthetic
144,2026-01-26,60,58,2,284.65074829101565,392.80352360010147,synthetic
145,2026-01-26,60,60,0,333.9230017089844,235.27333915233612,synthetic
146,2026-01-26,60,60,0,148.81553466796873,37.70148956775665,synthetic
147,2026-01-26,60,60,0,130.69266357421876,41.036930084228516,synthetic
148,2026-01-26,60,58,2,0.0,305.5553698539734,synthetic
149,2026-01-26,60,60,0,269.8684423828125,590.2611308097839,synthetic
150,2026-01-26,60,60,0,200.64,124.14880669116974,synthetic
151,2026-01-26,60,60,0,139.312998046875,103.54265785217285,synthetic
152,2026-01-26,60,59,1,386.82617065429685,340.4109501838684,synthetic
153,2026-01-26,60,60,0,323.60699707031245,116.26404237747192,synthetic
154,2026-01-26,60,60,0,355.7841412353515,36.908950328826904,synthetic
155,2026-01-26,60,59,1,450.10798828125,267.0542093515396,synthetic
156,2026-01-26,60,58,2,234.56168334960935,100.94304823875427,synthetic
157,2026-01-26,60,59,1,195.07613525390624,313.2664687037468,synthetic
158,2026-01-26,60,59,1,256.790419921875,173.21692323684692,synthetic
159,2026-01-26,60,60,0,448.8701953125,249.68372106552124,synthetic
160,2026-01-26,60,60,0,75.24,242.4059510231018,synthetic
161,2026-01-26,60,59,1,150.48,176.79115295410156,synthetic
162,2026-01-26,60,60,0,345.81660644531246,194.44073671102524,synthetic
163,2026-01-26,60,59,1,225.71999999999997,51.35485911369324,synthetic
164,2026-01-26,60,57,3,133.94327270507813,90.08378982543945,synthetic
165,2026-01-26,60,60,0,312.42591796874996,56.308950901031494,synthetic
166,2026-01-26,60,60,0,169.7815576171875,283.1042990684509,synthetic
167,2026-01-26,60,59,1,520.6731518554686,590.226731300354,synthetic
168,2026-01-26,60,59,1,190.97488037109372,121.63879776000977,synthetic
169,2026-01-26,60,60,0,349.8204345703125,636.453608751297,synthetic
170,2026-01-26,60,59,1,25.62459228515625,14.613280296325684,synthetic
171,2026-01-26,60,60,0,371.53760009765625,253.77935981750488,synthetic
172,2026-01-26,60,59,1,242.62195312499998,257.6150426864624,synthetic
173,2026-01-26,60,60,0,419.26289794921877,217.397078871727,synthetic
174,2026-01-26,60,57,3,133.3900634765625,47.19989013671875,synthetic
175,2026-01-26,60,59,1,125.39999999999999,126.05126571655273,synthetic
176,2026-01-26,60,60,0,201.688125,71.18670845031738,synthetic
177,2026-01-26,60,59,1,303.23999999999995,369.12905979156494,synthetic
178,2026-01-26,60,58,2,276.26441162109376,132.84821844100952,synthetic
179,2026-01-26,60,58,2,270.36802001953123,205.3018913269043,synthetic
180,2026-01-26,60,58,2,258.9216577148438,744.6605968475342,synthetic
181,2026-01-26,60,59,1,138.27687744140624,102.05500030517578,synthetic
182,2026-01-26,60,60,0,349.7561828613281,312.22259497642517,synthetic
183,2026-01-26,60,59,1,139.5978955078125,120.19061279296875,synthetic
184,2026-01-26,60,59,1,114.39591796875,0.0,synthetic
185,2026-01-26,60,59,1,154.88130798339844,0.0,synthetic
186,2026-01-26,60,59,1,195.10613525390625,426.9403610229492,synthetic
187,2026-01-26,60,59,1,216.62423583984372,60.45793008804321,synthetic
188,2026-01-26,60,59,1,130.23358520507813,340.64703845977783,synthetic
189,2026-01-26,60,59,1,283.08192260742186,358.82947874069214,synthetic
190,2026-01-26,60,60,0,94.89284362792968,59.963749408721924,synthetic
191,2026-01-26,60,60,0,445.7467309570312,532.149226307869,synthetic
192,2026-01-26,60,59,1,285.7046264648437,85.54815936088562,synthetic
193,2026-01-26,60,58,2,143.8922021484375,158.19287109375,synthetic
194,2026-01-26,60,60,0,120.47251098632812,20.290099620819092,synthetic
195,2026-01-26,60,59,1,312.4431774902344,134.24450874328613,synthetic
196,2026-01-26,60,59,1,136.4130889892578,133.66016006469727,synthetic
197,2026-01-26,60,59,1,241.5214306640625,460.91808700561523,synthetic
198,2026-01-26,60,60,0,75.24,32.916001081466675,synthetic
199,2026-01-26,60,60,0,0.0,0.0,synthetic
001,2026-01-27,60,60,0,96.40181030273438,83.46564245223999,synthetic
002,2026-01-27,60,58,2,49.95174682617187,0.0,synthetic
003,2026-01-27,60,59,1,150.48,141.67950963974,synthetic
004,2026-01-27,60,60,0,261.77783935546876,0.0,synthetic
005,2026-01-27,60,59,1,194.16488525390622,155.73848143219948,synthetic
006,2026-01-27,60,59,1,300.2191918945312,123.76037788391113,synthetic
007,2026-01-27,60,59,1,261.70348388671874,120.12714099884033,synthetic
008,2026-01-27,60,59,1,316.5777319335937,127.94007110595703,synthetic
009,2026-01-27,60,57,3,283.04854248046877,68.0357608795166,synthetic
010,2026-01-27,60,60,0,321.7786688232422,47.47509050369263,synthetic
011,2026-01-27,60,59,1,437.213349609375,283.3313455581665,synthetic
012,2026-01-27,60,60,0,92.30616577148437,102.16411972045898,synthetic
013,2026-01-27,60,60,0,150.48,336.10577034950256,synthetic
014,2026-01-27,60,59,1,250.38180175781247,120.52368927001953,synthetic
015,2026-01-27,60,60,0,169.02071044921874,78.129150390625,synthetic
016,2026-01-27,60,59,1,150.48,281.74194717407227,synthetic
017,2026-01-27,60,58,2,361.1031408691406,351.03030943870544,synthetic
018,2026-01-27,60,60,0,296.9700036621094,412.1353049278259,synthetic
019,2026-01-27,60,59,1,215.44890747070312,170.48520874977112,synthetic
020,2026-01-27,60,60,0,236.6992822265625,277.6954290866852,synthetic
021,2026-01-27,60,59,1,225.71999999999997,191.27361822128296,synthetic
022,2026-01-27,60,60,0,384.9729931640625,311.4029588699341,synthetic
023,2026-01-27,60,60,0,326.03999999999996,781.1873111724854,synthetic
024,2026-01-27,60,60,0,40.298686523437496,185.27323627471924,synthetic
025,2026-01-27,60,59,1,248.8504833984375,326.6583790779114,synthetic
026,2026-01-27,60,59,1,200.64,892.5750713348389,synthetic
027,2026-01-27,60,59,1,210.52426025390622,219.37017804384232,synthetic
028,2026-01-27,60,60,0,133.8279052734375,97.91259145736694,synthetic
029,2026-01-27,60,60,0,70.63780517578125,1138.9164807796478,synthetic
030,2026-01-27,60,59,1,176.53476013183592,135.05743837356567,synthetic
031,2026-01-27,60,59,1,266.3476354980469,111.12979054450989,synthetic
032,2026-01-27,120,119,1,407.0071105957031,343.93329524993896,synthetic
033,2026-01-27,60,60,0,273.2662902832031,51.57305908203125,synthetic
034,2026-01-27,60,60,0,259.780927734375,544.7402925491333,synthetic
035,2026-01-27,60,60,0,220.941884765625,0.0,synthetic
036,2026-01-27,60,60,0,219.62356933593747,125.62231349945068,synthetic
037,2026-01-27,60,59,1,291.54911865234374,269.34445238113403,synthetic
038,2026-01-27,60,60,0,196.38665771484375,54.077759742736816,synthetic
039,2026-01-27,60,59,1,154.8570556640625,97.54338884353638,synthetic
040,2026-01-27,60,59,1,263.12828979492184,161.89677906036377,synthetic
041,2026-01-27,60,59,1,131.10987670898436,89.34710025787354,synthetic
042,2026-01-27,60,60,0,183.09622558593747,0.0,synthetic
043,2026-01-27,60,59,1,310.2,655.4569194018841,synthetic
044,2026-01-27,60,60,0,182.89628173828123,69.24699878692627,synthetic
045,2026-01-27,60,57,3,137.58896484375,55.18043041229248,synthetic
046,2026-01-27,60,59,1,218.52815185546874,27.223140716552734,synthetic
047,2026-01-27,60,59,1,173.8094403076172,143.6469190120697,synthetic
048,2026-01-27,60,60,0,287.89862548828125,201.8252010345459,synthetic
049,2026-01-27,60,59,1,200.64,257.3278160095215,synthetic
050,2026-01-27,60,60,0,270.3727661132813,406.05759620666504,synthetic
051,2026-01-27,60,60,0,224.920107421875,327.5081195831299,synthetic
052,2026-01-27,60,59,1,378.48829833984377,35.65611934661865,synthetic
053,2026-01-27,60,58,2,303.55500732421876,33.00590991973877,synthetic
054,2026-01-27,60,58,2,164.55707885742186,106.93891143798828,synthetic
055,2026-01-27,60,60,0,276.1408978271484,81.48663902282715,synthetic
056,2026-01-27,60,59,1,269.6931518554687,256.65868604183197,synthetic
057,2026-01-27,60,57,3,60.922221679687496,67.77850341796875,synthetic
058,2026-01-27,60,59,1,278.41225341796877,41.530579566955566,synthetic
059,2026-01-27,60,60,0,219.80101318359374,374.6552290916443,synthetic
060,2026-01-27,60,58,2,131.86100830078124,0.0,synthetic
061,2026-01-27,60,60,0,268.26312011718744,204.86071038246155,synthetic
062,2026-01-27,60,60,0,206.3601708984375,44.2304105758667,synthetic
063,2026-01-27,60,60,0,220.63242919921873,178.4022331237793,synthetic
064,2026-01-27,60,58,2,163.48272216796875,24.216689586639404,synthetic
065,2026-01-27,60,55,5,298.95766479492187,418.81402683258057,synthetic
066,2026-01-27,60,59,1,247.307724609375,370.468017578125,synthetic
067,2026-01-27,60,59,1,161.20479492187502,384.5563368797302,synthetic
068,2026-01-27,60,59,1,200.64,178.53320980072021,synthetic
069,2026-01-27,60,58,2,187.82902587890624,191.4722192287445,synthetic
070,2026-01-27,60,57,3,102.6,258.6109182834625,synthetic
071,2026-01-27,60,60,0,125.39999999999999,402.81135484576225,synthetic
072,2026-01-27,60,59,1,342.9937060546875,266.20470428466797,synthetic
073,2026-01-27,60,60,0,344.92382080078124,212.32934999465942,synthetic
074,2026-01-27,60,59,1,294.77531433105463,48.34777069091797,synthetic
075,2026-01-27,60,59,1,115.0577471923828,0.0,synthetic
076,2026-01-27,60,60,0,216.51978515625,281.89282393455505,synthetic
077,2026-01-27,60,59,1,177.90391113281248,180.94287061691284,synthetic
078,2026-01-27,60,59,1,125.39999999999999,258.56316566467285,synthetic
079,2026-01-27,60,60,0,113.40656249999999,31.06565034389496,synthetic
080,2026-01-27,60,59,1,178.1732666015625,3.430419921875,synthetic
081,2026-01-27,60,58,2,246.53142700195312,79.92510032653809,synthetic
082,2026-01-27,60,60,0,191.05708740234374,103.20899868011475,synthetic
083,2026-01-27,60,59,1,348.39823974609374,723.3909406661987,synthetic
084,2026-01-27,60,60,0,67.72568115234375,0.0,synthetic
085,2026-01-27,60,59,1,58.75430053710937,0.0,synthetic
086,2026-01-27,60,59,1,189.71396850585938,108.925710439682,synthetic
087,2026-01-27,60,60,0,64.280537109375,120.68231105804443,synthetic
088,2026-01-27,60,57,3,183.84633911132812,0.0,synthetic
089,2026-01-27,60,59,1,376.8119970703125,408.2855224609375,synthetic
090,2026-01-27,60,59,1,150.48,228.98113822937012,synthetic
091,2026-01-27,60,60,0,178.4780419921875,574.7051650285721,synthetic
092,2026-01-27,60,59,1,75.24,57.14055919647217,synthetic
093,2026-01-27,60,59,1,132.27231079101563,1000.887443959713,synthetic
094,2026-01-27,60,58,2,239.77706726074217,0.0,synthetic
095,2026-01-27,60,59,1,298.64493896484373,386.351149559021,synthetic
096,2026-01-27,60,59,1,235.40740356445312,0.0,synthetic
097,2026-01-27,60,58,2,112.8261456298828,0.0,synthetic
098,2026-01-27,60,58,2,387.09644897460936,522.2853655815125,synthetic
099,2026-01-27,60,59,1,293.18493896484375,488.42609149217606,synthetic
100,2026-01-27,60,59,1,83.64821044921874,27.025390625,synthetic
101,2026-01-27,60,58,2,54.72,84.94746923446655,synthetic
102,2026-01-27,60,60,0,223.8037664794922,363.98153495788574,synthetic
103,2026-01-27,60,60,0,254.5897961425781,0.0,synthetic
104,2026-01-27,60,60,0,326.79766845703125,370.95726799964905,synthetic
105,2026-01-27,60,60,0,125.78398681640624,0.0,synthetic
106,2026-01-27,60,60,0,390.33407226562497,156.33721780776978,synthetic
107,2026-01-27,60,60,0,195.29560546874998,82.96009111404419,synthetic
108,2026-01-27,60,60,0,360.9355810546875,713.6280975341797,synthetic
109,2026-01-27,60,59,1,200.64,329.3757882118225,synthetic
110,2026-01-27,60,59,1,345.63060791015624,204.62023162841797,synthetic
111,2026-01-27,60,59,1,34.80840087890625,0.0,synthetic
112,2026-01-27,60,59,1,270.43749755859375,0.0,synthetic
113,2026-01-27,60,58,2,179.72874755859374,418.3196369409561,synthetic
114,2026-01-27,60,59,1,344.27824951171874,396.907107591629,synthetic
115,2026-01-27,60,59,1,107.48211181640625,147.26690754294395,synthetic
116,2026-01-27,60,59,1,125.39999999999999,152.99255084991455,synthetic
117,2026-01-27,60,59,1,245.4495959472656,254.32745838165283,synthetic
118,2026-01-27,60,60,0,300.09796142578125,57.489990234375,synthetic
119,2026-01-27,60,59,1,155.58324462890624,114.0776879787445,synthetic
120,2026-01-27,60,60,0,167.11740600585938,219.66247367858887,synthetic
121,2026-01-27,60,58,2,247.25537109375,442.68908309936523,synthetic
122,2026-01-27,60,59,1,279.7361279296875,352.31236696243286,synthetic
123,2026-01-27,60,59,1,125.39999999999999,28.3018798828125,synthetic
124,2026-01-27,60,58,2,308.972900390625,38.85449981689453,synthetic
125,2026-01-27,60,59,1,121.83897949218749,267.6867845058441,synthetic
126,2026-01-27,60,59,1,65.11503662109375,91.02614212036133,synthetic
127,2026-01-27,60,60,0,283.6897119140625,105.00182867050171,synthetic
128,2026-01-27,60,60,0,281.1243768310547,79.39410734176636,synthetic
129,2026-01-27,60,58,2,351.12,674.2600755691528,synthetic
130,2026-01-27,60,59,1,141.49872802734376,763.0855712890625,synthetic
131,2026-01-27,60,60,0,75.24,35.55040979385376,synthetic
132,2026-01-27,60,59,1,133.4042834472656,67.43316984176636,synthetic
133,2026-01-27,60,59,1,288.88777038574216,0.0,synthetic
134,2026-01-27,60,59,1,254.2209631347656,246.9076795578003,synthetic
135,2026-01-27,60,59,1,292.3896185302734,268.7288770675659,synthetic
136,2026-01-27,60,60,0,235.5335888671875,74.26166105270386,synthetic
137,2026-01-27,60,60,0,210.80993225097654,48.953810691833496,synthetic
138,2026-01-27,60,60,0,152.76,117.23303699493408,synthetic
139,2026-01-27,60,60,0,269.96399963378906,37.217650413513184,synthetic
140,2026-01-27,60,57,3,227.89307373046876,1049.9219682216644,synthetic
141,2026-01-27,60,57,3,0.0,38.38379168510437,synthetic
142,2026-01-27,60,57,3,0.0,0.0,synthetic
143,2026-01-27,60,59,1,336.407724609375,0.0,synthetic
144,2026-01-27,60,59,1,197.83569580078125,240.79357731342316,synthetic
145,2026-01-27,60,59,1,75.24,88.57782983779907,synthetic
146,2026-01-27,60,59,1,243.34631835937498,261.73577880859375,synthetic
147,2026-01-27,60,59,1,224.649462890625,62.149030447006226,synthetic
148,2026-01-27,60,60,0,378.48,465.05641251802444,synthetic
149,2026-01-27,60,60,0,357.17137207031243,275.99394035339355,synthetic
150,2026-01-27,60,60,0,116.45539489746093,214.4819324016571,synthetic
151,2026-01-27,60,58,2,215.25088623046872,415.587632894516,synthetic
152,2026-01-27,60,59,1,141.51403564453125,197.46922492980957,synthetic
153,2026-01-27,60,58,2,200.64,516.1043112277985,synthetic
154,2026-01-27,60,59,1,167.4135168457031,324.13929271698,synthetic
155,2026-01-27,60,60,0,0.0,457.9396572113037,synthetic
156,2026-01-27,60,56,4,184.37715820312502,0.0,synthetic
157,2026-01-27,60,58,2,195.3216064453125,94.74828910827637,synthetic
158,2026-01-27,60,59,1,229.0574304199219,71.80042266845703,synthetic
159,2026-01-27,60,57,3,0.0,110.0567696094513,synthetic
160,2026-01-27,60,60,0,326.03999999999996,469.9282054901123,synthetic
161,2026-01-27,60,59,1,193.48342895507812,12.567079544067383,synthetic
162,2026-01-27,60,58,2,182.5140380859375,318.49090003967285,synthetic
163,2026-01-27,60,60,0,175.82224365234373,0.0,synthetic
164,2026-01-27,60,59,1,101.26527099609375,438.731351852417,synthetic
165,2026-01-27,60,58,2,181.0498498535156,232.87488389015198,synthetic
166,2026-01-27,60,58,2,377.02636962890625,141.1355106830597,synthetic
167,2026-01-27,60,58,2,290.35860351562496,164.22338962554932,synthetic
168,2026-01-27,60,60,0,237.82527832031246,175.02550745010376,synthetic
169,2026-01-27,60,57,3,200.64,322.52238750457764,synthetic
170,2026-01-27,60,57,3,319.78827026367185,56.34406018257141,synthetic
171,2026-01-27,60,60,0,0.0,8.879130125045776,synthetic
172,2026-01-27,60,58,2,134.657900390625,360.35749340057373,synthetic
173,2026-01-27,60,58,2,53.53895141601562,114.05883026123047,synthetic
174,2026-01-27,60,60,0,177.83999999999997,185.91688227653503,synthetic
175,2026-01-27,60,58,2,146.9903173828125,165.9117374420166,synthetic
176,2026-01-27,60,59,1,195.81662109374997,98.44396877288818,synthetic
177,2026-01-27,60,59,1,130.48881591796874,19.910040020942688,synthetic
178,2026-01-27,60,59,1,122.7675439453125,173.55645751953125,synthetic
179,2026-01-27,60,60,0,57.387718505859375,709.4750733077526,synthetic
180,2026-01-27,60,60,0,370.0387280273437,1110.0163397789001,synthetic
181,2026-01-27,60,59,1,399.20075317382816,108.75207749009132,synthetic
182,2026-01-27,60,59,1,325.6326123046875,246.4844869375229,synthetic
183,2026-01-27,60,60,0,300.96,198.71937036514282,synthetic
184,2026-01-27,60,59,1,280.8766076660156,0.0,synthetic
185,2026-01-27,60,60,0,174.39914794921873,0.0,synthetic
186,2026-01-27,60,60,0,353.00921997070316,388.20293378829956,synthetic
187,2026-01-27,60,58,2,125.39999999999999,124.32891941070557,synthetic
188,2026-01-27,60,59,1,274.8212255859375,236.21167278289795,synthetic
189,2026-01-27,60,58,2,75.24,61.98405957221985,synthetic
190,2026-01-27,60,57,3,243.03754394531248,0.0,synthetic
191,2026-01-27,60,59,1,268.68695800781245,273.8629856109619,synthetic
192,2026-01-27,60,58,2,219.87097412109375,31.2930908203125,synthetic
193,2026-01-27,60,59,1,304.43993408203124,163.56827926635742,synthetic
194,2026-01-27,60,59,1,145.8755419921875,77.2024507522583,synthetic
195,2026-01-27,60,60,0,384.67253173828124,69.4657621383667,synthetic
196,2026-01-27,60,60,0,302.9252893066406,196.16132640838623,synthetic
197,2026-01-27,60,60,0,554.1082690429687,84.55395030975342,synthetic
198,2026-01-27,60,59,1,227.07975036621096,2.28344988822937,synthetic
199,2026-01-27,60,59,1,395.52065185546877,60.07641839981079,synthetic
001,2026-01-28,60,58,2,325.1899584960937,96.41974115371704,synthetic
002,2026-01-28,60,60,0,231.27351562500002,288.8574752807617,synthetic
003,2026-01-28,60,59,1,247.12326049804688,50.66320037841797,synthetic
004,2026-01-28,60,59,1,249.97892944335936,43.981868743896484,synthetic
005,2026-01-28,60,60,0,259.4641259765625,220.16514694690704,synthetic
006,2026-01-28,60,60,0,75.24,76.04327964782715,synthetic
007,2026-01-28,60,60,0,128.0068212890625,0.0,synthetic
008,2026-01-28,60,60,0,63.10535888671875,0.0,synthetic
009,2026-01-28,60,60,0,75.24,51.20623970031738,synthetic
010,2026-01-28,60,59,1,91.6004736328125,28.653389930725098,synthetic
011,2026-01-28,60,60,0,378.66732421874997,41.655029296875,synthetic
012,2026-01-28,60,60,0,180.95145629882813,0.0,synthetic
013,2026-01-28,60,60,0,201.58767333984372,385.17713475227356,synthetic
014,2026-01-28,60,60,0,317.28470947265623,128.807373046875,synthetic
015,2026-01-28,60,58,2,446.9344409179687,211.90344047546387,synthetic
016,2026-01-28,60,58,2,423.79608398437495,27.773860931396484,synthetic
017,2026-01-28,60,59,1,81.39427001953125,163.41888427734375,synthetic
018,2026-01-28,60,60,0,275.88,481.79815006256104,synthetic
019,2026-01-28,60,60,0,144.85547607421876,212.23688888549805,synthetic
020,2026-01-28,60,59,1,210.5877099609375,135.95470905303955,synthetic
021,2026-01-28,60,60,0,218.81441528320312,0.0,synthetic
022,2026-01-28,60,60,0,343.1769140625,24.5591402053833,synthetic
023,2026-01-28,60,60,0,351.12,521.9414782524109,synthetic
024,2026-01-28,60,60,0,274.9774072265625,150.88519835472107,synthetic
025,2026-01-28,60,60,0,138.09264404296874,64.04814910888672,synthetic
026,2026-01-28,60,60,0,479.02263061523433,337.6999478340149,synthetic
027,2026-01-28,60,59,1,255.06931274414063,109.96545171737671,synthetic
028,2026-01-28,60,57,3,275.88,184.2014753818512,synthetic
029,2026-01-28,60,60,0,353.4,662.2437887191772,synthetic
030,2026-01-28,60,60,0,234.24991699218748,318.76575803756714,synthetic
031,2026-01-28,60,58,2,172.17076904296874,373.22154331207275,synthetic
032,2026-01-28,120,118,2,461.8515307617188,702.2685158252716,synthetic
033,2026-01-28,60,59,1,46.33832885742187,219.44715309143066,synthetic
034,2026-01-28,60,60,0,264.3496362304687,350.7139253616333,synthetic
035,2026-01-28,60,58,2,106.72762939453125,27.390140533447266,synthetic
036,2026-01-28,60,59,1,313.93265991210933,184.74572849273682,synthetic
037,2026-01-28,60,60,0,183.7075012207031,101.9544689655304,synthetic
038,2026-01-28,60,60,0,381.7770959472656,137.42627484351397,synthetic
039,2026-01-28,60,59,1,201.89563842773435,203.69596433639526,synthetic
040,2026-01-28,60,60,0,102.46761108398437,485.2140488624573,synthetic
041,2026-01-28,60,60,0,203.4488745117187,51.916319847106934,synthetic
042,2026-01-28,60,59,1,145.36365966796876,29.907469272613525,synthetic
043,2026-01-28,60,60,0,367.3200439453125,312.4553225040436,synthetic
044,2026-01-28,60,59,1,153.8430871582031,82.68621921539307,synthetic
045,2026-01-28,60,60,0,234.38229492187497,173.81864976882935,synthetic
046,2026-01-28,60,59,1,145.20979248046876,0.0,synthetic
047,2026-01-28,60,59,1,216.56858642578123,173.54663920402527,synthetic
048,2026-01-28,60,59,1,119.35177734375,327.4848647117615,synthetic
049,2026-01-28,60,59,1,308.788681640625,100.6038932800293,synthetic
050,2026-01-28,60,60,0,334.9964794921875,471.7832782268524,synthetic
051,2026-01-28,60,60,0,122.4,534.6493740081787,synthetic
052,2026-01-28,60,58,2,326.03999999999996,226.2477512359619,synthetic
053,2026-01-28,60,60,0,79.45222961425782,0.0,synthetic
054,2026-01-28,60,60,0,318.6853234863281,67.3221492767334,synthetic
055,2026-01-28,60,58,2,75.24,9.990669548511505,synthetic
056,2026-01-28,60,60,0,150.48,338.56054067611694,synthetic
057,2026-01-28,60,60,0,310.91617675781254,93.4019193649292,synthetic
058,2026-01-28,60,60,0,27.36,13.509310007095337,synthetic
059,2026-01-28,60,60,0,291.2146728515625,61.08093070983887,synthetic
060,2026-01-28,60,60,0,145.72704528808592,267.6055359840393,synthetic
061,2026-01-28,60,60,0,144.9913330078125,73.40753078460693,synthetic
062,2026-01-28,60,57,3,166.11362182617185,98.34461212158203,synthetic
063,2026-01-28,60,60,0,156.79171142578124,114.40596055984497,synthetic
064,2026-01-28,60,59,1,161.5183319091797,0.0,synthetic
065,2026-01-28,60,60,0,275.88,198.47065114974976,synthetic
066,2026-01-28,60,60,0,213.45765380859373,458.87213706970215,synthetic
067,2026-01-28,60,59,1,261.25822998046874,343.5877823829651,synthetic
068,2026-01-28,60,59,1,242.05639526367185,156.9611213207245,synthetic
069,2026-01-28,60,59,1,250.61103515625,79.01817893981934,synthetic
070,2026-01-28,60,58,2,173.09201110839842,206.69947385787964,synthetic
071,2026-01-28,60,59,1,339.64144042968746,307.97601866722107,synthetic
072,2026-01-28,60,60,0,75.24,905.5808687210083,synthetic
073,2026-01-28,60,58,2,269.63422851562495,458.1447072029114,synthetic
074,2026-01-28,60,59,1,170.39244140625,13.812129974365234,synthetic
075,2026-01-28,60,60,0,163.58182067871095,0.0,synthetic
076,2026-01-28,60,59,1,252.64975341796872,126.0140380859375,synthetic
077,2026-01-28,60,59,1,230.01439819335934,422.66242027282715,synthetic
078,2026-01-28,60,59,1,406.1207482910156,202.1228470802307,synthetic
079,2026-01-28,60,59,1,215.42568420410157,2.7920498847961426,synthetic
080,2026-01-28,60,59,1,233.36658691406248,141.22851276397705,synthetic
081,2026-01-28,60,59,1,167.47986328125,59.742610931396484,synthetic
082,2026-01-28,60,59,1,148.71260009765624,86.88537120819092,synthetic
083,2026-01-28,60,59,1,190.10871093749998,69.24299049377441,synthetic
084,2026-01-28,60,59,1,305.5644396972656,0.0,synthetic
085,2026-01-28,60,59,1,161.8353204345703,0.0,synthetic
086,2026-01-28,60,59,1,146.08319091796875,384.06867253780365,synthetic
087,2026-01-28,60,59,1,307.0930334472656,207.0313892364502,synthetic
088,2026-01-28,60,60,0,177.08581420898437,0.0,synthetic
089,2026-01-28,60,60,0,401.64249755859373,134.7919921875,synthetic
090,2026-01-28,60,60,0,229.3119543457031,87.267329454422,synthetic
091,2026-01-28,60,59,1,293.31544189453126,306.1417784690857,synthetic
092,2026-01-28,60,57,3,227.11286682128906,54.009159564971924,synthetic
093,2026-01-28,60,60,0,341.6783129882812,814.6124339103699,synthetic
094,2026-01-28,60,59,1,75.192685546875,0.0,synthetic
095,2026-01-28,60,60,0,125.39999999999999,132.31274795532227,synthetic
096,2026-01-28,60,60,0,104.83210693359375,0.0,synthetic
097,2026-01-28,60,60,0,187.32526611328123,0.0,synthetic
098,2026-01-28,60,58,2,344.2676806640625,92.01123070716858,synthetic
099,2026-01-28,60,59,1,275.88,550.2285079956055,synthetic
100,2026-01-28,60,60,0,144.6293994140625,0.0,synthetic
101,2026-01-28,60,60,0,200.64,706.1698689460754,synthetic
102,2026-01-28,60,57,3,246.50712890625,287.39062917232513,synthetic
103,2026-01-28,60,58,2,110.05404052734374,0.0,synthetic
104,2026-01-28,60,59,1,147.26589111328124,477.95594120025635,synthetic
105,2026-01-28,60,59,1,218.061357421875,220.18602752685547,synthetic
106,2026-01-28,60,59,1,274.19764526367186,13.348270416259766,synthetic
107,2026-01-28,60,60,0,191.24532714843747,181.31804656982422,synthetic
108,2026-01-28,60,59,1,252.36325927734373,1304.1386284828186,synthetic
109,2026-01-28,60,58,2,335.70264404296876,82.38688933849335,synthetic
110,2026-01-28,60,59,1,75.24,15.867490291595459,synthetic
111,2026-01-28,60,58,2,329.9513635253906,0.0,synthetic
112,2026-01-28,60,58,2,160.54215087890623,0.0,synthetic
113,2026-01-28,60,60,0,222.93557373046872,242.77001476287842,synthetic
114,2026-01-28,60,60,0,186.01907226562497,170.03491926193237,synthetic
115,2026-01-28,60,59,1,419.0732592773437,104.15216016769409,synthetic
116,2026-01-28,60,59,1,152.58046508789062,131.3211464881897,synthetic
117,2026-01-28,60,60,0,471.1427490234375,278.87933826446533,synthetic
118,2026-01-28,60,59,1,260.70500244140624,233.3838291168213,synthetic
119,2026-01-28,60,59,1,127.17061523437499,178.86846256256104,synthetic
120,2026-01-28,60,58,2,268.77831298828124,159.3822135925293,synthetic
121,2026-01-28,60,59,1,273.37189453125,359.9387216567993,synthetic
122,2026-01-28,60,60,0,200.64,687.600908279419,synthetic
123,2026-01-28,60,59,1,222.27786987304688,0.0,synthetic
124,2026-01-28,60,60,0,69.28461181640624,0.0,synthetic
125,2026-01-28,60,59,1,228.0,308.7822149991989,synthetic
126,2026-01-28,60,58,2,369.54698181152344,231.33901166915894,synthetic
127,2026-01-28,60,59,1,75.24,421.01086616516113,synthetic
128,2026-01-28,60,60,0,319.23101074218744,114.80187153816223,synthetic
129,2026-01-28,60,59,1,257.4776220703125,787.7625098228455,synthetic
130,2026-01-28,60,60,0,250.79999999999998,208.8450903892517,synthetic
131,2026-01-28,60,58,2,479.67826904296874,307.4004125595093,synthetic
132,2026-01-28,60,60,0,297.6951708984375,144.87058568000793,synthetic
133,2026-01-28,60,60,0,213.088740234375,0.0,synthetic
134,2026-01-28,60,60,0,152.76,113.80408334732056,synthetic
135,2026-01-28,60,58,2,157.9059356689453,56.30414962768555,synthetic
136,2026-01-28,60,58,2,186.35466796875,66.199098944664,synthetic
137,2026-01-28,60,60,0,66.041748046875,115.50908756256104,synthetic
138,2026-01-28,60,60,0,158.95593383789065,27.265989661216736,synthetic
139,2026-01-28,60,60,0,314.6260986328125,186.9342589378357,synthetic
140,2026-01-28,60,59,1,123.43246765136718,450.70894479751587,synthetic
141,2026-01-28,60,60,0,331.87634033203125,699.5254273414612,synthetic
142,2026-01-28,60,59,1,268.86535400390625,0.0,synthetic
143,2026-01-28,60,60,0,195.725830078125,121.6799886226654,synthetic
144,2026-01-28,60,58,2,228.0,685.529027402401,synthetic
145,2026-01-28,60,60,0,324.79102111816405,185.75971591472626,synthetic
146,2026-01-28,60,60,0,150.48,305.0849664211273,synthetic
147,2026-01-28,60,60,0,74.23181030273437,409.3657374382019,synthetic
148,2026-01-28,60,58,2,56.40751098632812,358.8277516365051,synthetic
149,2026-01-28,60,60,0,166.75050292968749,272.43427181243896,synthetic
150,2026-01-28,60,59,1,220.78550354003906,533.84596824646,synthetic
151,2026-01-28,60,59,1,150.48,168.91962051391602,synthetic
152,2026-01-28,60,57,3,457.6323193359375,218.69988441467285,synthetic
153,2026-01-28,60,59,1,299.05129394531247,282.05381965637207,synthetic
154,2026-01-28,60,58,2,372.4980322265625,313.86336278915405,synthetic
155,2026-01-28,60,57,3,436.91999999999996,574.9604544639587,synthetic
156,2026-01-28,60,60,0,211.08029296875,0.0,synthetic
157,2026-01-28,60,57,3,177.494765625,14.789790153503418,synthetic
158,2026-01-28,60,60,0,143.09389892578125,115.25903224945068,synthetic
159,2026-01-28,60,59,1,372.5037377929687,575.3007316589355,synthetic
160,2026-01-28,60,59,1,190.05486328125,401.0384774208069,synthetic
161,2026-01-28,60,60,0,185.08782348632812,0.46654999256134033,synthetic
162,2026-01-28,60,59,1,401.28,514.9208526611328,synthetic
163,2026-01-28,60,57,3,191.9237255859375,0.0,synthetic
164,2026-01-28,60,60,0,224.8771875,126.56763887405396,synthetic
165,2026-01-28,60,59,1,304.1987548828125,90.67186164855957,synthetic
166,2026-01-28,60,60,0,167.32795166015626,17.796759605407715,synthetic
167,2026-01-28,60,59,1,275.88,618.0269894599915,synthetic
168,2026-01-28,60,59,1,172.76942138671873,97.923819065094,synthetic
169,2026-01-28,60,58,2,482.21869995117186,339.1681537628174,synthetic
170,2026-01-28,60,60,0,27.36,352.84597596526146,synthetic
171,2026-01-28,60,59,1,320.18943969726564,76.39013946056366,synthetic
172,2026-01-28,60,59,1,319.37210449218753,260.5594892501831,synthetic
173,2026-01-28,60,60,0,364.3636633300781,118.60241985321045,synthetic
174,2026-01-28,60,60,0,75.24,168.6289792060852,synthetic
175,2026-01-28,60,57,3,294.2865380859375,81.9158935546875,synthetic
176,2026-01-28,60,60,0,138.16322021484376,70.64794063568115,synthetic
177,2026-01-28,60,60,0,284.0839013671875,211.66004014015198,synthetic
178,2026-01-28,60,59,1,253.78253173828125,219.36389112472534,synthetic
179,2026-01-28,60,59,1,384.57097045898433,444.3805522918701,synthetic
180,2026-01-28,60,60,0,275.88,298.243595123291,synthetic
181,2026-01-28,60,59,1,75.24,207.0462703704834,synthetic
182,2026-01-28,60,60,0,273.2388134765625,787.0815218091011,synthetic
183,2026-01-28,60,59,1,129.19437377929688,151.76537895202637,synthetic
184,2026-01-28,60,60,0,59.4,201.13918095082045,synthetic
185,2026-01-28,60,60,0,86.76997558593749,0.24771000444889069,synthetic
186,2026-01-28,60,60,0,143.2371350097656,655.0388789176941,synthetic
187,2026-01-28,60,58,2,101.14468139648437,647.2253715991974,synthetic
188,2026-01-28,60,60,0,220.37692382812497,182.45641803741455,synthetic
189,2026-01-28,60,60,0,294.18629150390626,347.0688967704773,synthetic
190,2026-01-28,60,59,1,91.9279083251953,0.0,synthetic
191,2026-01-28,60,59,1,301.0195458984375,494.46789264678955,synthetic
192,2026-01-28,60,60,0,196.5607177734375,150.64758157730103,synthetic
193,2026-01-28,60,58,2,75.24,163.1884171962738,synthetic
194,2026-01-28,60,58,2,192.69397338867185,119.27135944366455,synthetic
195,2026-01-28,60,59,1,133.24354980468752,84.77283096313477,synthetic
196,2026-01-28,60,56,4,145.68286193847655,0.0,synthetic
197,2026-01-28,60,60,0,226.55527587890623,42.220821142196655,synthetic
198,2026-01-28,60,60,0,59.224281005859375,0.0,synthetic
199,2026-01-28,60,58,2,0.0,77.94861030578613,synthetic
001,2026-01-29,60,59,1,96.25468505859375,0.0,synthetic
002,2026-01-29,60,59,1,166.59067382812498,96.10791015625,synthetic
003,2026-01-29,60,57,3,237.85143310546874,61.93889045715332,synthetic
004,2026-01-29,60,60,0,294.3072875976562,46.1768798828125,synthetic
005,2026-01-29,60,60,0,161.45138305664062,371.22254943847656,synthetic
006,2026-01-29,60,57,3,303.37768798828125,96.30792891979218,synthetic
007,2026-01-29,60,59,1,265.54070068359374,23.970029830932617,synthetic
008,2026-01-29,60,59,1,314.30731201171875,0.0,synthetic
009,2026-01-29,60,59,1,264.5787158203125,18.556120932102203,synthetic
010,2026-01-29,60,60,0,298.58064697265627,42.014100313186646,synthetic
011,2026-01-29,60,58,2,425.0862890625,106.03742027282715,synthetic
012,2026-01-29,60,59,1,91.347099609375,108.50200939178467,synthetic
013,2026-01-29,60,59,1,171.1273077392578,473.29650592803955,synthetic
014,2026-01-29,60,60,0,172.57584228515626,331.69787979125977,synthetic
015,2026-01-29,60,59,1,195.49400390625,192.85193252563477,synthetic
016,2026-01-29,60,59,1,68.39296875,545.2907860279083,synthetic
017,2026-01-29,60,59,1,242.1844885253906,300.4291889667511,synthetic
018,2026-01-29,60,59,1,432.16618286132814,293.5238070487976,synthetic
019,2026-01-29,60,60,0,262.95212219238283,89.00103187561035,synthetic
020,2026-01-29,60,58,2,248.715673828125,171.74628829956055,synthetic
021,2026-01-29,60,60,0,75.24,346.64172744750977,synthetic
022,2026-01-29,60,59,1,244.8249169921875,447.6456389427185,synthetic
023,2026-01-29,60,59,1,115.51927001953125,834.5996923446655,synthetic
024,2026-01-29,60,58,2,161.06619873046873,115.4119815826416,synthetic
025,2026-01-29,60,59,1,291.36016479492184,0.0,synthetic
026,2026-01-29,60,59,1,109.4215576171875,107.66942977905273,synthetic
027,2026-01-29,60,60,0,168.49029418945312,0.0,synthetic
028,2026-01-29,60,60,0,244.74796142578123,62.66888880729675,synthetic
029,2026-01-29,60,60,0,286.20416748046875,169.09892117977142,synthetic
030,2026-01-29,60,59,1,173.27461486816406,71.5338705778122,synthetic
031,2026-01-29,60,60,0,303.24,287.9002923965454,synthetic
032,2026-01-29,120,118,2,328.3589135742187,964.9167518615723,synthetic
033,2026-01-29,60,59,1,234.17392089843747,488.93083357810974,synthetic
034,2026-01-29,60,60,0,388.9195458984375,416.04999351501465,synthetic
035,2026-01-29,60,59,1,246.632255859375,42.44384956359863,synthetic
036,2026-01-29,60,59,1,79.97322509765625,555.8435112833977,synthetic
037,2026-01-29,60,59,1,323.71260131835936,135.8019532263279,synthetic
038,2026-01-29,60,59,1,117.51802001953125,257.61620926856995,synthetic
039,2026-01-29,60,58,2,266.8633740234375,153.34417152404785,synthetic
040,2026-01-29,60,60,0,225.71999999999997,352.55052947998047,synthetic
041,2026-01-29,60,59,1,150.48,328.0161645412445,synthetic
042,2026-01-29,60,59,1,157.2757763671875,43.87580919265747,synthetic
043,2026-01-29,60,59,1,250.79999999999998,272.43823051452637,synthetic
044,2026-01-29,60,59,1,154.36288330078122,104.96368074417114,synthetic
045,2026-01-29,60,60,0,136.99365966796876,0.0,synthetic
046,2026-01-29,60,59,1,177.62010498046874,0.0,synthetic
047,2026-01-29,60,60,0,171.85548339843749,43.5131196975708,synthetic
048,2026-01-29,60,57,3,391.8024755859375,330.4168801307678,synthetic
049,2026-01-29,60,60,0,181.72860717773438,246.43066120147705,synthetic
050,2026-01-29,60,60,0,345.53490966796875,426.1991491317749,synthetic
051,2026-01-29,60,60,0,372.121259765625,144.0150203704834,synthetic
052,2026-01-29,60,58,2,351.9528515625,420.30065417289734,synthetic
053,2026-01-29,60,59,1,308.5172607421875,78.0369873046875,synthetic
054,2026-01-29,60,58,2,195.9995361328125,206.2452266216278,synthetic
055,2026-01-29,60,59,1,253.4377990722656,0.0,synthetic
056,2026-01-29,60,58,2,150.48,826.3760375976562,synthetic
057,2026-01-29,60,60,0,63.1176416015625,0.0,synthetic
058,2026-01-29,60,58,2,256.3605944824219,19.74866008758545,synthetic
059,2026-01-29,60,56,4,207.41033203125,13.245150327682495,synthetic
060,2026-01-29,60,59,1,183.36342407226564,41.50623083114624,synthetic
061,2026-01-29,60,59,1,303.4781652832031,118.59490871429443,synthetic
062,2026-01-29,60,59,1,122.18110107421876,306.79369926452637,synthetic
063,2026-01-29,60,58,2,228.0,154.6495292186737,synthetic
064,2026-01-29,60,60,0,115.57626708984375,0.0,synthetic
065,2026-01-29,60,60,0,285.76234863281246,621.372579574585,synthetic
066,2026-01-29,60,58,2,323.95757446289065,178.37116050720215,synthetic
067,2026-01-29,60,60,0,162.6727587890625,226.49331521987915,synthetic
068,2026-01-29,60,58,2,161.94732421875,60.61963081359863,synthetic
069,2026-01-29,60,60,0,63.948515625,0.0,synthetic
070,2026-01-29,60,60,0,169.05602783203125,157.69479608535767,synthetic
071,2026-01-29,60,59,1,125.39999999999999,199.1524715423584,synthetic
072,2026-01-29,60,59,1,268.74486328125,899.1294565200806,synthetic
073,2026-01-29,60,60,0,250.79999999999998,214.22792053222656,synthetic
074,2026-01-29,60,59,1,186.813076171875,206.21765307337046,synthetic
075,2026-01-29,60,60,0,73.81169769287109,6.558040142059326,synthetic
076,2026-01-29,60,58,2,313.41075439453124,13.611570358276367,synthetic
077,2026-01-29,60,59,1,150.48,200.2268099784851,synthetic
078,2026-01-29,60,59,1,0.0,18.421630859375,synthetic
079,2026-01-29,60,60,0,50.23994750976563,307.0602116584778,synthetic
080,2026-01-29,60,59,1,177.19157958984374,0.0,synthetic
081,2026-01-29,60,59,1,238.3545080566406,0.0,synthetic
082,2026-01-29,60,59,1,189.35954223632814,16.53508949279785,synthetic
083,2026-01-29,60,60,0,253.9942346191406,142.16528177261353,synthetic
084,2026-01-29,60,57,3,79.77788818359375,269.27381896972656,synthetic
085,2026-01-29,60,57,3,53.87006103515625,0.0,synthetic
086,2026-01-29,60,59,1,226.9456915283203,81.4351110458374,synthetic
087,2026-01-29,60,58,2,199.26996826171873,0.0,synthetic
088,2026-01-29,60,60,0,233.32646484375,0.0,synthetic
089,2026-01-29,60,60,0,361.6197692871093,126.77062034606934,synthetic
090,2026-01-29,60,60,0,132.50816162109373,42.18268060684204,synthetic
091,2026-01-29,60,59,1,188.15179870605468,240.5045223236084,synthetic
092,2026-01-29,60,56,4,75.24,9.213129997253418,synthetic
093,2026-01-29,60,59,1,206.23421630859372,258.19946002960205,synthetic
094,2026-01-29,60,60,0,250.52298522949218,99.1370906829834,synthetic
095,2026-01-29,60,59,1,266.049580078125,0.0,synthetic
096,2026-01-29,60,58,2,121.99843139648436,0.0,synthetic
097,2026-01-29,60,59,1,121.21940551757812,0.0,synthetic
098,2026-01-29,60,60,0,133.56564697265625,463.49194526672363,synthetic
099,2026-01-29,60,57,3,303.9577587890625,473.53734970092773,synthetic
100,2026-01-29,60,59,1,143.80667175292967,0.0,synthetic
101,2026-01-29,60,57,3,224.91989135742188,110.79825985431671,synthetic
102,2026-01-29,60,58,2,224.465830078125,136.7797908782959,synthetic
103,2026-01-29,60,59,1,321.05923828125,0.0,synthetic
104,2026-01-29,60,58,2,239.96632690429686,332.80675315856934,synthetic
105,2026-01-29,60,58,2,150.48,114.31208777427673,synthetic
106,2026-01-29,60,60,0,293.885009765625,177.73023223876953,synthetic
107,2026-01-29,60,60,0,125.39999999999999,367.6395797729492,synthetic
108,2026-01-29,60,58,2,238.796953125,1118.3773183822632,synthetic
109,2026-01-29,60,60,0,128.90749877929687,7.675660133361816,synthetic
110,2026-01-29,60,60,0,377.35527099609374,48.77173185348511,synthetic
111,2026-01-29,60,59,1,70.2882861328125,0.0,synthetic
112,2026-01-29,60,59,1,231.34065673828124,301.24048805236816,synthetic
113,2026-01-29,60,58,2,175.78186889648438,304.80250668525696,synthetic
114,2026-01-29,60,58,2,212.30447753906247,241.28199195861816,synthetic
115,2026-01-29,60,60,0,255.5642578125,0.0,synthetic
116,2026-01-29,60,58,2,200.64,206.38483047485352,synthetic
117,2026-01-29,60,60,0,243.1270751953125,350.000732421875,synthetic
118,2026-01-29,60,59,1,109.867412109375,552.0706400871277,synthetic
119,2026-01-29,60,60,0,154.40591491699217,81.24114990234375,synthetic
120,2026-01-29,60,59,1,184.56081665039062,66.25049018859863,synthetic
121,2026-01-29,60,59,1,221.51374511718748,673.9486527442932,synthetic
122,2026-01-29,60,60,0,336.7770483398437,600.6714115142822,synthetic
123,2026-01-29,60,58,2,125.39999999999999,11.30675983428955,synthetic
124,2026-01-29,60,59,1,284.4826391601562,0.0,synthetic
125,2026-01-29,60,60,0,27.36,652.8269805908203,synthetic
126,2026-01-29,60,58,2,23.30515869140625,443.7672128677368,synthetic
127,2026-01-29,60,60,0,314.15518066406247,292.1136448979378,synthetic
128,2026-01-29,60,60,0,272.4781494140625,146.28946900367737,synthetic
129,2026-01-29,60,59,1,305.2284301757812,1044.2533180713654,synthetic
130,2026-01-29,60,58,2,165.94492675781248,0.0,synthetic
131,2026-01-29,60,59,1,176.20438476562498,8.005800247192383,synthetic
132,2026-01-29,60,59,1,150.48,194.36988258361816,synthetic
133,2026-01-29,60,59,1,288.68193603515624,34.911869049072266,synthetic
134,2026-01-29,60,60,0,249.47122741699218,104.39527034759521,synthetic
135,2026-01-29,60,58,2,210.40057983398438,223.26787853240967,synthetic
136,2026-01-29,60,60,0,97.60961791992187,590.4347400665283,synthetic
137,2026-01-29,60,60,0,246.89316467285158,57.69890880584717,synthetic
138,2026-01-29,60,57,3,151.4115673828125,163.53478860855103,synthetic
139,2026-01-29,60,60,0,77.62122802734375,799.820764541626,synthetic
140,2026-01-29,60,60,0,317.0575616455078,250.1494152545929,synthetic
141,2026-01-29,60,59,1,125.39999999999999,137.4542818069458,synthetic
142,2026-01-29,60,60,0,0.0,0.0,synthetic
143,2026-01-29,60,58,2,371.50065673828124,322.8391013145447,synthetic
144,2026-01-29,60,59,1,161.04,325.8846457004547,synthetic
145,2026-01-29,60,60,0,142.48461181640624,56.350950717926025,synthetic
146,2026-01-29,60,59,1,239.47559326171876,99.7052001953125,synthetic
147,2026-01-29,60,59,1,156.7102001953125,328.2392520904541,synthetic
148,2026-01-29,60,58,2,266.63747314453127,317.1509929895401,synthetic
149,2026-01-29,60,58,2,364.59783691406244,188.73230075836182,synthetic
150,2026-01-29,60,59,1,238.3692626953125,214.936842918396,synthetic
151,2026-01-29,60,60,0,195.3361047363281,426.29112911224365,synthetic
152,2026-01-29,60,59,1,0.0,434.1324472427368,synthetic
153,2026-01-29,60,59,1,268.7991650390625,308.0314326286316,synthetic
154,2026-01-29,60,60,0,120.674150390625,614.0303485393524,synthetic
155,2026-01-29,60,60,0,75.24,194.7886984348297,synthetic
156,2026-01-29,60,59,1,111.70591918945313,145.88600051403046,synthetic
157,2026-01-29,60,60,0,192.03999572753906,137.55760765075684,synthetic
158,2026-01-29,60,60,0,298.59240234375,214.96813774108887,synthetic
159,2026-01-29,60,60,0,198.335537109375,215.421160697937,synthetic
160,2026-01-29,60,59,1,275.88,202.4597840309143,synthetic
161,2026-01-29,60,59,1,136.40759399414063,52.92810034751892,synthetic
162,2026-01-29,60,60,0,200.64,224.69641089439392,synthetic
163,2026-01-29,60,58,2,156.4458251953125,111.42303848266602,synthetic
164,2026-01-29,60,58,2,156.12570922851563,0.0,synthetic
165,2026-01-29,60,59,1,178.0102697753906,0.0,synthetic
166,2026-01-29,60,58,2,259.25885009765625,264.6282992362976,synthetic
167,2026-01-29,60,60,0,250.79999999999998,902.6044373512268,synthetic
168,2026-01-29,60,59,1,316.7668725585938,1.9202300310134888,synthetic
169,2026-01-29,60,60,0,297.9891430664062,353.5187931060791,synthetic
170,2026-01-29,60,60,0,317.64122314453124,447.3893346786499,synthetic
171,2026-01-29,60,60,0,0.0,60.5605411529541,synthetic
172,2026-01-29,60,59,1,99.35993225097656,498.79536032676697,synthetic
173,2026-01-29,60,58,2,169.08101806640624,0.0,synthetic
174,2026-01-29,60,59,1,171.47497924804685,621.1545858383179,synthetic
175,2026-01-29,60,60,0,60.543568725585935,0.0,synthetic
176,2026-01-29,60,60,0,200.26966186523435,121.80273008346558,synthetic
177,2026-01-29,60,60,0,133.4834765625,110.85052299499512,synthetic
178,2026-01-29,60,60,0,200.26509155273436,19.598140716552734,synthetic
179,2026-01-29,60,59,1,67.72490478515624,190.12573337554932,synthetic
180,2026-01-29,60,60,0,375.6574731445312,602.6568069458008,synthetic
181,2026-01-29,60,60,0,389.29172607421873,73.95898199081421,synthetic
182,2026-01-29,60,58,2,200.64,1709.966206073761,synthetic
183,2026-01-29,60,59,1,216.33579345703123,311.84214878082275,synthetic
184,2026-01-29,60,59,1,363.5167822265625,211.28085839748383,synthetic
185,2026-01-29,60,59,1,236.17255737304686,41.44573092460632,synthetic
186,2026-01-29,60,60,0,352.20438720703123,365.0075430870056,synthetic
187,2026-01-29,60,60,0,325.3996142578125,508.9011733531952,synthetic
188,2026-01-29,60,59,1,293.8525927734375,226.76580238342285,synthetic
189,2026-01-29,60,60,0,75.24,255.66893815994263,synthetic
190,2026-01-29,60,59,1,275.4759375,108.44842147827148,synthetic
191,2026-01-29,60,59,1,309.97457519531247,399.49251222610474,synthetic
192,2026-01-29,60,59,1,250.10212646484374,354.85608100891113,synthetic
193,2026-01-29,60,59,1,266.1614721679687,294.47107791900635,synthetic
194,2026-01-29,60,60,0,211.29863525390624,30.366209030151367,synthetic
195,2026-01-29,60,60,0,401.28,303.4794919490814,synthetic
196,2026-01-29,60,59,1,172.47484130859374,7.542850017547607,synthetic
197,2026-01-29,60,59,1,525.5145629882812,0.0,synthetic
198,2026-01-29,60,59,1,180.2500323486328,0.0,synthetic
199,2026-01-29,60,60,0,371.90425964355467,337.94433784484863,synthetic
001,2026-01-30,60,60,0,292.11015380859374,32.3600492477417,synthetic
002,2026-01-30,60,60,0,259.06188720703125,79.60016918182373,synthetic
003,2026-01-30,60,60,0,135.71200927734372,18.622800827026367,synthetic
004,2026-01-30,60,57,3,140.60653564453122,225.1402611732483,synthetic
005,2026-01-30,60,60,0,297.17400695800785,170.77508211135864,synthetic
006,2026-01-30,60,59,1,75.24,77.71215152740479,synthetic
007,2026-01-30,60,59,1,131.92365600585936,0.0,synthetic
008,2026-01-30,60,60,0,0.0,260.569712638855,synthetic
009,2026-01-30,60,60,0,75.24,76.74116039276123,synthetic
010,2026-01-30,60,60,0,186.54689025878906,102.97174072265625,synthetic
011,2026-01-30,60,57,3,228.342890625,15.929200172424316,synthetic
012,2026-01-30,60,58,2,246.24834594726562,0.0,synthetic
013,2026-01-30,60,59,1,189.84705322265626,402.7559108734131,synthetic
014,2026-01-30,60,57,3,458.2242370605468,172.09541070461273,synthetic
015,2026-01-30,60,60,0,445.1061694335937,116.94971323013306,synthetic
016,2026-01-30,60,60,0,420.2529565429687,330.3057065010071,synthetic
017,2026-01-30,60,59,1,172.54984863281248,123.4406008720398,synthetic
018,2026-01-30,60,58,2,75.24,469.0846514701843,synthetic
019,2026-01-30,60,59,1,139.4273583984375,105.88995957374573,synthetic
020,2026-01-30,60,60,0,242.2477404785156,234.8333683013916,synthetic
021,2026-01-30,60,60,0,280.23848510742187,368.1482038497925,synthetic
022,2026-01-30,60,60,0,326.03999999999996,921.8231019973755,synthetic
023,2026-01-30,60,60,0,473.42016357421875,504.9188151359558,synthetic
024,2026-01-30,60,58,2,159.89234436035156,221.03247201442719,synthetic
025,2026-01-30,60,60,0,75.24,28.300899505615234,synthetic
026,2026-01-30,60,58,2,326.03999999999996,564.0145258903503,synthetic
027,2026-01-30,60,60,0,282.8974731445312,26.3826904296875,synthetic
028,2026-01-30,60,59,1,249.01093139648435,61.85016059875488,synthetic
029,2026-01-30,60,60,0,215.46673095703125,171.15598785877228,synthetic
030,2026-01-30,60,60,0,330.1708154296874,66.74442863464355,synthetic
031,2026-01-30,60,60,0,200.64,592.3509912490845,synthetic
032,2026-01-30,120,119,1,645.9247814941407,431.4082055091858,synthetic
033,2026-01-30,60,59,1,120.61024291992186,232.74468803405762,synthetic
034,2026-01-30,60,59,1,155.57321411132813,429.0590805411339,synthetic
035,2026-01-30,60,57,3,113.42262817382812,63.86560916900635,synthetic
036,2026-01-30,60,59,1,350.66259521484375,336.93116426467896,synthetic
037,2026-01-30,60,58,2,63.9950244140625,441.37434716522694,synthetic
038,2026-01-30,60,57,3,379.3294409179687,171.76579642295837,synthetic
039,2026-01-30,60,60,0,120.0803009033203,388.95165157318115,synthetic
040,2026-01-30,60,60,0,242.6123107910156,120.958251953125,synthetic
041,2026-01-30,60,59,1,288.463505859375,106.73151159286499,synthetic
042,2026-01-30,60,60,0,149.7193212890625,51.186039447784424,synthetic
043,2026-01-30,60,60,0,463.93624511718747,275.4937934875488,synthetic
044,2026-01-30,60,58,2,130.08940979003907,509.7589030265808,synthetic
045,2026-01-30,60,60,0,219.67617553710937,41.993149280548096,synthetic
046,2026-01-30,60,59,1,189.55244384765624,0.0,synthetic
047,2026-01-30,60,59,1,220.73937744140625,290.06731271743774,synthetic
048,2026-01-30,60,59,1,125.39999999999999,312.7226574420929,synthetic
049,2026-01-30,60,60,0,350.54340087890625,121.70268869400024,synthetic
050,2026-01-30,60,59,1,351.11999999999995,345.9001422524452,synthetic
051,2026-01-30,60,60,0,149.84382568359376,113.60043048858643,synthetic
052,2026-01-30,60,60,0,473.89470703124994,685.75146484375,synthetic
053,2026-01-30,60,59,1,99.50921630859375,63.69522976875305,synthetic
054,2026-01-30,60,60,0,336.907412109375,282.50638818740845,synthetic
055,2026-01-30,60,59,1,75.24,38.065608978271484,synthetic
056,2026-01-30,60,60,0,378.7103503417968,207.9371793270111,synthetic
057,2026-01-30,60,59,1,284.9839819335937,43.62304902076721,synthetic
058,2026-01-30,60,60,0,22.99283935546875,0.0,synthetic
059,2026-01-30,60,58,2,272.728037109375,68.01803016662598,synthetic
060,2026-01-30,60,60,0,180.4442724609375,27.114259719848633,synthetic
061,2026-01-30,60,59,1,57.84673461914062,45.67694091796875,synthetic
062,2026-01-30,60,60,0,173.19804016113278,353.96508979797363,synthetic
063,2026-01-30,60,59,1,179.49147583007812,148.43717801570892,synthetic
064,2026-01-30,60,60,0,148.31734313964841,0.0,synthetic
065,2026-01-30,60,60,0,186.01729248046874,255.72406768798828,synthetic
066,2026-01-30,60,58,2,296.838515625,186.07037210464478,synthetic
067,2026-01-30,60,59,1,206.0067315673828,135.1337890625,synthetic
068,2026-01-30,60,59,1,178.64644775390624,17.577999114990234,synthetic
069,2026-01-30,60,58,2,366.099111328125,145.50250339508057,synthetic
070,2026-01-30,60,59,1,241.08528076171876,294.13734221458435,synthetic
071,2026-01-30,60,59,1,351.12,378.4965305328369,synthetic
072,2026-01-30,60,58,2,245.29527099609373,356.1606479883194,synthetic
073,2026-01-30,60,59,1,535.87892578125,126.21276664733887,synthetic
074,2026-01-30,60,59,1,173.458359375,95.39811873435974,synthetic
075,2026-01-30,60,59,1,165.36764465332033,107.38446044921875,synthetic
076,2026-01-30,60,60,0,132.57487060546873,552.4902853965759,synthetic
077,2026-01-30,60,60,0,204.35293579101562,682.80894947052,synthetic
078,2026-01-30,60,59,1,336.1325317382813,995.2298822402954,synthetic
079,2026-01-30,60,58,2,221.31128173828125,172.93171787261963,synthetic
080,2026-01-30,60,60,0,212.47004882812496,20.228049755096436,synthetic
081,2026-01-30,60,58,2,200.64,59.379568576812744,synthetic
082,2026-01-30,60,57,3,129.94002685546874,13.518010139465332,synthetic
083,2026-01-30,60,59,1,196.88562744140626,214.8701949119568,synthetic
084,2026-01-30,60,59,1,345.767314453125,232.783141374588,synthetic
085,2026-01-30,60,59,1,176.74123352050782,0.0,synthetic
086,2026-01-30,60,60,0,128.98893310546873,274.81019282341003,synthetic
087,2026-01-30,60,59,1,211.61106262207028,113.049192070961,synthetic
088,2026-01-30,60,60,0,130.3559729003906,54.371649980545044,synthetic
089,2026-01-30,60,60,0,273.1012902832031,365.62007427215576,synthetic
090,2026-01-30,60,60,0,229.94822570800778,175.44824993610382,synthetic
091,2026-01-30,60,60,0,208.34299438476563,103.94696092605591,synthetic
092,2026-01-30,60,60,0,162.53336425781248,0.0,synthetic
093,2026-01-30,60,60,0,338.16999023437495,223.01991081237793,synthetic
094,2026-01-30,60,60,0,75.24,48.07270002365112,synthetic
095,2026-01-30,60,60,0,125.39999999999999,92.26379776000977,synthetic
096,2026-01-30,60,60,0,216.94953002929685,0.0,synthetic
097,2026-01-30,60,59,1,140.33207519531248,75.71789979934692,synthetic
098,2026-01-30,60,59,1,424.9575952148437,272.68969917297363,synthetic
099,2026-01-30,60,59,1,245.57674072265627,78.02421855926514,synthetic
100,2026-01-30,60,57,3,163.3682958984375,0.0,synthetic
101,2026-01-30,60,58,2,60.82419067382812,15.168480157852173,synthetic
102,2026-01-30,60,60,0,268.6535815429687,270.06688690185547,synthetic
103,2026-01-30,60,59,1,0.0,0.0,synthetic
104,2026-01-30,60,60,0,208.02402465820313,448.94524121284485,synthetic
105,2026-01-30,60,59,1,125.55140624999999,127.81007146835327,synthetic
106,2026-01-30,60,60,0,306.4680249023437,270.8271999359131,synthetic
107,2026-01-30,60,60,0,266.00699523925783,79.11169958114624,synthetic
108,2026-01-30,60,60,0,373.486259765625,636.6616249084473,synthetic
109,2026-01-30,60,59,1,228.0,511.35917258262634,synthetic
110,2026-01-30,60,59,1,180.32653564453125,63.12860155105591,synthetic
111,2026-01-30,60,59,1,261.94477294921876,38.738460540771484,synthetic
112,2026-01-30,60,60,0,184.64749145507812,439.3667058944702,synthetic
113,2026-01-30,60,59,1,150.48,633.3880726099014,synthetic
114,2026-01-30,60,59,1,200.64,291.4124093055725,synthetic
115,2026-01-30,60,59,1,271.78775390625,0.0,synthetic
116,2026-01-30,60,59,1,228.1179931640625,14.213989734649658,synthetic
117,2026-01-30,60,59,1,445.6757080078125,189.90374565124512,synthetic
118,2026-01-30,60,60,0,267.0617358398437,1029.8461737632751,synthetic
119,2026-01-30,60,59,1,203.65231567382813,133.6798790693283,synthetic
120,2026-01-30,60,59,1,267.70282104492185,0.0,synthetic
121,2026-01-30,60,59,1,437.5505639648437,170.24175190925598,synthetic
122,2026-01-30,60,58,2,200.64,502.0479803085327,synthetic
123,2026-01-30,60,58,2,240.64691894531254,9.060460090637207,synthetic
124,2026-01-30,60,59,1,72.70789306640624,4.509280204772949,synthetic
125,2026-01-30,60,59,1,353.4,455.55482590198517,synthetic
126,2026-01-30,60,58,2,332.256591796875,245.01234102249146,synthetic
127,2026-01-30,60,60,0,75.24,295.8348467350006,synthetic
128,2026-01-30,60,59,1,372.1339251708984,241.77825260162354,synthetic
129,2026-01-30,60,56,4,361.6568334960938,508.7327060699463,synthetic
130,2026-01-30,60,60,0,201.2034228515625,0.0,synthetic
131,2026-01-30,60,60,0,294.6688513183594,97.8558874130249,synthetic
132,2026-01-30,60,59,1,316.53518554687497,48.143680572509766,synthetic
133,2026-01-30,60,59,1,203.12945068359375,0.0,synthetic
134,2026-01-30,60,59,1,151.18546874999998,78.58142805099487,synthetic
135,2026-01-30,60,60,0,173.23907775878905,222.66590023040771,synthetic
136,2026-01-30,60,59,1,300.9352661132812,142.7124605178833,synthetic
137,2026-01-30,60,60,0,132.86875854492186,73.20832061767578,synthetic
138,2026-01-30,60,60,0,167.95265625,54.818869829177856,synthetic
139,2026-01-30,60,59,1,326.03999999999996,398.3989894390106,synthetic
140,2026-01-30,60,59,1,209.12204956054688,44.350399017333984,synthetic
141,2026-01-30,60,60,0,329.794775390625,86.62250804901123,synthetic
142,2026-01-30,60,60,0,207.57806579589842,4.030759811401367,synthetic
143,2026-01-30,60,60,0,179.42237548828126,124.42022125422955,synthetic
144,2026-01-30,60,59,1,299.11424377441404,182.00035667419434,synthetic
145,2026-01-30,60,57,3,345.8613171386719,29.804689407348633,synthetic
146,2026-01-30,60,60,0,150.48,282.8548136949539,synthetic
147,2026-01-30,60,58,2,129.586494140625,296.4216425418854,synthetic
148,2026-01-30,60,59,1,157.55837402343752,444.3040359020233,synthetic
149,2026-01-30,60,59,1,138.38279296874998,473.4555025100708,synthetic
150,2026-01-30,60,57,3,197.07725097656248,66.20678997039795,synthetic
151,2026-01-30,60,59,1,205.07389892578124,218.90844655036926,synthetic
152,2026-01-30,60,58,2,380.98809814453125,591.6408847570419,synthetic
153,2026-01-30,60,59,1,300.24674560546873,320.00574111938477,synthetic
154,2026-01-30,60,60,0,296.13714111328125,1062.333536863327,synthetic
155,2026-01-30,60,60,0,385.43061035156245,228.10510349273682,synthetic
156,2026-01-30,60,57,3,102.99233642578125,594.8706207275391,synthetic
157,2026-01-30,60,59,1,261.1534387207031,0.0,synthetic
158,2026-01-30,60,60,0,68.62094970703124,50.307159781455994,synthetic
159,2026-01-30,60,60,0,219.86428710937497,377.21477699279785,synthetic
160,2026-01-30,60,58,2,196.00495605468748,262.77465629577637,synthetic
161,2026-01-30,60,59,1,193.95283447265624,0.0,synthetic
162,2026-01-30,60,58,2,381.5877429199218,305.5176429748535,synthetic
163,2026-01-30,60,59,1,191.6657080078125,102.45818901062012,synthetic
164,2026-01-30,60,59,1,209.53184509277344,99.8688907623291,synthetic
165,2026-01-30,60,58,2,308.0224584960937,166.4641227722168,synthetic
166,2026-01-30,60,60,0,200.64,361.6189694404602,synthetic
167,2026-01-30,60,60,0,308.5624731445312,746.5559797286987,synthetic
168,2026-01-30,60,59,1,53.08925903320312,72.05811309814453,synthetic
169,2026-01-30,60,59,1,479.0568017578125,377.23119163513184,synthetic
170,2026-01-30,60,58,2,27.36,28.026860237121582,synthetic
171,2026-01-30,60,60,0,356.62469970703125,173.01302152872086,synthetic
172,2026-01-30,60,59,1,318.28342712402343,331.68902111053467,synthetic
173,2026-01-30,60,59,1,398.66072753906246,0.0,synthetic
174,2026-01-30,60,59,1,150.48,206.17193055152893,synthetic
175,2026-01-30,60,60,0,175.57718627929688,310.52465057373047,synthetic
176,2026-01-30,60,60,0,201.09281982421874,128.57593059539795,synthetic
177,2026-01-30,60,59,1,284.3039245605469,112.18736052513123,synthetic
178,2026-01-30,60,59,1,109.55747314453124,129.7264986038208,synthetic
179,2026-01-30,60,60,0,319.2413671875,170.26348876953125,synthetic
180,2026-01-30,60,59,1,371.2317846679687,339.9596652984619,synthetic
181,2026-01-30,60,59,1,139.4902587890625,607.1605815887451,synthetic
182,2026-01-30,60,60,0,401.28,791.0809288024902,synthetic
183,2026-01-30,60,60,0,133.22634887695312,158.84650421142578,synthetic
184,2026-01-30,60,59,1,75.1133203125,0.0,synthetic
185,2026-01-30,60,60,0,84.87168823242187,22.839720129966736,synthetic
186,2026-01-30,60,58,2,233.48659606933592,371.7576265335083,synthetic
187,2026-01-30,60,60,0,96.45481750488281,335.07720947265625,synthetic
188,2026-01-30,60,59,1,122.52596557617187,410.0118374824524,synthetic
189,2026-01-30,60,60,0,350.06651000976564,178.78568935394287,synthetic
190,2026-01-30,60,60,0,102.6,50.81068056821823,synthetic
191,2026-01-30,60,58,2,168.3777978515625,1031.4579067230225,synthetic
192,2026-01-30,60,59,1,200.64,186.22516107559204,synthetic
193,2026-01-30,60,59,1,200.64,120.45526170730591,synthetic
194,2026-01-30,60,57,3,198.7563024902344,48.932430267333984,synthetic
195,2026-01-30,60,60,0,150.48,1029.7646379470825,synthetic
196,2026-01-30,60,60,0,176.95579833984374,180.26753902435303,synthetic
197,2026-01-30,60,58,2,105.15884033203125,127.13758373260498,synthetic
198,2026-01-30,60,59,1,74.74228271484375,0.0,synthetic
199,2026-01-30,60,59,1,60.80770751953125,0.0,synthetic
001,2026-01-31,60,59,1,119.92696289062499,61.589778900146484,synthetic
002,2026-01-31,60,59,1,237.45022705078122,0.0,synthetic
003,2026-01-31,60,57,3,238.53628784179688,206.97010111808777,synthetic
004,2026-01-31,60,59,1,409.64096923828123,189.70481777191162,synthetic
005,2026-01-31,60,60,0,132.94483154296876,175.75411748886108,synthetic
006,2026-01-31,60,59,1,394.4103845214844,0.5775099992752075,synthetic
007,2026-01-31,60,57,3,258.5941479492187,167.90356826782227,synthetic
008,2026-01-31,60,60,0,385.6755065917969,73.80786991119385,synthetic
009,2026-01-31,60,57,3,158.68496337890625,798.6826596260071,synthetic
010,2026-01-31,60,60,0,192.852041015625,52.58332180976868,synthetic
011,2026-01-31,60,60,0,376.1273291015625,501.30089378356934,synthetic
012,2026-01-31,60,59,1,0.0,14.416139602661133,synthetic
013,2026-01-31,60,60,0,287.43315673828124,322.13501167297363,synthetic
014,2026-01-31,60,59,1,232.39959228515625,130.12547969818115,synthetic
015,2026-01-31,60,59,1,151.816025390625,0.0,synthetic
016,2026-01-31,60,59,1,150.48,408.5709924697876,synthetic
017,2026-01-31,60,58,2,161.31475341796875,134.05386996269226,synthetic
018,2026-01-31,60,59,1,348.26586914062494,1164.5630012750626,synthetic
019,2026-01-31,60,60,0,146.6175146484375,375.35169076919556,synthetic
020,2026-01-31,60,59,1,191.783349609375,78.8598575592041,synthetic
021,2026-01-31,60,60,0,133.49507080078126,205.28766202926636,synthetic
022,2026-01-31,60,58,2,262.33230468749997,315.97558212280273,synthetic
023,2026-01-31,60,58,2,301.3603857421875,755.5581846237183,synthetic
024,2026-01-31,60,60,0,160.39511718749998,199.88513040542603,synthetic
025,2026-01-31,60,60,0,316.9882507324219,30.77208948135376,synthetic
026,2026-01-31,60,60,0,309.9852612304687,442.2684383392334,synthetic
027,2026-01-31,60,59,1,150.48,169.05212926864624,synthetic
028,2026-01-31,60,60,0,185.98419067382812,227.96533203125,synthetic
029,2026-01-31,60,60,0,317.4015765380859,320.0709253549576,synthetic
030,2026-01-31,60,59,1,102.6,299.49273133277893,synthetic
031,2026-01-31,60,59,1,292.93760009765623,218.08546829223633,synthetic
032,2026-01-31,120,119,1,487.90385009765623,361.61479663848877,synthetic
033,2026-01-31,60,59,1,235.78158691406247,131.26164770126343,synthetic
034,2026-01-31,60,59,1,461.2398852539062,428.0440504550934,synthetic
035,2026-01-31,60,60,0,192.90106201171872,0.0,synthetic
036,2026-01-31,60,59,1,193.70655029296876,372.6364755630493,synthetic
037,2026-01-31,60,59,1,361.79677734374997,393.39336800575256,synthetic
038,2026-01-31,60,60,0,125.39999999999999,671.8043284416199,synthetic
039,2026-01-31,60,58,2,218.64135498046875,272.81481552124023,synthetic
040,2026-01-31,60,59,1,135.43254272460936,715.6342220306396,synthetic
041,2026-01-31,60,59,1,65.6635693359375,0.0,synthetic
042,2026-01-31,60,59,1,137.176787109375,3.372070074081421,synthetic
043,2026-01-31,60,57,3,204.50474121093748,470.08823585510254,synthetic
044,2026-01-31,60,59,1,194.10832031249998,132.92443990707397,synthetic
045,2026-01-31,60,59,1,75.24,393.91855454444885,synthetic
046,2026-01-31,60,58,2,159.2260693359375,0.0,synthetic
047,2026-01-31,60,60,0,177.35401611328126,99.94763845205307,synthetic
048,2026-01-31,60,58,2,303.1074609375,707.4391303062439,synthetic
049,2026-01-31,60,60,0,75.24,281.71069836616516,synthetic
050,2026-01-31,60,59,1,290.6934228515625,432.00909423828125,synthetic
051,2026-01-31,60,59,1,354.3098968505859,141.95196628570557,synthetic
052,2026-01-31,60,60,0,218.19601318359375,341.5640811920166,synthetic
053,2026-01-31,60,58,2,293.15763427734373,104.98815846443176,synthetic
054,2026-01-31,60,60,0,103.4972021484375,471.0580196380615,synthetic
055,2026-01-31,60,57,3,275.88530639648434,42.118958473205566,synthetic
056,2026-01-31,60,58,2,135.67272583007812,148.02867236733437,synthetic
057,2026-01-31,60,60,0,75.24,135.30311059951782,synthetic
058,2026-01-31,60,59,1,274.0955603027344,80.38322830200195,synthetic
059,2026-01-31,60,59,1,85.39228637695312,264.11027455329895,synthetic
060,2026-01-31,60,60,0,209.02342529296874,72.6814694404602,synthetic
061,2026-01-31,60,59,1,281.58800537109374,692.5996150970459,synthetic
062,2026-01-31,60,59,1,201.39574951171875,350.24907875061035,synthetic
063,2026-01-31,60,59,1,224.55425537109375,136.50555896759033,synthetic
064,2026-01-31,60,60,0,149.74724853515625,11.890379905700684,synthetic
065,2026-01-31,60,58,2,421.1070263671875,107.66362953186035,synthetic
066,2026-01-31,60,58,2,166.40703369140624,492.6524088382721,synthetic
067,2026-01-31,60,60,0,285.3836535644531,41.20703125,synthetic
068,2026-01-31,60,58,2,238.11971191406246,66.93591976165771,synthetic
069,2026-01-31,60,60,0,167.37552978515623,68.15930032730103,synthetic
070,2026-01-31,60,60,0,216.47442626953125,125.27228546142578,synthetic
071,2026-01-31,60,60,0,292.7495434570312,272.52338218688965,synthetic
072,2026-01-31,60,59,1,373.1565747070312,185.65752792358398,synthetic
073,2026-01-31,60,60,0,155.79904541015625,879.0082836151123,synthetic
074,2026-01-31,60,59,1,204.60988037109374,80.5127100944519,synthetic
075,2026-01-31,60,60,0,71.34353576660155,14.630680084228516,synthetic
076,2026-01-31,60,59,1,347.41880126953123,480.61596393585205,synthetic
077,2026-01-31,60,59,1,236.27999999999997,490.3978908061981,synthetic
078,2026-01-31,60,60,0,125.39999999999999,336.0125651359558,synthetic
079,2026-01-31,60,58,2,169.8679943847656,325.5073883533478,synthetic
080,2026-01-31,60,59,1,144.698349609375,23.594940185546875,synthetic
081,2026-01-31,60,60,0,252.5741015625,22.806029558181763,synthetic
082,2026-01-31,60,60,0,182.15006835937498,124.8865385055542,synthetic
083,2026-01-31,60,59,1,282.70645019531247,421.48254203796387,synthetic
084,2026-01-31,60,60,0,75.46377685546875,44.621952056884766,synthetic
085,2026-01-31,60,60,0,43.522833251953124,0.0,synthetic
086,2026-01-31,60,59,1,207.43613159179688,360.12262082099915,synthetic
087,2026-01-31,60,60,0,200.1653137207031,131.29632091522217,synthetic
088,2026-01-31,60,60,0,199.1262634277344,374.93994140625,synthetic
089,2026-01-31,60,60,0,200.64,562.961181640625,synthetic
090,2026-01-31,60,60,0,75.24,212.44799184799194,synthetic
091,2026-01-31,60,59,1,290.46896301269527,206.17632675170898,synthetic
092,2026-01-31,60,60,0,126.39989868164062,0.0,synthetic
093,2026-01-31,60,59,1,225.71999999999997,514.89381980896,synthetic
094,2026-01-31,60,57,3,250.7362646484375,83.54840183258057,synthetic
095,2026-01-31,60,60,0,269.980986328125,176.06286811828613,synthetic
096,2026-01-31,60,58,2,98.17676879882812,0.0,synthetic
097,2026-01-31,60,60,0,132.95640014648438,68.35968971252441,synthetic
098,2026-01-31,60,60,0,136.77042480468748,395.60211181640625,synthetic
099,2026-01-31,60,59,1,392.5915576171875,373.32104873657227,synthetic
100,2026-01-31,60,59,1,110.58753479003907,0.0,synthetic
101,2026-01-31,60,58,2,255.36,220.53546953201294,synthetic
102,2026-01-31,60,60,0,223.055595703125,307.09264945983887,synthetic
103,2026-01-31,60,57,3,370.33812011718754,0.0,synthetic
104,2026-01-31,60,59,1,217.6938427734375,185.48255348205566,synthetic
105,2026-01-31,60,60,0,208.00876098632813,83.3677396774292,synthetic
106,2026-01-31,60,60,0,184.35315307617185,752.1437931060791,synthetic
107,2026-01-31,60,60,0,125.39999999999999,161.19532012939453,synthetic
108,2026-01-31,60,60,0,199.85217224121092,716.7290029525757,synthetic
109,2026-01-31,60,58,2,0.0,959.0225172042847,synthetic
110,2026-01-31,60,58,2,206.70268066406248,139.921630859375,synthetic
111,2026-01-31,60,57,3,75.24,52.585269927978516,synthetic
112,2026-01-31,60,59,1,241.76309692382813,254.16626071929932,synthetic
113,2026-01-31,60,59,1,300.90450073242187,189.087788105011,synthetic
114,2026-01-31,60,60,0,206.96066162109372,253.73797941207886,synthetic
115,2026-01-31,60,58,2,279.68127685546875,75.50574016571045,synthetic
116,2026-01-31,60,60,0,86.35595947265625,8.130749702453613,synthetic
117,2026-01-31,60,60,0,341.5899169921875,98.48595714569092,synthetic
118,2026-01-31,60,60,0,319.54523437499995,435.4806351661682,synthetic
119,2026-01-31,60,59,1,66.72394775390626,282.9041175842285,synthetic
120,2026-01-31,60,60,0,174.59664916992188,0.0,synthetic
121,2026-01-31,60,59,1,191.35546875,93.88012886047363,synthetic
122,2026-01-31,60,60,0,338.5727270507812,559.9876127243042,synthetic
123,2026-01-31,60,59,1,125.39999999999999,86.54858875274658,synthetic
124,2026-01-31,60,58,2,332.3630932617187,121.14953231811523,synthetic
125,2026-01-31,60,60,0,142.48830871582032,109.97255086898804,synthetic
126,2026-01-31,60,60,0,102.6,248.3517563343048,synthetic
127,2026-01-31,60,57,3,372.83373779296875,314.5359525680542,synthetic
128,2026-01-31,60,58,2,243.29135009765622,298.3171944618225,synthetic
129,2026-01-31,60,58,2,242.40906005859375,838.3923444747925,synthetic
130,2026-01-31,60,60,0,149.33370483398437,0.0,synthetic
131,2026-01-31,60,60,0,286.44,544.5881071090698,synthetic
132,2026-01-31,60,59,1,205.40885375976563,248.40381652116776,synthetic
133,2026-01-31,60,59,1,288.6731121826171,17.410400390625,synthetic
134,2026-01-31,60,59,1,200.88075073242186,435.6268765926361,synthetic
135,2026-01-31,60,60,0,288.34031250000004,167.28155899047852,synthetic
136,2026-01-31,60,59,1,91.56883666992186,0.0,synthetic
137,2026-01-31,60,60,0,224.45751708984375,21.77436065673828,synthetic
138,2026-01-31,60,57,3,172.74825073242187,22.057979583740234,synthetic
139,2026-01-31,60,58,2,249.8073303222656,19.421319603919983,synthetic
140,2026-01-31,60,58,2,111.89287170410155,1150.5210206508636,synthetic
141,2026-01-31,60,59,1,103.4684326171875,0.0,synthetic
142,2026-01-31,60,59,1,27.36,25.45726016163826,synthetic
143,2026-01-31,60,57,3,389.57291015625,191.82177025079727,synthetic
144,2026-01-31,60,59,1,168.3451171875,237.26487827301025,synthetic
145,2026-01-31,60,59,1,54.640770263671875,271.64989852905273,synthetic
146,2026-01-31,60,55,5,181.5443408203125,311.26570224761963,synthetic
147,2026-01-31,60,59,1,129.65237548828125,194.21711349487305,synthetic
148,2026-01-31,60,60,0,342.9591796875,360.19402503967285,synthetic
149,2026-01-31,60,60,0,392.3343676757812,288.775203704834,synthetic
150,2026-01-31,60,60,0,247.06662597656248,197.35317730903625,synthetic
151,2026-01-31,60,59,1,157.69845336914062,247.50713515281677,synthetic
152,2026-01-31,60,59,1,402.0995947265625,58.02172017097473,synthetic
153,2026-01-31,60,60,0,224.22599121093748,553.8923873901367,synthetic
154,2026-01-31,60,58,2,242.10894287109375,516.4161834716797,synthetic
155,2026-01-31,60,60,0,46.89770141601562,505.66320753097534,synthetic
156,2026-01-31,60,60,0,268.83222656249995,235.01629734039307,synthetic
157,2026-01-31,60,59,1,179.7391223144531,0.0,synthetic
158,2026-01-31,60,59,1,295.8175268554687,152.88069093227386,synthetic
159,2026-01-31,60,60,0,316.46241943359377,212.21703147888184,synthetic
160,2026-01-31,60,58,2,275.88,456.7243103981018,synthetic
161,2026-01-31,60,59,1,127.72274047851562,58.79529094696045,synthetic
162,2026-01-31,60,60,0,196.89289306640623,592.8345527648926,synthetic
163,2026-01-31,60,59,1,161.902587890625,14.135560035705566,synthetic
164,2026-01-31,60,59,1,156.06732788085938,88.47265815734863,synthetic
165,2026-01-31,60,60,0,191.82652587890624,218.18274116516113,synthetic
166,2026-01-31,60,60,0,396.3561547851562,179.6795597076416,synthetic
167,2026-01-31,60,60,0,389.33061767578124,629.0093412399292,synthetic
168,2026-01-31,60,60,0,349.0590600585938,207.8790307044983,synthetic
169,2026-01-31,60,60,0,75.24,828.7864540815353,synthetic
170,2026-01-31,60,60,0,264.3589416503906,454.86467361450195,synthetic
171,2026-01-31,60,59,1,0.0,195.10795736312866,synthetic
172,2026-01-31,60,59,1,135.10524536132812,298.2731742858887,synthetic
173,2026-01-31,60,59,1,169.14473510742187,0.0,synthetic
174,2026-01-31,60,60,0,152.4368096923828,7.683650016784668,synthetic
175,2026-01-31,60,60,0,251.06348510742185,202.40819931030273,synthetic
176,2026-01-31,60,59,1,135.46289794921876,130.37780892848969,synthetic
177,2026-01-31,60,60,0,137.946533203125,200.37600755691528,synthetic
178,2026-01-31,60,59,1,331.031396484375,249.19324398040771,synthetic
179,2026-01-31,60,57,3,309.0857885742187,66.8409423828125,synthetic
180,2026-01-31,60,59,1,315.5238940429687,1330.1780562400818,synthetic
181,2026-01-31,60,59,1,250.24862548828125,640.0480356216431,synthetic
182,2026-01-31,60,60,0,200.64,1249.266978263855,synthetic
183,2026-01-31,60,57,3,300.96,126.1540994644165,synthetic
184,2026-01-31,60,59,1,308.66178771972653,0.0,synthetic
185,2026-01-31,60,60,0,151.52548828125,55.16797065734863,synthetic
186,2026-01-31,60,60,0,264.30685546875,496.6627116203308,synthetic
187,2026-01-31,60,59,1,296.35183593749997,165.85932111740112,synthetic
188,2026-01-31,60,57,3,268.795576171875,323.7305179834366,synthetic
189,2026-01-31,60,57,3,117.21085693359375,334.61193656921387,synthetic
190,2026-01-31,60,60,0,291.8951147460938,0.0,synthetic
191,2026-01-31,60,60,0,395.79143554687494,429.6713683605194,synthetic
192,2026-01-31,60,60,0,260.82587768554686,175.22113275527954,synthetic
193,2026-01-31,60,59,1,236.0843371582031,0.0,synthetic
194,2026-01-31,60,59,1,169.20670166015626,38.96112060546875,synthetic
195,2026-01-31,60,60,0,335.28,580.7563366889954,synthetic
196,2026-01-31,60,58,2,233.43502990722655,0.0,synthetic
197,2026-01-31,60,59,1,388.6715405273437,1101.444586277008,synthetic
198,2026-01-31,60,60,0,194.05273681640625,0.0,synthetic
199,2026-01-31,60,59,1,364.5452856445312,170.84765911102295,synthetic
