bin_id,issue_date,current_fill_pct,last_sensor_utc,fill04,fill06,last_service_utc,zone_id,capacity_l,issue_time_utc,target_time_utc,target_date,ma7_04,ewm7_04,seasonal7_04,history_growth_pct,recent_growth_pct,hours_since_collection,sensor_age_hours,target_dow_0,target_dow_1,target_dow_2,target_dow_3,target_dow_4,target_dow_5,target_dow_6,bin_holdout,data_origin,prediction_pct,upper80_pct,upper90_pct,upper95_pct,model,network_accessible,in_routing_pilot,snap_m,risk_upper_pct,current_trigger,forecast_trigger,gap_trigger,telemetry_trigger,required,tier,reasons,dispatch_status,priority_rank,trigger_pct,interval_level,max_gap_hours,demand_multiplier
53,2026-09-23,100.0,2026-09-23 02:30:00,100.0,99.79,2026-09-21 00:30:00,011,1100,2026-09-23 02:30:00,2026-09-23 22:30:00,2026-09-24,84.15285655430385,84.01314200662564,100.0,54.86285672869001,0.10499954,50.0,0.0,0,0,0,1,0,0,0,False,synthetic,100.0,100.0,100.0,100.0,ridge,True,False,0.0,100.0,True,True,True,False,True,1,current_trigger;gap_trigger;forecast_trigger,required_outside_pilot,1,80,90,48,1.0
91,2026-09-23,100.0,2026-09-23 02:30:00,100.0,99.55,2026-09-21 00:30:00,019,660,2026-09-23 02:30:00,2026-09-23 22:30:00,2026-09-24,82.24285725184849,83.84084130066162,97.92,46.25285802568708,0.22499847,50.0,0.0,0,0,0,1,0,0,0,False,synthetic,100.0,100.0,100.0,100.0,ridge,True,False,0.0,100.0,True,True,True,False,True,1,current_trigger;gap_trigger;forecast_trigger,required_outside_pilot,2,80,90,48,1.0
112,2026-09-23,100.0,2026-09-23 02:30:00,100.0,100.0,2026-09-21 00:30:00,023,660,2026-09-23 02:30:00,2026-09-23 22:30:00,2026-09-24,74.94714246477399,77.98351217535843,45.62,45.67142759050642,0.0,50.0,0.0,0,0,0,1,0,0,0,False,synthetic,100.0,100.0,100.0,100.0,ridge,True,False,0.0,100.0,True,True,True,False,True,1,current_trigger;gap_trigger;forecast_trigger,required_outside_pilot,3,80,90,48,1.0
294,2026-09-23,100.0,2026-09-23 02:30:00,97.78,100.0,2026-09-21 00:30:00,058,240,2026-09-23 02:30:00,2026-09-23 22:30:00,2026-09-24,74.29142815726144,74.71699422927244,90.93,42.39714268275669,0.0,50.0,0.0,0,0,0,1,0,0,0,False,synthetic,100.0,100.0,100.0,100.0,ridge,True,True,0.0,100.0,True,True,True,False,True,1,current_trigger;gap_trigger;forecast_trigger,pilot_required,4,80,90,48,1.0
315,2026-09-23,100.0,2026-09-23 02:30:00,99.37,100.0,2026-09-21 00:30:00,062,660,2026-09-23 02:30:00,2026-09-23 22:30:00,2026-09-24,82.95166714986165,82.40919066707644,97.82,49.40500005086263,0.0,50.0,0.0,0,0,0,1,0,0,0,True,synthetic,100.0,100.0,100.0,100.0,ridge,True,True,0.0,100.0,True,True,True,False,True,1,current_trigger;gap_trigger;forecast_trigger,pilot_required,5,80,90,48,1.0
342,2026-09-23,100.0,2026-09-23 02:30:00,98.04,97.59,2026-09-21 00:30:00,068,660,2026-09-23 02:30:00,2026-09-23 22:30:00,2026-09-24,75.34285845075335,77.12585517539588,92.17,39.021430424281526,1.2050018,50.0,0.0,0,0,0,1,0,0,0,False,synthetic,100.0,100.0,100.0,100.0,ridge,True,False,0.0,100.0,True,True,True,False,True,1,current_trigger;gap_trigger;forecast_trigger,required_outside_pilot,6,80,90,48,1.0
406,2026-09-23,100.0,2026-09-23 02:30:00,99.55,97.79,2026-09-21 00:30:00,081,1100,2026-09-23 02:30:00,2026-09-23 22:30:00,2026-09-24,80.09428569248745,78.85450395540329,98.57,41.65714263916016,1.1049995,50.0,0.0,0,0,0,1,0,0,0,False,synthetic,100.0,100.0,100.0,100.0,ridge,True,False,0.0,100.0,True,True,True,False,True,1,current_trigger;gap_trigger;forecast_trigger,required_outside_pilot,7,80,90,48,1.0
561,2026-09-23,100.0,2026-09-23 02:30:00,97.73,98.27,2026-09-21 00:30:00,112,1100,2026-09-23 02:30:00,2026-09-23 22:30:00,2026-09-24,80.43142918178013,84.15582528481379,50.34,44.48571504865374,0.8650017,50.0,0.0,0,0,0,1,0,0,0,False,synthetic,100.0,100.0,100.0,100.0,ridge,True,False,0.0,100.0,True,True,True,False,True,1,current_trigger;gap_trigger;forecast_trigger,required_outside_pilot,8,80,90,48,1.0
572,2026-09-23,100.0,2026-09-23 02:30:00,100.0,97.8,2026-09-21 00:30:00,114,660,2026-09-23 02:30:00,2026-09-23 22:30:00,2026-09-24,84.00142887660435,86.5657637418865,87.21,54.35285840715681,1.0999985,50.0,0.0,0,0,0,1,0,0,0,False,synthetic,100.0,100.0,100.0,100.0,ridge,True,True,0.0,100.0,True,True,True,False,True,1,current_trigger;gap_trigger;forecast_trigger,pilot_required,9,80,90,48,1.0
772,2026-09-23,100.0,2026-09-23 02:30:00,98.38,100.0,2026-09-21 00:30:00,154,240,2026-09-23 02:30:00,2026-09-23 22:30:00,2026-09-24,76.82285690307617,75.7390836339019,97.68,46.280000414167134,0.0,50.0,0.0,0,0,0,1,0,0,0,False,synthetic,100.0,100.0,100.0,100.0,ridge,True,False,0.0,100.0,True,True,True,False,True,1,current_trigger;gap_trigger;forecast_trigger,required_outside_pilot,10,80,90,48,1.0
824,2026-09-23,100.0,2026-09-23 02:30:00,97.94,100.0,2026-09-21 00:30:00,164,660,2026-09-23 02:30:00,2026-09-23 22:30:00,2026-09-24,80.34500122070312,76.69855880165376,99.44,43.58666865030924,0.0,50.0,0.0,0,0,0,1,0,0,0,False,synthetic,100.0,100.0,100.0,100.0,ridge,True,False,0.0,100.0,True,True,True,False,True,1,current_trigger;gap_trigger;forecast_trigger,required_outside_pilot,11,80,90,48,1.0
854,2026-09-23,100.0,2026-09-23 02:30:00,100.0,99.66,2026-09-21 00:30:00,170,660,2026-09-23 02:30:00,2026-09-23 22:30:00,2026-09-24,81.59142793927874,81.49466763781508,92.96,39.83714294433594,0.16999817,50.0,0.0,0,0,0,1,0,0,0,False,synthetic,100.0,100.0,100.0,100.0,ridge,True,False,0.0,100.0,True,True,True,False,True,1,current_trigger;gap_trigger;forecast_trigger,required_outside_pilot,12,80,90,48,1.0
902,2026-09-23,100.0,2026-09-23 02:30:00,77.36,95.6,2026-09-22 00:30:00,180,660,2026-09-23 02:30:00,2026-09-23 22:30:00,2026-09-24,85.67285810198102,86.60490796805456,84.69,72.30857195172992,2.2000008,26.0,0.0,0,0,0,1,0,0,0,False,synthetic,100.0,100.0,100.0,100.0,ridge,True,False,0.0,100.0,True,True,False,False,True,1,current_trigger;forecast_trigger,required_outside_pilot,13,80,90,48,1.0
843,2026-09-23,99.26,2026-09-23 02:30:00,100.0,100.0,2026-09-21 00:30:00,168,660,2026-09-23 02:30:00,2026-09-23 22:30:00,2026-09-24,86.69499905904134,82.9937608242729,100.0,39.33333269755045,0.0,50.0,0.0,0,0,0,1,0,0,0,False,synthetic,100.0,100.0,100.0,100.0,ridge,True,False,0.0,100.0,True,True,True,False,True,1,current_trigger;gap_trigger;forecast_trigger,required_outside_pilot,14,80,90,48,1.0
302,2026-09-23,97.52,2026-09-23 00:30:00,95.76,97.52,2026-09-21 00:30:00,060,660,2026-09-23 02:30:00,2026-09-23 22:30:00,2026-09-24,75.31714303152901,79.32786255830887,43.38,40.014286041259766,0.0,50.0,2.0,0,0,0,1,0,0,0,False,synthetic,100.0,100.0,100.0,100.0,ridge,True,False,0.0,100.0,True,True,True,False,True,1,current_trigger;gap_trigger;forecast_trigger,required_outside_pilot,15,80,90,48,1.0
277,2026-09-23,95.14,2026-09-23 02:30:00,87.11,93.58,2026-09-21 00:30:00,055,240,2026-09-23 02:30:00,2026-09-23 22:30:00,2026-09-24,73.13142885480609,73.11758051038768,84.08,37.58428600856236,0.7799988,50.0,0.0,0,0,0,1,0,0,0,False,synthetic,100.0,100.0,100.0,100.0,ridge,True,True,0.0,100.0,True,True,True,False,True,1,current_trigger;gap_trigger;forecast_trigger,pilot_required,16,80,90,48,1.0
598,2026-09-23,93.87,2026-09-23 02:30:00,82.45,88.42,2026-09-21 00:30:00,119,240,2026-09-23 02:30:00,2026-09-23 22:30:00,2026-09-24,62.60999902089437,61.64041555388325,100.0,30.74999872843425,2.7250023,50.0,0.0,0,0,0,1,0,0,0,False,synthetic,95.67573350139638,100.0,100.0,100.0,ridge,True,False,0.0,100.0,True,True,True,False,True,1,current_trigger;gap_trigger;forecast_trigger,required_outside_pilot,17,80,90,48,1.0
559,2026-09-23,93.25,2026-09-23 02:30:00,84.98,86.07,2026-09-21 00:30:00,111,660,2026-09-23 02:30:00,2026-09-23 22:30:00,2026-09-24,60.778571537562776,65.17706305303591,46.91,34.08142852783203,3.5900002,50.0,0.0,0,0,0,1,0,0,0,False,synthetic,100.0,100.0,100.0,100.0,ridge,True,False,96.37501618661665,100.0,True,True,True,False,True,1,current_trigger;gap_trigger;forecast_trigger,required_outside_pilot,18,80,90,48,1.0
199,2026-09-23,90.43,2026-09-23 02:30:00,85.8,87.51,2026-09-21 00:30:00,039,1100,2026-09-23 02:30:00,2026-09-23 22:30:00,2026-09-24,61.48142869131906,67.05565664027499,30.1,30.170000893729075,1.4599991,50.0,0.0,0,0,0,1,0,0,0,False,synthetic,98.43246670405745,100.0,100.0,100.0,ridge,True,False,0.0,100.0,True,True,True,False,True,1,current_trigger;gap_trigger;forecast_trigger,required_outside_pilot,19,80,90,48,1.0
550,2026-09-23,88.79,2026-09-23 02:30:00,64.95,81.45,2026-09-22 00:30:00,109,1100,2026-09-23 02:30:00,2026-09-23 22:30:00,2026-09-24,75.07428523472377,74.39186837996616,96.7,42.33428519112723,3.670002,26.0,0.0,0,0,0,1,0,0,0,True,synthetic,100.0,100.0,100.0,100.0,ridge,True,False,0.0,100.0,True,True,False,False,True,1,current_trigger;forecast_trigger,required_outside_pilot,20,80,90,48,1.0
933,2026-09-23,87.41,2026-09-23 02:30:00,72.8,80.46,2026-09-22 00:30:00,186,240,2026-09-23 02:30:00,2026-09-23 22:30:00,2026-09-24,80.43857247488839,82.83165351716046,60.09,55.58000128609793,3.4750023,26.0,0.0,0,0,0,1,0,0,0,False,synthetic,100.0,100.0,100.0,100.0,ridge,True,False,0.0,100.0,True,True,False,False,True,1,current_trigger;forecast_trigger,required_outside_pilot,21,80,90,48,1.0
487,2026-09-23,86.9,2026-09-23 02:30:00,84.31,86.18,2026-09-21 00:30:00,097,660,2026-09-23 02:30:00,2026-09-23 22:30:00,2026-09-24,60.47571345738002,62.41474985083709,73.8,32.86285618373326,0.3600006,50.0,0.0,0,0,0,1,0,0,0,False,synthetic,93.08826586855946,100.0,100.0,100.0,ridge,True,False,0.0,100.0,True,True,True,False,True,1,current_trigger;gap_trigger;forecast_trigger,required_outside_pilot,22,80,90,48,1.0
663,2026-09-23,86.47,2026-09-23 02:30:00,50.59,60.06,2026-09-22 00:30:00,132,660,2026-09-23 02:30:00,2026-09-23 22:30:00,2026-09-24,69.43571472167969,72.20831151103962,32.83,37.974286215645925,13.205,26.0,0.0,0,0,0,1,0,0,0,False,synthetic,100.0,100.0,100.0,100.0,ridge,True,False,0.0,100.0,True,True,False,False,True,1,current_trigger;forecast_trigger,required_outside_pilot,23,80,90,48,1.0
131,2026-09-23,84.48,2026-09-22 22:30:00,84.48,,2026-09-23 00:30:00,027,660,2026-09-23 02:30:00,2026-09-23 22:30:00,2026-09-24,66.17000143868583,66.75653630531399,96.91,36.91857256208147,,2.0,4.0,0,0,0,1,0,0,0,False,synthetic,91.10948647771602,100.0,100.0,100.0,ridge,True,False,0.0,100.0,True,True,False,False,True,1,current_trigger;forecast_trigger,required_outside_pilot,24,80,90,48,1.0
17,2026-09-23,84.22,2026-09-23 02:30:00,50.79,74.7,2026-09-22 00:30:00,004,660,2026-09-23 02:30:00,2026-09-23 22:30:00,2026-09-24,85.28166834513347,81.05181391630367,94.87,74.62833658854167,4.760002,26.0,0.0,0,0,0,1,0,0,0,False,synthetic,100.0,100.0,100.0,100.0,ridge,True,False,0.0,100.0,True,True,False,False,True,1,current_trigger;forecast_trigger,required_outside_pilot,25,80,90,48,1.0
155,2026-09-23,84.11,2026-09-23 02:30:00,71.14,71.91,2026-09-22 00:30:00,031,660,2026-09-23 02:30:00,2026-09-23 22:30:00,2026-09-24,72.95666694641113,74.05172628319353,62.58,43.44499905904134,6.0999985,26.0,0.0,0,0,0,1,0,0,0,True,synthetic,100.0,100.0,100.0,100.0,ridge,True,False,0.0,100.0,True,True,False,False,True,1,current_trigger;forecast_trigger,required_outside_pilot,26,80,90,48,1.0
460,2026-09-23,83.76,2026-09-23 02:30:00,69.88,71.49,2026-09-22 00:30:00,091,660,2026-09-23 02:30:00,2026-09-23 22:30:00,2026-09-24,73.144284929548,75.01011635913952,76.24,55.5485703604562,6.135002,26.0,0.0,0,0,0,1,0,0,0,True,synthetic,100.0,100.0,100.0,100.0,ridge,True,False,0.0,100.0,True,True,False,False,True,1,current_trigger;forecast_trigger,required_outside_pilot,27,80,90,48,1.0
181,2026-09-23,81.92,2026-09-23 02:30:00,76.77,79.12,2026-09-22 00:30:00,036,1100,2026-09-23 02:30:00,2026-09-23 22:30:00,2026-09-24,78.70714351109096,81.9478512184634,69.37,44.69000080653599,1.3999977,26.0,0.0,0,0,0,1,0,0,0,False,synthetic,100.0,100.0,100.0,100.0,ridge,True,False,0.0,100.0,True,True,False,False,True,1,current_trigger;forecast_trigger,required_outside_pilot,28,80,90,48,1.0
309,2026-09-23,81.71,2026-09-23 02:30:00,65.34,68.47,2026-09-22 00:30:00,061,660,2026-09-23 02:30:00,2026-09-23 22:30:00,2026-09-24,87.18714250837054,82.91139205385635,80.32,74.10571343558175,6.619999,26.0,0.0,0,0,0,1,0,0,0,False,synthetic,100.0,100.0,100.0,100.0,ridge,True,True,16.821914803933847,100.0,True,True,False,False,True,1,current_trigger;forecast_trigger,pilot_required,29,80,90,48,1.0
777,2026-09-23,81.39,2026-09-23 02:30:00,63.23,70.0,2026-09-22 00:30:00,155,660,2026-09-23 02:30:00,2026-09-23 22:30:00,2026-09-24,81.8028564453125,76.5369755686462,100.0,35.984285082135884,5.6949997,26.0,0.0,0,0,0,1,0,0,0,False,synthetic,100.0,100.0,100.0,100.0,ridge,True,False,0.0,100.0,True,True,False,False,True,1,current_trigger;forecast_trigger,required_outside_pilot,30,80,90,48,1.0
191,2026-09-23,81.38,2026-09-23 02:30:00,70.61,74.14,2026-09-21 00:30:00,038,1100,2026-09-23 02:30:00,2026-09-23 22:30:00,2026-09-24,66.73666636149089,62.85305327613688,100.0,38.2383337020874,3.619999,50.0,0.0,0,0,0,1,0,0,0,False,synthetic,95.79550810091284,100.0,100.0,100.0,ridge,True,False,0.0,100.0,True,True,True,False,True,1,current_trigger;gap_trigger;forecast_trigger,required_outside_pilot,31,80,90,48,1.0
891,2026-09-23,80.81,2026-09-23 02:30:00,57.8,60.38,2026-09-22 00:30:00,178,660,2026-09-23 02:30:00,2026-09-23 22:30:00,2026-09-24,76.7471422467913,71.30549157713753,99.75,37.797142028808594,10.214998,26.0,0.0,0,0,0,1,0,0,0,False,synthetic,100.0,100.0,100.0,100.0,ridge,True,False,0.0,100.0,True,True,False,False,True,1,current_trigger;forecast_trigger,required_outside_pilot,32,80,90,48,1.0
263,2026-09-23,80.73,2026-09-23 02:30:00,68.92,71.85,2026-09-22 00:30:00,052,1100,2026-09-23 02:30:00,2026-09-23 22:30:00,2026-09-24,84.61142839704242,84.39953622838317,65.0,44.071429116385325,4.4400024,26.0,0.0,0,0,0,1,0,0,0,False,synthetic,100.0,100.0,100.0,100.0,ridge,True,False,0.0,100.0,True,True,False,False,True,1,current_trigger;forecast_trigger,required_outside_pilot,33,80,90,48,1.0
678,2026-09-23,80.56,2026-09-23 02:30:00,72.1,76.69,2026-09-22 00:30:00,135,660,2026-09-23 02:30:00,2026-09-23 22:30:00,2026-09-24,80.66428484235492,77.85989001719858,88.24,71.62285723005023,1.9349976,26.0,0.0,0,0,0,1,0,0,0,False,synthetic,100.0,100.0,100.0,100.0,ridge,True,False,0.0,100.0,True,True,False,False,True,1,current_trigger;forecast_trigger,required_outside_pilot,34,80,90,48,1.0
117,2026-09-23,80.45,2026-09-23 02:30:00,65.31,69.49,2026-09-22 00:30:00,024,1100,2026-09-23 02:30:00,2026-09-23 22:30:00,2026-09-24,82.49857112339565,76.8318802183273,100.0,48.82285635811942,5.4799995,26.0,0.0,0,0,0,1,0,0,0,False,synthetic,100.0,100.0,100.0,100.0,ridge,True,False,0.0,100.0,True,True,False,False,True,1,current_trigger;forecast_trigger,required_outside_pilot,35,80,90,48,1.0
895,2026-09-23,80.08,2026-09-23 02:30:00,69.58,71.13,2026-09-22 00:30:00,178,660,2026-09-23 02:30:00,2026-09-23 22:30:00,2026-09-24,71.26857212611607,73.7361518899585,41.22,42.6014289855957,4.4750023,26.0,0.0,0,0,0,1,0,0,0,True,synthetic,100.0,100.0,100.0,100.0,ridge,True,False,0.0,100.0,True,True,False,False,True,1,current_trigger;forecast_trigger,required_outside_pilot,36,80,90,48,1.0
564,2026-09-23,78.72,2026-09-23 02:30:00,81.43,80.67,2026-09-21 00:30:00,112,1100,2026-09-23 02:30:00,2026-09-23 22:30:00,2026-09-24,70.86000088282994,67.56100564896636,94.04,36.77142933436802,0.0,50.0,0.0,0,0,0,1,0,0,0,False,synthetic,93.578008947899,100.0,100.0,100.0,ridge,True,False,0.0,100.0,False,True,True,False,True,3,gap_trigger;forecast_trigger,required_outside_pilot,37,80,90,48,1.0
307,2026-09-23,71.83,2026-09-23 02:30:00,69.14,68.91,2026-09-21 00:30:00,061,660,2026-09-23 02:30:00,2026-09-23 22:30:00,2026-09-24,71.41999980381557,68.9344986405352,85.05,33.57000051225935,1.4599991,50.0,0.0,0,0,0,1,0,0,0,False,synthetic,93.51133240570368,100.0,100.0,100.0,ridge,True,True,0.0,100.0,False,True,True,False,True,3,gap_trigger;forecast_trigger,pilot_required,38,80,90,48,1.0
4,2026-09-23,60.65,2026-09-23 02:30:00,60.03,60.81,2026-09-21 00:30:00,001,660,2026-09-23 02:30:00,2026-09-23 22:30:00,2026-09-24,61.37142889840262,58.46615838266752,81.82,29.685714721679688,0.0,50.0,0.0,0,0,0,1,0,0,0,False,synthetic,79.85513289539435,92.91068690355364,97.47746657504162,100.0,ridge,True,False,0.0,97.47746657504162,False,True,True,False,True,3,gap_trigger;forecast_trigger,required_outside_pilot,39,80,90,48,1.0
105,2026-09-23,58.63,2026-09-23 02:30:00,53.69,60.3,2026-09-21 00:30:00,021,660,2026-09-23 02:30:00,2026-09-23 22:30:00,2026-09-24,50.11714281354632,51.57571337271988,59.21,27.71714292253767,0.0,50.0,0.0,0,0,0,1,0,0,0,True,synthetic,75.643375427442,88.69892943560129,93.26570910708926,97.53592476555174,ridge,True,False,0.0,93.26570910708926,False,True,True,False,True,3,gap_trigger;forecast_trigger,required_outside_pilot,40,80,90,48,1.0
990,2026-09-23,67.7,2026-09-23 02:30:00,64.87,66.73,2026-09-21 00:30:00,197,1100,2026-09-23 02:30:00,2026-09-23 22:30:00,2026-09-24,44.70857211521694,47.27974760024347,61.41,23.637143271309988,0.4849968,50.0,0.0,0,0,0,1,0,0,0,True,synthetic,72.67889209862702,85.73444610678632,90.30122577827429,94.57144143673676,ridge,True,False,0.0,90.30122577827429,False,True,True,False,True,3,gap_trigger;forecast_trigger,required_outside_pilot,41,80,90,48,1.0
887,2026-09-23,79.32,2026-09-23 02:30:00,71.79,70.04,2026-09-22 00:30:00,177,660,2026-09-23 02:30:00,2026-09-23 22:30:00,2026-09-24,81.06999969482422,80.04716133417358,69.46,42.26142774309431,4.6399994,26.0,0.0,0,0,0,1,0,0,0,False,synthetic,100.0,100.0,100.0,100.0,ridge,True,False,0.0,100.0,False,True,False,False,True,4,forecast_trigger,required_outside_pilot,42,80,90,48,1.0
152,2026-09-23,79.31,2026-09-23 02:30:00,59.93,68.06,2026-09-22 00:30:00,031,240,2026-09-23 02:30:00,2026-09-23 22:30:00,2026-09-24,80.34428569248745,80.32655102405245,44.37,48.82571356637137,5.625,26.0,0.0,0,0,0,1,0,0,0,False,synthetic,100.0,100.0,100.0,100.0,ridge,True,False,0.0,100.0,False,True,False,False,True,4,forecast_trigger,required_outside_pilot,43,80,90,48,1.0
916,2026-09-23,78.1,2026-09-23 02:30:00,59.29,65.32,2026-09-22 00:30:00,183,660,2026-09-23 02:30:00,2026-09-23 22:30:00,2026-09-24,72.44142859322685,74.28245529059399,47.0,39.53285707746233,6.3899994,26.0,0.0,0,0,0,1,0,0,0,False,synthetic,100.0,100.0,100.0,100.0,ridge,True,False,0.0,100.0,False,True,False,False,True,4,forecast_trigger,required_outside_pilot,44,80,90,48,1.0
238,2026-09-23,78.0,2026-09-23 02:30:00,59.18,66.68,2026-09-22 00:30:00,047,660,2026-09-23 02:30:00,2026-09-23 22:30:00,2026-09-24,76.41000039236886,73.73732804011686,88.49,58.44000135149275,5.66,26.0,0.0,0,0,0,1,0,0,0,False,synthetic,100.0,100.0,100.0,100.0,ridge,True,False,0.0,100.0,False,True,False,False,True,4,forecast_trigger,required_outside_pilot,45,80,90,48,1.0
819,2026-09-23,77.89,2026-09-23 02:30:00,59.61,67.27,2026-09-22 00:30:00,163,660,2026-09-23 02:30:00,2026-09-23 22:30:00,2026-09-24,72.27833429972331,72.01482828820876,,42.1483351389567,5.3100014,26.0,0.0,0,0,0,1,0,0,0,False,synthetic,100.0,100.0,100.0,100.0,ridge,True,False,0.0,100.0,False,True,False,False,True,4,forecast_trigger,required_outside_pilot,46,80,90,48,1.0
724,2026-09-23,77.88,2026-09-23 02:30:00,65.73,71.02,2026-09-22 00:30:00,144,1100,2026-09-23 02:30:00,2026-09-23 22:30:00,2026-09-24,79.99285725184849,77.58130131360201,100.0,43.22714287894113,3.4300003,26.0,0.0,0,0,0,1,0,0,0,False,synthetic,100.0,100.0,100.0,100.0,ridge,True,False,0.0,100.0,False,True,False,False,True,4,forecast_trigger,required_outside_pilot,47,80,90,48,1.0
357,2026-09-23,77.71,2026-09-23 02:30:00,68.36,65.86,2026-09-22 00:30:00,071,1100,2026-09-23 02:30:00,2026-09-23 22:30:00,2026-09-24,80.52666664123535,79.86968184068476,63.31,42.87833340962728,5.924999,26.0,0.0,0,0,0,1,0,0,0,False,synthetic,100.0,100.0,100.0,100.0,ridge,True,False,0.0,100.0,False,True,False,False,True,4,forecast_trigger,required_outside_pilot,48,80,90,48,1.0
578,2026-09-23,77.41,2026-09-23 02:30:00,55.33,70.33,2026-09-22 00:30:00,115,1100,2026-09-23 02:30:00,2026-09-23 22:30:00,2026-09-24,77.29285648890904,76.92398289963688,69.84,64.42856979370117,3.540001,26.0,0.0,0,0,0,1,0,0,0,False,synthetic,100.0,100.0,100.0,100.0,ridge,True,False,0.0,100.0,False,True,False,False,True,4,forecast_trigger,required_outside_pilot,49,80,90,48,1.0
600,2026-09-23,77.37,2026-09-23 02:30:00,54.41,67.71,2026-09-22 00:30:00,119,660,2026-09-23 02:30:00,2026-09-23 22:30:00,2026-09-24,76.38714272635323,75.8110780024012,58.93,44.37857164655413,4.830002,26.0,0.0,0,0,0,1,0,0,0,True,synthetic,100.0,100.0,100.0,100.0,ridge,True,False,0.0,100.0,False,True,False,False,True,4,forecast_trigger,required_outside_pilot,50,80,90,48,1.0
568,2026-09-23,76.83,2026-09-23 02:30:00,66.7,71.44,2026-09-22 00:30:00,113,660,2026-09-23 02:30:00,2026-09-23 22:30:00,2026-09-24,79.0557141985212,77.37080997551317,100.0,63.41857201712472,2.6949997,26.0,0.0,0,0,0,1,0,0,0,False,synthetic,100.0,100.0,100.0,100.0,ridge,True,False,0.0,100.0,False,True,False,False,True,4,forecast_trigger,required_outside_pilot,51,80,90,48,1.0
373,2026-09-23,76.33,2026-09-23 02:30:00,68.41,67.46,2026-09-22 00:30:00,074,660,2026-09-23 02:30:00,2026-09-23 22:30:00,2026-09-24,75.63857160295758,76.78992347148002,49.57,42.34285736083984,4.4350014,26.0,0.0,0,0,0,1,0,0,0,False,synthetic,100.0,100.0,100.0,100.0,ridge,True,False,0.0,100.0,False,True,False,False,True,4,forecast_trigger,required_outside_pilot,52,80,90,48,1.0
378,2026-09-23,76.13,2026-09-23 02:30:00,65.66,69.59,2026-09-22 00:30:00,075,240,2026-09-23 02:30:00,2026-09-23 22:30:00,2026-09-24,71.56000082833427,74.18562747331953,72.15,48.33285740443638,3.2700005,26.0,0.0,0,0,0,1,0,0,0,False,synthetic,100.0,100.0,100.0,100.0,ridge,True,False,0.0,100.0,False,True,False,False,True,4,forecast_trigger,required_outside_pilot,53,80,90,48,1.0
864,2026-09-23,76.06,2026-09-23 02:30:00,64.54,68.6,2026-09-22 00:30:00,172,660,2026-09-23 02:30:00,2026-09-23 22:30:00,2026-09-24,73.63714381626674,73.63824287052437,75.91,62.290000915527344,3.7299995,26.0,0.0,0,0,0,1,0,0,0,False,synthetic,100.0,100.0,100.0,100.0,ridge,True,False,55.59852664621002,100.0,False,True,False,False,True,4,forecast_trigger,required_outside_pilot,54,80,90,48,1.0
575,2026-09-23,75.76,2026-09-23 02:30:00,61.65,,2026-09-22 00:30:00,114,1100,2026-09-23 02:30:00,2026-09-23 22:30:00,2026-09-24,77.7379997253418,76.54304260187237,,68.55399932861329,,26.0,0.0,0,0,0,1,0,0,0,True,synthetic,100.0,100.0,100.0,100.0,ridge,True,False,0.0,100.0,False,True,False,False,True,4,forecast_trigger,required_outside_pilot,55,80,90,48,1.0
439,2026-09-23,75.68,2026-09-23 02:30:00,53.25,62.63,2026-09-22 00:30:00,087,660,2026-09-23 02:30:00,2026-09-23 22:30:00,2026-09-24,80.11000006539481,78.89591433078459,70.42,62.230001722063335,6.5249996,26.0,0.0,0,0,0,1,0,0,0,False,synthetic,100.0,100.0,100.0,100.0,ridge,True,False,0.0,100.0,False,True,False,False,True,4,forecast_trigger,required_outside_pilot,56,80,90,48,1.0
491,2026-09-23,74.73,2026-09-23 02:30:00,59.79,65.83,2026-09-22 00:30:00,098,1100,2026-09-23 02:30:00,2026-09-23 22:30:00,2026-09-24,77.78428649902344,74.9157982774835,97.0,45.19000135149275,4.450001,26.0,0.0,0,0,0,1,0,0,0,False,synthetic,100.0,100.0,100.0,100.0,ridge,True,False,0.0,100.0,False,True,False,False,True,4,forecast_trigger,required_outside_pilot,57,80,90,48,1.0
253,2026-09-23,74.72,2026-09-23 02:30:00,59.91,60.87,2026-09-22 00:30:00,050,660,2026-09-23 02:30:00,2026-09-23 22:30:00,2026-09-24,81.3428568158831,80.1214317560378,64.04,48.62857164655413,6.925001,26.0,0.0,0,0,0,1,0,0,0,False,synthetic,100.0,100.0,100.0,100.0,ridge,True,False,0.0,100.0,False,True,False,False,True,4,forecast_trigger,required_outside_pilot,58,80,90,48,1.0
85,2026-09-23,74.71,2026-09-23 02:30:00,64.5,70.07,2026-09-22 00:30:00,017,660,2026-09-23 02:30:00,2026-09-23 22:30:00,2026-09-24,77.45714296613421,76.16734833303583,53.35,54.15285764421736,2.3199997,26.0,0.0,0,0,0,1,0,0,0,True,synthetic,100.0,100.0,100.0,100.0,ridge,True,False,0.0,100.0,False,True,False,False,True,4,forecast_trigger,required_outside_pilot,59,80,90,48,1.0
286,2026-09-23,74.71,2026-09-23 02:30:00,62.78,69.95,2026-09-22 00:30:00,057,660,2026-09-23 02:30:00,2026-09-23 22:30:00,2026-09-24,68.47499974568684,72.24512552818182,46.03,43.25333340962728,2.380001,26.0,0.0,0,0,0,1,0,0,0,False,synthetic,100.0,100.0,100.0,100.0,ridge,True,True,0.0,100.0,False,True,False,False,True,4,forecast_trigger,pilot_required,60,80,90,48,1.0
965,2026-09-23,74.71,2026-09-23 02:30:00,64.53,64.58,2026-09-22 00:30:00,192,1100,2026-09-23 02:30:00,2026-09-23 22:30:00,2026-09-24,73.7471433367048,74.67698382518702,61.2,48.22285788399832,5.0649986,26.0,0.0,0,0,0,1,0,0,0,True,synthetic,100.0,100.0,100.0,100.0,ridge,True,False,0.0,100.0,False,True,False,False,True,4,forecast_trigger,required_outside_pilot,61,80,90,48,1.0
100,2026-09-23,74.67,2026-09-23 02:30:00,71.03,70.53,2026-09-22 00:30:00,020,1100,2026-09-23 02:30:00,2026-09-23 22:30:00,2026-09-24,77.42714309692383,78.37920641630008,62.73,38.44000026157924,2.0699997,26.0,0.0,0,0,0,1,0,0,0,True,synthetic,100.0,100.0,100.0,100.0,ridge,True,False,0.0,100.0,False,True,False,False,True,4,forecast_trigger,required_outside_pilot,62,80,90,48,1.0
995,2026-09-23,74.46,2026-09-23 02:30:00,70.66,65.66,2026-09-22 00:30:00,198,660,2026-09-23 02:30:00,2026-09-23 22:30:00,2026-09-24,77.22428567068917,80.28408540247742,48.46,52.05857140677316,4.3999977,26.0,0.0,0,0,0,1,0,0,0,True,synthetic,100.0,100.0,100.0,100.0,ridge,True,False,0.0,100.0,False,True,False,False,True,4,forecast_trigger,required_outside_pilot,63,80,90,48,1.0
13,2026-09-23,74.39,2026-09-23 02:30:00,66.86,71.98,2026-09-22 00:30:00,003,1100,2026-09-23 02:30:00,2026-09-23 22:30:00,2026-09-24,76.20142800467355,74.45590379045035,82.88,66.7957126072475,1.204998,26.0,0.0,0,0,0,1,0,0,0,False,synthetic,100.0,100.0,100.0,100.0,ridge,True,False,0.0,100.0,False,True,False,False,True,4,forecast_trigger,required_outside_pilot,64,80,90,48,1.0
361,2026-09-23,74.36,2026-09-23 02:30:00,63.37,67.69,2026-09-22 00:30:00,072,660,2026-09-23 02:30:00,2026-09-23 22:30:00,2026-09-24,75.17857088361468,74.32694220746006,100.0,42.51857049124582,3.334999,26.0,0.0,0,0,0,1,0,0,0,False,synthetic,100.0,100.0,100.0,100.0,ridge,True,False,0.0,100.0,False,True,False,False,True,4,forecast_trigger,required_outside_pilot,65,80,90,48,1.0
319,2026-09-23,74.2,2026-09-23 02:30:00,63.82,72.56,2026-09-22 00:30:00,063,660,2026-09-23 02:30:00,2026-09-23 22:30:00,2026-09-24,74.76714215959821,74.78228245864729,98.04,34.73999949863979,0.8199997,26.0,0.0,0,0,0,1,0,0,0,False,synthetic,97.36959158975483,100.0,100.0,100.0,ridge,True,False,75.99296523690778,100.0,False,True,False,False,True,4,forecast_trigger,required_outside_pilot,66,80,90,48,1.0
657,2026-09-23,73.71,2026-09-23 02:30:00,58.71,59.1,2026-09-22 00:30:00,131,1100,2026-09-23 02:30:00,2026-09-23 22:30:00,2026-09-24,74.83428573608398,76.29613945133254,67.15,37.17999976021903,7.3050003,26.0,0.0,0,0,0,1,0,0,0,False,synthetic,100.0,100.0,100.0,100.0,ridge,True,False,0.0,100.0,False,True,False,False,True,4,forecast_trigger,required_outside_pilot,67,80,90,48,1.0
399,2026-09-23,73.31,2026-09-23 02:30:00,66.78,71.62,2026-09-22 00:30:00,079,240,2026-09-23 02:30:00,2026-09-23 22:30:00,2026-09-24,77.7485716683524,76.6024427264004,96.07,42.32857186453683,0.8449974,26.0,0.0,0,0,0,1,0,0,0,False,synthetic,100.0,100.0,100.0,100.0,ridge,True,False,0.0,100.0,False,True,False,False,True,4,forecast_trigger,required_outside_pilot,68,80,90,48,1.0
719,2026-09-23,72.9,2026-09-23 02:30:00,68.77,73.55,2026-09-22 00:30:00,143,660,2026-09-23 02:30:00,2026-09-23 22:30:00,2026-09-24,76.68571363176618,76.1344657678307,86.73,60.24571337018694,0.0,26.0,0.0,0,0,0,1,0,0,0,False,synthetic,100.0,100.0,100.0,100.0,ridge,True,False,0.0,100.0,False,True,False,False,True,4,forecast_trigger,required_outside_pilot,69,80,90,48,1.0
142,2026-09-23,72.87,2026-09-23 02:30:00,64.13,67.98,2026-09-22 00:30:00,029,1100,2026-09-23 02:30:00,2026-09-23 22:30:00,2026-09-24,81.41428593226841,79.64361423743804,98.55,63.88571439470564,2.4449997,26.0,0.0,0,0,0,1,0,0,0,False,synthetic,100.0,100.0,100.0,100.0,ridge,True,False,0.0,100.0,False,True,False,False,True,4,forecast_trigger,required_outside_pilot,70,80,90,48,1.0
778,2026-09-23,72.68,2026-09-23 02:30:00,63.63,66.21,2026-09-22 00:30:00,155,660,2026-09-23 02:30:00,2026-09-23 22:30:00,2026-09-24,77.61142839704242,76.98106187042835,89.94,39.27428599766323,3.2350006,26.0,0.0,0,0,0,1,0,0,0,False,synthetic,100.0,100.0,100.0,100.0,ridge,True,False,0.0,100.0,False,True,False,False,True,4,forecast_trigger,required_outside_pilot,71,80,90,48,1.0
563,2026-09-23,72.55,2026-09-23 02:30:00,62.26,68.03,2026-09-22 00:30:00,112,660,2026-09-23 02:30:00,2026-09-23 22:30:00,2026-09-24,83.27166557312012,77.7226954851368,100.0,37.72499910990397,2.2600021,26.0,0.0,0,0,0,1,0,0,0,False,synthetic,99.61508644508008,100.0,100.0,100.0,ridge,True,False,0.0,100.0,False,True,False,False,True,4,forecast_trigger,required_outside_pilot,72,80,90,48,1.0
747,2026-09-23,72.5,2026-09-23 02:30:00,56.6,62.66,2026-09-22 00:30:00,149,1100,2026-09-23 02:30:00,2026-09-23 22:30:00,2026-09-24,82.30142756870815,79.7549313787822,92.1,45.53571319580078,4.92,26.0,0.0,0,0,0,1,0,0,0,False,synthetic,100.0,100.0,100.0,100.0,ridge,True,False,0.0,100.0,False,True,False,False,True,4,forecast_trigger,required_outside_pilot,73,80,90,48,1.0
303,2026-09-23,72.39,2026-09-23 02:30:00,61.29,68.76,2026-09-22 00:30:00,060,660,2026-09-23 02:30:00,2026-09-23 22:30:00,2026-09-24,64.10142953055245,63.119723169102826,48.88,35.98428726196289,1.8149986,26.0,0.0,0,0,0,1,0,0,0,False,synthetic,89.39909499019265,100.0,100.0,100.0,ridge,True,True,0.0,100.0,False,True,False,False,True,4,forecast_trigger,pilot_required,74,80,90,48,1.0
8,2026-09-23,71.58,2026-09-23 02:30:00,55.8,56.86,2026-09-22 00:30:00,002,1100,2026-09-23 02:30:00,2026-09-23 22:30:00,2026-09-24,66.87571443830218,69.37078032147986,42.13,40.304285866873606,7.3600006,26.0,0.0,0,0,0,1,0,0,0,False,synthetic,99.2393135454802,100.0,100.0,100.0,ridge,True,False,0.0,100.0,False,True,False,False,True,4,forecast_trigger,required_outside_pilot,75,80,90,48,1.0
65,2026-09-23,71.25,2026-09-23 02:30:00,65.8,69.27,2026-09-22 00:30:00,013,660,2026-09-23 02:30:00,2026-09-23 22:30:00,2026-09-24,76.80714362008231,73.51546145247227,100.0,49.05999973842076,0.9900017,26.0,0.0,0,0,0,1,0,0,0,True,synthetic,99.83136210193862,100.0,100.0,100.0,ridge,True,False,0.0,100.0,False,True,False,False,True,4,forecast_trigger,required_outside_pilot,76,80,90,48,1.0
592,2026-09-23,71.19,2026-09-23 02:30:00,62.35,,2026-09-22 00:30:00,118,660,2026-09-23 02:30:00,2026-09-23 22:30:00,2026-09-24,76.07428632463727,74.74435606301067,57.46,49.84428514753069,,26.0,0.0,0,0,0,1,0,0,0,False,synthetic,100.0,100.0,100.0,100.0,ridge,True,False,0.0,100.0,False,True,False,False,True,4,forecast_trigger,required_outside_pilot,77,80,90,48,1.0
493,2026-09-23,70.88,2026-09-23 02:30:00,61.96,66.49,2026-09-22 00:30:00,098,1100,2026-09-23 02:30:00,2026-09-23 22:30:00,2026-09-24,75.66833368937175,79.02605551843094,66.04,46.5683339436849,2.1949997,26.0,0.0,0,0,0,1,0,0,0,False,synthetic,100.0,100.0,100.0,100.0,ridge,True,False,0.0,100.0,False,True,False,False,True,4,forecast_trigger,required_outside_pilot,78,80,90,48,1.0
671,2026-09-23,70.81,2026-09-23 02:30:00,60.6,68.54,2026-09-22 00:30:00,134,1100,2026-09-23 02:30:00,2026-09-23 22:30:00,2026-09-24,81.02285657610211,76.84584969051569,100.0,45.63999884469168,1.1349983,26.0,0.0,0,0,0,1,0,0,0,False,synthetic,100.0,100.0,100.0,100.0,ridge,True,False,0.0,100.0,False,True,False,False,True,4,forecast_trigger,required_outside_pilot,79,80,90,48,1.0
974,2026-09-23,70.78,2026-09-23 02:30:00,65.02,70.83,2026-09-22 00:30:00,194,1100,2026-09-23 02:30:00,2026-09-23 22:30:00,2026-09-24,68.52999932425362,67.10611568540159,65.38,32.47285624912807,0.0,26.0,0.0,0,0,0,1,0,0,0,False,synthetic,88.15240889563322,100.0,100.0,100.0,ridge,True,False,0.0,100.0,False,True,False,False,True,4,forecast_trigger,required_outside_pilot,80,80,90,48,1.0
63,2026-09-23,70.61,2026-09-23 02:30:00,54.92,58.04,2026-09-22 00:30:00,013,660,2026-09-23 02:30:00,2026-09-23 22:30:00,2026-09-24,75.8783327738444,73.49036631095504,82.5,66.81666628519694,6.285,26.0,0.0,0,0,0,1,0,0,0,False,synthetic,100.0,100.0,100.0,100.0,ridge,True,False,0.0,100.0,False,True,False,False,True,4,forecast_trigger,required_outside_pilot,81,80,90,48,1.0
774,2026-09-23,70.44,2026-09-23 02:30:00,63.34,63.71,2026-09-22 00:30:00,154,1100,2026-09-23 02:30:00,2026-09-23 22:30:00,2026-09-24,82.61857114519391,80.52031196796263,75.99,40.61571284702846,3.3650017,26.0,0.0,0,0,0,1,0,0,0,False,synthetic,100.0,100.0,100.0,100.0,ridge,True,False,0.0,100.0,False,True,False,False,True,4,forecast_trigger,required_outside_pilot,82,80,90,48,1.0
909,2026-09-23,70.3,2026-09-23 02:30:00,62.32,63.62,2026-09-22 00:30:00,181,660,2026-09-23 02:30:00,2026-09-23 22:30:00,2026-09-24,73.21857125418526,74.61277387160301,48.66,41.03285816737584,3.340002,26.0,0.0,0,0,0,1,0,0,0,False,synthetic,99.76346269409729,100.0,100.0,100.0,ridge,True,False,0.0,100.0,False,True,False,False,True,4,forecast_trigger,required_outside_pilot,83,80,90,48,1.0
6,2026-09-23,70.21,2026-09-23 02:30:00,66.65,71.61,2026-09-22 00:30:00,002,1100,2026-09-23 02:30:00,2026-09-23 22:30:00,2026-09-24,73.84142902919224,74.82073918099135,43.47,48.04000037057059,0.0,26.0,0.0,0,0,0,1,0,0,0,False,synthetic,100.0,100.0,100.0,100.0,ridge,True,False,0.0,100.0,False,True,False,False,True,4,forecast_trigger,required_outside_pilot,84,80,90,48,1.0
130,2026-09-23,70.14,2026-09-23 02:30:00,63.64,71.46,2026-09-22 00:30:00,026,1100,2026-09-23 02:30:00,2026-09-23 22:30:00,2026-09-24,73.12999997820172,75.0529480853863,48.23,42.88142830984933,0.0,26.0,0.0,0,0,0,1,0,0,0,True,synthetic,99.70110991452408,100.0,100.0,100.0,ridge,True,False,0.0,100.0,False,True,False,False,True,4,forecast_trigger,required_outside_pilot,85,80,90,48,1.0
886,2026-09-23,69.99,2026-09-23 02:30:00,61.03,64.36,2026-09-22 00:30:00,177,1100,2026-09-23 02:30:00,2026-09-23 22:30:00,2026-09-24,67.4199995313372,66.84305457483393,52.66,36.03999873570034,2.8149986,26.0,0.0,0,0,0,1,0,0,0,False,synthetic,91.22166756268142,100.0,100.0,100.0,ridge,True,False,0.0,100.0,False,True,False,False,True,4,forecast_trigger,required_outside_pilot,86,80,90,48,1.0
338,2026-09-23,69.79,2026-09-23 02:30:00,54.26,56.51,2026-09-22 00:30:00,067,1100,2026-09-23 02:30:00,2026-09-23 22:30:00,2026-09-24,75.17142868041992,75.5212966791829,70.07,53.02285657610212,6.6400013,26.0,0.0,0,0,0,1,0,0,0,False,synthetic,100.0,100.0,100.0,100.0,ridge,True,False,0.0,100.0,False,True,False,False,True,4,forecast_trigger,required_outside_pilot,87,80,90,48,1.0
767,2026-09-23,69.53,2026-09-23 02:30:00,51.08,59.55,2026-09-22 00:30:00,153,1100,2026-09-23 02:30:00,2026-09-23 22:30:00,2026-09-24,71.95714351109096,71.3325121385599,50.88,47.92000034877232,4.99,26.0,0.0,0,0,0,1,0,0,0,False,synthetic,100.0,100.0,100.0,100.0,ridge,True,False,0.0,100.0,False,True,False,False,True,4,forecast_trigger,required_outside_pilot,88,80,90,48,1.0
611,2026-09-23,69.51,2026-09-23 02:30:00,62.14,64.85,2026-09-22 00:30:00,122,660,2026-09-23 02:30:00,2026-09-23 22:30:00,2026-09-24,77.17857088361468,77.49473640446641,61.64,48.90571321759905,2.3300018,26.0,0.0,0,0,0,1,0,0,0,False,synthetic,100.0,100.0,100.0,100.0,ridge,True,False,0.0,100.0,False,True,False,False,True,4,forecast_trigger,required_outside_pilot,89,80,90,48,1.0
156,2026-09-23,69.49,2026-09-23 02:30:00,59.02,69.72,2026-09-22 00:30:00,032,1100,2026-09-23 02:30:00,2026-09-23 22:30:00,2026-09-24,78.38428660801479,75.88731790842024,98.15,46.877143314906526,0.0,26.0,0.0,0,0,0,1,0,0,0,False,synthetic,100.0,100.0,100.0,100.0,ridge,True,False,0.0,100.0,False,True,False,False,True,4,forecast_trigger,required_outside_pilot,90,80,90,48,1.0
320,2026-09-23,69.41,2026-09-23 02:30:00,100.0,57.39,2026-09-23 00:30:00,063,240,2026-09-23 02:30:00,2026-09-23 22:30:00,2026-09-24,81.86666615804036,80.6652614342993,100.0,50.50166575113932,6.010002,2.0,0.0,0,0,0,1,0,0,0,True,synthetic,92.97475553087112,100.0,100.0,100.0,ridge,True,True,0.0,100.0,False,True,False,False,True,4,forecast_trigger,pilot_required,91,80,90,48,1.0
195,2026-09-23,69.36,2026-09-23 02:30:00,66.18,63.77,2026-09-22 00:30:00,038,660,2026-09-23 02:30:00,2026-09-23 22:30:00,2026-09-24,82.04571424211774,78.62074632701159,100.0,57.35714285714285,2.795,26.0,0.0,0,0,0,1,0,0,0,True,synthetic,100.0,100.0,100.0,100.0,ridge,True,False,0.0,100.0,False,True,False,False,True,4,forecast_trigger,required_outside_pilot,92,80,90,48,1.0
586,2026-09-23,69.14,2026-09-23 02:30:00,52.01,61.67,2026-09-22 00:30:00,117,660,2026-09-23 02:30:00,2026-09-23 22:30:00,2026-09-24,77.88428497314453,76.77728039954692,65.67,37.90571430751256,3.7350006,26.0,0.0,0,0,0,1,0,0,0,False,synthetic,100.0,100.0,100.0,100.0,ridge,True,False,0.0,100.0,False,True,False,False,True,4,forecast_trigger,required_outside_pilot,93,80,90,48,1.0
673,2026-09-23,68.91,2026-09-23 02:30:00,59.2,62.7,2026-09-22 00:30:00,134,240,2026-09-23 02:30:00,2026-09-23 22:30:00,2026-09-24,80.13428606305804,76.31175835602689,78.55,68.2614277430943,3.1050014,26.0,0.0,0,0,0,1,0,0,0,False,synthetic,100.0,100.0,100.0,100.0,ridge,True,False,0.0,100.0,False,True,False,False,True,4,forecast_trigger,required_outside_pilot,94,80,90,48,1.0
977,2026-09-23,68.71,2026-09-23 02:30:00,60.9,60.51,2026-09-22 00:30:00,195,1100,2026-09-23 02:30:00,2026-09-23 22:30:00,2026-09-24,77.61428560529437,74.04510665190355,59.35,57.447143009730745,4.1000004,26.0,0.0,0,0,0,1,0,0,0,False,synthetic,100.0,100.0,100.0,100.0,ridge,True,False,0.0,100.0,False,True,False,False,True,4,forecast_trigger,required_outside_pilot,95,80,90,48,1.0
573,2026-09-23,68.32,2026-09-23 02:30:00,51.61,56.28,2026-09-22 00:30:00,114,660,2026-09-23 02:30:00,2026-09-23 22:30:00,2026-09-24,73.51142937796456,69.32164407260015,98.08,46.08571515764509,6.0200005,26.0,0.0,0,0,0,1,0,0,0,False,synthetic,98.79560363902476,100.0,100.0,100.0,ridge,True,False,0.0,100.0,False,True,False,False,True,4,forecast_trigger,required_outside_pilot,96,80,90,48,1.0
258,2026-09-23,68.15,2026-09-23 02:30:00,62.9,68.38,2026-09-22 00:30:00,051,1100,2026-09-23 02:30:00,2026-09-23 22:30:00,2026-09-24,71.62428610665458,71.55003021106766,61.75,46.748573303222656,0.0,26.0,0.0,0,0,0,1,0,0,0,False,synthetic,97.2435373436333,100.0,100.0,100.0,ridge,True,False,0.0,100.0,False,True,False,False,True,4,forecast_trigger,required_outside_pilot,97,80,90,48,1.0
682,2026-09-23,67.96,2026-09-23 02:30:00,57.05,60.41,2026-09-22 00:30:00,136,1100,2026-09-23 02:30:00,2026-09-23 22:30:00,2026-09-24,70.67714364188058,72.57462644559877,53.17,39.52857262747629,3.7749996,26.0,0.0,0,0,0,1,0,0,0,False,synthetic,97.83814566463144,100.0,100.0,100.0,ridge,True,False,0.0,100.0,False,True,False,False,True,4,forecast_trigger,required_outside_pilot,98,80,90,48,1.0
174,2026-09-23,67.94,2026-09-23 02:30:00,60.21,61.46,2026-09-22 00:30:00,034,660,2026-09-23 02:30:00,2026-09-23 22:30:00,2026-09-24,76.23142841884068,75.74700440065503,60.24,57.59285736083984,3.2400017,26.0,0.0,0,0,0,1,0,0,0,False,synthetic,100.0,100.0,100.0,100.0,ridge,True,False,0.0,100.0,False,True,False,False,True,4,forecast_trigger,required_outside_pilot,99,80,90,48,1.0
96,2026-09-23,67.74,2026-09-23 02:30:00,63.09,68.95,2026-09-22 00:30:00,020,660,2026-09-23 02:30:00,2026-09-23 22:30:00,2026-09-24,84.61999893188477,78.22016688904286,100.0,45.88285446166992,0.0,26.0,0.0,0,0,0,1,0,0,0,False,synthetic,99.97634942588311,100.0,100.0,100.0,ridge,True,False,0.0,100.0,False,True,False,False,True,4,forecast_trigger,required_outside_pilot,100,80,90,48,1.0
56,2026-09-23,67.56,2026-09-23 02:30:00,57.3,63.67,2026-09-22 00:30:00,012,660,2026-09-23 02:30:00,2026-09-23 22:30:00,2026-09-24,78.0,76.39131417250738,61.16,41.3985721043178,1.9449997,26.0,0.0,0,0,0,1,0,0,0,False,synthetic,100.0,100.0,100.0,100.0,ridge,True,False,0.0,100.0,False,True,False,False,True,4,forecast_trigger,required_outside_pilot,101,80,90,48,1.0
99,2026-09-23,67.29,2026-09-23 02:30:00,58.79,64.75,2026-09-22 00:30:00,020,660,2026-09-23 02:30:00,2026-09-23 22:30:00,2026-09-24,77.5471431187221,72.85756610921794,88.8,38.25142887660435,1.2700005,26.0,0.0,0,0,0,1,0,0,0,False,synthetic,94.29298012728152,100.0,100.0,100.0,ridge,True,False,0.0,100.0,False,True,False,False,True,4,forecast_trigger,required_outside_pilot,102,80,90,48,1.0
110,2026-09-23,67.28,2026-09-23 02:30:00,49.21,58.52,2026-09-22 00:30:00,022,660,2026-09-23 02:30:00,2026-09-23 22:30:00,2026-09-24,68.56166776021321,69.2078603676853,,46.37500127156576,4.379999,26.0,0.0,0,0,0,1,0,0,0,True,synthetic,99.88273258261194,100.0,100.0,100.0,ridge,True,False,0.0,100.0,False,True,False,False,True,4,forecast_trigger,required_outside_pilot,103,80,90,48,1.0
393,2026-09-23,67.23,2026-09-23 02:30:00,58.05,68.84,2026-09-22 00:30:00,078,660,2026-09-23 02:30:00,2026-09-23 22:30:00,2026-09-24,77.27714211600167,74.22141642442392,98.64,47.37999888828823,0.0,26.0,0.0,0,0,0,1,0,0,0,False,synthetic,99.44905409227106,100.0,100.0,100.0,ridge,True,True,0.0,100.0,False,True,False,False,True,4,forecast_trigger,pilot_required,104,80,90,48,1.0
217,2026-09-23,67.16,2026-09-23 02:30:00,60.32,62.05,2026-09-22 00:30:00,043,1100,2026-09-23 02:30:00,2026-09-23 22:30:00,2026-09-24,69.04166603088379,72.38204274022748,55.8,38.589999516805015,2.5550022,26.0,0.0,0,0,0,1,0,0,0,False,synthetic,95.8907466899908,100.0,100.0,100.0,ridge,True,False,0.0,100.0,False,True,False,False,True,4,forecast_trigger,required_outside_pilot,105,80,90,48,1.0
605,2026-09-23,66.99,2026-09-23 02:30:00,56.01,60.44,2026-09-22 00:30:00,120,660,2026-09-23 02:30:00,2026-09-23 22:30:00,2026-09-24,70.74285725184849,71.12554359383424,50.57,42.77142824445452,3.2749996,26.0,0.0,0,0,0,1,0,0,0,True,synthetic,97.57283392372716,100.0,100.0,100.0,ridge,True,False,0.0,100.0,False,True,False,False,True,4,forecast_trigger,required_outside_pilot,106,80,90,48,1.0
840,2026-09-23,66.94,2026-09-23 02:30:00,52.85,56.5,2026-09-22 00:30:00,167,660,2026-09-23 02:30:00,2026-09-23 22:30:00,2026-09-24,83.69571467808315,77.79212214018835,100.0,60.594286237444194,5.220001,26.0,0.0,0,0,0,1,0,0,0,True,synthetic,100.0,100.0,100.0,100.0,ridge,True,False,0.0,100.0,False,True,False,False,True,4,forecast_trigger,required_outside_pilot,107,80,90,48,1.0
722,2026-09-23,66.52,2026-09-23 02:30:00,52.04,54.83,2026-09-22 00:30:00,144,240,2026-09-23 02:30:00,2026-09-23 22:30:00,2026-09-24,65.72428676060268,66.45104644620028,41.96,36.90428679330008,5.8449974,26.0,0.0,0,0,0,1,0,0,0,False,synthetic,93.18908271313715,100.0,100.0,100.0,ridge,True,False,0.0,100.0,False,True,False,False,True,4,forecast_trigger,required_outside_pilot,108,80,90,48,1.0
459,2026-09-23,66.47,2026-09-23 02:30:00,56.47,68.12,2026-09-22 00:30:00,091,660,2026-09-23 02:30:00,2026-09-23 22:30:00,2026-09-24,86.40714372907367,79.6912575354493,99.16,68.76857267107282,0.0,26.0,0.0,0,0,0,1,0,0,0,False,synthetic,100.0,100.0,100.0,100.0,ridge,True,False,0.0,100.0,False,True,False,False,True,4,forecast_trigger,required_outside_pilot,109,80,90,48,1.0
680,2026-09-23,66.41,2026-09-23 02:30:00,51.47,56.14,2026-09-22 00:30:00,135,660,2026-09-23 02:30:00,2026-09-23 22:30:00,2026-09-24,71.2928581237793,71.34430206216938,51.27,40.890001024518696,5.135002,26.0,0.0,0,0,0,1,0,0,0,True,synthetic,98.25286156809656,100.0,100.0,100.0,ridge,True,False,0.0,100.0,False,True,False,False,True,4,forecast_trigger,required_outside_pilot,110,80,90,48,1.0
569,2026-09-23,66.17,2026-09-23 02:30:00,51.59,56.62,2026-09-22 00:30:00,113,240,2026-09-23 02:30:00,2026-09-23 22:30:00,2026-09-24,84.28000041416713,76.30775000849425,100.0,59.45285742623465,4.7749996,26.0,0.0,0,0,0,1,0,0,0,False,synthetic,100.0,100.0,100.0,100.0,ridge,True,False,0.0,100.0,False,True,False,False,True,4,forecast_trigger,required_outside_pilot,111,80,90,48,1.0
384,2026-09-23,66.06,2026-09-23 02:30:00,57.77,62.46,2026-09-22 00:30:00,076,660,2026-09-23 02:30:00,2026-09-23 22:30:00,2026-09-24,74.31666628519694,70.3891795992684,99.38,41.67166582743327,1.7999992,26.0,0.0,0,0,0,1,0,0,0,False,synthetic,93.69225527804434,100.0,100.0,100.0,ridge,True,True,0.0,100.0,False,True,False,False,True,4,forecast_trigger,pilot_required,112,80,90,48,1.0
362,2026-09-23,65.99,2026-09-23 02:30:00,62.26,61.04,2026-09-22 00:30:00,072,660,2026-09-23 02:30:00,2026-09-23 22:30:00,2026-09-24,88.53571374075753,84.32058041095274,84.82,74.87999943324498,2.4749985,26.0,0.0,0,0,0,1,0,0,0,False,synthetic,100.0,100.0,100.0,100.0,ridge,True,True,0.0,100.0,False,True,False,False,True,4,forecast_trigger,pilot_required,113,80,90,48,1.0
325,2026-09-23,65.87,2026-09-23 02:30:00,54.53,61.71,2026-09-22 00:30:00,064,660,2026-09-23 02:30:00,2026-09-23 22:30:00,2026-09-24,70.0514281136649,71.02704606465981,49.61,38.688571384974885,2.0800018,26.0,0.0,0,0,0,1,0,0,0,True,synthetic,95.34435570666162,100.0,100.0,100.0,ridge,True,False,0.0,100.0,False,True,False,False,True,4,forecast_trigger,required_outside_pilot,114,80,90,48,1.0
476,2026-09-23,65.85,2026-09-23 02:30:00,57.38,62.05,2026-09-22 00:30:00,095,660,2026-09-23 02:30:00,2026-09-23 22:30:00,2026-09-24,61.89142881120954,63.69945746767527,46.85,35.90285791669573,1.8999996,26.0,0.0,0,0,0,1,0,0,0,False,synthetic,87.92042076168144,100.0,100.0,100.0,ridge,True,False,0.0,100.0,False,True,False,False,True,4,forecast_trigger,required_outside_pilot,115,80,90,48,1.0
434,2026-09-23,65.8,2026-09-23 02:30:00,43.52,50.76,2026-09-22 00:30:00,086,660,2026-09-23 02:30:00,2026-09-23 22:30:00,2026-09-24,77.74571500505719,76.03649257669159,65.37,57.24714388166155,7.5200024,26.0,0.0,0,0,0,1,0,0,0,False,synthetic,100.0,100.0,100.0,100.0,ridge,True,False,0.0,100.0,False,True,False,False,True,4,forecast_trigger,required_outside_pilot,116,80,90,48,1.0
704,2026-09-23,65.72,2026-09-23 02:30:00,57.16,63.04,2026-09-22 00:30:00,140,240,2026-09-23 02:30:00,2026-09-23 22:30:00,2026-09-24,79.98857171194894,77.01876877001288,99.51,55.05999973842076,1.3400002,26.0,0.0,0,0,0,1,0,0,0,False,synthetic,100.0,100.0,100.0,100.0,ridge,True,False,0.0,100.0,False,True,False,False,True,4,forecast_trigger,required_outside_pilot,117,80,90,48,1.0
316,2026-09-23,65.7,2026-09-23 02:30:00,59.3,63.8,2026-09-22 00:30:00,063,1100,2026-09-23 02:30:00,2026-09-23 22:30:00,2026-09-24,77.52428599766323,73.59512858249457,98.18,39.52571487426758,0.94999886,26.0,0.0,0,0,0,1,0,0,0,False,synthetic,94.29343082575748,100.0,100.0,100.0,ridge,True,False,0.0,100.0,False,True,False,False,True,4,forecast_trigger,required_outside_pilot,118,80,90,48,1.0
335,2026-09-23,65.65,2026-09-23 02:30:00,54.35,57.11,2026-09-22 00:30:00,066,1100,2026-09-23 02:30:00,2026-09-23 22:30:00,2026-09-24,81.32142748151507,77.56805554017356,100.0,57.641427176339285,4.2700005,26.0,0.0,0,0,0,1,0,0,0,True,synthetic,100.0,100.0,100.0,100.0,ridge,True,False,0.0,100.0,False,True,False,False,True,4,forecast_trigger,required_outside_pilot,119,80,90,48,1.0
931,2026-09-23,65.57,2026-09-23 02:30:00,59.04,63.63,2026-09-22 00:30:00,186,660,2026-09-23 02:30:00,2026-09-23 22:30:00,2026-09-24,75.38714272635323,70.85125622976693,98.79,47.487142017909456,0.9699993,26.0,0.0,0,0,0,1,0,0,0,False,synthetic,95.63636669484194,100.0,100.0,100.0,ridge,True,False,0.0,100.0,False,True,False,False,True,4,forecast_trigger,required_outside_pilot,120,80,90,48,1.0
111,2026-09-23,65.25,2026-09-23 02:30:00,60.73,62.34,2026-09-22 00:30:00,023,1100,2026-09-23 02:30:00,2026-09-23 22:30:00,2026-09-24,77.98571341378349,73.6039615953422,97.35,39.91285651070731,1.4549999,26.0,0.0,0,0,0,1,0,0,0,False,synthetic,93.86397834129606,100.0,100.0,100.0,ridge,True,False,0.0,100.0,False,True,False,False,True,4,forecast_trigger,required_outside_pilot,121,80,90,48,1.0
857,2026-09-23,64.97,2026-09-23 02:30:00,61.11,60.21,2026-09-22 00:30:00,171,1100,2026-09-23 02:30:00,2026-09-23 22:30:00,2026-09-24,71.31142970493862,70.47326275670932,60.22,39.98571559361049,2.380001,26.0,0.0,0,0,0,1,0,0,0,False,synthetic,92.66419524038776,100.0,100.0,100.0,ridge,True,False,0.0,100.0,False,True,False,False,True,4,forecast_trigger,required_outside_pilot,122,80,90,48,1.0
113,2026-09-23,64.8,2026-09-23 02:30:00,56.48,56.74,2026-09-22 00:30:00,023,660,2026-09-23 02:30:00,2026-09-23 22:30:00,2026-09-24,81.6028573172433,75.8229024768489,100.0,45.19857134137835,4.0300007,26.0,0.0,0,0,0,1,0,0,0,False,synthetic,99.1888944052495,100.0,100.0,100.0,ridge,True,False,0.0,100.0,False,True,False,False,True,4,forecast_trigger,required_outside_pilot,123,80,90,48,1.0
47,2026-09-23,64.65,2026-09-23 02:30:00,53.12,60.44,2026-09-22 00:30:00,010,1100,2026-09-23 02:30:00,2026-09-23 22:30:00,2026-09-24,64.33857073102679,65.68327796343641,43.75,39.20142691476004,2.1050014,26.0,0.0,0,0,0,1,0,0,0,False,synthetic,91.32381149255762,100.0,100.0,100.0,ridge,True,False,0.0,100.0,False,True,False,False,True,4,forecast_trigger,required_outside_pilot,124,80,90,48,1.0
355,2026-09-23,64.65,2026-09-23 02:30:00,59.52,63.26,2026-09-22 00:30:00,070,240,2026-09-23 02:30:00,2026-09-23 22:30:00,2026-09-24,80.37833404541016,75.89418819129969,100.0,41.58833312988281,0.6950016,26.0,0.0,0,0,0,1,0,0,0,True,synthetic,96.2300365389213,100.0,100.0,100.0,ridge,True,False,0.0,100.0,False,True,False,False,True,4,forecast_trigger,required_outside_pilot,125,80,90,48,1.0
758,2026-09-23,64.63,2026-09-23 02:30:00,57.47,63.17,2026-09-22 00:30:00,151,660,2026-09-23 02:30:00,2026-09-23 22:30:00,2026-09-24,75.05285808018276,71.55779198410269,100.0,48.10285786220005,0.72999954,26.0,0.0,0,0,0,1,0,0,0,False,synthetic,96.50510880335986,100.0,100.0,100.0,ridge,True,False,46.55495998429719,100.0,False,True,False,False,True,4,forecast_trigger,required_outside_pilot,126,80,90,48,1.0
55,2026-09-23,64.43,2026-09-23 02:30:00,47.81,52.93,2026-09-22 00:30:00,011,660,2026-09-23 02:30:00,2026-09-23 22:30:00,2026-09-24,73.57285635811942,73.61341728564483,49.98,47.88999993460519,5.75,26.0,0.0,0,0,0,1,0,0,0,True,synthetic,100.0,100.0,100.0,100.0,ridge,True,False,0.0,100.0,False,True,False,False,True,4,forecast_trigger,required_outside_pilot,127,80,90,48,1.0
537,2026-09-23,64.24,2026-09-23 02:30:00,45.48,54.78,2026-09-22 00:30:00,107,660,2026-09-23 02:30:00,2026-09-23 22:30:00,2026-09-24,76.61714335850307,73.32279973685652,86.86,33.95714405604771,4.7299995,26.0,0.0,0,0,0,1,0,0,0,False,synthetic,95.9851863322277,100.0,100.0,100.0,ridge,True,False,0.0,100.0,False,True,False,False,True,4,forecast_trigger,required_outside_pilot,128,80,90,48,1.0
141,2026-09-23,64.22,2026-09-23 02:30:00,57.62,57.15,2026-09-22 00:30:00,029,660,2026-09-23 02:30:00,2026-09-23 22:30:00,2026-09-24,79.08428573608398,75.85676976813558,92.58,60.21857125418527,3.5349998,26.0,0.0,0,0,0,1,0,0,0,False,synthetic,100.0,100.0,100.0,100.0,ridge,True,False,0.0,100.0,False,True,False,False,True,4,forecast_trigger,required_outside_pilot,129,80,90,48,1.0
802,2026-09-23,63.95,2026-09-23 02:30:00,55.33,63.58,2026-09-22 00:30:00,160,660,2026-09-23 02:30:00,2026-09-23 22:30:00,2026-09-24,63.53000095912388,65.05327178003995,53.25,34.78142901829311,0.18499947,26.0,0.0,0,0,0,1,0,0,0,False,synthetic,87.42084447982364,100.0,100.0,100.0,ridge,True,False,0.0,100.0,False,True,False,False,True,4,forecast_trigger,required_outside_pilot,130,80,90,48,1.0
836,2026-09-23,63.63,2026-09-23 02:30:00,56.05,55.93,2026-09-22 00:30:00,167,1100,2026-09-23 02:30:00,2026-09-23 22:30:00,2026-09-24,84.92714309692383,80.26468265323933,95.89,41.901428767613005,3.8500004,26.0,0.0,0,0,0,1,0,0,0,False,synthetic,100.0,100.0,100.0,100.0,ridge,True,False,0.0,100.0,False,True,False,False,True,4,forecast_trigger,required_outside_pilot,131,80,90,48,1.0
979,2026-09-23,63.57,2026-09-23 02:30:00,100.0,55.47,2026-09-23 00:30:00,195,1100,2026-09-23 02:30:00,2026-09-23 22:30:00,2026-09-24,82.38285664149693,81.1142006540617,100.0,39.321427481515066,4.049999,2.0,0.0,0,0,0,1,0,0,0,False,synthetic,84.57360975698946,97.62916376514876,100.0,100.0,ridge,True,False,0.0,100.0,False,True,False,False,True,4,forecast_trigger,required_outside_pilot,132,80,90,48,1.0
260,2026-09-23,63.54,2026-09-23 02:30:00,63.99,63.45,2026-09-22 00:30:00,051,240,2026-09-23 02:30:00,2026-09-23 22:30:00,2026-09-24,77.6957141331264,76.53752600119428,71.69,63.69857134137835,0.045000076,26.0,0.0,0,0,0,1,0,0,0,True,synthetic,100.0,100.0,100.0,100.0,ridge,True,False,0.0,100.0,False,True,False,False,True,4,forecast_trigger,required_outside_pilot,133,80,90,48,1.0
983,2026-09-23,63.45,2026-09-23 02:30:00,54.84,60.16,2026-09-22 00:30:00,196,660,2026-09-23 02:30:00,2026-09-23 22:30:00,2026-09-24,74.7471433367048,74.65039222185621,41.02,52.08714348929269,1.6450005,26.0,0.0,0,0,0,1,0,0,0,False,synthetic,100.0,100.0,100.0,100.0,ridge,True,False,0.0,100.0,False,True,False,False,True,4,forecast_trigger,required_outside_pilot,134,80,90,48,1.0
766,2026-09-23,63.4,2026-09-23 02:30:00,53.0,53.67,2026-09-22 00:30:00,153,660,2026-09-23 02:30:00,2026-09-23 22:30:00,2026-09-24,77.8471439906529,74.03081153024152,100.0,49.72714396885464,4.8650017,26.0,0.0,0,0,0,1,0,0,0,False,synthetic,100.0,100.0,100.0,100.0,ridge,True,False,0.0,100.0,False,True,False,False,True,4,forecast_trigger,required_outside_pilot,135,80,90,48,1.0
708,2026-09-23,63.38,2026-09-23 02:30:00,57.73,59.57,2026-09-22 00:30:00,141,1100,2026-09-23 02:30:00,2026-09-23 22:30:00,2026-09-24,74.88714163643974,70.46092510500097,92.09,31.865713391985214,1.9050007,26.0,0.0,0,0,0,1,0,0,0,False,synthetic,87.93262156340741,100.0,100.0,100.0,ridge,True,False,0.0,100.0,False,True,False,False,True,4,forecast_trigger,required_outside_pilot,136,80,90,48,1.0
547,2026-09-23,63.33,2026-09-23 02:30:00,56.66,61.07,2026-09-22 00:30:00,109,240,2026-09-23 02:30:00,2026-09-23 22:30:00,2026-09-24,83.4485718863351,78.71053380796792,99.22,48.06857190813337,1.1300011,26.0,0.0,0,0,0,1,0,0,0,False,synthetic,100.0,100.0,100.0,100.0,ridge,True,False,0.0,100.0,False,True,False,False,True,4,forecast_trigger,required_outside_pilot,137,80,90,48,1.0
700,2026-09-23,63.33,2026-09-23 02:30:00,54.55,59.12,2026-09-22 00:30:00,139,1100,2026-09-23 02:30:00,2026-09-23 22:30:00,2026-09-24,77.97833315531413,79.11862472941381,62.53,57.06333351135254,2.1050014,26.0,0.0,0,0,0,1,0,0,0,True,synthetic,100.0,100.0,100.0,100.0,ridge,True,False,0.0,100.0,False,True,False,False,True,4,forecast_trigger,required_outside_pilot,138,80,90,48,1.0
707,2026-09-23,63.04,2026-09-23 02:30:00,59.98,65.34,2026-09-22 00:30:00,141,660,2026-09-23 02:30:00,2026-09-23 22:30:00,2026-09-24,80.43999917166573,75.28290701812199,99.83,49.04428482055664,0.0,26.0,0.0,0,0,0,1,0,0,0,False,synthetic,97.70583792093136,100.0,100.0,100.0,ridge,True,False,0.0,100.0,False,True,False,False,True,4,forecast_trigger,required_outside_pilot,139,80,90,48,1.0
280,2026-09-23,62.97,2026-09-23 02:30:00,53.84,58.81,2026-09-22 00:30:00,055,660,2026-09-23 02:30:00,2026-09-23 22:30:00,2026-09-24,71.83571434020996,72.5607309763943,57.98,42.375714438302175,2.08,26.0,0.0,0,0,0,1,0,0,0,True,synthetic,96.56734574457218,100.0,100.0,100.0,ridge,True,True,0.0,100.0,False,True,False,False,True,4,forecast_trigger,pilot_required,140,80,90,48,1.0
197,2026-09-23,62.92,2026-09-23 02:30:00,47.92,50.96,2026-09-22 00:30:00,039,660,2026-09-23 02:30:00,2026-09-23 22:30:00,2026-09-24,69.55285753522601,71.3546974146018,52.65,39.6971435546875,5.9799995,26.0,0.0,0,0,0,1,0,0,0,False,synthetic,97.3682739239989,100.0,100.0,100.0,ridge,True,False,0.0,100.0,False,True,False,False,True,4,forecast_trigger,required_outside_pilot,141,80,90,48,1.0
882,2026-09-23,62.86,2026-09-23 02:30:00,54.65,53.92,2026-09-22 00:30:00,176,660,2026-09-23 02:30:00,2026-09-23 22:30:00,2026-09-24,68.06714412144252,64.99395739788815,85.98,33.37857328142439,4.470001,26.0,0.0,0,0,0,1,0,0,0,False,synthetic,86.08336464442499,99.1389186525843,100.0,100.0,ridge,True,False,0.0,100.0,False,True,False,False,True,4,forecast_trigger,required_outside_pilot,142,80,90,48,1.0
732,2026-09-23,62.76,2026-09-23 02:30:00,40.93,60.62,2026-09-22 00:30:00,146,1100,2026-09-23 02:30:00,2026-09-23 22:30:00,2026-09-24,75.23285675048828,70.35768966487916,99.52,39.63285609654018,1.0699997,26.0,0.0,0,0,0,1,0,0,0,False,synthetic,95.2199760179075,100.0,100.0,100.0,ridge,True,False,0.0,100.0,False,True,False,False,True,4,forecast_trigger,required_outside_pilot,143,80,90,48,1.0
984,2026-09-23,62.75,2026-09-23 02:30:00,54.46,59.52,2026-09-22 00:30:00,196,660,2026-09-23 02:30:00,2026-09-23 22:30:00,2026-09-24,76.61199951171875,77.18177961782027,,42.8620002746582,1.6149998,26.0,0.0,0,0,0,1,0,0,0,False,synthetic,99.72475289050698,100.0,100.0,100.0,ridge,True,False,0.0,100.0,False,True,False,False,True,4,forecast_trigger,required_outside_pilot,144,80,90,48,1.0
526,2026-09-23,62.63,2026-09-23 02:30:00,51.79,57.16,2026-09-22 00:30:00,105,660,2026-09-23 02:30:00,2026-09-23 22:30:00,2026-09-24,66.87000111171177,67.16513447280884,83.63,40.14571489606585,2.7350006,26.0,0.0,0,0,0,1,0,0,0,False,synthetic,91.6583114393398,100.0,100.0,100.0,ridge,True,False,0.0,100.0,False,True,False,False,True,4,forecast_trigger,required_outside_pilot,145,80,90,48,1.0
417,2026-09-23,62.37,2026-09-23 02:30:00,57.19,63.97,2026-09-22 00:30:00,083,660,2026-09-23 02:30:00,2026-09-23 22:30:00,2026-09-24,86.7516663869222,80.5368013111406,85.9,58.29666709899902,0.0,26.0,0.0,0,0,0,1,0,0,0,False,synthetic,100.0,100.0,100.0,100.0,ridge,True,False,0.0,100.0,False,True,False,False,True,4,forecast_trigger,required_outside_pilot,146,80,90,48,1.0
535,2026-09-23,62.33,2026-09-23 02:30:00,55.45,63.88,2026-09-22 00:30:00,106,1100,2026-09-23 02:30:00,2026-09-23 22:30:00,2026-09-24,73.11285781860352,71.7117485169313,57.96,39.23714392525809,0.0,26.0,0.0,0,0,0,1,0,0,0,True,synthetic,92.76453642572868,100.0,100.0,100.0,ridge,True,False,0.0,100.0,False,True,False,False,True,4,forecast_trigger,required_outside_pilot,147,80,90,48,1.0
667,2026-09-23,62.33,2026-09-23 02:30:00,53.96,58.76,2026-09-22 00:30:00,133,1100,2026-09-23 02:30:00,2026-09-23 22:30:00,2026-09-24,67.03714370727539,69.22112548844896,28.45,46.70857238769531,1.7850018,26.0,0.0,0,0,0,1,0,0,0,False,synthetic,96.0545956568275,100.0,100.0,100.0,ridge,True,False,0.0,100.0,False,True,False,False,True,4,forecast_trigger,required_outside_pilot,148,80,90,48,1.0
980,2026-09-23,62.29,2026-09-23 02:30:00,100.0,55.4,2026-09-23 00:30:00,195,660,2026-09-23 02:30:00,2026-09-23 22:30:00,2026-09-24,79.50428499494281,81.85112246457774,77.85,46.2499989100865,3.4449997,2.0,0.0,0,0,0,1,0,0,0,True,synthetic,88.3866177188096,100.0,100.0,100.0,ridge,True,False,0.0,100.0,False,True,False,False,True,4,forecast_trigger,required_outside_pilot,149,80,90,48,1.0
515,2026-09-23,62.25,2026-09-23 02:30:00,56.95,,2026-09-22 00:30:00,102,660,2026-09-23 02:30:00,2026-09-23 22:30:00,2026-09-24,76.71666717529297,73.07133492124518,100.0,41.96500015258789,,26.0,0.0,0,0,0,1,0,0,0,True,synthetic,92.57345689070986,100.0,100.0,100.0,ridge,True,False,0.0,100.0,False,True,False,False,True,4,forecast_trigger,required_outside_pilot,150,80,90,48,1.0
985,2026-09-23,62.24,2026-09-23 02:30:00,57.31,59.25,2026-09-22 00:30:00,196,1100,2026-09-23 02:30:00,2026-09-23 22:30:00,2026-09-24,63.31857190813337,66.53852877608858,39.61,35.572857992989675,1.4950008,26.0,0.0,0,0,0,1,0,0,0,True,synthetic,88.17198451575952,100.0,100.0,100.0,ridge,True,False,0.0,100.0,False,True,False,False,True,4,forecast_trigger,required_outside_pilot,151,80,90,48,1.0
720,2026-09-23,61.98,2026-09-23 02:30:00,53.61,60.0,2026-09-22 00:30:00,143,660,2026-09-23 02:30:00,2026-09-23 22:30:00,2026-09-24,86.55714362008231,82.28046915954448,60.41,28.12285777500697,0.9899998,26.0,0.0,0,0,0,1,0,0,0,True,synthetic,95.88084252176868,100.0,100.0,100.0,ridge,True,False,3.4700795629386825,100.0,False,True,False,False,True,4,forecast_trigger,required_outside_pilot,152,80,90,48,1.0
783,2026-09-23,61.86,2026-09-23 00:30:00,55.18,61.86,2026-09-22 00:30:00,156,660,2026-09-23 02:30:00,2026-09-23 22:30:00,2026-09-24,77.7914297921317,73.36650920652369,65.91,65.86571557181222,0.0,26.0,2.0,0,0,0,1,0,0,0,False,synthetic,100.0,100.0,100.0,100.0,ridge,True,False,0.0,100.0,False,True,False,False,True,4,forecast_trigger,required_outside_pilot,153,80,90,48,1.0
681,2026-09-23,61.72,2026-09-23 02:30:00,54.67,62.31,2026-09-22 00:30:00,136,660,2026-09-23 02:30:00,2026-09-23 22:30:00,2026-09-24,64.34142793927874,64.56355701780032,43.27,38.80857140677316,0.0,26.0,0.0,0,0,0,1,0,0,0,False,synthetic,87.58663405183793,100.0,100.0,100.0,ridge,True,False,0.0,100.0,False,True,False,False,True,4,forecast_trigger,required_outside_pilot,154,80,90,48,1.0
892,2026-09-23,61.68,2026-09-23 02:30:00,51.49,58.16,2026-09-22 00:30:00,178,1100,2026-09-23 02:30:00,2026-09-23 22:30:00,2026-09-24,78.45499992370605,76.12569368179614,,39.15166664123535,1.7600002,26.0,0.0,0,0,0,1,0,0,0,False,synthetic,96.90887486333514,100.0,100.0,100.0,ridge,True,False,0.0,100.0,False,True,False,False,True,4,forecast_trigger,required_outside_pilot,155,80,90,48,1.0
900,2026-09-23,61.61,2026-09-23 02:30:00,46.35,51.34,2026-09-22 00:30:00,179,1100,2026-09-23 02:30:00,2026-09-23 22:30:00,2026-09-24,76.15142822265625,72.1003105259517,97.46,41.9514285496303,5.135,26.0,0.0,0,0,0,1,0,0,0,True,synthetic,96.61874310455354,100.0,100.0,100.0,ridge,True,False,0.0,100.0,False,True,False,False,True,4,forecast_trigger,required_outside_pilot,156,80,90,48,1.0
80,2026-09-23,61.56,2026-09-23 02:30:00,45.8,48.08,2026-09-22 00:30:00,016,1100,2026-09-23 02:30:00,2026-09-23 22:30:00,2026-09-24,74.44499969482422,72.0120580701827,,36.73999977111816,6.74,26.0,0.0,0,0,0,1,0,0,0,True,synthetic,95.48067401274994,100.0,100.0,100.0,ridge,True,False,0.0,100.0,False,True,False,False,True,4,forecast_trigger,required_outside_pilot,157,80,90,48,1.0
942,2026-09-23,61.5,2026-09-23 02:30:00,60.0,61.52,2026-09-22 00:30:00,188,660,2026-09-23 02:30:00,2026-09-23 22:30:00,2026-09-24,78.38142885480609,76.00893325300234,96.8,46.28428595406668,0.0,26.0,0.0,0,0,0,1,0,0,0,False,synthetic,96.74357245845972,100.0,100.0,100.0,ridge,True,False,0.0,100.0,False,True,False,False,True,4,forecast_trigger,required_outside_pilot,158,80,90,48,1.0
478,2026-09-23,61.41,2026-09-23 02:30:00,52.82,58.82,2026-09-22 00:30:00,095,1100,2026-09-23 02:30:00,2026-09-23 22:30:00,2026-09-24,76.02714320591518,69.44484195231193,100.0,56.23857171194894,1.2950001,26.0,0.0,0,0,0,1,0,0,0,False,synthetic,97.42417395066886,100.0,100.0,100.0,ridge,True,False,0.0,100.0,False,True,False,False,True,4,forecast_trigger,required_outside_pilot,159,80,90,48,1.0
524,2026-09-23,61.34,2026-09-23 02:30:00,100.0,53.61,2026-09-23 00:30:00,104,660,2026-09-23 02:30:00,2026-09-23 22:30:00,2026-09-24,84.39000047956195,86.48818166326575,85.92,74.0500008719308,3.8649998,2.0,0.0,0,0,0,1,0,0,0,False,synthetic,100.0,100.0,100.0,100.0,ridge,True,False,0.0,100.0,False,True,False,False,True,4,forecast_trigger,required_outside_pilot,160,80,90,48,1.0
967,2026-09-23,61.27,2026-09-23 02:30:00,56.11,60.88,2026-09-22 00:30:00,193,660,2026-09-23 02:30:00,2026-09-23 22:30:00,2026-09-24,71.20142800467355,71.15993447375064,64.29,40.00285720825195,0.1949997,26.0,0.0,0,0,0,1,0,0,0,False,synthetic,92.1918900793749,100.0,100.0,100.0,ridge,True,False,0.0,100.0,False,True,False,False,True,4,forecast_trigger,required_outside_pilot,161,80,90,48,1.0
436,2026-09-23,61.19,2026-09-23 00:30:00,52.71,61.19,2026-09-22 00:30:00,087,240,2026-09-23 02:30:00,2026-09-23 22:30:00,2026-09-24,72.06857081821987,69.88790654226796,65.85,33.43142754690988,0.0,26.0,2.0,0,0,0,1,0,0,0,False,synthetic,91.21162390757578,100.0,100.0,100.0,ridge,True,False,0.0,100.0,False,True,False,False,True,4,forecast_trigger,required_outside_pilot,162,80,90,48,1.0
754,2026-09-23,61.18,2026-09-23 02:30:00,52.36,55.95,2026-09-22 00:30:00,150,660,2026-09-23 02:30:00,2026-09-23 22:30:00,2026-09-24,69.57999992370605,63.92639637489959,100.0,43.089999516805015,2.6149998,26.0,0.0,0,0,0,1,0,0,0,False,synthetic,88.07549881929917,100.0,100.0,100.0,ridge,True,False,0.0,100.0,False,True,False,False,True,4,forecast_trigger,required_outside_pilot,163,80,90,48,1.0
372,2026-09-23,61.12,2026-09-23 02:30:00,48.56,50.3,2026-09-22 00:30:00,074,240,2026-09-23 02:30:00,2026-09-23 22:30:00,2026-09-24,71.5400003705706,71.48125437460965,67.37,43.95571517944336,5.41,26.0,0.0,0,0,0,1,0,0,0,False,synthetic,97.52014087090974,100.0,100.0,100.0,ridge,True,False,0.0,100.0,False,True,False,False,True,4,forecast_trigger,required_outside_pilot,164,80,90,48,1.0
589,2026-09-23,61.02,2026-09-23 02:30:00,46.33,,2026-09-22 00:30:00,117,1100,2026-09-23 02:30:00,2026-09-23 22:30:00,2026-09-24,77.74857112339565,74.22405724237362,71.74,63.51571437290737,,26.0,0.0,0,0,0,1,0,0,0,False,synthetic,100.0,100.0,100.0,100.0,ridge,True,False,67.11588399311715,100.0,False,True,False,False,True,4,forecast_trigger,required_outside_pilot,165,80,90,48,1.0
981,2026-09-23,60.98,2026-09-23 02:30:00,100.0,53.97,2026-09-23 00:30:00,196,240,2026-09-23 02:30:00,2026-09-23 22:30:00,2026-09-24,78.68285696847099,82.11510925231964,57.49,41.96000126429966,3.5049992,2.0,0.0,0,0,0,1,0,0,0,False,synthetic,86.53120566100498,99.58675966916428,100.0,100.0,ridge,True,False,0.0,100.0,False,True,False,False,True,4,forecast_trigger,required_outside_pilot,166,80,90,48,1.0
741,2026-09-23,60.66,2026-09-23 02:30:00,46.04,52.86,2026-09-22 00:30:00,148,660,2026-09-23 02:30:00,2026-09-23 22:30:00,2026-09-24,77.67285701206752,73.26130239822652,96.32,44.91999980381557,3.8999996,26.0,0.0,0,0,0,1,0,0,0,False,synthetic,98.058780765003,100.0,100.0,100.0,ridge,True,False,0.0,100.0,False,True,False,False,True,4,forecast_trigger,required_outside_pilot,167,80,90,48,1.0
81,2026-09-23,60.64,2026-09-23 02:30:00,49.0,46.0,2026-09-22 00:30:00,017,660,2026-09-23 02:30:00,2026-09-23 22:30:00,2026-09-24,78.1400010245187,74.70555552237296,55.45,52.2971442086356,7.3199997,26.0,0.0,0,0,0,1,0,0,0,False,synthetic,100.0,100.0,100.0,100.0,ridge,True,False,0.0,100.0,False,True,False,False,True,4,forecast_trigger,required_outside_pilot,168,80,90,48,1.0
287,2026-09-23,60.61,2026-09-23 02:30:00,56.18,57.61,2026-09-22 00:30:00,057,660,2026-09-23 02:30:00,2026-09-23 22:30:00,2026-09-24,70.53000095912388,72.05336179812303,36.79,43.8928587777274,1.5,26.0,0.0,0,0,0,1,0,0,0,False,synthetic,95.16301545882324,100.0,100.0,100.0,ridge,True,True,0.0,100.0,False,True,False,False,True,4,forecast_trigger,pilot_required,169,80,90,48,1.0
628,2026-09-23,60.57,2026-09-23 02:30:00,48.39,50.18,2026-09-22 00:30:00,125,660,2026-09-23 02:30:00,2026-09-23 22:30:00,2026-09-24,82.09142793927874,77.41380671721686,100.0,48.36857060023716,5.1949997,26.0,0.0,0,0,0,1,0,0,0,False,synthetic,100.0,100.0,100.0,100.0,ridge,True,False,0.0,100.0,False,True,False,False,True,4,forecast_trigger,required_outside_pilot,170,80,90,48,1.0
151,2026-09-23,60.45,2026-09-23 02:30:00,58.13,62.61,2026-09-22 00:30:00,031,660,2026-09-23 02:30:00,2026-09-23 22:30:00,2026-09-24,72.62333297729492,71.24032318681122,68.2,39.64833196004232,0.0,26.0,0.0,0,0,0,1,0,0,0,False,synthetic,90.77036376878692,100.0,100.0,100.0,ridge,True,False,0.0,100.0,False,True,False,False,True,4,forecast_trigger,required_outside_pilot,171,80,90,48,1.0
513,2026-09-23,60.43,2026-09-23 02:30:00,79.28,50.82,2026-09-23 00:30:00,102,1100,2026-09-23 02:30:00,2026-09-23 22:30:00,2026-09-24,86.39857155936105,85.25408922796412,91.2,55.262857164655415,4.8050003,2.0,0.0,0,0,0,1,0,0,0,False,synthetic,99.07199710218106,100.0,100.0,100.0,ridge,True,False,0.0,100.0,False,True,False,False,True,4,forecast_trigger,required_outside_pilot,172,80,90,48,1.0
318,2026-09-23,60.2,2026-09-23 02:30:00,51.34,54.03,2026-09-22 00:30:00,063,1100,2026-09-23 02:30:00,2026-09-23 22:30:00,2026-09-24,70.25166702270508,72.69357772752467,38.2,37.71333249409994,3.085001,26.0,0.0,0,0,0,1,0,0,0,False,synthetic,94.57496765567876,100.0,100.0,100.0,ridge,True,True,0.0,100.0,False,True,False,False,True,4,forecast_trigger,pilot_required,173,80,90,48,1.0
577,2026-09-23,60.05,2026-09-23 02:30:00,47.33,50.03,2026-09-22 00:30:00,115,1100,2026-09-23 02:30:00,2026-09-23 22:30:00,2026-09-24,65.54333368937175,64.44455162542805,64.96,42.65999984741211,5.01,26.0,0.0,0,0,0,1,0,0,0,False,synthetic,90.95354432937404,100.0,100.0,100.0,ridge,True,False,0.0,100.0,False,True,False,False,True,4,forecast_trigger,required_outside_pilot,174,80,90,48,1.0
602,2026-09-23,59.86,2026-09-23 02:30:00,54.9,61.24,2026-09-22 00:30:00,120,1100,2026-09-23 02:30:00,2026-09-23 22:30:00,2026-09-24,72.30714307512555,73.52147354858715,46.21,40.6914291381836,0.0,26.0,0.0,0,0,0,1,0,0,0,False,synthetic,94.24383000031588,100.0,100.0,100.0,ridge,True,False,0.0,100.0,False,True,False,False,True,4,forecast_trigger,required_outside_pilot,175,80,90,48,1.0
610,2026-09-23,59.85,2026-09-23 02:30:00,85.24,51.5,2026-09-23 00:30:00,121,1100,2026-09-23 02:30:00,2026-09-23 22:30:00,2026-09-24,69.56571360996791,71.11460157098178,50.93,46.67857088361468,4.174999,2.0,0.0,0,0,0,1,0,0,0,True,synthetic,83.48100397619385,96.53655798435317,100.0,100.0,ridge,True,False,0.0,100.0,False,True,False,False,True,4,forecast_trigger,required_outside_pilot,176,80,90,48,1.0
82,2026-09-23,59.58,2026-09-23 02:30:00,50.7,55.51,2026-09-22 00:30:00,017,240,2026-09-23 02:30:00,2026-09-23 22:30:00,2026-09-24,83.85714394705636,78.44333094855837,100.0,35.13285827636719,2.0350018,26.0,0.0,0,0,0,1,0,0,0,False,synthetic,95.15447814977658,100.0,100.0,100.0,ridge,True,False,0.0,100.0,False,True,False,False,True,4,forecast_trigger,required_outside_pilot,177,80,90,48,1.0
556,2026-09-23,59.52,2026-09-23 02:30:00,51.71,60.32,2026-09-22 00:30:00,111,660,2026-09-23 02:30:00,2026-09-23 22:30:00,2026-09-24,64.31285694667271,68.42383941719216,35.9,34.9485707964216,0.0,26.0,0.0,0,0,0,1,0,0,0,False,synthetic,89.34152075325571,100.0,100.0,100.0,ridge,True,False,0.0,100.0,False,True,False,False,True,4,forecast_trigger,required_outside_pilot,178,80,90,48,1.0
187,2026-09-23,59.41,2026-09-23 02:30:00,100.0,51.2,2026-09-23 00:30:00,037,1100,2026-09-23 02:30:00,2026-09-23 22:30:00,2026-09-24,80.96428625924247,81.82397630246926,100.0,41.46714346749442,4.1049995,2.0,0.0,0,0,0,1,0,0,0,False,synthetic,84.21667269113374,97.27222669929304,100.0,100.0,ridge,True,False,0.0,100.0,False,True,False,False,True,4,forecast_trigger,required_outside_pilot,179,80,90,48,1.0
633,2026-09-23,59.3,2026-09-23 02:30:00,53.4,54.84,2026-09-22 00:30:00,126,240,2026-09-23 02:30:00,2026-09-23 22:30:00,2026-09-24,67.90999930245536,69.60006003773995,60.01,38.6042845589774,2.2299995,26.0,0.0,0,0,0,1,0,0,0,False,synthetic,91.0516335704477,100.0,100.0,100.0,ridge,True,False,0.0,100.0,False,True,False,False,True,4,forecast_trigger,required_outside_pilot,180,80,90,48,1.0
125,2026-09-23,59.25,2026-09-23 02:30:00,49.75,51.08,2026-09-22 00:30:00,025,1100,2026-09-23 02:30:00,2026-09-23 22:30:00,2026-09-24,70.83571461268834,66.84034336226219,84.3,44.44857134137835,4.084999,26.0,0.0,0,0,0,1,0,0,0,True,synthetic,91.376649742348,100.0,100.0,100.0,ridge,True,False,0.0,100.0,False,True,False,False,True,4,forecast_trigger,required_outside_pilot,181,80,90,48,1.0
749,2026-09-23,59.09,2026-09-23 02:30:00,42.43,45.88,2026-09-22 00:30:00,149,660,2026-09-23 02:30:00,2026-09-23 22:30:00,2026-09-24,77.0471431187221,71.97651331823168,97.25,41.06571469988142,6.6049995,26.0,0.0,0,0,0,1,0,0,0,False,synthetic,96.07038398266116,100.0,100.0,100.0,ridge,True,False,0.0,100.0,False,True,False,False,True,4,forecast_trigger,required_outside_pilot,182,80,90,48,1.0
743,2026-09-23,59.02,2026-09-23 02:30:00,99.53,53.56,2026-09-23 00:30:00,148,1100,2026-09-23 02:30:00,2026-09-23 22:30:00,2026-09-24,76.15428597586495,78.07264990914734,79.37,48.68428584507534,2.7299995,2.0,0.0,0,0,0,1,0,0,0,False,synthetic,84.56569163504622,97.62124564320553,100.0,100.0,ridge,True,False,0.0,100.0,False,True,False,False,True,4,forecast_trigger,required_outside_pilot,183,80,90,48,1.0
209,2026-09-23,58.81,2026-09-23 02:30:00,51.37,,2026-09-22 00:30:00,041,660,2026-09-23 02:30:00,2026-09-23 22:30:00,2026-09-24,80.78000041416713,74.75936777307439,100.0,33.59000015258789,,26.0,0.0,0,0,0,1,0,0,0,False,synthetic,89.46006757755262,100.0,100.0,100.0,ridge,True,False,0.0,100.0,False,True,False,False,True,4,forecast_trigger,required_outside_pilot,184,80,90,48,1.0
457,2026-09-23,58.73,2026-09-23 02:30:00,55.55,56.13,2026-09-22 00:30:00,091,660,2026-09-23 02:30:00,2026-09-23 22:30:00,2026-09-24,80.1899997166225,76.9930341213001,96.13,40.38000161307199,1.2999992,26.0,0.0,0,0,0,1,0,0,0,False,synthetic,94.78588601717948,100.0,100.0,100.0,ridge,True,False,0.0,100.0,False,True,False,False,True,4,forecast_trigger,required_outside_pilot,185,80,90,48,1.0
794,2026-09-23,58.72,2026-09-23 02:30:00,42.06,52.0,2026-09-22 00:30:00,158,240,2026-09-23 02:30:00,2026-09-23 22:30:00,2026-09-24,61.04285757882254,62.57674206316371,40.72,35.2999997820173,3.3600006,26.0,0.0,0,0,0,1,0,0,0,False,synthetic,87.6063483032775,100.0,100.0,100.0,ridge,True,False,0.0,100.0,False,True,False,False,True,4,forecast_trigger,required_outside_pilot,186,80,90,48,1.0
224,2026-09-23,58.5,2026-09-23 02:30:00,55.64,58.3,2026-09-22 00:30:00,044,240,2026-09-23 02:30:00,2026-09-23 22:30:00,2026-09-24,74.03428540910993,74.38132541313719,40.53,46.84285681588309,0.10000038,26.0,0.0,0,0,0,1,0,0,0,False,synthetic,96.63471093743668,100.0,100.0,100.0,ridge,True,False,0.0,100.0,False,True,False,False,True,4,forecast_trigger,required_outside_pilot,187,80,90,48,1.0
35,2026-09-23,58.36,2026-09-23 02:30:00,51.88,50.26,2026-09-22 00:30:00,007,660,2026-09-23 02:30:00,2026-09-23 22:30:00,2026-09-24,68.43428530011859,68.63372827738993,65.77,45.00142887660435,4.050001,26.0,0.0,0,0,0,1,0,0,0,True,synthetic,93.03988329850463,100.0,100.0,100.0,ridge,True,False,0.0,100.0,False,True,False,False,True,4,forecast_trigger,required_outside_pilot,188,80,90,48,1.0
710,2026-09-23,58.36,2026-09-23 02:30:00,39.2,52.84,2026-09-22 00:30:00,141,660,2026-09-23 02:30:00,2026-09-23 22:30:00,2026-09-24,71.13285718645368,69.36450535851422,54.86,39.73000063214983,2.7600002,26.0,0.0,0,0,0,1,0,0,0,True,synthetic,94.22919533473876,100.0,100.0,100.0,ridge,True,False,4.580778349385808,100.0,False,True,False,False,True,4,forecast_trigger,required_outside_pilot,189,80,90,48,1.0
326,2026-09-23,58.18,2026-09-23 02:30:00,50.29,52.25,2026-09-22 00:30:00,065,660,2026-09-23 02:30:00,2026-09-23 22:30:00,2026-09-24,75.70857184273856,75.26773074579887,51.93,38.73714447021485,2.9650002,26.0,0.0,0,0,0,1,0,0,0,False,synthetic,95.43354289440282,100.0,100.0,100.0,ridge,True,False,0.0,100.0,False,True,False,False,True,4,forecast_trigger,required_outside_pilot,190,80,90,48,1.0
658,2026-09-23,58.06,2026-09-23 02:30:00,47.94,48.93,2026-09-22 00:30:00,131,660,2026-09-23 02:30:00,2026-09-23 22:30:00,2026-09-24,78.62857110159737,72.94071910542212,100.0,40.42428479875837,4.5650005,26.0,0.0,0,0,0,1,0,0,0,False,synthetic,93.74347416955209,100.0,100.0,100.0,ridge,True,False,0.0,100.0,False,True,False,False,True,4,forecast_trigger,required_outside_pilot,191,80,90,48,1.0
997,2026-09-23,58.06,2026-09-23 02:30:00,52.9,56.36,2026-09-22 00:30:00,199,660,2026-09-23 02:30:00,2026-09-23 22:30:00,2026-09-24,66.12428556169782,67.95416613355665,77.87,29.61142839704241,0.8500004,26.0,0.0,0,0,0,1,0,0,0,False,synthetic,84.73576594937406,97.79131995753336,100.0,100.0,ridge,True,False,96.02737722752688,100.0,False,True,False,False,True,4,forecast_trigger,required_outside_pilot,192,80,90,48,1.0
446,2026-09-23,57.7,2026-09-23 02:30:00,100.0,53.5,2026-09-23 00:30:00,089,1100,2026-09-23 02:30:00,2026-09-23 22:30:00,2026-09-24,89.34714344569615,86.60793594669428,100.0,51.522856031145366,2.1000004,2.0,0.0,0,0,0,1,0,0,0,False,synthetic,90.05631628654754,100.0,100.0,100.0,ridge,True,False,0.0,100.0,False,True,False,False,True,4,forecast_trigger,required_outside_pilot,193,80,90,48,1.0
935,2026-09-23,57.68,2026-09-23 02:30:00,48.02,51.12,2026-09-22 00:30:00,186,660,2026-09-23 02:30:00,2026-09-23 22:30:00,2026-09-24,81.43428475516183,80.82433657194676,65.93,49.94428416660854,3.2800007,26.0,0.0,0,0,0,1,0,0,0,True,synthetic,100.0,100.0,100.0,100.0,ridge,True,False,0.0,100.0,False,True,False,False,True,4,forecast_trigger,required_outside_pilot,194,80,90,48,1.0
79,2026-09-23,57.67,2026-09-23 00:30:00,55.39,57.67,2026-09-22 00:30:00,016,660,2026-09-23 02:30:00,2026-09-23 22:30:00,2026-09-24,76.72142846243722,74.74057891248849,48.35,47.49714224679129,0.0,26.0,2.0,0,0,0,1,0,0,0,False,synthetic,98.54445097202306,100.0,100.0,100.0,ridge,True,False,0.0,100.0,False,True,False,False,True,4,forecast_trigger,required_outside_pilot,195,80,90,48,1.0
729,2026-09-23,57.6,2026-09-23 02:30:00,47.72,60.16,2026-09-22 00:30:00,145,660,2026-09-23 02:30:00,2026-09-23 22:30:00,2026-09-24,63.64571489606585,64.51268854111851,40.88,37.2000002179827,0.0,26.0,0.0,0,0,0,1,0,0,0,False,synthetic,86.7375350687884,99.7930890769477,100.0,100.0,ridge,True,False,0.0,100.0,False,True,False,False,True,4,forecast_trigger,required_outside_pilot,196,80,90,48,1.0
813,2026-09-23,57.59,2026-09-23 02:30:00,55.25,57.61,2026-09-22 00:30:00,162,1100,2026-09-23 02:30:00,2026-09-23 22:30:00,2026-09-24,75.70999908447266,73.85894914746257,76.45,59.551427023751394,0.0,26.0,0.0,0,0,0,1,0,0,0,False,synthetic,100.0,100.0,100.0,100.0,ridge,True,False,0.0,100.0,False,True,False,False,True,4,forecast_trigger,required_outside_pilot,197,80,90,48,1.0
940,2026-09-23,57.58,2026-09-23 02:30:00,50.04,54.62,2026-09-22 00:30:00,187,240,2026-09-23 02:30:00,2026-09-23 22:30:00,2026-09-24,64.93999917166573,65.17862934491671,48.07,36.85428510393415,1.4800014,26.0,0.0,0,0,0,1,0,0,0,True,synthetic,86.5764953180283,99.6320493261876,100.0,100.0,ridge,True,False,0.0,100.0,False,True,False,False,True,4,forecast_trigger,required_outside_pilot,198,80,90,48,1.0
205,2026-09-23,57.49,2026-09-23 02:30:00,44.98,46.04,2026-09-22 00:30:00,040,660,2026-09-23 02:30:00,2026-09-23 22:30:00,2026-09-24,79.66999944051106,78.0592103854936,88.05,62.29999796549479,5.7250004,26.0,0.0,0,0,0,1,0,0,0,True,synthetic,100.0,100.0,100.0,100.0,ridge,True,False,0.0,100.0,False,True,False,False,True,4,forecast_trigger,required_outside_pilot,199,80,90,48,1.0
396,2026-09-23,57.49,2026-09-23 02:30:00,49.01,52.92,2026-09-22 00:30:00,079,660,2026-09-23 02:30:00,2026-09-23 22:30:00,2026-09-24,75.45428630283901,70.2362213891645,100.0,43.8014281136649,2.2850018,26.0,0.0,0,0,0,1,0,0,0,False,synthetic,92.08552431207288,100.0,100.0,100.0,ridge,True,False,0.0,100.0,False,True,False,False,True,4,forecast_trigger,required_outside_pilot,200,80,90,48,1.0
557,2026-09-23,57.4,2026-09-23 02:30:00,35.02,54.55,2026-09-22 00:30:00,111,660,2026-09-23 02:30:00,2026-09-23 22:30:00,2026-09-24,66.15428597586495,64.30663148948923,34.09,35.95571436200823,1.4250011,26.0,0.0,0,0,0,1,0,0,0,False,synthetic,89.2755675268487,100.0,100.0,100.0,ridge,True,False,0.0,100.0,False,True,False,False,True,4,forecast_trigger,required_outside_pilot,201,80,90,48,1.0
587,2026-09-23,57.33,2026-09-23 00:30:00,58.25,57.33,2026-09-22 00:30:00,117,660,2026-09-23 02:30:00,2026-09-23 22:30:00,2026-09-24,79.33571297781808,74.88915670159409,98.27,39.37428501674107,0.0,26.0,2.0,0,0,0,1,0,0,0,False,synthetic,93.01699494208782,100.0,100.0,100.0,ridge,True,False,0.0,100.0,False,True,False,False,True,4,forecast_trigger,required_outside_pilot,202,80,90,48,1.0
790,2026-09-23,57.32,2026-09-23 02:30:00,100.0,54.08,2026-09-23 00:30:00,157,1100,2026-09-23 02:30:00,2026-09-23 22:30:00,2026-09-24,86.08142907278878,83.52437434663776,99.27,48.392857142857146,1.6199989,2.0,0.0,0,0,0,1,0,0,0,True,synthetic,86.0651707844374,99.12072479259668,100.0,100.0,ridge,True,False,0.0,100.0,False,True,False,False,True,4,forecast_trigger,required_outside_pilot,203,80,90,48,1.0
433,2026-09-23,57.29,2026-09-23 02:30:00,50.18,53.28,2026-09-22 00:30:00,086,660,2026-09-23 02:30:00,2026-09-23 22:30:00,2026-09-24,67.17142813546317,67.17191614092935,60.35,40.6257141658238,2.005001,26.0,0.0,0,0,0,1,0,0,0,False,synthetic,89.4139384002091,100.0,100.0,100.0,ridge,True,False,0.0,100.0,False,True,False,False,True,4,forecast_trigger,required_outside_pilot,204,80,90,48,1.0
759,2026-09-23,57.21,2026-09-23 02:30:00,47.83,53.56,2026-09-22 00:30:00,151,660,2026-09-23 02:30:00,2026-09-23 22:30:00,2026-09-24,57.50285802568708,61.54096277256215,32.86,34.02571432931082,1.8249989,26.0,0.0,0,0,0,1,0,0,0,False,synthetic,83.98416445374082,97.03971846190012,100.0,100.0,ridge,True,False,0.0,100.0,False,True,False,False,True,4,forecast_trigger,required_outside_pilot,205,80,90,48,1.0
453,2026-09-23,57.07,2026-09-23 02:30:00,,53.36,2026-09-22 00:30:00,090,240,2026-09-23 02:30:00,2026-09-23 22:30:00,2026-09-24,79.11833254496257,82.55751604349467,48.35,41.87833213806152,1.8549995,26.0,0.0,0,0,0,1,0,0,0,False,synthetic,97.44239178387778,100.0,100.0,100.0,ridge,True,False,0.0,100.0,False,True,False,False,True,4,forecast_trigger,required_outside_pilot,206,80,90,48,1.0
750,2026-09-23,57.01,2026-09-23 02:30:00,44.01,48.33,2026-09-22 00:30:00,149,660,2026-09-23 02:30:00,2026-09-23 22:30:00,2026-09-24,72.41714259556362,70.80928104798653,60.7,39.88857105800084,4.3399982,26.0,0.0,0,0,0,1,0,0,0,True,synthetic,93.665853831907,100.0,100.0,100.0,ridge,True,False,0.0,100.0,False,True,False,False,True,4,forecast_trigger,required_outside_pilot,207,80,90,48,1.0
893,2026-09-23,56.99,2026-09-23 02:30:00,51.39,,2026-09-22 00:30:00,178,660,2026-09-23 02:30:00,2026-09-23 22:30:00,2026-09-24,74.54285703386579,73.35294905221542,63.59,42.14142881120954,,26.0,0.0,0,0,0,1,0,0,0,False,synthetic,92.61160537496328,100.0,100.0,100.0,ridge,True,False,0.0,100.0,False,True,False,False,True,4,forecast_trigger,required_outside_pilot,208,80,90,48,1.0
327,2026-09-23,56.93,2026-09-23 00:30:00,59.81,56.93,2026-09-22 00:30:00,065,1100,2026-09-23 02:30:00,2026-09-23 22:30:00,2026-09-24,86.31857136317662,80.4869093357228,100.0,63.00714329310826,0.0,26.0,2.0,0,0,0,1,0,0,0,False,synthetic,100.0,100.0,100.0,100.0,ridge,True,False,0.0,100.0,False,True,False,False,True,4,forecast_trigger,required_outside_pilot,209,80,90,48,1.0
418,2026-09-23,56.92,2026-09-23 02:30:00,100.0,56.16,2026-09-23 00:30:00,083,660,2026-09-23 02:30:00,2026-09-23 22:30:00,2026-09-24,82.89285550798688,86.64264304320544,68.24,54.84571347917829,0.37999916,2.0,0.0,0,0,0,1,0,0,0,False,synthetic,92.4650048144888,100.0,100.0,100.0,ridge,True,False,0.0,100.0,False,True,False,False,True,4,forecast_trigger,required_outside_pilot,210,80,90,48,1.0
171,2026-09-23,56.91,2026-09-23 02:30:00,41.94,55.26,2026-09-22 00:30:00,034,660,2026-09-23 02:30:00,2026-09-23 22:30:00,2026-09-24,71.99428503853935,68.95306549433616,56.17,46.64999880109514,0.82500076,26.0,0.0,0,0,0,1,0,0,0,False,synthetic,94.61848364900077,100.0,100.0,100.0,ridge,True,False,0.0,100.0,False,True,False,False,True,4,forecast_trigger,required_outside_pilot,211,80,90,48,1.0
158,2026-09-23,56.78,2026-09-23 02:30:00,43.99,48.6,2026-09-22 00:30:00,032,1100,2026-09-23 02:30:00,2026-09-23 22:30:00,2026-09-24,73.55142974853516,69.85996132704784,70.73,39.60857173374721,4.09,26.0,0.0,0,0,0,1,0,0,0,False,synthetic,92.02281747148837,100.0,100.0,100.0,ridge,True,False,0.0,100.0,False,True,False,False,True,4,forecast_trigger,required_outside_pilot,212,80,90,48,1.0
2,2026-09-23,56.76,2026-09-23 02:30:00,45.64,48.49,2026-09-22 00:30:00,001,660,2026-09-23 02:30:00,2026-09-23 22:30:00,2026-09-24,80.651428767613,75.60593646827942,100.0,43.014286041259766,4.1349983,26.0,0.0,0,0,0,1,0,0,0,False,synthetic,96.8516681109894,100.0,100.0,100.0,ridge,True,False,0.0,100.0,False,True,False,False,True,4,forecast_trigger,required_outside_pilot,213,80,90,48,1.0
415,2026-09-23,56.66,2026-09-23 02:30:00,52.23,56.66,2026-09-22 00:30:00,082,660,2026-09-23 02:30:00,2026-09-23 22:30:00,2026-09-24,62.88571384974888,66.3299500334094,33.77,37.34714208330427,0.0,26.0,0.0,0,0,0,1,0,0,0,True,synthetic,86.94708565749632,100.0,100.0,100.0,ridge,True,False,0.0,100.0,False,True,False,False,True,4,forecast_trigger,required_outside_pilot,214,80,90,48,1.0
103,2026-09-23,56.4,2026-09-23 02:30:00,88.56,52.62,2026-09-23 00:30:00,021,660,2026-09-23 02:30:00,2026-09-23 22:30:00,2026-09-24,84.19166692097981,82.42816946596892,100.0,63.3766663869222,1.8900013,2.0,0.0,0,0,0,1,0,0,0,False,synthetic,94.7735696849769,100.0,100.0,100.0,ridge,True,False,0.0,100.0,False,True,False,False,True,4,forecast_trigger,required_outside_pilot,215,80,90,48,1.0
440,2026-09-23,56.34,2026-09-23 02:30:00,32.56,57.28,2026-09-22 00:30:00,087,660,2026-09-23 02:30:00,2026-09-23 22:30:00,2026-09-24,69.11000006539481,67.20640871269427,68.73,50.420000076293945,0.0,26.0,0.0,0,0,0,1,0,0,0,True,synthetic,97.16192428549368,100.0,100.0,100.0,ridge,True,False,0.0,100.0,False,True,False,False,True,4,forecast_trigger,required_outside_pilot,216,80,90,48,1.0
570,2026-09-23,56.31,2026-09-23 02:30:00,51.3,54.19,2026-09-22 00:30:00,113,660,2026-09-23 02:30:00,2026-09-23 22:30:00,2026-09-24,80.63999938964844,78.5512037923521,52.56,56.372858319963726,1.0600014,26.0,0.0,0,0,0,1,0,0,0,True,synthetic,100.0,100.0,100.0,100.0,ridge,False,False,153.11294642118176,100.0,False,True,False,False,True,4,forecast_trigger,access_review,217,80,90,48,1.0
934,2026-09-23,56.29,2026-09-23 02:30:00,96.09,54.3,2026-09-23 00:30:00,186,660,2026-09-23 02:30:00,2026-09-23 22:30:00,2026-09-24,92.07142748151507,93.12212802633776,99.84,76.9099976675851,0.99500084,2.0,0.0,0,0,0,1,0,0,0,False,synthetic,100.0,100.0,100.0,100.0,ridge,True,False,0.0,100.0,False,True,False,False,True,4,forecast_trigger,required_outside_pilot,218,80,90,48,1.0
868,2026-09-23,56.24,2026-09-23 02:30:00,53.49,57.31,2026-09-22 00:30:00,173,1100,2026-09-23 02:30:00,2026-09-23 22:30:00,2026-09-24,71.60571452549526,72.39322837613157,42.59,42.98571504865374,0.0,26.0,0.0,0,0,0,1,0,0,0,False,synthetic,92.73868272744106,100.0,100.0,100.0,ridge,True,False,0.0,100.0,False,True,False,False,True,4,forecast_trigger,required_outside_pilot,219,80,90,48,1.0
875,2026-09-23,56.24,2026-09-23 02:30:00,43.84,52.06,2026-09-22 00:30:00,174,240,2026-09-23 02:30:00,2026-09-23 22:30:00,2026-09-24,64.81142861502511,65.07625321048725,33.25,37.36857114519392,2.0900002,26.0,0.0,0,0,0,1,0,0,0,True,synthetic,88.05146516901065,100.0,100.0,100.0,ridge,True,False,0.0,100.0,False,True,False,False,True,4,forecast_trigger,required_outside_pilot,220,80,90,48,1.0
30,2026-09-23,56.1,2026-09-23 02:30:00,46.69,47.49,2026-09-22 00:30:00,006,660,2026-09-23 02:30:00,2026-09-23 22:30:00,2026-09-24,59.63333257039388,63.60657975534197,26.77,33.753332455952965,4.3049984,26.0,0.0,0,0,0,1,0,0,0,True,synthetic,85.8167345405787,98.872288548738,100.0,100.0,ridge,True,False,0.0,100.0,False,True,False,False,True,4,forecast_trigger,required_outside_pilot,221,80,90,48,1.0
58,2026-09-23,56.06,2026-09-23 02:30:00,50.48,54.93,2026-09-22 00:30:00,012,660,2026-09-23 02:30:00,2026-09-23 22:30:00,2026-09-24,60.79714148385184,62.413878087823576,40.85,35.08142743791853,0.56500053,26.0,0.0,0,0,0,1,0,0,0,False,synthetic,82.82292324805944,95.87847725621872,100.0,100.0,ridge,True,False,0.0,100.0,False,True,False,False,True,4,forecast_trigger,required_outside_pilot,222,80,90,48,1.0
170,2026-09-23,56.0,2026-09-23 02:30:00,35.35,44.66,2026-09-22 00:30:00,033,660,2026-09-23 02:30:00,2026-09-23 22:30:00,2026-09-24,65.49142892020089,64.12079803731655,50.77,36.79714339120047,5.67,26.0,0.0,0,0,0,1,0,0,0,True,synthetic,89.60343445101711,100.0,100.0,100.0,ridge,True,False,0.0,100.0,False,True,False,False,True,4,forecast_trigger,required_outside_pilot,223,80,90,48,1.0
952,2026-09-23,55.93,2026-09-23 02:30:00,41.5,48.45,2026-09-22 00:30:00,190,660,2026-09-23 02:30:00,2026-09-23 22:30:00,2026-09-24,66.39999989100865,65.97308124603867,46.2,35.34714208330427,3.7399998,26.0,0.0,0,0,0,1,0,0,0,False,synthetic,88.38331553758483,100.0,100.0,100.0,ridge,True,False,0.0,100.0,False,True,False,False,True,4,forecast_trigger,required_outside_pilot,224,80,90,48,1.0
38,2026-09-23,55.76,2026-09-23 02:30:00,45.1,50.36,2026-09-22 00:30:00,008,660,2026-09-23 02:30:00,2026-09-23 22:30:00,2026-09-24,76.42571422031948,71.73708159126916,100.0,36.03714316231864,2.6999989,26.0,0.0,0,0,0,1,0,0,0,False,synthetic,90.1800384506988,100.0,100.0,100.0,ridge,True,False,0.0,100.0,False,True,False,False,True,4,forecast_trigger,required_outside_pilot,225,80,90,48,1.0
147,2026-09-23,55.67,2026-09-23 02:30:00,45.63,50.66,2026-09-22 00:30:00,030,1100,2026-09-23 02:30:00,2026-09-23 22:30:00,2026-09-24,71.78428595406669,71.06039976639642,61.75,39.71285792759487,2.5049992,26.0,0.0,0,0,0,1,0,0,0,False,synthetic,92.23515870520065,100.0,100.0,100.0,ridge,True,False,0.0,100.0,False,True,False,False,True,4,forecast_trigger,required_outside_pilot,226,80,90,48,1.0
288,2026-09-23,55.55,2026-09-23 02:30:00,50.99,48.5,2026-09-22 00:30:00,057,1100,2026-09-23 02:30:00,2026-09-23 22:30:00,2026-09-24,71.72142791748047,70.54794950110437,65.24,46.02142769949777,3.5249996,26.0,0.0,0,0,0,1,0,0,0,False,synthetic,93.16341468807698,100.0,100.0,100.0,ridge,True,True,0.0,100.0,False,True,False,False,True,4,forecast_trigger,pilot_required,227,80,90,48,1.0
104,2026-09-23,55.43,2026-09-23 02:30:00,52.55,52.47,2026-09-22 00:30:00,021,660,2026-09-23 02:30:00,2026-09-23 22:30:00,2026-09-24,78.28285707746234,74.974253835958,97.49,39.23428562709263,1.4799995,26.0,0.0,0,0,0,1,0,0,0,False,synthetic,91.78128538713418,100.0,100.0,100.0,ridge,True,False,0.0,100.0,False,True,False,False,True,4,forecast_trigger,required_outside_pilot,228,80,90,48,1.0
904,2026-09-23,55.26,2026-09-23 02:30:00,44.14,55.83,2026-09-22 00:30:00,180,1100,2026-09-23 02:30:00,2026-09-23 22:30:00,2026-09-24,68.13428442818778,66.37664862204137,58.67,36.949998583112446,0.0,26.0,0.0,0,0,0,1,0,0,0,False,synthetic,86.87678873198723,99.93234274014654,100.0,100.0,ridge,True,False,0.0,100.0,False,True,False,False,True,4,forecast_trigger,required_outside_pilot,229,80,90,48,1.0
920,2026-09-23,54.84,2026-09-23 02:30:00,51.75,54.71,2026-09-22 00:30:00,183,660,2026-09-23 02:30:00,2026-09-23 22:30:00,2026-09-24,74.93571472167969,73.51028613554014,76.66,58.52857208251953,0.065000534,26.0,0.0,0,0,0,1,0,0,0,True,synthetic,99.29643682798164,100.0,100.0,100.0,ridge,True,False,0.0,100.0,False,True,False,False,True,4,forecast_trigger,required_outside_pilot,230,80,90,48,1.0
146,2026-09-23,54.79,2026-09-23 02:30:00,49.21,50.34,2026-09-22 00:30:00,030,1100,2026-09-23 02:30:00,2026-09-23 22:30:00,2026-09-24,70.63142830984933,68.86896226521579,73.7,45.87428610665457,2.2250004,26.0,0.0,0,0,0,1,0,0,0,False,synthetic,91.3585121419675,100.0,100.0,100.0,ridge,True,False,0.0,100.0,False,True,False,False,True,4,forecast_trigger,required_outside_pilot,231,80,90,48,1.0
878,2026-09-23,54.7,2026-09-23 02:30:00,45.91,47.63,2026-09-22 00:30:00,175,1100,2026-09-23 02:30:00,2026-09-23 22:30:00,2026-09-24,70.77166748046875,68.58904681826976,100.0,43.91666730244955,3.5349998,26.0,0.0,0,0,0,1,0,0,0,False,synthetic,91.09352561629908,100.0,100.0,100.0,ridge,True,False,0.0,100.0,False,True,False,False,True,4,forecast_trigger,required_outside_pilot,232,80,90,48,1.0
630,2026-09-23,54.6,2026-09-23 02:30:00,47.55,57.36,2026-09-22 00:30:00,125,240,2026-09-23 02:30:00,2026-09-23 22:30:00,2026-09-24,71.93857138497489,68.17669425072623,100.0,48.27857099260603,0.0,26.0,0.0,0,0,0,1,0,0,0,True,synthetic,91.17465358224122,100.0,100.0,100.0,ridge,True,False,0.0,100.0,False,True,False,False,True,4,forecast_trigger,required_outside_pilot,233,80,90,48,1.0
976,2026-09-23,54.56,2026-09-23 02:30:00,41.67,51.12,2026-09-22 00:30:00,195,660,2026-09-23 02:30:00,2026-09-23 22:30:00,2026-09-24,70.2057124546596,67.6379316661837,56.48,47.1114262172154,1.7200012,26.0,0.0,0,0,0,1,0,0,0,False,synthetic,92.92309417570924,100.0,100.0,100.0,ridge,True,False,0.0,100.0,False,True,False,False,True,4,forecast_trigger,required_outside_pilot,234,80,90,48,1.0
841,2026-09-23,54.15,2026-09-23 02:30:00,42.12,53.85,2026-09-22 00:30:00,168,660,2026-09-23 02:30:00,2026-09-23 22:30:00,2026-09-24,71.73999895368304,68.87825616726263,56.07,37.33857127598354,0.15000153,26.0,0.0,0,0,0,1,0,0,0,False,synthetic,88.78669789418234,100.0,100.0,100.0,ridge,True,False,0.0,100.0,False,True,False,False,True,4,forecast_trigger,required_outside_pilot,235,80,90,48,1.0
18,2026-09-23,54.06,2026-09-23 02:30:00,47.8,55.07,2026-09-22 00:30:00,004,1100,2026-09-23 02:30:00,2026-09-23 22:30:00,2026-09-24,71.42428534371513,69.86005682063238,75.96,33.659999302455354,0.0,26.0,0.0,0,0,0,1,0,0,0,False,synthetic,86.24464627828931,99.3002002864486,100.0,100.0,ridge,True,False,0.0,100.0,False,True,False,False,True,4,forecast_trigger,required_outside_pilot,236,80,90,48,1.0
481,2026-09-23,54.05,2026-09-23 02:30:00,42.75,52.54,2026-09-22 00:30:00,096,660,2026-09-23 02:30:00,2026-09-23 22:30:00,2026-09-24,60.417143140520366,62.920128968781135,34.09,35.205714089529856,0.75499916,26.0,0.0,0,0,0,1,0,0,0,False,synthetic,84.62671055561682,97.68226456377612,100.0,100.0,ridge,True,False,0.0,100.0,False,True,False,False,True,4,forecast_trigger,required_outside_pilot,237,80,90,48,1.0
992,2026-09-23,53.74,2026-09-23 02:30:00,32.56,35.77,2026-09-22 00:30:00,198,1100,2026-09-23 02:30:00,2026-09-23 22:30:00,2026-09-24,63.2514283316476,59.22955479188207,55.41,38.10428537641253,8.985001,26.0,0.0,0,0,0,1,0,0,0,False,synthetic,86.15827991215366,99.21383392031296,100.0,100.0,ridge,True,False,0.0,100.0,False,True,False,False,True,4,forecast_trigger,required_outside_pilot,238,80,90,48,1.0
901,2026-09-23,53.73,2026-09-23 02:30:00,76.53,43.55,2026-09-23 00:30:00,180,660,2026-09-23 02:30:00,2026-09-23 22:30:00,2026-09-24,90.2442855834961,87.72162169636664,99.25,77.49571446010044,5.09,2.0,0.0,0,0,0,1,0,0,0,False,synthetic,100.0,100.0,100.0,100.0,ridge,True,False,0.0,100.0,False,True,False,False,True,4,forecast_trigger,required_outside_pilot,239,80,90,48,1.0
969,2026-09-23,53.62,2026-09-23 02:30:00,45.21,54.11,2026-09-22 00:30:00,193,1100,2026-09-23 02:30:00,2026-09-23 22:30:00,2026-09-24,66.66428593226841,67.97382084553816,43.89,36.25714329310826,0.0,26.0,0.0,0,0,0,1,0,0,0,False,synthetic,87.39116038884745,100.0,100.0,100.0,ridge,True,False,0.0,100.0,False,True,False,False,True,4,forecast_trigger,required_outside_pilot,240,80,90,48,1.0
452,2026-09-23,53.44,2026-09-23 02:30:00,46.99,52.57,2026-09-22 00:30:00,090,660,2026-09-23 02:30:00,2026-09-23 22:30:00,2026-09-24,68.76571273803711,69.12827022939986,77.34,46.87999888828823,0.43499947,26.0,0.0,0,0,0,1,0,0,0,False,synthetic,91.89076540232035,100.0,100.0,100.0,ridge,True,False,0.0,100.0,False,True,False,False,True,4,forecast_trigger,required_outside_pilot,241,80,90,48,1.0
765,2026-09-23,53.37,2026-09-23 02:30:00,46.87,46.5,2026-09-22 00:30:00,152,1100,2026-09-23 02:30:00,2026-09-23 22:30:00,2026-09-24,77.0366662343343,73.24706960900448,99.72,36.18499946594238,3.4349995,26.0,0.0,0,0,0,1,0,0,0,True,synthetic,89.8864509163267,100.0,100.0,100.0,ridge,True,False,0.0,100.0,False,True,False,False,True,4,forecast_trigger,required_outside_pilot,242,80,90,48,1.0
814,2026-09-23,53.34,2026-09-23 02:30:00,51.32,46.77,2026-09-22 00:30:00,162,660,2026-09-23 02:30:00,2026-09-23 22:30:00,2026-09-24,76.2442855834961,71.62163062897193,100.0,42.41857201712472,3.2849998,26.0,0.0,0,0,0,1,0,0,0,False,synthetic,89.97411842694845,100.0,100.0,100.0,ridge,True,False,0.0,100.0,False,True,False,False,True,4,forecast_trigger,required_outside_pilot,243,80,90,48,1.0
917,2026-09-23,52.58,2026-09-23 02:30:00,47.35,51.78,2026-09-22 00:30:00,183,660,2026-09-23 02:30:00,2026-09-23 22:30:00,2026-09-24,66.68428530011859,66.13658536645727,44.25,38.6957141331264,0.40000153,26.0,0.0,0,0,0,1,0,0,0,False,synthetic,85.65679051835983,98.71234452651912,100.0,100.0,ridge,True,False,0.0,100.0,False,True,False,False,True,4,forecast_trigger,required_outside_pilot,244,80,90,48,1.0
784,2026-09-23,52.5,2026-09-23 02:30:00,39.37,44.88,2026-09-22 00:30:00,156,660,2026-09-23 02:30:00,2026-09-23 22:30:00,2026-09-24,62.48714392525809,64.24280721411486,45.75,35.83571570260184,3.8099995,26.0,0.0,0,0,0,1,0,0,0,False,synthetic,86.46819174264016,99.52374575079946,100.0,100.0,ridge,True,False,0.0,100.0,False,True,False,False,True,4,forecast_trigger,required_outside_pilot,245,80,90,48,1.0
429,2026-09-23,52.18,2026-09-23 02:30:00,45.72,48.91,2026-09-22 00:30:00,085,240,2026-09-23 02:30:00,2026-09-23 22:30:00,2026-09-24,70.62142889840263,66.86322114220647,87.09,32.661429268973215,1.6350002,26.0,0.0,0,0,0,1,0,0,0,False,synthetic,83.00455198366835,96.06010599182764,100.0,100.0,ridge,True,False,0.0,100.0,False,True,False,False,True,4,forecast_trigger,required_outside_pilot,246,80,90,48,1.0
425,2026-09-23,51.97,2026-09-23 02:30:00,46.0,47.82,2026-09-22 00:30:00,084,1100,2026-09-23 02:30:00,2026-09-23 22:30:00,2026-09-24,73.75714274815151,72.34744943853079,59.09,40.03142983572824,2.0750008,26.0,0.0,0,0,0,1,0,0,0,True,synthetic,90.99186920660604,100.0,100.0,100.0,ridge,True,False,0.0,100.0,False,True,False,False,True,4,forecast_trigger,required_outside_pilot,247,80,90,48,1.0
292,2026-09-23,51.71,2026-09-23 02:30:00,43.51,45.01,2026-09-22 00:30:00,058,660,2026-09-23 02:30:00,2026-09-23 22:30:00,2026-09-24,63.53714316231864,64.60921650754742,36.48,36.51571491786412,3.3500004,26.0,0.0,0,0,0,1,0,0,0,False,synthetic,85.30343432223239,98.3589883303917,100.0,100.0,ridge,True,True,82.35546160629251,100.0,False,True,False,False,True,4,forecast_trigger,pilot_required,248,80,90,48,1.0
968,2026-09-23,51.22,2026-09-23 02:30:00,44.84,49.05,2026-09-22 00:30:00,193,660,2026-09-23 02:30:00,2026-09-23 22:30:00,2026-09-24,77.0499997820173,70.24345039474949,99.9,36.73857171194894,1.085001,26.0,0.0,0,0,0,1,0,0,0,False,synthetic,86.0856788965574,99.1412329047167,100.0,100.0,ridge,True,False,0.0,100.0,False,True,False,False,True,4,forecast_trigger,required_outside_pilot,249,80,90,48,1.0
616,2026-09-23,51.06,2026-09-23 02:30:00,38.47,44.24,2026-09-22 00:30:00,123,240,2026-09-23 02:30:00,2026-09-23 22:30:00,2026-09-24,63.142857142857146,63.21997038683753,35.88,34.05999973842076,3.4099998,26.0,0.0,0,0,0,1,0,0,0,False,synthetic,84.10520561503404,97.16075962319334,100.0,100.0,ridge,True,False,0.0,100.0,False,True,False,False,True,4,forecast_trigger,required_outside_pilot,250,80,90,48,1.0
221,2026-09-23,50.77,2026-09-23 02:30:00,50.29,48.51,2026-09-22 00:30:00,044,1100,2026-09-23 02:30:00,2026-09-23 22:30:00,2026-09-24,81.538572038923,76.64057078989299,94.29,35.72857175554548,1.1300011,26.0,0.0,0,0,0,1,0,0,0,False,synthetic,89.1308141480026,100.0,100.0,100.0,ridge,True,False,0.0,100.0,False,True,False,False,True,4,forecast_trigger,required_outside_pilot,251,80,90,48,1.0
358,2026-09-23,50.71,2026-09-23 02:30:00,39.27,46.61,2026-09-22 00:30:00,071,660,2026-09-23 02:30:00,2026-09-23 22:30:00,2026-09-24,76.88142885480609,71.13943631187499,99.11,32.20714242117746,2.0499992,26.0,0.0,0,0,0,1,0,0,0,False,synthetic,86.52979656921013,99.58535057736944,100.0,100.0,ridge,True,False,0.0,100.0,False,True,False,False,True,4,forecast_trigger,required_outside_pilot,252,80,90,48,1.0
746,2026-09-23,50.66,2026-09-23 02:30:00,50.72,47.59,2026-09-22 00:30:00,149,660,2026-09-23 02:30:00,2026-09-23 22:30:00,2026-09-24,77.67428697858539,73.24937503983801,99.62,48.08285794939314,1.5349998,26.0,0.0,0,0,0,1,0,0,0,False,synthetic,91.98845360163892,100.0,100.0,100.0,ridge,True,False,0.0,100.0,False,True,False,False,True,4,forecast_trigger,required_outside_pilot,253,80,90,48,1.0
520,2026-09-23,50.59,2026-09-23 02:30:00,47.14,50.47,2026-09-22 00:30:00,103,660,2026-09-23 02:30:00,2026-09-23 22:30:00,2026-09-24,70.6916675567627,69.73943176919981,98.9,36.48500124613444,0.059999466,26.0,0.0,0,0,0,1,0,0,0,True,synthetic,85.57405362065937,98.62960762881866,100.0,100.0,ridge,True,False,0.0,100.0,False,True,False,False,True,4,forecast_trigger,required_outside_pilot,254,80,90,48,1.0
768,2026-09-23,50.47,2026-09-23 02:30:00,40.01,47.09,2026-09-22 00:30:00,153,1100,2026-09-23 02:30:00,2026-09-23 22:30:00,2026-09-24,70.07428577968052,66.16861802173209,54.32,41.892857142857146,1.6900005,26.0,0.0,0,0,0,1,0,0,0,False,synthetic,87.41088127504216,100.0,100.0,100.0,ridge,True,False,0.0,100.0,False,True,False,False,True,4,forecast_trigger,required_outside_pilot,255,80,90,48,1.0
588,2026-09-23,50.19,2026-09-23 02:30:00,46.52,49.63,2026-09-22 00:30:00,117,1100,2026-09-23 02:30:00,2026-09-23 22:30:00,2026-09-24,74.13142885480609,72.20712569866943,68.69,37.791429792131694,0.27999878,26.0,0.0,0,0,0,1,0,0,0,False,synthetic,88.11185226438988,100.0,100.0,100.0,ridge,True,False,0.0,100.0,False,True,False,False,True,4,forecast_trigger,required_outside_pilot,256,80,90,48,1.0
404,2026-09-23,50.18,2026-09-23 00:30:00,46.21,50.18,2026-09-22 00:30:00,080,240,2026-09-23 02:30:00,2026-09-23 22:30:00,2026-09-24,72.67285755702427,71.7225821982941,47.95,43.29000037057059,0.0,26.0,2.0,0,0,0,1,0,0,0,False,synthetic,93.1397808471364,100.0,100.0,100.0,ridge,True,False,0.0,100.0,False,True,False,False,True,4,forecast_trigger,required_outside_pilot,257,80,90,48,1.0
897,2026-09-23,50.09,2026-09-23 02:30:00,47.08,48.42,2026-09-22 00:30:00,179,660,2026-09-23 02:30:00,2026-09-23 22:30:00,2026-09-24,72.76571491786412,71.51443354548104,100.0,30.110001155308314,0.835001,26.0,0.0,0,0,0,1,0,0,0,False,synthetic,83.99025356519935,97.04580757335864,100.0,100.0,ridge,True,False,0.0,100.0,False,True,False,False,True,4,forecast_trigger,required_outside_pilot,258,80,90,48,1.0
220,2026-09-23,50.05,2026-09-23 02:30:00,48.77,52.1,2026-09-22 00:30:00,043,1100,2026-09-23 02:30:00,2026-09-23 22:30:00,2026-09-24,72.83428628104073,73.35670379373312,50.26,40.76571491786412,0.0,26.0,0.0,0,0,0,1,0,0,0,True,synthetic,90.29279500106516,100.0,100.0,100.0,ridge,True,False,0.0,100.0,False,True,False,False,True,4,forecast_trigger,required_outside_pilot,259,80,90,48,1.0
835,2026-09-23,50.0,2026-09-23 02:30:00,44.9,,2026-09-22 00:30:00,166,660,2026-09-23 02:30:00,2026-09-23 22:30:00,2026-09-24,74.79142924717495,70.49864735517919,99.41,40.81571469988142,,26.0,0.0,0,0,0,1,0,0,0,True,synthetic,86.96868952208837,100.0,100.0,100.0,ridge,True,False,0.0,100.0,False,True,False,False,True,4,forecast_trigger,required_outside_pilot,260,80,90,48,1.0
804,2026-09-23,49.66,2026-09-23 02:30:00,39.16,42.45,2026-09-22 00:30:00,160,660,2026-09-23 02:30:00,2026-09-23 22:30:00,2026-09-24,72.33571515764508,69.69272855994186,76.22,45.57143020629883,3.6049995,26.0,0.0,0,0,0,1,0,0,0,False,synthetic,92.0351521592633,100.0,100.0,100.0,ridge,True,False,0.0,100.0,False,True,False,False,True,4,forecast_trigger,required_outside_pilot,261,80,90,48,1.0
41,2026-09-23,49.1,2026-09-23 02:30:00,37.71,44.91,2026-09-22 00:30:00,009,660,2026-09-23 02:30:00,2026-09-23 22:30:00,2026-09-24,70.06142752511161,68.47837014260752,50.8,48.118570055280415,2.0949993,26.0,0.0,0,0,0,1,0,0,0,False,synthetic,92.46755222149967,100.0,100.0,100.0,ridge,True,False,0.0,100.0,False,True,False,False,True,4,forecast_trigger,required_outside_pilot,262,80,90,48,1.0
655,2026-09-23,49.1,2026-09-23 02:30:00,43.54,47.73,2026-09-22 00:30:00,130,1100,2026-09-23 02:30:00,2026-09-23 22:30:00,2026-09-24,61.93857056753976,64.55235779754813,48.39,34.88857078552246,0.68499947,26.0,0.0,0,0,0,1,0,0,0,True,synthetic,82.55102089139933,95.60657489955864,100.0,100.0,ridge,True,False,0.0,100.0,False,True,False,False,True,4,forecast_trigger,required_outside_pilot,263,80,90,48,1.0
544,2026-09-23,48.91,2026-09-23 00:30:00,45.45,48.91,2026-09-22 00:30:00,108,660,2026-09-23 02:30:00,2026-09-23 22:30:00,2026-09-24,73.63000052315849,70.82111131933989,68.5,41.85857173374721,0.0,26.0,2.0,0,0,0,1,0,0,0,False,synthetic,90.65209608505792,100.0,100.0,100.0,ridge,True,False,0.0,100.0,False,True,False,False,True,4,forecast_trigger,required_outside_pilot,264,80,90,48,1.0
907,2026-09-23,48.77,2026-09-23 02:30:00,86.84,,2026-09-23 00:30:00,181,660,2026-09-23 02:30:00,2026-09-23 22:30:00,2026-09-24,85.39857046944755,84.42665989332453,98.53,75.03142711094448,,2.0,0.0,0,0,0,1,0,0,0,False,synthetic,96.75221442830345,100.0,100.0,100.0,ridge,True,False,0.0,100.0,False,True,False,False,True,4,forecast_trigger,required_outside_pilot,265,80,90,48,1.0
57,2026-09-23,48.75,2026-09-23 02:30:00,39.97,43.92,2026-09-22 00:30:00,012,660,2026-09-23 02:30:00,2026-09-23 22:30:00,2026-09-24,67.5928568158831,67.10192542016958,50.69,37.22714178902762,2.415001,26.0,0.0,0,0,0,1,0,0,0,False,synthetic,86.14045803140792,99.19601203956722,100.0,100.0,ridge,True,False,0.0,100.0,False,True,False,False,True,4,forecast_trigger,required_outside_pilot,266,80,90,48,1.0
299,2026-09-23,48.38,2026-09-23 02:30:00,39.25,41.1,2026-09-22 00:30:00,059,240,2026-09-23 02:30:00,2026-09-23 22:30:00,2026-09-24,71.31285694667271,68.65904590010881,97.43,35.62999997820173,3.6400013,26.0,0.0,0,0,0,1,0,0,0,False,synthetic,85.9913693447756,99.0469233529349,100.0,100.0,ridge,True,True,0.0,100.0,False,True,False,False,True,4,forecast_trigger,pilot_required,267,80,90,48,1.0
839,2026-09-23,48.34,2026-09-23 02:30:00,46.86,42.19,2026-09-22 00:30:00,167,1100,2026-09-23 02:30:00,2026-09-23 22:30:00,2026-09-24,81.3071425301688,76.52427072944026,97.9,35.271427154541016,3.0750008,26.0,0.0,0,0,0,1,0,0,0,False,synthetic,88.93110042238987,100.0,100.0,100.0,ridge,True,False,0.0,100.0,False,True,False,False,True,4,forecast_trigger,required_outside_pilot,268,80,90,48,1.0
662,2026-09-23,48.21,2026-09-23 02:30:00,40.86,44.42,2026-09-22 00:30:00,132,1100,2026-09-23 02:30:00,2026-09-23 22:30:00,2026-09-24,70.52714375087193,69.19017792462715,49.65,40.6471437726702,1.8950005,26.0,0.0,0,0,0,1,0,0,0,False,synthetic,88.31499279225855,100.0,100.0,100.0,ridge,True,False,0.0,100.0,False,True,False,False,True,4,forecast_trigger,required_outside_pilot,269,80,90,48,1.0
744,2026-09-23,48.11,2026-09-23 02:30:00,37.45,43.5,2026-09-22 00:30:00,148,240,2026-09-23 02:30:00,2026-09-23 22:30:00,2026-09-24,71.2900003705706,68.07704813303417,100.0,44.13714272635324,2.3050003,26.0,0.0,0,0,0,1,0,0,0,False,synthetic,89.14801277821704,100.0,100.0,100.0,ridge,True,False,0.0,100.0,False,True,False,False,True,4,forecast_trigger,required_outside_pilot,270,80,90,48,1.0
996,2026-09-23,48.08,2026-09-23 02:30:00,44.33,47.17,2026-09-22 00:30:00,199,660,2026-09-23 02:30:00,2026-09-23 22:30:00,2026-09-24,78.30857195172992,73.3386303814516,78.93,36.96285738263811,0.45500183,26.0,0.0,0,0,0,1,0,0,0,False,synthetic,87.41562258165598,100.0,100.0,100.0,ridge,True,False,0.0,100.0,False,True,False,False,True,4,forecast_trigger,required_outside_pilot,271,80,90,48,1.0
800,2026-09-23,47.8,2026-09-23 02:30:00,43.43,44.86,2026-09-22 00:30:00,159,660,2026-09-23 02:30:00,2026-09-23 22:30:00,2026-09-24,71.17999976021903,65.8858195057696,89.97,39.0542847769601,1.4699993,26.0,0.0,0,0,0,1,0,0,0,True,synthetic,82.83269136033014,95.88824536848944,100.0,100.0,ridge,True,False,0.0,100.0,False,True,False,False,True,4,forecast_trigger,required_outside_pilot,272,80,90,48,1.0
33,2026-09-23,47.61,2026-09-23 02:30:00,32.74,44.45,2026-09-22 00:30:00,007,660,2026-09-23 02:30:00,2026-09-23 22:30:00,2026-09-24,68.28428540910993,66.58791368471393,52.88,37.18571363176618,1.5799999,26.0,0.0,0,0,0,1,0,0,0,False,synthetic,86.6415722615582,99.6971262697175,100.0,100.0,ridge,True,False,0.0,100.0,False,True,False,False,True,4,forecast_trigger,required_outside_pilot,273,80,90,48,1.0
763,2026-09-23,47.5,2026-09-23 02:30:00,32.89,41.7,2026-09-22 00:30:00,152,1100,2026-09-23 02:30:00,2026-09-23 22:30:00,2026-09-24,76.11857060023716,69.26532318891594,89.84,31.82714080810547,2.8999996,26.0,0.0,0,0,0,1,0,0,0,False,synthetic,84.9825827910683,98.0381367992276,100.0,100.0,ridge,True,False,0.0,100.0,False,True,False,False,True,4,forecast_trigger,required_outside_pilot,274,80,90,48,1.0
619,2026-09-23,46.84,2026-09-23 02:30:00,40.82,47.47,2026-09-22 00:30:00,123,660,2026-09-23 02:30:00,2026-09-23 22:30:00,2026-09-24,68.58666737874348,67.98099441896673,50.15,36.86333338419596,0.0,26.0,0.0,0,0,0,1,0,0,0,False,synthetic,84.75622291305868,97.81177692121798,100.0,100.0,ridge,True,False,0.0,100.0,False,True,False,False,True,4,forecast_trigger,required_outside_pilot,275,80,90,48,1.0
27,2026-09-23,46.83,2026-09-23 02:30:00,38.84,43.42,2026-09-22 00:30:00,006,1100,2026-09-23 02:30:00,2026-09-23 22:30:00,2026-09-24,63.94142859322684,64.25055317373008,37.97,36.55999919346401,1.7050018,26.0,0.0,0,0,0,1,0,0,0,False,synthetic,83.01658661047513,96.07214061863442,100.0,100.0,ridge,True,False,0.0,100.0,False,True,False,False,True,4,forecast_trigger,required_outside_pilot,276,80,90,48,1.0
733,2026-09-23,46.77,2026-09-23 02:30:00,43.27,44.88,2026-09-22 00:30:00,146,660,2026-09-23 02:30:00,2026-09-23 22:30:00,2026-09-24,71.88857214791435,66.51861432352068,98.58,41.07285799298968,0.9449997,26.0,0.0,0,0,0,1,0,0,0,False,synthetic,83.42577024116994,96.48132424932923,100.0,100.0,ridge,True,False,0.0,100.0,False,True,False,False,True,4,forecast_trigger,required_outside_pilot,277,80,90,48,1.0
86,2026-09-23,46.72,2026-09-23 02:30:00,77.02,,2026-09-23 00:30:00,018,660,2026-09-23 02:30:00,2026-09-23 22:30:00,2026-09-24,77.1471426827567,79.22259108992085,53.31,54.01285770961216,,2.0,0.0,0,0,0,1,0,0,0,False,synthetic,86.44610624578247,99.50166025394176,100.0,100.0,ridge,True,False,0.0,100.0,False,True,False,False,True,4,forecast_trigger,required_outside_pilot,278,80,90,48,1.0
869,2026-09-23,46.02,2026-09-23 02:30:00,36.91,42.72,2026-09-22 00:30:00,173,660,2026-09-23 02:30:00,2026-09-23 22:30:00,2026-09-24,69.62142944335938,66.46317086281476,79.63,41.85428592136928,1.6499996,26.0,0.0,0,0,0,1,0,0,0,False,synthetic,85.94884896133573,99.00440296949505,100.0,100.0,ridge,True,False,0.0,100.0,False,True,False,False,True,4,forecast_trigger,required_outside_pilot,279,80,90,48,1.0
939,2026-09-23,45.98,2026-09-23 02:30:00,47.2,45.29,2026-09-22 00:30:00,187,1100,2026-09-23 02:30:00,2026-09-23 22:30:00,2026-09-24,73.41428538731166,70.39595609018349,88.56,42.65142822265625,0.3449993,26.0,0.0,0,0,0,1,0,0,0,False,synthetic,85.91326480952996,98.96881881768924,100.0,100.0,ridge,True,False,0.0,100.0,False,True,False,False,True,4,forecast_trigger,required_outside_pilot,280,80,90,48,1.0
620,2026-09-23,45.61,2026-09-23 02:30:00,40.73,41.47,2026-09-22 00:30:00,123,1100,2026-09-23 02:30:00,2026-09-23 22:30:00,2026-09-24,62.6471437726702,66.24805710767241,28.09,37.65571485246931,2.0699997,26.0,0.0,0,0,0,1,0,0,0,True,synthetic,84.70187249551822,97.75742650367752,100.0,100.0,ridge,True,False,0.0,100.0,False,True,False,False,True,4,forecast_trigger,required_outside_pilot,281,80,90,48,1.0
454,2026-09-23,45.17,2026-09-23 02:30:00,44.48,45.17,2026-09-22 00:30:00,090,660,2026-09-23 02:30:00,2026-09-23 22:30:00,2026-09-24,68.55857140677315,68.95765782062284,51.25,42.22428567068918,0.0,26.0,0.0,0,0,0,1,0,0,0,False,synthetic,86.07831362749938,99.13386763565867,100.0,100.0,ridge,True,False,0.0,100.0,False,True,False,False,True,4,forecast_trigger,required_outside_pilot,282,80,90,48,1.0
574,2026-09-23,45.04,2026-09-23 02:30:00,39.91,42.25,2026-09-22 00:30:00,114,660,2026-09-23 02:30:00,2026-09-23 22:30:00,2026-09-24,68.46571404593331,66.59181864499689,58.42,39.33571352277483,1.3950005,26.0,0.0,0,0,0,1,0,0,0,False,synthetic,84.0181197010219,97.0736737091812,100.0,100.0,ridge,True,True,0.0,100.0,False,True,False,False,True,4,forecast_trigger,pilot_required,283,80,90,48,1.0
402,2026-09-23,44.78,2026-09-23 02:30:00,34.14,43.2,2026-09-22 00:30:00,080,1100,2026-09-23 02:30:00,2026-09-23 22:30:00,2026-09-24,68.48714338030133,66.28687360907296,54.15,37.77142878941128,0.789999,26.0,0.0,0,0,0,1,0,0,0,False,synthetic,84.33687983510167,97.39243384326096,100.0,100.0,ridge,True,False,0.0,100.0,False,True,False,False,True,4,forecast_trigger,required_outside_pilot,284,80,90,48,1.0
32,2026-09-23,44.59,2026-09-23 02:30:00,33.48,38.43,2026-09-22 00:30:00,007,1100,2026-09-23 02:30:00,2026-09-23 22:30:00,2026-09-24,66.00999995640346,64.89068915741586,40.06,35.1499993460519,3.08,26.0,0.0,0,0,0,1,0,0,0,False,synthetic,83.17262537385854,96.22817938201784,100.0,100.0,ridge,True,False,0.0,100.0,False,True,False,False,True,4,forecast_trigger,required_outside_pilot,285,80,90,48,1.0
664,2026-09-23,44.32,2026-09-23 00:30:00,40.59,44.32,2026-09-22 00:30:00,132,1100,2026-09-23 02:30:00,2026-09-23 22:30:00,2026-09-24,67.62000002179828,66.90377142976988,47.7,37.91857147216797,0.0,26.0,2.0,0,0,0,1,0,0,0,False,synthetic,85.40104426977709,98.4565982779364,100.0,100.0,ridge,True,False,0.0,100.0,False,True,False,False,True,4,forecast_trigger,required_outside_pilot,286,80,90,48,1.0
898,2026-09-23,43.74,2026-09-23 02:30:00,37.12,37.15,2026-09-22 00:30:00,179,660,2026-09-23 02:30:00,2026-09-23 22:30:00,2026-09-24,78.38428551810128,72.0508719126951,100.0,47.614286695207866,3.295,26.0,0.0,0,0,0,1,0,0,0,False,synthetic,90.90597192293772,100.0,100.0,100.0,ridge,True,False,0.0,100.0,False,True,False,False,True,4,forecast_trigger,required_outside_pilot,287,80,90,48,1.0
919,2026-09-23,43.39,2026-09-23 02:30:00,67.97,47.96,2026-09-23 00:30:00,183,660,2026-09-23 02:30:00,2026-09-23 22:30:00,2026-09-24,82.1971435546875,80.50991643388866,38.71,62.82143020629883,0.0,2.0,0.0,0,0,0,1,0,0,0,False,synthetic,92.064953425148,100.0,100.0,100.0,ridge,True,False,0.0,100.0,False,True,False,False,True,4,forecast_trigger,required_outside_pilot,288,80,90,48,1.0
269,2026-09-23,42.95,2026-09-23 02:30:00,39.44,42.36,2026-09-22 00:30:00,053,1100,2026-09-23 02:30:00,2026-09-23 22:30:00,2026-09-24,72.12714276994977,70.22482785515184,63.19,40.52714320591518,0.29500008,26.0,0.0,0,0,0,1,0,0,0,False,synthetic,85.87246873095093,98.92802273911022,100.0,100.0,ridge,True,False,0.0,100.0,False,True,False,False,True,4,forecast_trigger,required_outside_pilot,289,80,90,48,1.0
706,2026-09-23,42.2,2026-09-23 02:30:00,41.7,42.09,2026-09-22 00:30:00,141,1100,2026-09-23 02:30:00,2026-09-23 22:30:00,2026-09-24,74.62428501674107,71.13925757446746,92.47,47.11428451538086,0.055000305,26.0,0.0,0,0,0,1,0,0,0,False,synthetic,87.67167125998512,100.0,100.0,100.0,ridge,True,False,0.0,100.0,False,True,False,False,True,4,forecast_trigger,required_outside_pilot,290,80,90,48,1.0
255,2026-09-23,40.43,2026-09-23 02:30:00,74.46,,2026-09-23 00:30:00,050,660,2026-09-23 02:30:00,2026-09-23 22:30:00,2026-09-24,87.16142817905971,84.50045165653344,100.0,64.35999952043805,,2.0,0.0,0,0,0,1,0,0,0,True,synthetic,90.87905056929388,100.0,100.0,100.0,ridge,True,False,53.65584905137542,100.0,False,True,False,False,True,4,forecast_trigger,required_outside_pilot,291,80,90,48,1.0
212,2026-09-23,37.5,2026-09-23 02:30:00,25.33,29.22,2026-09-22 00:30:00,042,660,2026-09-23 02:30:00,2026-09-23 22:30:00,2026-09-24,71.62142808096749,66.59745637416972,64.51,39.88142776489258,4.1400003,26.0,0.0,0,0,0,1,0,0,0,False,synthetic,84.14659230391169,97.202146312071,100.0,100.0,ridge,True,False,0.0,100.0,False,True,False,False,True,4,forecast_trigger,required_outside_pilot,292,80,90,48,1.0
381,2026-09-23,30.2,2026-09-23 02:30:00,97.63,4.94,2026-09-23 00:30:00,076,1100,2026-09-23 02:30:00,2026-09-23 22:30:00,2026-09-24,89.09714181082589,90.3735571496512,67.52,66.86856951032367,12.63,2.0,0.0,0,0,0,1,0,0,0,False,synthetic,88.99816153455018,100.0,100.0,100.0,ridge,True,True,0.0,100.0,False,True,False,False,True,4,forecast_trigger,pilot_required,293,80,90,48,1.0
847,2026-09-23,27.91,2026-09-23 02:30:00,83.81,6.76,2026-09-23 00:30:00,169,1100,2026-09-23 02:30:00,2026-09-23 22:30:00,2026-09-24,78.81142861502511,81.39186591409792,64.36,68.41142817905971,10.575,2.0,0.0,0,0,0,1,0,0,0,False,synthetic,85.25918602754173,98.31474003570102,100.0,100.0,ridge,True,False,0.0,100.0,False,True,False,False,True,4,forecast_trigger,required_outside_pilot,294,80,90,48,1.0
679,2026-09-23,27.32,2026-09-23 02:30:00,88.38,5.44,2026-09-23 00:30:00,135,240,2026-09-23 02:30:00,2026-09-23 22:30:00,2026-09-24,90.0057144165039,85.84495597484147,97.32,69.23857116699219,10.94,2.0,0.0,0,0,0,1,0,0,0,False,synthetic,85.83030296823326,98.88585697639256,100.0,100.0,ridge,True,False,0.0,100.0,False,True,False,False,True,4,forecast_trigger,required_outside_pilot,295,80,90,48,1.0
988,2026-09-23,26.69,2026-09-23 02:30:00,71.71,4.6,2026-09-23 00:30:00,197,1100,2026-09-23 02:30:00,2026-09-23 22:30:00,2026-09-24,91.3528562273298,87.01599380008992,98.44,72.49142892020089,11.045,2.0,0.0,0,0,0,1,0,0,0,False,synthetic,92.30199459038718,100.0,100.0,100.0,ridge,True,False,0.0,100.0,False,True,False,False,True,4,forecast_trigger,required_outside_pilot,296,80,90,48,1.0
915,2026-09-23,26.38,2026-09-23 02:30:00,97.31,5.17,2026-09-23 00:30:00,182,1100,2026-09-23 02:30:00,2026-09-23 22:30:00,2026-09-24,97.12714168003627,96.46775717363188,100.0,81.87285723005023,10.605,2.0,0.0,0,0,0,1,0,0,0,True,synthetic,96.88405714257075,100.0,100.0,100.0,ridge,True,False,0.0,100.0,False,True,False,False,True,4,forecast_trigger,required_outside_pilot,297,80,90,48,1.0
54,2026-09-23,24.37,2026-09-23 02:30:00,90.15,5.39,2026-09-23 00:30:00,011,660,2026-09-23 02:30:00,2026-09-23 22:30:00,2026-09-24,93.81857081821988,91.89871034317252,100.0,61.77285712105887,9.490001,2.0,0.0,0,0,0,1,0,0,0,False,synthetic,85.04344107154165,98.09899507970096,100.0,100.0,ridge,True,False,0.0,100.0,False,True,False,False,True,4,forecast_trigger,required_outside_pilot,298,80,90,48,1.0
978,2026-09-23,22.68,2026-09-23 02:30:00,78.26,3.64,2026-09-23 00:30:00,195,660,2026-09-23 02:30:00,2026-09-23 22:30:00,2026-09-24,89.35142735072544,85.59004450803364,90.18,64.2457139151437,9.52,2.0,0.0,0,0,0,1,0,0,0,False,synthetic,83.4753003767381,96.5308543848974,100.0,100.0,ridge,True,False,0.0,100.0,False,True,False,False,True,4,forecast_trigger,required_outside_pilot,299,80,90,48,1.0
499,2026-09-23,21.13,2026-09-23 02:30:00,94.67,5.51,2026-09-23 00:30:00,099,1100,2026-09-23 02:30:00,2026-09-23 22:30:00,2026-09-24,88.47428567068917,88.94349071143985,100.0,76.22000122070312,7.8099995,2.0,0.0,0,0,0,1,0,0,0,False,synthetic,86.08777697210516,99.14333098026448,100.0,100.0,ridge,True,False,0.0,100.0,False,True,False,False,True,4,forecast_trigger,required_outside_pilot,300,80,90,48,1.0
51,2026-09-23,21.11,2026-09-23 02:30:00,68.05,4.74,2026-09-23 00:30:00,011,660,2026-09-23 02:30:00,2026-09-23 22:30:00,2026-09-24,87.74142892020089,84.29540765297357,96.81,67.06571360996791,8.185,2.0,0.0,0,0,0,1,0,0,0,False,synthetic,85.3718610193789,98.4274150275382,100.0,100.0,ridge,True,False,0.0,100.0,False,True,False,False,True,4,forecast_trigger,required_outside_pilot,301,80,90,48,1.0
354,2026-09-23,20.14,2026-09-23 02:30:00,78.74,4.73,2026-09-23 00:30:00,070,660,2026-09-23 02:30:00,2026-09-23 22:30:00,2026-09-24,85.62857055664062,87.53722633858082,84.36,76.00428336007255,7.705,2.0,0.0,0,0,0,1,0,0,0,False,synthetic,89.35827901617147,100.0,100.0,100.0,ridge,True,False,0.0,100.0,False,True,False,False,True,4,forecast_trigger,required_outside_pilot,302,80,90,48,1.0
838,2026-09-23,18.79,2026-09-23 02:30:00,95.35,4.83,2026-09-23 00:30:00,167,660,2026-09-23 02:30:00,2026-09-23 22:30:00,2026-09-24,88.86285618373326,90.73873125425578,64.46,67.35571343558175,6.9800005,2.0,0.0,0,0,0,1,0,0,0,False,synthetic,82.66032958230026,95.71588359045955,100.0,100.0,ridge,True,False,0.0,100.0,False,True,False,False,True,4,forecast_trigger,required_outside_pilot,303,80,90,48,1.0
496,2026-09-23,18.71,2026-09-23 02:30:00,100.0,1.76,2026-09-23 00:30:00,099,660,2026-09-23 02:30:00,2026-09-23 22:30:00,2026-09-24,88.1971435546875,91.15743540922692,88.98,78.1557148524693,8.474999,2.0,0.0,0,0,0,1,0,0,0,False,synthetic,86.67117549961878,99.72672950777807,100.0,100.0,ridge,True,True,0.0,100.0,False,True,False,False,True,4,forecast_trigger,pilot_required,304,80,90,48,1.0
495,2026-09-23,16.75,2026-09-23 02:30:00,79.38,5.8,2026-09-23 00:30:00,098,1100,2026-09-23 02:30:00,2026-09-23 22:30:00,2026-09-24,85.33999960763114,84.67727559228098,92.71,76.01142828805106,5.475,2.0,0.0,0,0,0,1,0,0,0,True,synthetic,83.89168572428169,96.94723973244098,100.0,100.0,ridge,True,False,0.0,100.0,False,True,False,False,True,4,forecast_trigger,required_outside_pilot,305,80,90,48,1.0
861,2026-09-23,16.24,2026-09-23 02:30:00,76.03,7.13,2026-09-23 00:30:00,172,660,2026-09-23 02:30:00,2026-09-23 22:30:00,2026-09-24,82.01571437290737,85.18382307594575,75.32,69.94857352120536,4.555,2.0,0.0,0,0,0,1,0,0,0,False,synthetic,83.11471489058145,96.17026889874074,100.0,100.0,ridge,True,False,0.0,100.0,False,True,False,False,True,4,forecast_trigger,required_outside_pilot,306,80,90,48,1.0
702,2026-09-23,16.1,2026-09-23 02:30:00,98.25,7.28,2026-09-23 00:30:00,140,1100,2026-09-23 02:30:00,2026-09-23 22:30:00,2026-09-24,89.26428549630302,90.6050673401886,74.39,77.92285755702427,4.41,2.0,0.0,0,0,0,1,0,0,0,False,synthetic,83.9559245388505,97.0114785470098,100.0,100.0,ridge,True,False,0.0,100.0,False,True,False,False,True,4,forecast_trigger,required_outside_pilot,307,80,90,48,1.0
545,2026-09-23,15.95,2026-09-23 02:30:00,100.0,6.57,2026-09-23 00:30:00,108,1100,2026-09-23 02:30:00,2026-09-23 22:30:00,2026-09-24,94.72857012067524,95.5888601738516,87.67,70.81571306501117,4.6899996,2.0,0.0,0,0,0,1,0,0,0,True,synthetic,83.86753082943203,96.92308483759132,100.0,100.0,ridge,True,False,27.95115161469987,100.0,False,True,False,False,True,4,forecast_trigger,required_outside_pilot,308,80,90,48,1.0
203,2026-09-23,15.32,2026-09-23 02:30:00,64.23,7.77,2026-09-23 00:30:00,040,660,2026-09-23 02:30:00,2026-09-23 22:30:00,2026-09-24,92.62714385986328,88.7376887416249,98.19,75.64000156947544,3.7749999,2.0,0.0,0,0,0,1,0,0,0,False,synthetic,89.16426393465376,100.0,100.0,100.0,ridge,True,False,0.0,100.0,False,True,False,False,True,4,forecast_trigger,required_outside_pilot,309,80,90,48,1.0
251,2026-09-23,14.55,2026-09-23 02:30:00,98.34,3.5,2026-09-23 00:30:00,050,660,2026-09-23 02:30:00,2026-09-23 22:30:00,2026-09-24,93.2942853655134,94.18227419706984,100.0,82.1471426827567,5.525,2.0,0.0,0,0,0,1,0,0,0,False,synthetic,87.58950843404267,100.0,100.0,100.0,ridge,True,False,0.0,100.0,False,True,False,False,True,4,forecast_trigger,required_outside_pilot,310,80,90,48,1.0
775,2026-09-23,14.08,2026-09-23 02:30:00,97.18,7.06,2026-09-23 00:30:00,154,1100,2026-09-23 02:30:00,2026-09-23 22:30:00,2026-09-24,95.91142817905973,95.2277301086626,97.13,82.99571337018695,3.51,2.0,0.0,0,0,0,1,0,0,0,True,synthetic,87.95678635066177,100.0,100.0,100.0,ridge,True,False,0.0,100.0,False,True,False,False,True,4,forecast_trigger,required_outside_pilot,311,80,90,48,1.0
645,2026-09-23,14.01,2026-09-23 02:30:00,62.5,3.35,2026-09-23 00:30:00,128,1100,2026-09-23 02:30:00,2026-09-23 22:30:00,2026-09-24,90.3114275251116,85.5699057517746,100.0,74.19714191981724,5.33,2.0,0.0,0,0,0,1,0,0,0,True,synthetic,86.01648645757155,99.07204046573084,100.0,100.0,ridge,True,False,0.0,100.0,False,True,False,False,True,4,forecast_trigger,required_outside_pilot,312,80,90,48,1.0
313,2026-09-23,13.77,2026-09-23 02:30:00,73.37,4.31,2026-09-23 00:30:00,062,660,2026-09-23 02:30:00,2026-09-23 22:30:00,2026-09-24,88.48142896379743,88.49919138713904,75.78,71.23857116699219,4.7300005,2.0,0.0,0,0,0,1,0,0,0,False,synthetic,84.9617368623018,98.0172908704611,100.0,100.0,ridge,True,True,0.0,100.0,False,True,False,False,True,4,forecast_trigger,pilot_required,313,80,90,48,1.0
631,2026-09-23,13.11,2026-09-23 02:30:00,100.0,2.11,2026-09-23 00:30:00,126,660,2026-09-23 02:30:00,2026-09-23 22:30:00,2026-09-24,94.40714154924665,94.29656937318826,98.1,74.14571380615234,5.5,2.0,0.0,0,0,0,1,0,0,0,False,synthetic,82.726235550708,95.7817895588673,100.0,100.0,ridge,True,False,0.0,100.0,False,True,False,False,True,4,forecast_trigger,required_outside_pilot,314,80,90,48,1.0
72,2026-09-23,12.26,2026-09-23 02:30:00,95.6,7.0,2026-09-23 00:30:00,015,660,2026-09-23 02:30:00,2026-09-23 22:30:00,2026-09-24,94.5,93.0192182962644,90.08,83.20428575788226,2.63,2.0,0.0,0,0,0,1,0,0,0,False,synthetic,85.57698135935772,98.63253536751702,100.0,100.0,ridge,True,False,0.0,100.0,False,True,False,False,True,4,forecast_trigger,required_outside_pilot,315,80,90,48,1.0
691,2026-09-23,12.02,2026-09-23 02:30:00,87.87,3.73,2026-09-23 00:30:00,138,240,2026-09-23 02:30:00,2026-09-23 22:30:00,2026-09-24,94.77142987932476,93.70622958785644,86.66,80.65428815569196,4.1450005,2.0,0.0,0,0,0,1,0,0,0,False,synthetic,87.57933967622839,100.0,100.0,100.0,ridge,True,False,0.0,100.0,False,True,False,False,True,4,forecast_trigger,required_outside_pilot,316,80,90,48,1.0
24,2026-09-23,10.1,2026-09-23 02:30:00,75.08,0.7,2026-09-23 00:30:00,005,660,2026-09-23 02:30:00,2026-09-23 22:30:00,2026-09-24,91.67999903361004,89.52274129863729,95.7,81.47833251953125,4.7000003,2.0,0.0,0,0,0,1,0,0,0,False,synthetic,87.0280308436412,100.0,100.0,100.0,ridge,True,False,0.0,100.0,False,True,False,False,True,4,forecast_trigger,required_outside_pilot,317,80,90,48,1.0
470,2026-09-23,8.64,2026-09-23 02:30:00,100.0,5.88,2026-09-23 00:30:00,093,660,2026-09-23 02:30:00,2026-09-23 22:30:00,2026-09-24,94.5028566632952,95.02428859244802,99.7,82.4471435546875,1.3800001,2.0,0.0,0,0,0,1,0,0,0,True,synthetic,83.53396185681923,96.58951586497852,100.0,100.0,ridge,True,False,0.0,100.0,False,True,False,False,True,4,forecast_trigger,required_outside_pilot,318,80,90,48,1.0
282,2026-09-23,8.34,2026-09-23 02:30:00,100.0,6.45,2026-09-23 00:30:00,056,660,2026-09-23 02:30:00,2026-09-23 22:30:00,2026-09-24,97.32857077462332,96.88447702765652,88.45,84.72571345738002,0.9450002,2.0,0.0,0,0,0,1,0,0,0,False,synthetic,85.59981353874508,98.6553675469044,100.0,100.0,ridge,True,False,0.0,100.0,False,True,False,False,True,4,forecast_trigger,required_outside_pilot,319,80,90,48,1.0
848,2026-09-23,7.75,2026-09-23 02:30:00,98.53,1.1,2026-09-23 00:30:00,169,660,2026-09-23 02:30:00,2026-09-23 22:30:00,2026-09-24,94.81142861502512,96.04294178569056,88.21,78.77857099260602,3.325,2.0,0.0,0,0,0,1,0,0,0,False,synthetic,83.39021649449936,96.44577050265866,100.0,100.0,ridge,True,False,0.0,100.0,False,True,False,False,True,4,forecast_trigger,required_outside_pilot,320,80,90,48,1.0
469,2026-09-23,4.1,2026-09-23 00:30:00,73.93,4.1,2026-09-23 00:30:00,093,660,2026-09-23 02:30:00,2026-09-23 22:30:00,2026-09-24,90.41857256208148,89.63277834902979,74.3,79.28000041416713,0.0,2.0,2.0,0,0,0,1,0,0,0,False,synthetic,84.93180766860579,97.98736167676508,100.0,100.0,ridge,True,False,0.0,100.0,False,True,False,False,True,4,forecast_trigger,required_outside_pilot,321,80,90,48,1.0
461,2026-09-23,43.72,2026-09-23 00:30:00,39.46,43.72,2026-09-22 00:30:00,092,660,2026-09-23 02:30:00,2026-09-23 22:30:00,2026-09-24,61.68285696847098,62.63476741708249,39.86,37.28142820085798,0.0,26.0,2.0,0,0,0,1,0,0,0,False,synthetic,82.37522489342032,95.43077890157964,99.9975585730676,100.0,ridge,True,False,0.0,99.9975585730676,False,True,False,False,True,4,forecast_trigger,required_outside_pilot,322,80,90,48,1.0
970,2026-09-23,51.64,2026-09-23 02:30:00,49.78,51.51,2026-09-22 00:30:00,193,660,2026-09-23 02:30:00,2026-09-23 22:30:00,2026-09-24,66.18833414713542,65.35071836163846,47.2,35.64666748046875,0.065000534,26.0,0.0,0,0,0,1,0,0,0,True,synthetic,82.35100977308221,95.40656378124152,99.97334345272948,100.0,ridge,True,False,0.0,99.97334345272948,False,True,False,False,True,4,forecast_trigger,required_outside_pilot,323,80,90,48,1.0
518,2026-09-23,42.65,2026-09-23 02:30:00,37.79,43.22,2026-09-22 00:30:00,103,1100,2026-09-23 02:30:00,2026-09-23 22:30:00,2026-09-24,69.25000054495675,66.9276070377378,57.1,37.67142868041992,0.0,26.0,0.0,0,0,0,1,0,0,0,False,synthetic,82.34511893830715,95.40067294646644,99.96745261795442,100.0,ridge,True,False,0.0,99.96745261795442,False,True,False,False,True,4,forecast_trigger,required_outside_pilot,324,80,90,48,1.0
853,2026-09-23,46.1,2026-09-23 02:30:00,39.09,40.72,2026-09-22 00:30:00,170,1100,2026-09-23 02:30:00,2026-09-23 22:30:00,2026-09-24,69.10666592915852,66.31088582243147,100.0,34.616665840148926,2.6899986,26.0,0.0,0,0,0,1,0,0,0,False,synthetic,82.12956363063996,95.18511763879926,99.75189731028723,100.0,ridge,True,False,0.0,99.75189731028723,False,True,False,False,True,4,forecast_trigger,required_outside_pilot,325,80,90,48,1.0
558,2026-09-23,44.55,2026-09-23 02:30:00,39.43,44.71,2026-09-22 00:30:00,111,1100,2026-09-23 02:30:00,2026-09-23 22:30:00,2026-09-24,61.9071420942034,63.86675830540813,37.32,38.56714221409389,0.0,26.0,0.0,0,0,0,1,0,0,0,False,synthetic,82.1129733215903,95.1685273297496,99.73530700123756,100.0,ridge,True,False,0.0,99.73530700123756,False,True,False,False,True,4,forecast_trigger,required_outside_pilot,326,80,90,48,1.0
300,2026-09-23,47.23,2026-09-23 02:30:00,43.96,45.78,2026-09-22 00:30:00,059,660,2026-09-23 02:30:00,2026-09-23 22:30:00,2026-09-24,71.43571417672294,67.67959927034877,79.2,34.659999302455354,0.7250004,26.0,0.0,0,0,0,1,0,0,0,True,synthetic,82.06777000626138,95.12332401442067,99.69010368590864,100.0,ridge,True,True,0.0,99.69010368590864,False,True,False,False,True,4,forecast_trigger,pilot_required,327,80,90,48,1.0
293,2026-09-23,50.62,2026-09-23 02:30:00,39.75,41.2,2026-09-22 00:30:00,058,660,2026-09-23 02:30:00,2026-09-23 22:30:00,2026-09-24,69.53142874581474,65.03994029719676,78.86,30.117143630981445,4.709999,26.0,0.0,0,0,0,1,0,0,0,False,synthetic,81.96743607969269,95.02299008785198,99.58976975933996,100.0,ridge,True,True,0.0,99.58976975933996,False,True,False,False,True,4,forecast_trigger,pilot_required,328,80,90,48,1.0
448,2026-09-23,31.22,2026-09-23 02:30:00,96.85,5.0,2026-09-23 00:30:00,089,660,2026-09-23 02:30:00,2026-09-23 22:30:00,2026-09-24,84.17428588867188,84.01747555441696,68.94,60.24142946515765,13.11,2.0,0.0,0,0,0,1,0,0,0,False,synthetic,81.92896830005694,94.98452230821624,99.5513019797042,100.0,ridge,True,False,0.0,99.5513019797042,False,True,False,False,True,4,forecast_trigger,required_outside_pilot,329,80,90,48,1.0
407,2026-09-23,40.5,2026-09-23 02:30:00,36.83,41.17,2026-09-22 00:30:00,081,660,2026-09-23 02:30:00,2026-09-23 22:30:00,2026-09-24,71.06571415492466,66.1194762770391,94.72,42.202857971191406,0.0,26.0,0.0,0,0,0,1,0,0,0,False,synthetic,81.8829554574869,94.9385094656462,99.50528913713416,100.0,ridge,True,False,0.0,99.50528913713416,False,True,False,False,True,4,forecast_trigger,required_outside_pilot,330,80,90,48,1.0
129,2026-09-23,37.76,2026-09-23 02:30:00,28.94,37.12,2026-09-22 00:30:00,026,660,2026-09-23 02:30:00,2026-09-23 22:30:00,2026-09-24,71.40428570338658,68.05584440297646,68.93,35.45714296613421,0.3199997,26.0,0.0,0,0,0,1,0,0,0,False,synthetic,81.79204577556304,94.84759978372232,99.41437945521032,100.0,ridge,True,False,0.0,99.41437945521032,False,True,False,False,True,4,forecast_trigger,required_outside_pilot,331,80,90,48,1.0
364,2026-09-23,45.12,2026-09-23 02:30:00,37.47,43.13,2026-09-22 00:30:00,072,660,2026-09-23 02:30:00,2026-09-23 22:30:00,2026-09-24,65.86857169015067,64.83808423268405,74.51,35.8557139805385,0.99499893,26.0,0.0,0,0,0,1,0,0,0,False,synthetic,81.77743215862499,94.83298616678428,99.39976583827226,100.0,ridge,True,False,0.0,99.39976583827226,False,True,False,False,True,4,forecast_trigger,required_outside_pilot,332,80,90,48,1.0
451,2026-09-23,16.4,2026-09-23 02:30:00,69.49,2.24,2026-09-23 00:30:00,090,660,2026-09-23 02:30:00,2026-09-23 22:30:00,2026-09-24,90.31285749162946,83.34487107780902,97.57,69.62714385986328,7.08,2.0,0.0,0,0,0,1,0,0,0,False,synthetic,81.76031738765387,94.81587139581316,99.38265106730114,100.0,ridge,True,False,0.0,99.38265106730114,False,True,False,False,True,4,forecast_trigger,required_outside_pilot,333,80,90,48,1.0
615,2026-09-23,44.54,2026-09-23 02:30:00,40.17,47.33,2026-09-22 00:30:00,122,660,2026-09-23 02:30:00,2026-09-23 22:30:00,2026-09-24,67.2042852129255,65.77169464250245,45.34,36.269999095371794,0.0,26.0,0.0,0,0,0,1,0,0,0,True,synthetic,81.68337574808857,94.73892975624788,99.30570942773583,100.0,ridge,True,False,0.0,99.30570942773583,False,True,False,False,True,4,forecast_trigger,required_outside_pilot,334,80,90,48,1.0
252,2026-09-23,15.61,2026-09-23 02:30:00,82.06,5.62,2026-09-23 00:30:00,050,660,2026-09-23 02:30:00,2026-09-23 22:30:00,2026-09-24,89.56285749162946,86.8310769403509,100.0,71.5928568158831,4.995,2.0,0.0,0,0,0,1,0,0,0,False,synthetic,81.64590931709034,94.70146332524963,99.2682429967376,100.0,ridge,True,False,0.0,99.2682429967376,False,True,False,False,True,4,forecast_trigger,required_outside_pilot,335,80,90,48,1.0
261,2026-09-23,10.84,2026-09-23 02:30:00,100.0,6.01,2026-09-23 00:30:00,052,1100,2026-09-23 02:30:00,2026-09-23 22:30:00,2026-09-24,96.67000071207684,97.57039817621876,,69.2900021870931,2.415,2.0,0.0,0,0,0,1,0,0,0,False,synthetic,81.56118155842172,94.616735566581,99.183515238069,100.0,ridge,True,False,0.0,99.183515238069,False,True,False,False,True,4,forecast_trigger,required_outside_pilot,336,80,90,48,1.0
25,2026-09-23,9.46,2026-09-23 02:30:00,96.56,6.7,2026-09-23 00:30:00,005,660,2026-09-23 02:30:00,2026-09-23 22:30:00,2026-09-24,90.62714331490652,93.44712720462388,82.44,75.83714403424945,1.3800001,2.0,0.0,0,0,0,1,0,0,0,True,synthetic,81.53806787832805,94.59362188648734,99.16040155797532,100.0,ridge,True,False,0.0,99.16040155797532,False,True,False,False,True,4,forecast_trigger,required_outside_pilot,337,80,90,48,1.0
477,2026-09-23,57.71,2026-09-23 02:30:00,49.28,52.82,2026-09-22 00:30:00,095,660,2026-09-23 02:30:00,2026-09-23 22:30:00,2026-09-24,65.72142791748047,62.180146074885485,99.79,32.5999995640346,2.4449997,26.0,0.0,0,0,0,1,0,0,0,False,synthetic,81.50960844559232,94.5651624537516,99.1319421252396,100.0,ridge,True,False,0.0,99.1319421252396,False,True,False,False,True,4,forecast_trigger,required_outside_pilot,338,80,90,48,1.0
450,2026-09-23,13.98,2026-09-23 02:30:00,73.81,3.8,2026-09-23 00:30:00,089,660,2026-09-23 02:30:00,2026-09-23 22:30:00,2026-09-24,88.4500013078962,85.94841478404891,98.9,69.16000093732562,5.0899997,2.0,0.0,0,0,0,1,0,0,0,True,synthetic,81.40529554864281,94.46084955680212,99.02762922829008,100.0,ridge,True,False,0.0,99.02762922829008,False,True,False,False,True,4,forecast_trigger,required_outside_pilot,339,80,90,48,1.0
762,2026-09-23,10.49,2026-09-23 02:30:00,86.06,4.55,2026-09-23 00:30:00,152,660,2026-09-23 02:30:00,2026-09-23 22:30:00,2026-09-24,90.62999943324498,90.98320954892428,90.93,72.27285603114537,2.9699998,2.0,0.0,0,0,0,1,0,0,0,False,synthetic,81.39710038137613,94.45265438953544,99.0194340610234,100.0,ridge,True,False,0.0,99.0194340610234,False,True,False,False,True,4,forecast_trigger,required_outside_pilot,340,80,90,48,1.0
348,2026-09-23,48.82,2026-09-23 02:30:00,44.98,46.58,2026-09-22 00:30:00,069,1100,2026-09-23 02:30:00,2026-09-23 22:30:00,2026-09-24,65.95571463448661,64.02883075244958,42.57,36.17571422031948,1.1199989,26.0,0.0,0,0,0,1,0,0,0,False,synthetic,81.39470751454209,94.4502615227014,99.01704119418936,100.0,ridge,True,False,0.0,99.01704119418936,False,True,False,False,True,4,forecast_trigger,required_outside_pilot,341,80,90,48,1.0
666,2026-09-23,55.26,2026-09-23 02:30:00,40.22,47.47,2026-09-22 00:30:00,133,240,2026-09-23 02:30:00,2026-09-23 22:30:00,2026-09-24,62.47000067574637,61.86103639836561,81.76,27.312857491629465,3.8949986,26.0,0.0,0,0,0,1,0,0,0,False,synthetic,81.38422161226782,94.43977562042711,99.00655529191508,100.0,ridge,True,False,0.0,99.00655529191508,False,True,False,False,True,4,forecast_trigger,required_outside_pilot,342,80,90,48,1.0
183,2026-09-23,7.5,2026-09-23 02:30:00,100.0,1.84,2026-09-23 00:30:00,036,660,2026-09-23 02:30:00,2026-09-23 22:30:00,2026-09-24,92.2671421595982,93.6432024106995,74.01,78.87571389334542,2.83,2.0,0.0,0,0,0,1,0,0,0,False,synthetic,81.13733809466778,94.19289210282707,98.75967177431504,100.0,ridge,True,False,0.0,98.75967177431504,False,True,False,False,True,4,forecast_trigger,required_outside_pilot,343,80,90,48,1.0
585,2026-09-23,47.84,2026-09-23 02:30:00,44.5,45.38,2026-09-22 00:30:00,116,660,2026-09-23 02:30:00,2026-09-23 22:30:00,2026-09-24,64.098571232387,63.80278314672063,44.05,35.80142756870815,1.2299995,26.0,0.0,0,0,0,1,0,0,0,True,synthetic,81.06954030743941,94.12509431559872,98.69187398708668,100.0,ridge,True,False,0.0,98.69187398708668,False,True,False,False,True,4,forecast_trigger,required_outside_pilot,344,80,90,48,1.0
541,2026-09-23,10.2,2026-09-23 02:30:00,92.38,5.2,2026-09-23 00:30:00,108,1100,2026-09-23 02:30:00,2026-09-23 22:30:00,2026-09-24,92.47285679408482,93.61477735602722,95.9,71.49142892020089,2.5,2.0,0.0,0,0,0,1,0,0,0,False,synthetic,81.04585348747213,94.10140749563143,98.6681871671194,100.0,ridge,True,False,0.0,98.6681871671194,False,True,False,False,True,4,forecast_trigger,required_outside_pilot,345,80,90,48,1.0
385,2026-09-23,48.65,2026-09-23 02:30:00,40.59,43.27,2026-09-22 00:30:00,076,1100,2026-09-23 02:30:00,2026-09-23 22:30:00,2026-09-24,59.03000068664551,61.32210609120668,29.94,34.054286411830354,2.6900005,26.0,0.0,0,0,0,1,0,0,0,True,synthetic,80.96378587327071,94.01933988143,98.58611955291798,100.0,ridge,True,False,0.0,98.58611955291798,False,True,False,False,True,4,forecast_trigger,required_outside_pilot,346,80,90,48,1.0
61,2026-09-23,6.29,2026-09-23 02:30:00,100.0,3.33,2026-09-23 00:30:00,013,240,2026-09-23 02:30:00,2026-09-23 22:30:00,2026-09-24,90.9057137625558,93.81793993993504,71.29,79.33999960763114,1.48,2.0,0.0,0,0,0,1,0,0,0,False,synthetic,80.88423643866344,93.93979044682274,98.5065701183107,100.0,ridge,True,False,0.0,98.5065701183107,False,True,False,False,True,4,forecast_trigger,required_outside_pilot,347,80,90,48,1.0
646,2026-09-23,4.89,2026-09-23 02:30:00,75.16,5.41,2026-09-23 00:30:00,129,660,2026-09-23 02:30:00,2026-09-23 22:30:00,2026-09-24,88.75571550641742,88.16150296891065,98.6,78.2900025503976,0.0,2.0,0.0,0,0,0,1,0,0,0,False,synthetic,80.8412853686713,93.8968393768306,98.46361904831856,100.0,ridge,True,False,0.0,98.46361904831856,False,True,False,False,True,4,forecast_trigger,required_outside_pilot,348,80,90,48,1.0
827,2026-09-23,44.9,2026-09-23 02:30:00,34.27,39.05,2026-09-22 00:30:00,165,660,2026-09-23 02:30:00,2026-09-23 22:30:00,2026-09-24,69.84428569248745,65.6911150109007,94.22,31.35142844063895,2.9250011,26.0,0.0,0,0,0,1,0,0,0,False,synthetic,80.82866699612129,93.8842210042806,98.45100067576855,100.0,ridge,True,False,0.0,98.45100067576855,False,True,False,False,True,4,forecast_trigger,required_outside_pilot,349,80,90,48,1.0
701,2026-09-23,54.35,2026-09-23 02:30:00,36.04,51.13,2026-09-22 00:30:00,140,660,2026-09-23 02:30:00,2026-09-23 22:30:00,2026-09-24,56.40428706577846,56.646808537988406,46.24,33.265715735299246,1.6099987,26.0,0.0,0,0,0,1,0,0,0,False,synthetic,80.66240215108121,93.71795615924052,98.28473583072848,100.0,ridge,True,False,0.0,98.28473583072848,False,True,False,False,True,4,forecast_trigger,required_outside_pilot,350,80,90,48,1.0
173,2026-09-23,7.44,2026-09-23 02:30:00,79.65,,2026-09-23 00:30:00,034,1100,2026-09-23 02:30:00,2026-09-23 22:30:00,2026-09-24,89.16857038225446,87.5162408050503,100.0,78.04571315220424,,2.0,0.0,0,0,0,1,0,0,0,False,synthetic,80.63417883327746,93.68973284143676,98.25651251292471,100.0,ridge,True,False,0.0,98.25651251292471,False,True,False,False,True,4,forecast_trigger,required_outside_pilot,351,80,90,48,1.0
912,2026-09-23,8.02,2026-09-23 02:30:00,100.0,3.66,2026-09-23 00:30:00,182,1100,2026-09-23 02:30:00,2026-09-23 22:30:00,2026-09-24,99.3216667175293,98.46009723411044,100.0,70.81833267211914,2.1800003,2.0,0.0,0,0,0,1,0,0,0,False,synthetic,80.55151154716759,93.6070655553269,98.17384522681486,100.0,ridge,True,False,0.0,98.17384522681486,False,True,False,False,True,4,forecast_trigger,required_outside_pilot,352,80,90,48,1.0
176,2026-09-23,53.5,2026-09-23 02:30:00,43.81,45.22,2026-09-22 00:30:00,035,660,2026-09-23 02:30:00,2026-09-23 22:30:00,2026-09-24,63.75999995640346,61.11854442727179,88.38,32.22857093811035,4.1399994,26.0,0.0,0,0,0,1,0,0,0,False,synthetic,80.49785582253823,93.55340983069752,98.1201895021855,100.0,ridge,True,False,0.0,98.1201895021855,False,True,False,False,True,4,forecast_trigger,required_outside_pilot,353,80,90,48,1.0
421,2026-09-23,49.22,2026-09-23 02:30:00,35.16,49.37,2026-09-22 00:30:00,084,240,2026-09-23 02:30:00,2026-09-23 22:30:00,2026-09-24,62.687142508370535,60.32491312814364,47.12,34.12285695757185,0.0,26.0,0.0,0,0,0,1,0,0,0,False,synthetic,80.3634954512278,93.41904945938713,97.98582913087508,100.0,ridge,True,False,0.0,97.98582913087508,False,True,False,False,True,4,forecast_trigger,required_outside_pilot,354,80,90,48,1.0
745,2026-09-23,4.76,2026-09-23 02:30:00,69.48,1.94,2026-09-23 00:30:00,148,660,2026-09-23 02:30:00,2026-09-23 22:30:00,2026-09-24,92.197142464774,88.28205358863312,100.0,74.36428560529437,1.4100001,2.0,0.0,0,0,0,1,0,0,0,True,synthetic,80.36217739787787,93.41773140603718,97.98451107752514,100.0,ridge,True,False,0.0,97.98451107752514,False,True,False,False,True,4,forecast_trigger,required_outside_pilot,355,80,90,48,1.0
304,2026-09-23,55.89,2026-09-23 02:30:00,43.34,50.86,2026-09-22 00:30:00,060,660,2026-09-23 02:30:00,2026-09-23 22:30:00,2026-09-24,54.028334299723305,56.27772568743367,36.46,34.12833468119303,2.5149994,26.0,0.0,0,0,0,1,0,0,0,False,synthetic,80.32463219906533,93.38018620722464,97.9469658787126,100.0,ridge,True,True,0.0,97.9469658787126,False,True,False,False,True,4,forecast_trigger,pilot_required,356,80,90,48,1.0
963,2026-09-23,39.11,2026-09-23 02:30:00,42.97,39.46,2026-09-22 00:30:00,192,1100,2026-09-23 02:30:00,2026-09-23 22:30:00,2026-09-24,71.97714287894112,70.12431687039911,52.53,34.86285781860352,0.0,26.0,0.0,0,0,0,1,0,0,0,False,synthetic,80.28833298891443,93.34388699707372,97.9106666685617,100.0,ridge,True,False,0.0,97.9106666685617,False,True,False,False,True,4,forecast_trigger,required_outside_pilot,357,80,90,48,1.0
114,2026-09-23,16.72,2026-09-23 02:30:00,97.41,6.0,2026-09-23 00:30:00,023,660,2026-09-23 02:30:00,2026-09-23 22:30:00,2026-09-24,89.78571428571429,90.41346902597364,86.89,68.48428453717914,5.3599997,2.0,0.0,0,0,0,1,0,0,0,False,synthetic,80.26485564872863,93.32040965688792,97.8871893283759,100.0,ridge,True,False,0.0,97.8871893283759,False,True,False,False,True,4,forecast_trigger,required_outside_pilot,358,80,90,48,1.0
660,2026-09-23,8.47,2026-09-23 02:30:00,99.4,5.74,2026-09-23 00:30:00,131,660,2026-09-23 02:30:00,2026-09-23 22:30:00,2026-09-24,95.6500004359654,93.34364849587315,100.0,78.18571635654995,1.3650002,2.0,0.0,0,0,0,1,0,0,0,True,synthetic,79.87397918932757,92.92953319748688,97.49631286897484,100.0,ridge,True,False,0.0,97.49631286897484,False,True,False,False,True,4,forecast_trigger,required_outside_pilot,359,80,90,48,1.0
228,2026-09-23,49.4,2026-09-23 02:30:00,49.14,48.67,2026-09-22 00:30:00,045,660,2026-09-23 02:30:00,2026-09-23 22:30:00,2026-09-24,65.62714168003627,64.0820101560356,54.29,34.6342841557094,0.36500168,26.0,0.0,0,0,0,1,0,0,0,False,synthetic,79.73630004385926,92.79185405201856,97.35863372350651,100.0,ridge,True,False,0.0,97.35863372350651,False,True,False,False,True,4,forecast_trigger,required_outside_pilot,360,80,90,48,1.0
579,2026-09-23,46.8,2026-09-23 02:30:00,41.27,47.82,2026-09-22 00:30:00,115,1100,2026-09-23 02:30:00,2026-09-23 22:30:00,2026-09-24,64.50857216971261,61.94928287026764,47.45,36.96999958583287,0.0,26.0,0.0,0,0,0,1,0,0,0,False,synthetic,79.65125632159543,92.70681032975472,97.2735900012427,100.0,ridge,True,False,0.0,97.2735900012427,False,True,False,False,True,4,forecast_trigger,required_outside_pilot,361,80,90,48,1.0
275,2026-09-23,21.28,2026-09-23 02:30:00,99.84,3.83,2026-09-23 00:30:00,054,660,2026-09-23 02:30:00,2026-09-23 22:30:00,2026-09-24,83.89285605294364,86.53161059454487,99.38,66.98000063214984,8.725,2.0,0.0,0,0,0,1,0,0,0,True,synthetic,79.6047889159568,92.6603429241161,97.22712259560409,100.0,ridge,True,True,0.0,97.22712259560409,False,True,False,False,True,4,forecast_trigger,pilot_required,362,80,90,48,1.0
709,2026-09-23,42.56,2026-09-23 02:30:00,32.19,40.39,2026-09-22 00:30:00,141,660,2026-09-23 02:30:00,2026-09-23 22:30:00,2026-09-24,66.5942862374442,65.03876607183813,35.48,29.515714372907365,1.085001,26.0,0.0,0,0,0,1,0,0,0,False,synthetic,79.59363558244678,92.64918959060608,97.21596926209403,100.0,ridge,True,False,30.15084452368978,97.21596926209403,False,True,False,False,True,4,forecast_trigger,required_outside_pilot,363,80,90,48,1.0
356,2026-09-23,42.18,2026-09-23 02:30:00,32.96,44.83,2026-09-22 00:30:00,071,660,2026-09-23 02:30:00,2026-09-23 22:30:00,2026-09-24,64.10833358764648,61.12623814974014,47.36,38.678333600362144,0.0,26.0,0.0,0,0,0,1,0,0,0,False,synthetic,79.58125080109178,92.63680480925107,97.20358448073904,100.0,ridge,True,False,0.0,97.20358448073904,False,True,False,False,True,4,forecast_trigger,required_outside_pilot,364,80,90,48,1.0
649,2026-09-23,5.29,2026-09-23 00:30:00,99.33,5.29,2026-09-23 00:30:00,129,1100,2026-09-23 02:30:00,2026-09-23 22:30:00,2026-09-24,88.5,91.25859858343684,66.81,77.08000019618443,0.0,2.0,2.0,0,0,0,1,0,0,0,False,synthetic,79.51358022733554,92.56913423549484,97.1359139069828,100.0,ridge,True,False,0.0,97.1359139069828,False,True,False,False,True,4,forecast_trigger,required_outside_pilot,365,80,90,48,1.0
867,2026-09-23,48.58,2026-09-23 02:30:00,44.78,45.49,2026-09-22 00:30:00,173,1100,2026-09-23 02:30:00,2026-09-23 22:30:00,2026-09-24,57.56999969482422,59.79600155676185,33.06,36.86142785208566,1.5450001,26.0,0.0,0,0,0,1,0,0,0,False,synthetic,79.48865512921553,92.54420913737482,97.1109888088628,100.0,ridge,True,False,0.0,97.1109888088628,False,True,False,False,True,4,forecast_trigger,required_outside_pilot,366,80,90,48,1.0
793,2026-09-23,13.16,2026-09-23 02:30:00,100.0,2.64,2026-09-23 00:30:00,158,660,2026-09-23 02:30:00,2026-09-23 22:30:00,2026-09-24,90.65428597586497,89.8261007448772,90.27,74.69142859322685,5.2599998,2.0,0.0,0,0,0,1,0,0,0,False,synthetic,79.48516949254679,92.5407235007061,97.10750317219406,100.0,ridge,True,False,0.0,97.10750317219406,False,True,False,False,True,4,forecast_trigger,required_outside_pilot,367,80,90,48,1.0
594,2026-09-23,38.5,2026-09-23 02:30:00,34.74,41.37,2026-09-22 00:30:00,118,1100,2026-09-23 02:30:00,2026-09-23 22:30:00,2026-09-24,66.77714375087193,64.36927045781133,60.51,38.78714370727539,0.0,26.0,0.0,0,0,0,1,0,0,0,False,synthetic,79.46951877485934,92.52507278301864,97.0918524545066,100.0,ridge,True,False,0.0,97.0918524545066,False,True,False,False,True,4,forecast_trigger,required_outside_pilot,368,80,90,48,1.0
388,2026-09-23,15.44,2026-09-23 02:30:00,82.0,2.07,2026-09-23 00:30:00,077,660,2026-09-23 02:30:00,2026-09-23 22:30:00,2026-09-24,90.98714338030132,89.50475313377002,100.0,60.03000095912388,6.685,2.0,0.0,0,0,0,1,0,0,0,False,synthetic,79.21784789157208,92.27340189973135,96.84018157121936,100.0,ridge,True,True,0.0,96.84018157121936,False,True,False,False,True,4,forecast_trigger,pilot_required,369,80,90,48,1.0
230,2026-09-23,47.3,2026-09-23 00:30:00,44.5,47.3,2026-09-22 00:30:00,045,660,2026-09-23 02:30:00,2026-09-23 22:30:00,2026-09-24,71.26666641235352,62.91828480262505,79.57,33.6766668955485,0.0,26.0,2.0,0,0,0,1,0,0,0,True,synthetic,79.17661866297861,92.2321726711379,96.79895234262588,100.0,ridge,True,False,0.0,96.79895234262588,False,True,False,False,True,4,forecast_trigger,required_outside_pilot,370,80,90,48,1.0
149,2026-09-23,12.29,2026-09-23 02:30:00,68.43,4.99,2026-09-23 00:30:00,030,240,2026-09-23 02:30:00,2026-09-23 22:30:00,2026-09-24,88.82142966134208,85.48494639612898,100.0,64.44143077305385,3.65,2.0,0.0,0,0,0,1,0,0,0,False,synthetic,79.07995648015198,92.13551048831128,96.70229015979923,100.0,ridge,True,False,0.0,96.70229015979922,False,True,False,False,True,4,forecast_trigger,required_outside_pilot,371,80,90,48,1.0
95,2026-09-23,47.54,2026-09-23 02:30:00,49.57,49.66,2026-09-22 00:30:00,019,660,2026-09-23 02:30:00,2026-09-23 22:30:00,2026-09-24,60.68714468819754,61.93161010929063,33.54,37.45571572440012,0.0,26.0,0.0,0,0,0,1,0,0,0,True,synthetic,78.98881587594435,92.04436988410365,96.61114955559162,100.0,ridge,True,False,0.0,96.61114955559162,False,True,False,False,True,4,forecast_trigger,required_outside_pilot,372,80,90,48,1.0
97,2026-09-23,43.09,2026-09-23 02:30:00,31.66,33.83,2026-09-22 00:30:00,020,660,2026-09-23 02:30:00,2026-09-23 22:30:00,2026-09-24,59.375714438302175,59.55022825756811,36.87,33.670000076293945,4.629999,26.0,0.0,0,0,0,1,0,0,0,False,synthetic,78.91760629075813,91.97316029891743,96.5399399704054,100.0,ridge,True,False,0.0,96.5399399704054,False,True,False,False,True,4,forecast_trigger,required_outside_pilot,373,80,90,48,1.0
910,2026-09-23,10.31,2026-09-23 02:30:00,94.66,4.47,2026-09-23 00:30:00,181,660,2026-09-23 02:30:00,2026-09-23 22:30:00,2026-09-24,96.26285770961216,94.74852718467434,92.94,66.66285705566406,2.9200003,2.0,0.0,0,0,0,1,0,0,0,True,synthetic,78.87023049955008,91.92578450770938,96.49256417919734,100.0,ridge,True,False,0.0,96.49256417919734,False,True,False,False,True,4,forecast_trigger,required_outside_pilot,374,80,90,48,1.0
10,2026-09-23,55.94,2026-09-23 02:30:00,53.66,57.39,2026-09-22 00:30:00,002,660,2026-09-23 02:30:00,2026-09-23 22:30:00,2026-09-24,55.048571177891326,58.72901353790739,29.64,33.504284722464426,0.0,26.0,0.0,0,0,0,1,0,0,0,True,synthetic,78.84368464300171,91.899238651161,96.46601832264898,100.0,ridge,True,False,0.0,96.46601832264898,False,True,False,False,True,4,forecast_trigger,required_outside_pilot,375,80,90,48,1.0
412,2026-09-23,39.86,2026-09-23 02:30:00,65.02,43.07,2026-09-23 00:30:00,082,660,2026-09-23 02:30:00,2026-09-23 22:30:00,2026-09-24,75.43142809186664,76.39556357632472,58.01,41.40571485246931,0.0,2.0,0.0,0,0,0,1,0,0,0,False,synthetic,78.73818191547316,91.79373592363244,96.36051559512045,100.0,ridge,True,False,0.0,96.36051559512045,False,True,False,False,True,4,forecast_trigger,required_outside_pilot,376,80,90,48,1.0
517,2026-09-23,62.12,2026-09-23 02:30:00,55.89,57.11,2026-09-22 00:30:00,103,660,2026-09-23 02:30:00,2026-09-23 22:30:00,2026-09-24,52.64857155936105,56.00829289644653,36.04,30.50857162475586,2.5049992,26.0,0.0,0,0,0,1,0,0,0,False,synthetic,78.69009145208675,91.74564546024604,96.31242513173402,100.0,ridge,True,False,0.0,96.31242513173402,False,True,False,False,True,4,forecast_trigger,required_outside_pilot,377,80,90,48,1.0
928,2026-09-23,41.33,2026-09-23 02:30:00,34.85,42.15,2026-09-22 00:30:00,185,1100,2026-09-23 02:30:00,2026-09-23 22:30:00,2026-09-24,59.18571390424456,62.9560969416534,22.4,32.03999846322196,0.0,26.0,0.0,0,0,0,1,0,0,0,False,synthetic,78.64371726519187,91.69927127335116,96.26605094483914,100.0,ridge,True,False,0.0,96.26605094483914,False,True,False,False,True,4,forecast_trigger,required_outside_pilot,378,80,90,48,1.0
332,2026-09-23,28.89,2026-09-23 02:30:00,100.0,5.32,2026-09-23 00:30:00,066,660,2026-09-23 02:30:00,2026-09-23 22:30:00,2026-09-24,80.53428540910993,83.28423502668707,75.33,58.008572169712615,11.785,2.0,0.0,0,0,0,1,0,0,0,False,synthetic,78.42996615382208,91.48552016198138,96.05229983346936,100.0,ridge,True,False,0.0,96.05229983346936,False,True,False,False,True,4,forecast_trigger,required_outside_pilot,379,80,90,48,1.0
551,2026-09-23,45.97,2026-09-23 02:30:00,35.65,43.01,2026-09-22 00:30:00,110,1100,2026-09-23 02:30:00,2026-09-23 22:30:00,2026-09-24,59.857142312186106,60.39255869681514,38.39,31.81714139665876,1.4800014,26.0,0.0,0,0,0,1,0,0,0,False,synthetic,78.4191557372849,91.4747097454442,96.04148941693217,100.0,ridge,True,False,0.0,96.04148941693217,False,True,False,False,True,4,forecast_trigger,required_outside_pilot,380,80,90,48,1.0
207,2026-09-23,47.82,2026-09-23 02:30:00,43.19,46.91,2026-09-22 00:30:00,041,660,2026-09-23 02:30:00,2026-09-23 22:30:00,2026-09-24,63.24428531101772,64.2646174521249,78.37,28.75999913896833,0.45499992,26.0,0.0,0,0,0,1,0,0,0,False,synthetic,78.36987310388777,91.42542711204706,95.99220678353504,100.0,ridge,True,False,0.0,95.99220678353504,False,True,False,False,True,4,forecast_trigger,required_outside_pilot,381,80,90,48,1.0
334,2026-09-23,8.22,2026-09-23 02:30:00,100.0,6.26,2026-09-23 00:30:00,066,660,2026-09-23 02:30:00,2026-09-23 22:30:00,2026-09-24,91.9057148524693,93.79337185234894,58.72,71.74142837524414,0.98,2.0,0.0,0,0,0,1,0,0,0,False,synthetic,78.34892963948313,91.40448364764242,95.9712633191304,100.0,ridge,True,False,0.0,95.9712633191304,False,True,False,False,True,4,forecast_trigger,required_outside_pilot,382,80,90,48,1.0
5,2026-09-23,43.55,2026-09-23 02:30:00,38.07,44.31,2026-09-22 00:30:00,001,1100,2026-09-23 02:30:00,2026-09-23 22:30:00,2026-09-24,59.00285775320871,61.25599065402947,33.49,34.31999969482422,0.0,26.0,0.0,0,0,0,1,0,0,0,True,synthetic,78.22703617554106,91.28259018370036,95.84936985518831,100.0,ridge,True,False,0.0,95.84936985518831,False,True,False,False,True,4,forecast_trigger,required_outside_pilot,383,80,90,48,1.0
821,2026-09-23,13.08,2026-09-23 02:30:00,88.61,5.9,2026-09-23 00:30:00,164,660,2026-09-23 02:30:00,2026-09-23 22:30:00,2026-09-24,86.20999799455915,88.01823180270202,74.13,66.99285452706474,3.59,2.0,0.0,0,0,0,1,0,0,0,False,synthetic,78.20483571839183,91.26038972655113,95.8271693980391,100.0,ridge,True,False,0.0,95.8271693980391,False,True,False,False,True,4,forecast_trigger,required_outside_pilot,384,80,90,48,1.0
516,2026-09-23,48.27,2026-09-23 02:30:00,40.05,54.67,2026-09-22 00:30:00,103,660,2026-09-23 02:30:00,2026-09-23 22:30:00,2026-09-24,64.59571402413505,60.25398117431932,71.9,34.63285800388881,0.0,26.0,0.0,0,0,0,1,0,0,0,False,synthetic,78.05660575574254,91.11215976390184,95.6789394353898,99.94915509385228,ridge,True,False,0.0,95.6789394353898,False,True,False,False,True,4,forecast_trigger,required_outside_pilot,385,80,90,48,1.0
108,2026-09-23,9.41,2026-09-23 02:30:00,99.17,3.05,2026-09-23 00:30:00,022,1100,2026-09-23 02:30:00,2026-09-23 22:30:00,2026-09-24,89.52285657610211,92.6795884489947,98.69,70.21714128766742,3.1799998,2.0,0.0,0,0,0,1,0,0,0,False,synthetic,78.00124834088767,91.05680234904696,95.62358202053494,99.89379767899742,ridge,True,False,0.0,95.62358202053494,False,True,False,False,True,4,forecast_trigger,required_outside_pilot,386,80,90,48,1.0
703,2026-09-23,14.25,2026-09-23 02:30:00,98.95,3.33,2026-09-23 00:30:00,140,660,2026-09-23 02:30:00,2026-09-23 22:30:00,2026-09-24,87.35285568237305,89.28396225412018,98.34,68.88857051304409,5.46,2.0,0.0,0,0,0,1,0,0,0,False,synthetic,77.95607465461768,91.011628662777,95.57840833426496,99.84862399272744,ridge,True,False,0.0,95.57840833426496,False,True,False,False,True,4,forecast_trigger,required_outside_pilot,387,80,90,48,1.0
87,2026-09-23,13.28,2026-09-23 02:30:00,100.0,4.37,2026-09-23 00:30:00,018,660,2026-09-23 02:30:00,2026-09-23 22:30:00,2026-09-24,84.17714364188058,89.12263436624175,63.82,69.08428628104073,4.455,2.0,0.0,0,0,0,1,0,0,0,False,synthetic,77.87226077265815,90.92781478081744,95.49459445230542,99.7648101107679,ridge,True,False,0.0,95.49459445230542,False,True,False,False,True,4,forecast_trigger,required_outside_pilot,388,80,90,48,1.0
533,2026-09-23,8.47,2026-09-23 02:30:00,85.16,2.26,2026-09-23 00:30:00,106,1100,2026-09-23 02:30:00,2026-09-23 22:30:00,2026-09-24,86.18142918178013,86.53316133009179,92.69,73.91714477539062,3.105,2.0,0.0,0,0,0,1,0,0,0,False,synthetic,77.82759056697846,90.88314457513776,95.44992424662571,99.7201399050882,ridge,True,False,0.0,95.44992424662571,False,True,False,False,True,4,forecast_trigger,required_outside_pilot,389,80,90,48,1.0
488,2026-09-23,58.31,2026-09-23 02:30:00,99.53,55.62,2026-09-23 00:30:00,097,660,2026-09-23 02:30:00,2026-09-23 22:30:00,2026-09-24,67.47714178902763,72.6677165488164,39.76,41.54285567147391,1.3450012,2.0,0.0,0,0,0,1,0,0,0,False,synthetic,77.8155778086827,90.871131816842,95.43791148832996,99.70812714679244,ridge,True,False,0.0,95.43791148832996,False,True,False,False,True,4,forecast_trigger,required_outside_pilot,390,80,90,48,1.0
305,2026-09-23,46.54,2026-09-23 02:30:00,46.28,50.19,2026-09-22 00:30:00,060,1100,2026-09-23 02:30:00,2026-09-23 22:30:00,2026-09-24,61.17999921526228,60.939877068053455,41.5,36.46571295601981,0.0,26.0,0.0,0,0,0,1,0,0,0,True,synthetic,77.74824347744548,90.80379748560478,95.37057715709275,99.64079281555524,ridge,True,False,0.0,95.37057715709275,False,True,False,False,True,4,forecast_trigger,required_outside_pilot,391,80,90,48,1.0
349,2026-09-23,46.94,2026-09-23 02:30:00,40.38,42.99,2026-09-22 00:30:00,069,1100,2026-09-23 02:30:00,2026-09-23 22:30:00,2026-09-24,57.23999949863979,58.51293719666923,37.26,34.07714244297573,1.9749985,26.0,0.0,0,0,0,1,0,0,0,False,synthetic,77.48444994909244,90.54000395725174,95.1067836287397,99.37699928720218,ridge,True,False,0.0,95.1067836287397,False,True,False,False,True,4,forecast_trigger,required_outside_pilot,392,80,90,48,1.0
735,2026-09-23,41.99,2026-09-23 02:30:00,38.43,43.15,2026-09-22 00:30:00,146,660,2026-09-23 02:30:00,2026-09-23 22:30:00,2026-09-24,65.0028577532087,62.137312208160175,87.82,36.28000068664551,0.0,26.0,0.0,0,0,0,1,0,0,0,True,synthetic,77.17078514188199,90.2263391500413,94.79311882152926,99.06333447999174,ridge,True,False,0.0,94.79311882152926,False,True,False,False,True,4,forecast_trigger,required_outside_pilot,393,80,90,48,1.0
70,2026-09-23,10.54,2026-09-23 02:30:00,85.72,1.77,2026-09-23 00:30:00,014,1100,2026-09-23 02:30:00,2026-09-23 22:30:00,2026-09-24,91.52714320591518,86.5166040953007,100.0,72.09714235578265,4.385,2.0,0.0,0,0,0,1,0,0,0,True,synthetic,77.1217970399721,90.17735104813138,94.74413071961936,99.01434637808184,ridge,True,False,0.0,94.74413071961936,False,True,False,False,True,4,forecast_trigger,required_outside_pilot,394,80,90,48,1.0
353,2026-09-23,9.52,2026-09-23 02:30:00,99.14,3.21,2026-09-23 00:30:00,070,660,2026-09-23 02:30:00,2026-09-23 22:30:00,2026-09-24,91.43142918178012,91.7819045651996,97.33,70.12000165666852,3.1550002,2.0,0.0,0,0,0,1,0,0,0,False,synthetic,76.84041659227091,89.89597060043022,94.46275027191818,98.73296593038066,ridge,True,False,0.0,94.46275027191818,False,True,False,False,True,4,forecast_trigger,required_outside_pilot,395,80,90,48,1.0
3,2026-09-23,42.3,2026-09-23 02:30:00,38.89,41.37,2026-09-22 00:30:00,001,660,2026-09-23 02:30:00,2026-09-23 22:30:00,2026-09-24,68.57142802647182,63.86643184120616,79.34,32.67142759050642,0.46500015,26.0,0.0,0,0,0,1,0,0,0,False,synthetic,76.74537640871088,89.80093041687019,94.36771008835817,98.63792574682064,ridge,True,False,0.0,94.36771008835817,False,True,False,False,True,4,forecast_trigger,required_outside_pilot,396,80,90,48,1.0
115,2026-09-23,11.04,2026-09-23 02:30:00,99.61,,2026-09-23 00:30:00,023,1100,2026-09-23 02:30:00,2026-09-23 22:30:00,2026-09-24,88.26142883300781,91.3846233079096,60.75,67.4085715157645,,2.0,0.0,0,0,0,1,0,0,0,True,synthetic,76.66359069921627,89.71914470737556,94.28592437886354,98.55614003732602,ridge,True,False,0.0,94.28592437886354,False,True,False,False,True,4,forecast_trigger,required_outside_pilot,397,80,90,48,1.0
590,2026-09-23,10.83,2026-09-23 02:30:00,85.89,6.83,2026-09-23 00:30:00,117,660,2026-09-23 02:30:00,2026-09-23 22:30:00,2026-09-24,83.03999982561383,84.2147957282907,86.67,72.65571430751255,2.0,2.0,0.0,0,0,0,1,0,0,0,True,synthetic,76.64449802006169,89.700052028221,94.26683169970896,98.53704735817144,ridge,True,False,5.113343605017574,94.26683169970896,False,True,False,False,True,4,forecast_trigger,required_outside_pilot,398,80,90,48,1.0
833,2026-09-23,26.6,2026-09-23 02:30:00,82.64,4.19,2026-09-23 00:30:00,166,1100,2026-09-23 02:30:00,2026-09-23 22:30:00,2026-09-24,82.4014276776995,81.95547351998947,85.92,50.122856685093474,11.205,2.0,0.0,0,0,0,1,0,0,0,False,synthetic,76.56411092281209,89.6196649309714,94.18644460245936,98.45666026092184,ridge,False,False,123.39781734846726,94.18644460245935,False,True,False,False,True,4,forecast_trigger,access_review,399,80,90,48,1.0
865,2026-09-23,9.16,2026-09-23 02:30:00,92.52,2.86,2026-09-23 00:30:00,172,660,2026-09-23 02:30:00,2026-09-23 22:30:00,2026-09-24,91.60571398053852,92.62750436485216,53.85,62.59999847412109,3.15,2.0,0.0,0,0,0,1,0,0,0,True,synthetic,76.49195197413934,89.54750598229865,94.1142856537866,98.38450131224909,ridge,True,False,0.0,94.1142856537866,False,True,False,False,True,4,forecast_trigger,required_outside_pilot,400,80,90,48,1.0
612,2026-09-23,5.1,2026-09-23 02:30:00,90.19,5.36,2026-09-23 00:30:00,122,1100,2026-09-23 02:30:00,2026-09-23 22:30:00,2026-09-24,93.07714298793248,92.23141872367844,98.53,70.8000008719308,0.0,2.0,0.0,0,0,0,1,0,0,0,False,synthetic,76.43819834533002,89.49375235348933,94.06053202497728,98.33074768343975,ridge,True,False,0.0,94.06053202497728,False,True,False,False,True,4,forecast_trigger,required_outside_pilot,401,80,90,48,1.0
264,2026-09-23,10.58,2026-09-23 02:30:00,72.95,4.21,2026-09-23 00:30:00,052,660,2026-09-23 02:30:00,2026-09-23 22:30:00,2026-09-24,79.02857044764927,79.94428129015648,59.06,70.26285498482841,3.185,2.0,0.0,0,0,0,1,0,0,0,False,synthetic,76.40490763602514,89.46046164418445,94.0272413156724,98.29745697413487,ridge,True,False,0.0,94.0272413156724,False,True,False,False,True,4,forecast_trigger,required_outside_pilot,402,80,90,48,1.0
606,2026-09-23,5.72,2026-09-23 02:30:00,98.65,2.21,2026-09-23 00:30:00,121,1100,2026-09-23 02:30:00,2026-09-23 22:30:00,2026-09-24,89.72142846243722,93.04129435277572,96.53,70.5971429007394,1.7549999,2.0,0.0,0,0,0,1,0,0,0,False,synthetic,76.25924797105087,89.31480197921016,93.88158165069814,98.1517973091606,ridge,True,False,0.0,93.88158165069814,False,True,False,False,True,4,forecast_trigger,required_outside_pilot,403,80,90,48,1.0
566,2026-09-23,5.15,2026-09-23 02:30:00,88.28,4.32,2026-09-23 00:30:00,113,660,2026-09-23 02:30:00,2026-09-23 22:30:00,2026-09-24,89.02285766601562,90.28952598497744,73.19,70.41428865705218,0.41499996,2.0,0.0,0,0,0,1,0,0,0,False,synthetic,76.25720170538892,89.31275571354823,93.8795353850362,98.14975104349868,ridge,True,False,0.0,93.8795353850362,False,True,False,False,True,4,forecast_trigger,required_outside_pilot,404,80,90,48,1.0
257,2026-09-23,14.04,2026-09-23 02:30:00,84.81,5.22,2026-09-23 00:30:00,051,1100,2026-09-23 02:30:00,2026-09-23 22:30:00,2026-09-24,90.79571315220424,87.25700577393738,98.14,63.07857131958008,4.41,2.0,0.0,0,0,0,1,0,0,0,False,synthetic,76.25111879415908,89.30667280231839,93.87345247380637,98.14366813226884,ridge,True,False,0.0,93.87345247380637,False,True,False,False,True,4,forecast_trigger,required_outside_pilot,405,80,90,48,1.0
246,2026-09-23,13.7,2026-09-23 02:30:00,73.61,2.56,2026-09-23 00:30:00,049,660,2026-09-23 02:30:00,2026-09-23 22:30:00,2026-09-24,83.6085706438337,81.89001689147305,79.54,63.43714196341379,5.5699997,2.0,0.0,0,0,0,1,0,0,0,False,synthetic,76.23440935617262,89.28996336433192,93.85674303581987,98.12695869428237,ridge,True,False,0.0,93.85674303581987,False,True,False,False,True,4,forecast_trigger,required_outside_pilot,406,80,90,48,1.0
689,2026-09-23,11.27,2026-09-23 02:30:00,79.83,2.23,2026-09-23 00:30:00,137,660,2026-09-23 02:30:00,2026-09-23 22:30:00,2026-09-24,83.355715070452,81.61072809491051,76.82,71.22142900739398,4.5200005,2.0,0.0,0,0,0,1,0,0,0,False,synthetic,76.11705464014774,89.17260864830703,93.739388319795,98.00960397825747,ridge,True,False,0.0,93.739388319795,False,True,False,False,True,4,forecast_trigger,required_outside_pilot,407,80,90,48,1.0
883,2026-09-23,26.07,2026-09-23 02:30:00,,3.97,2026-09-23 00:30:00,176,660,2026-09-23 02:30:00,2026-09-23 22:30:00,2026-09-24,77.79833348592122,80.94199739712103,57.45,39.36166636149088,11.05,2.0,0.0,0,0,0,1,0,0,0,False,synthetic,76.02804554147583,89.08359954963512,93.6503792211231,97.92059487958558,ridge,True,False,0.0,93.6503792211231,False,True,False,False,True,4,forecast_trigger,required_outside_pilot,408,80,90,48,1.0
123,2026-09-23,41.55,2026-09-23 02:30:00,30.98,34.6,2026-09-22 00:30:00,025,1100,2026-09-23 02:30:00,2026-09-23 22:30:00,2026-09-24,57.14714268275669,56.84471543885343,38.84,33.99714251926967,3.4750004,26.0,0.0,0,0,0,1,0,0,0,False,synthetic,75.87400714249611,88.92956115065542,93.49634082214338,97.76655648060586,ridge,True,False,0.0,93.49634082214338,False,True,False,False,True,4,forecast_trigger,required_outside_pilot,409,80,90,48,1.0
672,2026-09-23,57.97,2026-09-23 02:30:00,91.97,53.87,2026-09-23 00:30:00,134,660,2026-09-23 02:30:00,2026-09-23 22:30:00,2026-09-24,71.83571406773159,72.43627962281289,80.54,35.918572017124724,2.0500011,2.0,0.0,0,0,0,1,0,0,0,False,synthetic,75.84882436059551,88.9043783687548,93.47115804024278,97.74137369870526,ridge,True,False,0.0,93.47115804024278,False,True,False,False,True,4,forecast_trigger,required_outside_pilot,410,80,90,48,1.0
208,2026-09-23,13.22,2026-09-23 02:30:00,,2.75,2026-09-23 00:30:00,041,660,2026-09-23 02:30:00,2026-09-23 22:30:00,2026-09-24,80.05999946594238,83.948024953129,72.78,53.08166631062826,5.235,2.0,0.0,0,0,0,1,0,0,0,False,synthetic,75.76070765871914,88.81626166687843,93.3830413383664,97.65325699682889,ridge,True,False,0.0,93.3830413383664,False,True,False,False,True,4,forecast_trigger,required_outside_pilot,411,80,90,48,1.0
78,2026-09-23,5.92,2026-09-23 02:30:00,100.0,5.56,2026-09-23 00:30:00,016,660,2026-09-23 02:30:00,2026-09-23 22:30:00,2026-09-24,99.7471433367048,98.9991258660824,100.0,62.19857243129185,0.18000007,2.0,0.0,0,0,0,1,0,0,0,False,synthetic,75.62234848281255,88.67790249097186,93.24468216245982,97.5148978209223,ridge,True,False,0.0,93.24468216245982,False,True,False,False,True,4,forecast_trigger,required_outside_pilot,412,80,90,48,1.0
815,2026-09-23,5.72,2026-09-23 02:30:00,72.96,3.48,2026-09-23 00:30:00,162,660,2026-09-23 02:30:00,2026-09-23 22:30:00,2026-09-24,86.69428525652204,85.64128254452844,100.0,67.60285677228656,1.1199999,2.0,0.0,0,0,0,1,0,0,0,True,synthetic,75.47769169503466,88.53324570319396,93.10002537468192,97.3702410331444,ridge,True,False,0.0,93.10002537468192,False,True,False,False,True,4,forecast_trigger,required_outside_pilot,413,80,90,48,1.0
644,2026-09-23,19.56,2026-09-23 02:30:00,100.0,7.28,2026-09-23 00:30:00,128,660,2026-09-23 02:30:00,2026-09-23 22:30:00,2026-09-24,91.26428549630302,95.50580309605054,98.84,44.92571531023298,6.1399994,2.0,0.0,0,0,0,1,0,0,0,False,synthetic,75.46053677483403,88.51609078299333,93.0828704544813,97.35308611294376,ridge,True,False,0.0,93.0828704544813,False,True,False,False,True,4,forecast_trigger,required_outside_pilot,414,80,90,48,1.0
232,2026-09-23,41.0,2026-09-23 02:30:00,33.54,36.9,2026-09-22 00:30:00,046,660,2026-09-23 02:30:00,2026-09-23 22:30:00,2026-09-24,64.28428704398019,61.00604088667602,61.38,30.430000850132533,2.0499992,26.0,0.0,0,0,0,1,0,0,0,False,synthetic,75.27824521028285,88.33379921844215,92.90057888993012,97.1707945483926,ridge,True,False,0.0,92.90057888993012,False,True,False,False,True,4,forecast_trigger,required_outside_pilot,415,80,90,48,1.0
807,2026-09-23,46.25,2026-09-23 02:30:00,42.91,41.24,2026-09-22 00:30:00,161,660,2026-09-23 02:30:00,2026-09-23 22:30:00,2026-09-24,59.94499969482422,56.63183077301957,36.95,36.38833363850912,2.5049992,26.0,0.0,0,0,0,1,0,0,0,False,synthetic,75.2324340637542,88.2879880719135,92.85476774340148,97.12498340186394,ridge,True,False,0.0,92.85476774340148,False,True,False,False,True,4,forecast_trigger,required_outside_pilot,416,80,90,48,1.0
593,2026-09-23,5.16,2026-09-23 02:30:00,81.78,4.14,2026-09-23 00:30:00,118,1100,2026-09-23 02:30:00,2026-09-23 22:30:00,2026-09-24,90.82428523472376,90.43233847652527,67.01,64.24000113351005,0.51,2.0,0.0,0,0,0,1,0,0,0,False,synthetic,75.17129205341591,88.2268460615752,92.79362573306318,97.06384139152566,ridge,True,False,0.0,92.79362573306318,False,True,False,False,True,4,forecast_trigger,required_outside_pilot,417,80,90,48,1.0
403,2026-09-23,52.07,2026-09-23 02:30:00,51.45,50.11,2026-09-22 00:30:00,080,1100,2026-09-23 02:30:00,2026-09-23 22:30:00,2026-09-24,54.65857178824289,58.11154095725813,16.19,29.032857622419083,0.97999954,26.0,0.0,0,0,0,1,0,0,0,False,synthetic,75.15324024929491,88.2087942574542,92.77557392894218,97.04578958740466,ridge,True,False,0.0,92.77557392894218,False,True,False,False,True,4,forecast_trigger,required_outside_pilot,418,80,90,48,1.0
345,2026-09-23,37.94,2026-09-23 02:30:00,33.45,35.6,2026-09-22 00:30:00,068,660,2026-09-23 02:30:00,2026-09-23 22:30:00,2026-09-24,59.606666564941406,60.60638330855296,41.57,32.568333307902016,1.1700001,26.0,0.0,0,0,0,1,0,0,0,True,synthetic,75.15289605516973,88.20845006332902,92.775229734817,97.04544539327948,ridge,True,False,0.0,92.775229734817,False,True,False,False,True,4,forecast_trigger,required_outside_pilot,419,80,90,48,1.0
227,2026-09-23,11.1,2026-09-23 02:30:00,64.37,3.18,2026-09-23 00:30:00,045,660,2026-09-23 02:30:00,2026-09-23 22:30:00,2026-09-24,80.04000200544085,80.06350126245458,73.81,60.72000176565988,3.96,2.0,0.0,0,0,0,1,0,0,0,False,synthetic,74.83879121412983,87.89434522228913,92.4611248937771,96.73134055223956,ridge,True,False,0.0,92.4611248937771,False,True,False,False,True,4,forecast_trigger,required_outside_pilot,420,80,90,48,1.0
68,2026-09-23,13.56,2026-09-23 02:30:00,75.79,7.34,2026-09-23 00:30:00,014,1100,2026-09-23 02:30:00,2026-09-23 22:30:00,2026-09-24,82.14857155936105,81.24954734296279,100.0,64.55571474347796,3.1100001,2.0,0.0,0,0,0,1,0,0,0,False,synthetic,74.8005211343446,87.8560751425039,92.42285481399188,96.69307047245437,ridge,True,False,0.0,92.42285481399188,False,True,False,False,True,4,forecast_trigger,required_outside_pilot,421,80,90,48,1.0
725,2026-09-23,13.9,2026-09-23 02:30:00,100.0,3.8,2026-09-23 00:30:00,144,660,2026-09-23 02:30:00,2026-09-23 22:30:00,2026-09-24,88.6471437726702,88.24000120752996,99.78,65.80285808018276,5.0499997,2.0,0.0,0,0,0,1,0,0,0,True,synthetic,74.72274320582724,87.77829721398655,92.34507688547453,96.615292543937,ridge,True,False,0.0,92.34507688547453,False,True,False,False,True,4,forecast_trigger,required_outside_pilot,422,80,90,48,1.0
116,2026-09-23,18.64,2026-09-23 02:30:00,68.73,2.66,2026-09-23 00:30:00,024,660,2026-09-23 02:30:00,2026-09-23 22:30:00,2026-09-24,78.79428536551339,79.4682352501746,48.19,51.1914291381836,7.99,2.0,0.0,0,0,0,1,0,0,0,False,synthetic,74.59152095919062,87.64707496734991,92.21385463883789,96.48407029730036,ridge,True,False,0.0,92.21385463883789,False,True,False,False,True,4,forecast_trigger,required_outside_pilot,423,80,90,48,1.0
548,2026-09-23,14.94,2026-09-23 02:30:00,78.83,2.85,2026-09-23 00:30:00,109,660,2026-09-23 02:30:00,2026-09-23 22:30:00,2026-09-24,82.1528570992606,82.92052108259561,73.83,58.00428717476981,6.045,2.0,0.0,0,0,0,1,0,0,0,False,synthetic,74.56350254182836,87.61905654998765,92.18583622147564,96.4560518799381,ridge,True,False,0.0,92.18583622147564,False,True,False,False,True,4,forecast_trigger,required_outside_pilot,424,80,90,48,1.0
617,2026-09-23,46.37,2026-09-23 02:30:00,43.12,47.81,2026-09-22 00:30:00,123,1100,2026-09-23 02:30:00,2026-09-23 22:30:00,2026-09-24,69.15142713274274,61.72228651919156,80.95,30.55571256365095,0.0,26.0,0.0,0,0,0,1,0,0,0,False,synthetic,74.52523194832698,87.58078595648627,92.14756562797425,96.41778128643672,ridge,True,False,0.0,92.14756562797425,False,True,False,False,True,4,forecast_trigger,required_outside_pilot,425,80,90,48,1.0
254,2026-09-23,4.38,2026-09-23 02:30:00,81.81,6.29,2026-09-23 00:30:00,050,1100,2026-09-23 02:30:00,2026-09-23 22:30:00,2026-09-24,89.37428501674107,87.8314270202066,98.93,69.2557133265904,0.0,2.0,0.0,0,0,0,1,0,0,0,False,synthetic,74.26964302302399,87.32519703118328,91.89197670267126,96.16219236113372,ridge,True,False,0.0,91.89197670267126,False,True,False,False,True,4,forecast_trigger,required_outside_pilot,426,80,90,48,1.0
225,2026-09-23,32.98,2026-09-23 02:30:00,24.79,32.07,2026-09-22 00:30:00,044,660,2026-09-23 02:30:00,2026-09-23 22:30:00,2026-09-24,58.99571555001395,59.65882073126684,39.83,31.95571599687849,0.45499992,26.0,0.0,0,0,0,1,0,0,0,True,synthetic,73.62868522099058,86.68423922914988,91.25101890063785,95.52123455910032,ridge,True,False,0.0,91.25101890063785,False,True,False,False,True,4,forecast_trigger,required_outside_pilot,427,80,90,48,1.0
15,2026-09-23,47.38,2026-09-23 02:30:00,39.31,44.48,2026-09-22 00:30:00,003,660,2026-09-23 02:30:00,2026-09-23 22:30:00,2026-09-24,71.88500022888184,61.59634655865844,100.0,25.62833340962728,1.4500008,26.0,0.0,0,0,0,1,0,0,0,True,synthetic,73.4642048730964,86.51975888125571,91.08653855274368,95.35675421120617,ridge,True,False,0.0,91.08653855274368,False,True,False,False,True,4,forecast_trigger,required_outside_pilot,428,80,90,48,1.0
185,2026-09-23,30.52,2026-09-23 02:30:00,31.98,36.16,2026-09-22 00:30:00,036,1100,2026-09-23 02:30:00,2026-09-23 22:30:00,2026-09-24,64.33857182094029,61.46449072429368,50.86,37.75285802568708,0.0,26.0,0.0,0,0,0,1,0,0,0,True,synthetic,73.28860073315957,86.34415474131887,90.91093441280684,95.18115007126931,ridge,True,False,0.0,90.91093441280684,False,True,False,False,True,4,forecast_trigger,required_outside_pilot,429,80,90,48,1.0
932,2026-09-23,15.0,2026-09-23 02:30:00,85.3,4.76,2026-09-23 00:30:00,186,1100,2026-09-23 02:30:00,2026-09-23 22:30:00,2026-09-24,86.48571450369698,84.1187523601333,100.0,59.45428684779576,5.12,2.0,0.0,0,0,0,1,0,0,0,False,synthetic,73.07515746591643,86.13071147407572,90.6974911455637,94.96770680402618,ridge,True,False,0.0,90.6974911455637,False,True,False,False,True,4,forecast_trigger,required_outside_pilot,430,80,90,48,1.0
781,2026-09-23,50.57,2026-09-23 02:30:00,41.51,52.63,2026-09-22 00:30:00,156,660,2026-09-23 02:30:00,2026-09-23 22:30:00,2026-09-24,54.34571429661342,52.62219760049709,40.57,32.6742856161935,0.0,26.0,0.0,0,0,0,1,0,0,0,False,synthetic,73.05651374269013,86.11206775084943,90.6788474223374,94.94906308079987,ridge,True,False,0.0,90.6788474223374,False,True,False,False,True,4,forecast_trigger,required_outside_pilot,431,80,90,48,1.0
546,2026-09-23,9.37,2026-09-23 02:30:00,72.51,2.64,2026-09-23 00:30:00,109,660,2026-09-23 02:30:00,2026-09-23 22:30:00,2026-09-24,82.92000071207683,80.40532753096946,100.0,65.5833346048991,3.3649998,2.0,0.0,0,0,0,1,0,0,0,False,synthetic,73.01518506818834,86.07073907634765,90.6375187478356,94.90773440629808,ridge,True,False,0.0,90.6375187478356,False,True,False,False,True,4,forecast_trigger,required_outside_pilot,432,80,90,48,1.0
172,2026-09-23,8.24,2026-09-23 00:30:00,97.91,8.24,2026-09-23 00:30:00,034,660,2026-09-23 02:30:00,2026-09-23 22:30:00,2026-09-24,84.7900003705706,88.15632522557958,78.11,62.77428599766323,0.0,2.0,2.0,0,0,0,1,0,0,0,False,synthetic,72.98074258334103,86.03629659150033,90.6030762629883,94.87329192145076,ridge,True,False,0.0,90.6030762629883,False,True,False,False,True,4,forecast_trigger,required_outside_pilot,433,80,90,48,1.0
855,2026-09-23,1.55,2026-09-23 02:30:00,95.63,2.23,2026-09-23 00:30:00,170,240,2026-09-23 02:30:00,2026-09-23 22:30:00,2026-09-24,91.06571415492466,92.7150248859644,99.76,68.47285788399833,0.0,2.0,0.0,0,0,0,1,0,0,0,True,synthetic,72.95723660230762,86.01279061046691,90.57957028195489,94.84978594041736,ridge,True,False,0.0,90.57957028195489,False,True,False,False,True,4,forecast_trigger,required_outside_pilot,434,80,90,48,1.0
647,2026-09-23,8.24,2026-09-23 02:30:00,74.41,1.9,2026-09-23 00:30:00,129,660,2026-09-23 02:30:00,2026-09-23 22:30:00,2026-09-24,84.93857247488839,80.64139233156423,97.78,68.47143009730748,3.1699998,2.0,0.0,0,0,0,1,0,0,0,False,synthetic,72.91220642949607,85.96776043765536,90.53454010914334,94.8047557676058,ridge,True,False,0.0,90.53454010914334,False,True,False,False,True,4,forecast_trigger,required_outside_pilot,435,80,90,48,1.0
458,2026-09-23,11.16,2026-09-23 02:30:00,77.16,5.19,2026-09-23 00:30:00,091,660,2026-09-23 02:30:00,2026-09-23 22:30:00,2026-09-24,80.71428571428571,81.5047146163041,73.6,61.81428527832031,2.985,2.0,0.0,0,0,0,1,0,0,0,False,synthetic,72.7863222105054,85.84187621866471,90.40865589015267,94.67887154861516,ridge,True,False,0.0,90.40865589015267,False,True,False,False,True,4,forecast_trigger,required_outside_pilot,436,80,90,48,1.0
153,2026-09-23,3.5,2026-09-23 02:30:00,92.26,4.26,2026-09-23 00:30:00,031,1100,2026-09-23 02:30:00,2026-09-23 22:30:00,2026-09-24,86.68500010172527,91.45879616901428,55.29,63.13666788736979,0.0,2.0,0.0,0,0,0,1,0,0,0,False,synthetic,72.72803267473485,85.78358668289414,90.35036635438212,94.6205820128446,ridge,True,False,0.0,90.35036635438212,False,True,False,False,True,4,forecast_trigger,required_outside_pilot,437,80,90,48,1.0
473,2026-09-23,41.62,2026-09-23 02:30:00,39.23,42.01,2026-09-22 00:30:00,094,240,2026-09-23 02:30:00,2026-09-23 22:30:00,2026-09-24,59.03285653250558,57.475067213877054,53.32,33.53999982561384,0.0,26.0,0.0,0,0,0,1,0,0,0,False,synthetic,72.72663527944002,85.78218928759932,90.34896895908729,94.61918461754976,ridge,True,False,0.0,90.34896895908729,False,True,False,False,True,4,forecast_trigger,required_outside_pilot,438,80,90,48,1.0
337,2026-09-23,8.05,2026-09-23 02:30:00,99.4,3.86,2026-09-23 00:30:00,067,240,2026-09-23 02:30:00,2026-09-23 22:30:00,2026-09-24,89.68285805838448,91.274177121894,97.48,63.20142963954381,2.0950003,2.0,0.0,0,0,0,1,0,0,0,False,synthetic,72.6001513276921,85.6557053358514,90.22248500733936,94.49270066580183,ridge,True,False,0.0,90.22248500733936,False,True,False,False,True,4,forecast_trigger,required_outside_pilot,439,80,90,48,1.0
200,2026-09-23,14.95,2026-09-23 02:30:00,97.94,7.26,2026-09-23 00:30:00,039,1100,2026-09-23 02:30:00,2026-09-23 22:30:00,2026-09-24,87.42857142857143,86.35018872170372,100.0,62.70999962942941,3.8449998,2.0,0.0,0,0,0,1,0,0,0,True,synthetic,72.58026783792299,85.63582184608228,90.20260151757026,94.47281717603272,ridge,True,False,0.0,90.20260151757026,False,True,False,False,True,4,forecast_trigger,required_outside_pilot,440,80,90,48,1.0
126,2026-09-23,3.63,2026-09-23 02:30:00,67.52,0.0,2026-09-23 00:30:00,026,1100,2026-09-23 02:30:00,2026-09-23 22:30:00,2026-09-24,84.7085702078683,83.3756982861743,76.89,62.97142846243722,1.815,2.0,0.0,0,0,0,1,0,0,0,False,synthetic,72.42316319545947,85.47871720361877,90.04549687510674,94.3157125335692,ridge,True,False,0.0,90.04549687510674,False,True,False,False,True,4,forecast_trigger,required_outside_pilot,441,80,90,48,1.0
825,2026-09-23,42.64,2026-09-23 02:30:00,35.09,36.29,2026-09-22 00:30:00,164,660,2026-09-23 02:30:00,2026-09-23 22:30:00,2026-09-24,55.405713762555806,54.11048721493016,44.18,32.40714318411691,3.1749992,26.0,0.0,0,0,0,1,0,0,0,True,synthetic,72.27823793750744,85.33379194566675,89.90057161715471,94.1707872756172,ridge,True,False,0.0,89.90057161715471,False,True,False,False,True,4,forecast_trigger,required_outside_pilot,442,80,90,48,1.0
119,2026-09-23,39.93,2026-09-23 02:30:00,32.21,39.22,2026-09-22 00:30:00,024,660,2026-09-23 02:30:00,2026-09-23 22:30:00,2026-09-24,56.94571467808315,55.52033954616163,43.86,32.985714776175364,0.35499954,26.0,0.0,0,0,0,1,0,0,0,False,synthetic,72.18634517205795,85.24189918021725,89.80867885170522,94.0788945101677,ridge,True,False,0.0,89.80867885170522,False,True,False,False,True,4,forecast_trigger,required_outside_pilot,443,80,90,48,1.0
59,2026-09-23,45.0,2026-09-23 02:30:00,47.32,45.29,2026-09-22 00:30:00,012,660,2026-09-23 02:30:00,2026-09-23 22:30:00,2026-09-24,59.92000034877232,57.78333222868245,50.23,32.98142950875418,0.0,26.0,0.0,0,0,0,1,0,0,0,False,synthetic,72.16461854955332,85.22017255771263,89.7869522292006,94.05716788766308,ridge,True,False,0.0,89.7869522292006,False,True,False,False,True,4,forecast_trigger,required_outside_pilot,444,80,90,48,1.0
953,2026-09-23,53.02,2026-09-23 02:30:00,35.76,48.49,2026-09-22 00:30:00,190,1100,2026-09-23 02:30:00,2026-09-23 22:30:00,2026-09-24,45.23857062203543,48.69039840484911,20.16,26.667142459324428,2.2649994,26.0,0.0,0,0,0,1,0,0,0,False,synthetic,72.15625090354104,85.21180491170034,89.7785845831883,94.04880024165078,ridge,True,False,0.0,89.7785845831883,False,True,False,False,True,4,forecast_trigger,required_outside_pilot,445,80,90,48,1.0
140,2026-09-23,14.97,2026-09-23 02:30:00,100.0,5.66,2026-09-23 00:30:00,028,1100,2026-09-23 02:30:00,2026-09-23 22:30:00,2026-09-24,83.97428621564593,85.70986323726174,87.28,61.87571334838867,4.655,2.0,0.0,0,0,0,1,0,0,0,True,synthetic,72.1006987611693,85.1562527693286,89.72303244081657,93.99324809927904,ridge,True,False,0.0,89.72303244081657,False,True,False,False,True,4,forecast_trigger,required_outside_pilot,446,80,90,48,1.0
699,2026-09-23,3.88,2026-09-23 00:30:00,86.9,3.88,2026-09-23 00:30:00,139,660,2026-09-23 02:30:00,2026-09-23 22:30:00,2026-09-24,82.0942862374442,82.6975114332536,90.18,70.27142878941127,0.0,2.0,2.0,0,0,0,1,0,0,0,False,synthetic,72.08424483205069,85.13979884020998,89.70657851169796,93.97679417016045,ridge,True,False,0.0,89.70657851169796,False,True,False,False,True,4,forecast_trigger,required_outside_pilot,447,80,90,48,1.0
823,2026-09-23,10.64,2026-09-23 02:30:00,87.06,6.98,2026-09-23 00:30:00,164,240,2026-09-23 02:30:00,2026-09-23 22:30:00,2026-09-24,81.81857190813336,83.00336716680329,66.8,64.63285827636719,1.8300002,2.0,0.0,0,0,0,1,0,0,0,False,synthetic,72.03934003353878,85.09489404169807,89.66167371318605,93.93188937164852,ridge,True,False,0.0,89.66167371318605,False,True,False,False,True,4,forecast_trigger,required_outside_pilot,448,80,90,48,1.0
812,2026-09-23,8.96,2026-09-23 02:30:00,85.13,6.41,2026-09-23 00:30:00,162,1100,2026-09-23 02:30:00,2026-09-23 22:30:00,2026-09-24,95.43142809186664,92.39383216672188,96.13,52.4514274597168,1.2750001,2.0,0.0,0,0,0,1,0,0,0,False,synthetic,71.95450825633402,85.01006226449331,89.57684193598129,93.84705759444375,ridge,True,False,0.0,89.57684193598129,False,True,False,False,True,4,forecast_trigger,required_outside_pilot,449,80,90,48,1.0
567,2026-09-23,46.09,2026-09-23 02:30:00,35.29,37.33,2026-09-22 00:30:00,113,1100,2026-09-23 02:30:00,2026-09-23 22:30:00,2026-09-24,51.95000103541783,52.38113892452019,29.97,28.691430228097097,4.379999,26.0,0.0,0,0,0,1,0,0,0,False,synthetic,71.94358969922013,84.99914370737943,89.5659233788674,93.83613903732989,ridge,True,False,0.0,89.5659233788674,False,True,False,False,True,4,forecast_trigger,required_outside_pilot,450,80,90,48,1.0
986,2026-09-23,8.74,2026-09-23 02:30:00,98.87,3.1,2026-09-23 00:30:00,197,1100,2026-09-23 02:30:00,2026-09-23 22:30:00,2026-09-24,85.7616678873698,84.70232946481214,,71.97333399454753,2.82,2.0,0.0,0,0,0,1,0,0,0,False,synthetic,71.83042955592339,84.8859835640827,89.45276323557066,93.72297889403312,ridge,True,False,0.0,89.45276323557066,False,True,False,False,True,4,forecast_trigger,required_outside_pilot,451,80,90,48,1.0
398,2026-09-23,52.96,2026-09-23 02:30:00,47.71,45.8,2026-09-22 00:30:00,079,1100,2026-09-23 02:30:00,2026-09-23 22:30:00,2026-09-24,58.53714288984026,54.361918634651225,74.51,28.05428559439523,3.58,26.0,0.0,0,0,0,1,0,0,0,False,synthetic,71.79709079496536,84.85264480312466,89.41942447461263,93.6896401330751,ridge,True,False,0.0,89.41942447461263,False,True,False,False,True,4,forecast_trigger,required_outside_pilot,452,80,90,48,1.0
449,2026-09-23,9.59,2026-09-23 02:30:00,82.22,4.64,2026-09-23 00:30:00,089,1100,2026-09-23 02:30:00,2026-09-23 22:30:00,2026-09-24,80.51000050136021,83.68079584362545,59.55,59.75571441650391,2.4750001,2.0,0.0,0,0,0,1,0,0,0,False,synthetic,71.72224569080856,84.77779969896787,89.34457937045583,93.61479502891832,ridge,True,False,0.0,89.34457937045583,False,True,False,False,True,4,forecast_trigger,required_outside_pilot,453,80,90,48,1.0
76,2026-09-23,37.69,2026-09-23 02:30:00,28.58,34.56,2026-09-22 00:30:00,016,1100,2026-09-23 02:30:00,2026-09-23 22:30:00,2026-09-24,55.11000033787319,55.527384126289135,32.1,30.64000047956194,1.5649986,26.0,0.0,0,0,0,1,0,0,0,False,synthetic,71.70327045255154,84.75882446071083,89.3256041321988,93.59581979066128,ridge,True,False,0.0,89.3256041321988,False,True,False,False,True,4,forecast_trigger,required_outside_pilot,454,80,90,48,1.0
321,2026-09-23,39.14,2026-09-23 02:30:00,40.14,41.66,2026-09-22 00:30:00,064,660,2026-09-23 02:30:00,2026-09-23 22:30:00,2026-09-24,63.21166547139486,57.64544653275093,,36.58499844868978,0.0,26.0,0.0,0,0,0,1,0,0,0,False,synthetic,71.56216075157549,84.61771475973478,89.18449443122276,93.45471008968524,ridge,True,False,0.0,89.18449443122276,False,True,False,False,True,4,forecast_trigger,required_outside_pilot,455,80,90,48,1.0
310,2026-09-23,4.0,2026-09-23 02:30:00,86.5,3.42,2026-09-23 00:30:00,061,660,2026-09-23 02:30:00,2026-09-23 22:30:00,2026-09-24,88.3000008719308,88.37318950771262,70.62,63.72000013078962,0.28999996,2.0,0.0,0,0,0,1,0,0,0,True,synthetic,71.48972325607873,84.54527726423802,89.112056935726,93.38227259418848,ridge,False,False,146.37337712180815,89.112056935726,False,True,False,False,True,4,forecast_trigger,access_review,456,80,90,48,1.0
552,2026-09-23,14.24,2026-09-23 02:30:00,100.0,8.54,2026-09-23 00:30:00,110,1100,2026-09-23 02:30:00,2026-09-23 22:30:00,2026-09-24,79.16000039236886,84.68557335511204,81.21,62.03571483067104,2.85,2.0,0.0,0,0,0,1,0,0,0,False,synthetic,71.39949365034781,84.45504765850711,89.02182732999508,93.29204298845757,ridge,True,False,0.0,89.02182732999508,False,True,False,False,True,4,forecast_trigger,required_outside_pilot,457,80,90,48,1.0
479,2026-09-23,52.5,2026-09-23 02:30:00,44.55,46.21,2026-09-22 00:30:00,095,1100,2026-09-23 02:30:00,2026-09-23 22:30:00,2026-09-24,49.39857128688267,49.89135942214504,41.03,30.38571466718401,3.1450005,26.0,0.0,0,0,0,1,0,0,0,False,synthetic,71.31110989561876,84.36666390377806,88.93344357526603,93.2036592337285,ridge,True,False,0.0,88.93344357526603,False,True,False,False,True,4,forecast_trigger,required_outside_pilot,458,80,90,48,1.0
438,2026-09-23,6.7,2026-09-23 02:30:00,69.02,7.33,2026-09-23 00:30:00,087,660,2026-09-23 02:30:00,2026-09-23 22:30:00,2026-09-24,89.1849988301595,84.69353685197296,100.0,57.25166575113932,0.0,2.0,0.0,0,0,0,1,0,0,0,False,synthetic,70.89389441259726,83.94944842075657,88.51622809224453,92.786443750707,ridge,True,False,0.0,88.51622809224453,False,True,False,False,True,4,forecast_trigger,required_outside_pilot,459,80,90,48,1.0
297,2026-09-23,0.0,2026-09-23 00:30:00,68.51,0.0,2026-09-23 00:30:00,059,1100,2026-09-23 02:30:00,2026-09-23 22:30:00,2026-09-24,80.07142966134208,77.73452305689324,81.76,70.40714372907367,0.0,2.0,2.0,0,0,0,1,0,0,0,False,synthetic,70.80676805953082,83.86232206769012,88.4291017391781,92.69931739764056,ridge,True,True,0.0,88.4291017391781,False,True,False,False,True,4,forecast_trigger,pilot_required,460,80,90,48,1.0
435,2026-09-23,9.82,2026-09-23 02:30:00,71.07,2.24,2026-09-23 00:30:00,086,660,2026-09-23 02:30:00,2026-09-23 22:30:00,2026-09-24,77.51142883300781,81.18058114223257,67.91,53.50571496146066,3.79,2.0,0.0,0,0,0,1,0,0,0,True,synthetic,70.73478564775975,83.79033965591904,88.35711932740702,92.6273349858695,ridge,True,False,0.0,88.35711932740702,False,True,False,False,True,4,forecast_trigger,required_outside_pilot,461,80,90,48,1.0
580,2026-09-23,43.81,2026-09-23 02:30:00,44.53,43.35,2026-09-22 00:30:00,115,1100,2026-09-23 02:30:00,2026-09-23 22:30:00,2026-09-24,52.69571440560477,55.14177907263094,32.63,30.91714314052037,0.23000145,26.0,0.0,0,0,0,1,0,0,0,True,synthetic,70.52363959850574,83.57919360666503,88.14597327815301,92.41618893661548,ridge,True,False,0.0,88.14597327815301,False,True,False,False,True,4,forecast_trigger,required_outside_pilot,462,80,90,48,1.0
599,2026-09-23,17.55,2026-09-23 02:30:00,70.19,5.39,2026-09-23 00:30:00,119,660,2026-09-23 02:30:00,2026-09-23 22:30:00,2026-09-24,80.6985729762486,79.52029434822495,62.98,46.39714431762695,6.08,2.0,0.0,0,0,0,1,0,0,0,False,synthetic,70.4890993049152,83.54465331307449,88.11143298456247,92.38164864302496,ridge,True,False,0.0,88.11143298456247,False,True,False,False,True,4,forecast_trigger,required_outside_pilot,463,80,90,48,1.0
382,2026-09-23,44.09,2026-09-23 02:30:00,36.85,40.14,2026-09-22 00:30:00,076,660,2026-09-23 02:30:00,2026-09-23 22:30:00,2026-09-24,55.73857116699219,53.698763817450725,55.0,29.611427852085654,1.9750004,26.0,0.0,0,0,0,1,0,0,0,False,synthetic,70.46713654334592,83.5226905515052,88.08947022299319,92.35968588145566,ridge,True,True,0.0,88.08947022299319,False,True,False,False,True,4,forecast_trigger,pilot_required,464,80,90,48,1.0
956,2026-09-23,17.62,2026-09-23 02:30:00,100.0,3.05,2026-09-23 00:30:00,191,660,2026-09-23 02:30:00,2026-09-23 22:30:00,2026-09-24,85.62571389334542,83.81502947689786,99.07,58.22571345738002,7.2850003,2.0,0.0,0,0,0,1,0,0,0,False,synthetic,70.37359946066677,83.42915346882606,87.99593314031404,92.26614879877653,ridge,True,False,0.0,87.99593314031404,False,True,False,False,True,4,forecast_trigger,required_outside_pilot,465,80,90,48,1.0
650,2026-09-23,7.14,2026-09-23 02:30:00,67.41,4.96,2026-09-23 00:30:00,129,660,2026-09-23 02:30:00,2026-09-23 22:30:00,2026-09-24,79.87857219151088,78.70821279656785,83.01,62.05714307512556,1.0899999,2.0,0.0,0,0,0,1,0,0,0,True,synthetic,70.29345994831777,83.34901395647708,87.91579362796504,92.18600928642752,ridge,True,False,0.0,87.91579362796504,False,True,False,False,True,4,forecast_trigger,required_outside_pilot,466,80,90,48,1.0
494,2026-09-23,9.8,2026-09-23 02:30:00,91.72,7.2,2026-09-23 00:30:00,098,660,2026-09-23 02:30:00,2026-09-23 22:30:00,2026-09-24,78.07571520124164,81.49215967720153,69.62,66.66714314052037,1.3000002,2.0,0.0,0,0,0,1,0,0,0,False,synthetic,70.25274196811617,83.30829597627547,87.87507564776344,92.14529130622591,ridge,True,False,67.34782383958718,87.87507564776344,False,True,False,False,True,4,forecast_trigger,required_outside_pilot,467,80,90,48,1.0
918,2026-09-23,8.0,2026-09-23 02:30:00,98.15,5.06,2026-09-23 00:30:00,183,660,2026-09-23 02:30:00,2026-09-23 22:30:00,2026-09-24,90.4471435546875,93.65277009189435,97.04,52.492858341762,1.47,2.0,0.0,0,0,0,1,0,0,0,False,synthetic,70.16006985859514,83.21562386675444,87.7824035382424,92.05261919670488,ridge,True,False,82.74348619342055,87.7824035382424,False,True,False,False,True,4,forecast_trigger,required_outside_pilot,468,80,90,48,1.0
317,2026-09-23,9.68,2026-09-23 02:30:00,74.03,3.23,2026-09-23 00:30:00,063,660,2026-09-23 02:30:00,2026-09-23 22:30:00,2026-09-24,81.40714154924665,80.48860917313303,47.11,57.34000015258789,3.2250001,2.0,0.0,0,0,0,1,0,0,0,False,synthetic,70.13403428157169,83.18958828973098,87.75636796121896,92.02658361968145,ridge,True,True,0.0,87.75636796121896,False,True,False,False,True,4,forecast_trigger,pilot_required,469,80,90,48,1.0
231,2026-09-23,26.26,2026-09-23 02:30:00,17.1,24.17,2026-09-22 00:30:00,046,660,2026-09-23 02:30:00,2026-09-23 22:30:00,2026-09-24,66.97142818995884,62.12557785621996,81.88,26.42999976021903,1.0450001,26.0,0.0,0,0,0,1,0,0,0,False,synthetic,70.04115668086743,83.09671068902674,87.6634903605147,91.93370601897718,ridge,True,False,0.0,87.6634903605147,False,True,False,False,True,4,forecast_trigger,required_outside_pilot,470,80,90,48,1.0
135,2026-09-23,41.53,2026-09-23 02:30:00,40.4,41.83,2026-09-22 00:30:00,027,1100,2026-09-23 02:30:00,2026-09-23 22:30:00,2026-09-24,56.03428595406668,55.754012117695176,39.37,30.515713827950613,0.0,26.0,0.0,0,0,0,1,0,0,0,True,synthetic,70.01760104469884,83.07315505285814,87.6399347243461,91.91015038280858,ridge,True,False,0.0,87.6399347243461,False,True,False,False,True,4,forecast_trigger,required_outside_pilot,471,80,90,48,1.0
164,2026-09-23,41.74,2026-09-23 02:30:00,40.82,40.99,2026-09-22 00:30:00,032,660,2026-09-23 02:30:00,2026-09-23 22:30:00,2026-09-24,61.05428695678711,57.36821976548948,74.33,29.81714412144252,0.375,26.0,0.0,0,0,0,1,0,0,0,False,synthetic,69.9680173631912,83.0235713713505,87.59035104283846,91.86056670130094,ridge,True,False,0.0,87.59035104283846,False,True,False,False,True,4,forecast_trigger,required_outside_pilot,472,80,90,48,1.0
514,2026-09-23,9.74,2026-09-23 02:30:00,99.34,0.0,2026-09-23 00:30:00,102,240,2026-09-23 02:30:00,2026-09-23 22:30:00,2026-09-24,83.27571323939732,84.77218288179134,71.7,63.94857134137835,4.87,2.0,0.0,0,0,0,1,0,0,0,False,synthetic,69.91937327141973,82.97492727957902,87.541706951067,91.81192260952947,ridge,True,False,0.0,87.541706951067,False,True,False,False,True,4,forecast_trigger,required_outside_pilot,473,80,90,48,1.0
237,2026-09-23,4.47,2026-09-23 02:30:00,70.26,5.05,2026-09-23 00:30:00,047,660,2026-09-23 02:30:00,2026-09-23 22:30:00,2026-09-24,86.08714403424945,83.75731014724715,99.96,59.198572976248606,0.0,2.0,0.0,0,0,0,1,0,0,0,False,synthetic,69.90959754926476,82.96515155742406,87.53193122891203,91.8021468873745,ridge,True,False,0.0,87.53193122891203,False,True,False,False,True,4,forecast_trigger,required_outside_pilot,474,80,90,48,1.0
837,2026-09-23,18.95,2026-09-23 02:30:00,87.26,8.53,2026-09-23 00:30:00,167,1100,2026-09-23 02:30:00,2026-09-23 22:30:00,2026-09-24,79.23142896379743,82.24368839592734,67.28,48.15857151576451,5.2100005,2.0,0.0,0,0,0,1,0,0,0,False,synthetic,69.85977660199362,82.91533061015292,87.48211028164089,91.75232594010336,ridge,True,False,0.0,87.48211028164089,False,True,False,False,True,4,forecast_trigger,required_outside_pilot,475,80,90,48,1.0
214,2026-09-23,46.02,2026-09-23 02:30:00,35.82,40.81,2026-09-22 00:30:00,042,660,2026-09-23 02:30:00,2026-09-23 22:30:00,2026-09-24,47.68666648864746,50.23754665173537,34.49,27.836665789286297,2.6049995,26.0,0.0,0,0,0,1,0,0,0,False,synthetic,69.76735610467813,82.82291011283743,87.3896897843254,91.65990544278787,ridge,True,False,0.0,87.3896897843254,False,True,False,False,True,4,forecast_trigger,required_outside_pilot,476,80,90,48,1.0
737,2026-09-23,9.49,2026-09-23 02:30:00,83.15,3.52,2026-09-23 00:30:00,147,660,2026-09-23 02:30:00,2026-09-23 22:30:00,2026-09-24,83.74000004359654,83.53816815347847,75.93,57.81285640171596,2.985,2.0,0.0,0,0,0,1,0,0,0,False,synthetic,69.74992545809887,82.80547946625816,87.37225913774614,91.64247479620862,ridge,True,False,0.0,87.37225913774614,False,True,False,False,True,4,forecast_trigger,required_outside_pilot,477,80,90,48,1.0
761,2026-09-23,12.35,2026-09-23 02:30:00,93.03,2.18,2026-09-23 00:30:00,152,660,2026-09-23 02:30:00,2026-09-23 22:30:00,2026-09-24,81.51428658621651,85.5223037700107,67.01,53.38999993460519,5.085,2.0,0.0,0,0,0,1,0,0,0,False,synthetic,69.63485361739643,82.69040762555574,87.2571872970437,91.52740295550618,ridge,True,False,0.0,87.2571872970437,False,True,False,False,True,4,forecast_trigger,required_outside_pilot,478,80,90,48,1.0
905,2026-09-23,8.59,2026-09-23 02:30:00,100.0,0.69,2026-09-23 00:30:00,180,1100,2026-09-23 02:30:00,2026-09-23 22:30:00,2026-09-24,83.73428671700614,85.25453299028212,91.3,65.15857260567802,3.95,2.0,0.0,0,0,0,1,0,0,0,True,synthetic,69.41199069994434,82.46754470810365,87.03432437959161,91.30454003805409,ridge,True,False,0.0,87.03432437959161,False,True,False,False,True,4,forecast_trigger,required_outside_pilot,479,80,90,48,1.0
756,2026-09-23,10.6,2026-09-23 02:30:00,80.85,3.18,2026-09-23 00:30:00,151,660,2026-09-23 02:30:00,2026-09-23 22:30:00,2026-09-24,88.51500066121419,86.6804854399047,99.48,49.52666791280111,3.71,2.0,0.0,0,0,0,1,0,0,0,False,synthetic,69.32604114013486,82.38159514829417,86.94837481978213,91.2185904782446,ridge,True,False,0.0,86.94837481978213,False,True,False,False,True,4,forecast_trigger,required_outside_pilot,480,80,90,48,1.0
363,2026-09-23,22.09,2026-09-23 02:30:00,100.0,0.99,2026-09-23 00:30:00,072,660,2026-09-23 02:30:00,2026-09-23 22:30:00,2026-09-24,74.24999945504325,77.42691192744829,73.21,56.29571342468262,10.55,2.0,0.0,0,0,0,1,0,0,0,False,synthetic,69.29984449758334,82.35539850574264,86.9221781772306,91.19239383569308,ridge,True,False,0.0,86.9221781772306,False,True,False,False,True,4,forecast_trigger,required_outside_pilot,481,80,90,48,1.0
467,2026-09-23,19.74,2026-09-23 02:30:00,99.44,0.55,2026-09-23 00:30:00,093,660,2026-09-23 02:30:00,2026-09-23 22:30:00,2026-09-24,84.6942858014788,83.52069627952356,100.0,51.51428495134626,9.595,2.0,0.0,0,0,0,1,0,0,0,False,synthetic,69.23504302834249,82.2905970365018,86.85737670798976,91.12759236645223,ridge,True,False,0.0,86.85737670798976,False,True,False,False,True,4,forecast_trigger,required_outside_pilot,482,80,90,48,1.0
805,2026-09-23,9.96,2026-09-23 02:30:00,85.41,3.3,2026-09-23 00:30:00,160,1100,2026-09-23 02:30:00,2026-09-23 22:30:00,2026-09-24,78.64571435110909,80.20161149284355,92.78,62.82142802647182,3.33,2.0,0.0,0,0,0,1,0,0,0,True,synthetic,69.22511403213355,82.28066804029285,86.84744771178082,91.11766337024328,ridge,True,False,0.0,86.84744771178083,False,True,False,False,True,4,forecast_trigger,required_outside_pilot,483,80,90,48,1.0
314,2026-09-23,48.63,2026-09-23 02:30:00,87.64,44.53,2026-09-23 00:30:00,062,660,2026-09-23 02:30:00,2026-09-23 22:30:00,2026-09-24,65.96571404593331,68.15573870680024,74.62,35.84142848423549,2.0500011,2.0,0.0,0,0,0,1,0,0,0,False,synthetic,69.03722626297346,82.09278027113277,86.65955994262073,90.9297756010832,ridge,True,True,0.0,86.65955994262073,False,True,False,False,True,4,forecast_trigger,pilot_required,484,80,90,48,1.0
782,2026-09-23,40.85,2026-09-23 02:30:00,36.11,40.24,2026-09-22 00:30:00,156,1100,2026-09-23 02:30:00,2026-09-23 22:30:00,2026-09-24,52.32142775399344,53.12692376461718,39.28,30.10428483145577,0.3049984,26.0,0.0,0,0,0,1,0,0,0,False,synthetic,68.96423448233234,82.01978849049164,86.58656816197961,90.85678382044208,ridge,True,False,0.0,86.58656816197961,False,True,False,False,True,4,forecast_trigger,required_outside_pilot,485,80,90,48,1.0
159,2026-09-23,17.56,2026-09-23 02:30:00,99.28,3.27,2026-09-23 00:30:00,032,660,2026-09-23 02:30:00,2026-09-23 22:30:00,2026-09-24,82.10999952043805,83.37798390950677,85.26,53.47999954223633,7.1449995,2.0,0.0,0,0,0,1,0,0,0,False,synthetic,68.89995311522179,81.9555071233811,86.52228679486906,90.79250245333154,ridge,True,False,0.0,86.52228679486906,False,True,False,False,True,4,forecast_trigger,required_outside_pilot,486,80,90,48,1.0
377,2026-09-23,38.94,2026-09-23 02:30:00,36.07,38.91,2026-09-22 00:30:00,075,660,2026-09-23 02:30:00,2026-09-23 22:30:00,2026-09-24,54.75714220319475,55.23976970802799,38.46,28.811427525111608,0.01499939,26.0,0.0,0,0,0,1,0,0,0,False,synthetic,68.89726071626365,81.95281472442295,86.51959439591091,90.7898100543734,ridge,True,False,0.0,86.51959439591091,False,True,False,False,True,4,forecast_trigger,required_outside_pilot,487,80,90,48,1.0
414,2026-09-23,42.36,2026-09-23 02:30:00,38.32,36.85,2026-09-22 00:30:00,082,660,2026-09-23 02:30:00,2026-09-23 22:30:00,2026-09-24,54.431666692097984,52.13765418449242,,31.843334197998047,2.755001,26.0,0.0,0,0,0,1,0,0,0,False,synthetic,68.88650639789881,81.94206040605812,86.50884007754608,90.77905573600856,ridge,True,False,0.0,86.50884007754608,False,True,False,False,True,4,forecast_trigger,required_outside_pilot,488,80,90,48,1.0
636,2026-09-23,11.9,2026-09-23 02:30:00,87.76,4.49,2026-09-23 00:30:00,127,660,2026-09-23 02:30:00,2026-09-23 22:30:00,2026-09-24,79.49999945504325,84.72409564405609,62.03,50.32714298793248,3.705,2.0,0.0,0,0,0,1,0,0,0,False,synthetic,68.88090256945856,81.93645657761786,86.50323624910583,90.7734519075683,ridge,True,False,0.0,86.50323624910583,False,True,False,False,True,4,forecast_trigger,required_outside_pilot,489,80,90,48,1.0
389,2026-09-23,8.42,2026-09-23 02:30:00,81.54,6.97,2026-09-23 00:30:00,077,660,2026-09-23 02:30:00,2026-09-23 22:30:00,2026-09-24,86.85857227870396,85.41146321183084,61.88,54.375714438302175,0.72500014,2.0,0.0,0,0,0,1,0,0,0,False,synthetic,68.86934624520478,81.92490025336409,86.49167992485205,90.76189558331453,ridge,True,True,0.0,86.49167992485205,False,True,False,False,True,4,forecast_trigger,pilot_required,490,80,90,48,1.0
134,2026-09-23,8.39,2026-09-23 02:30:00,100.0,5.44,2026-09-23 00:30:00,027,660,2026-09-23 02:30:00,2026-09-23 22:30:00,2026-09-24,84.84000178745815,87.05167678584175,76.32,60.92428915841239,1.4750001,2.0,0.0,0,0,0,1,0,0,0,False,synthetic,68.57956382339042,81.6351178315497,86.20189750303769,90.47211316150016,ridge,True,False,0.0,86.20189750303769,False,True,False,False,True,4,forecast_trigger,required_outside_pilot,491,80,90,48,1.0
863,2026-09-23,6.01,2026-09-23 02:30:00,98.41,2.6,2026-09-23 00:30:00,172,660,2026-09-23 02:30:00,2026-09-23 22:30:00,2026-09-24,87.31571524483817,87.1252314957795,73.78,63.62857219151088,1.7050002,2.0,0.0,0,0,0,1,0,0,0,False,synthetic,68.54170084101662,81.59725484917593,86.16403452066389,90.43425017912637,ridge,True,False,0.0,86.16403452066389,False,True,False,False,True,4,forecast_trigger,required_outside_pilot,492,80,90,48,1.0
959,2026-09-23,14.41,2026-09-23 02:30:00,70.27,2.07,2026-09-23 00:30:00,191,1100,2026-09-23 02:30:00,2026-09-23 22:30:00,2026-09-24,76.75666681925456,76.54536597453911,,50.78166707356771,6.17,2.0,0.0,0,0,0,1,0,0,0,False,synthetic,68.49914255810182,81.55469656626113,86.12147623774909,90.39169189621155,ridge,True,False,0.0,86.12147623774909,False,True,False,False,True,4,forecast_trigger,required_outside_pilot,493,80,90,48,1.0
145,2026-09-23,8.41,2026-09-23 02:30:00,83.27,7.83,2026-09-23 00:30:00,029,1100,2026-09-23 02:30:00,2026-09-23 22:30:00,2026-09-24,82.96999958583287,84.15071761305036,89.57,56.70428466796875,0.28999996,2.0,0.0,0,0,0,1,0,0,0,True,synthetic,68.48837560635704,81.54392961451634,86.11070928600431,90.38092494446678,ridge,True,False,0.0,86.11070928600431,False,True,False,False,True,4,forecast_trigger,required_outside_pilot,494,80,90,48,1.0
416,2026-09-23,7.76,2026-09-23 00:30:00,98.51,7.76,2026-09-23 00:30:00,083,660,2026-09-23 02:30:00,2026-09-23 22:30:00,2026-09-24,82.39571435110909,84.42956351781294,59.01,59.999999455043245,0.0,2.0,2.0,0,0,0,1,0,0,0,False,synthetic,68.45583394840202,81.51138795656132,86.07816762804929,90.34838328651176,ridge,True,False,0.0,86.07816762804929,False,True,False,False,True,4,forecast_trigger,required_outside_pilot,495,80,90,48,1.0
908,2026-09-23,54.8,2026-09-23 02:30:00,90.8,47.47,2026-09-23 00:30:00,181,660,2026-09-23 02:30:00,2026-09-23 22:30:00,2026-09-24,63.18285751342773,65.48360447749471,73.63,32.37714304242815,3.664999,2.0,0.0,0,0,0,1,0,0,0,False,synthetic,68.4456095222769,81.5011635304362,86.06794320192417,90.33815886038664,ridge,True,False,0.0,86.06794320192417,False,True,False,False,True,4,forecast_trigger,required_outside_pilot,496,80,90,48,1.0
240,2026-09-23,8.22,2026-09-23 02:30:00,64.38,0.0,2026-09-23 00:30:00,047,660,2026-09-23 02:30:00,2026-09-23 22:30:00,2026-09-24,81.37714331490653,82.30661524678374,58.06,44.875714438302175,4.11,2.0,0.0,0,0,0,1,0,0,0,True,synthetic,68.42800889083566,81.48356289899496,86.05034257048293,90.3205582289454,ridge,True,False,0.0,86.05034257048293,False,True,False,False,True,4,forecast_trigger,required_outside_pilot,497,80,90,48,1.0
367,2026-09-23,10.46,2026-09-23 02:30:00,79.07,4.19,2026-09-23 00:30:00,073,1100,2026-09-23 02:30:00,2026-09-23 22:30:00,2026-09-24,84.45999908447266,81.08480502846707,99.02,57.212855747767854,3.135,2.0,0.0,0,0,0,1,0,0,0,False,synthetic,68.34199486591932,81.39754887407861,85.96432854556659,90.23454420402906,ridge,True,True,0.0,85.96432854556659,False,True,False,False,True,4,forecast_trigger,pilot_required,498,80,90,48,1.0
771,2026-09-23,10.83,2026-09-23 02:30:00,88.06,4.09,2026-09-23 00:30:00,154,240,2026-09-23 02:30:00,2026-09-23 22:30:00,2026-09-24,82.97999890645345,83.90788063770985,59.73,53.93999799092611,3.37,2.0,0.0,0,0,0,1,0,0,0,False,synthetic,68.28491329366295,81.34046730182226,85.90724697331022,90.1774626317727,ridge,True,False,0.0,85.90724697331022,False,True,False,False,True,4,forecast_trigger,required_outside_pilot,499,80,90,48,1.0
717,2026-09-23,4.96,2026-09-23 02:30:00,86.2,0.66,2026-09-23 00:30:00,143,1100,2026-09-23 02:30:00,2026-09-23 22:30:00,2026-09-24,83.28857040405273,84.60560643805178,72.98,59.98714174543108,2.15,2.0,0.0,0,0,0,1,0,0,0,False,synthetic,68.23960839017691,81.2951623983362,85.86194206982418,90.13215772828666,ridge,True,False,0.0,85.86194206982418,False,True,False,False,True,4,forecast_trigger,required_outside_pilot,500,80,90,48,1.0
445,2026-09-23,35.22,2026-09-23 02:30:00,33.64,,2026-09-22 00:30:00,088,660,2026-09-23 02:30:00,2026-09-23 22:30:00,2026-09-24,55.00999959309896,52.54939566555016,39.31,36.95499897003174,,26.0,0.0,0,0,0,1,0,0,0,True,synthetic,68.18851749309803,81.24407150125734,85.8108511727453,90.08106683120778,ridge,True,False,0.0,85.8108511727453,False,True,False,False,True,4,forecast_trigger,required_outside_pilot,501,80,90,48,1.0
862,2026-09-23,5.65,2026-09-23 02:30:00,62.21,3.82,2026-09-23 00:30:00,172,240,2026-09-23 02:30:00,2026-09-23 22:30:00,2026-09-24,83.211427961077,77.3851767431884,100.0,60.499999455043245,0.9150001,2.0,0.0,0,0,0,1,0,0,0,False,synthetic,68.09549676181548,81.15105076997477,85.71783044146275,89.98804609992523,ridge,True,False,0.0,85.71783044146275,False,True,False,False,True,4,forecast_trigger,required_outside_pilot,502,80,90,48,1.0
102,2026-09-23,6.23,2026-09-23 02:30:00,73.5,3.5,2026-09-23 00:30:00,021,660,2026-09-23 02:30:00,2026-09-23 22:30:00,2026-09-24,78.78714207240513,79.57102895543787,71.28,59.07285635811942,1.365,2.0,0.0,0,0,0,1,0,0,0,False,synthetic,68.05052840588066,81.10608241403995,85.67286208552792,89.9430777439904,ridge,True,False,0.0,85.67286208552792,False,True,False,False,True,4,forecast_trigger,required_outside_pilot,503,80,90,48,1.0
343,2026-09-23,42.98,2026-09-23 02:30:00,35.52,36.63,2026-09-22 00:30:00,068,1100,2026-09-23 02:30:00,2026-09-23 22:30:00,2026-09-24,60.84142902919224,53.42091029436545,78.25,27.338572093418662,3.1749992,26.0,0.0,0,0,0,1,0,0,0,False,synthetic,67.86519336769213,80.92074737585142,85.4875270473394,89.75774270580187,ridge,True,False,0.0,85.4875270473394,False,True,False,False,True,4,forecast_trigger,required_outside_pilot,504,80,90,48,1.0
648,2026-09-23,12.13,2026-09-23 02:30:00,83.61,,2026-09-23 00:30:00,129,1100,2026-09-23 02:30:00,2026-09-23 22:30:00,2026-09-24,77.00142996651786,77.98658843707084,75.87,60.10571616036551,,2.0,0.0,0,0,0,1,0,0,0,False,synthetic,67.72647778558556,80.78203179374486,85.34881146523283,89.6190271236953,ridge,True,False,0.0,85.34881146523283,False,True,False,False,True,4,forecast_trigger,required_outside_pilot,505,80,90,48,1.0
955,2026-09-23,33.26,2026-09-23 02:30:00,29.76,36.08,2026-09-22 00:30:00,190,240,2026-09-23 02:30:00,2026-09-23 22:30:00,2026-09-24,54.41000066484724,54.94455581217648,39.32,29.420000893729075,0.0,26.0,0.0,0,0,0,1,0,0,0,True,synthetic,67.7184080173966,80.7739620255559,85.34074169704387,89.61095735550634,ridge,True,False,0.0,85.34074169704387,False,True,False,False,True,4,forecast_trigger,required_outside_pilot,506,80,90,48,1.0
846,2026-09-23,14.08,2026-09-23 02:30:00,99.02,2.76,2026-09-23 00:30:00,169,1100,2026-09-23 02:30:00,2026-09-23 22:30:00,2026-09-24,88.29999860127766,87.79558717327858,100.0,49.53833134969076,5.66,2.0,0.0,0,0,0,1,0,0,0,False,synthetic,67.7034883550366,80.7590423631959,85.32582203468387,89.59603769314634,ridge,True,False,0.0,85.32582203468387,False,True,False,False,True,4,forecast_trigger,required_outside_pilot,507,80,90,48,1.0
179,2026-09-23,47.26,2026-09-23 02:30:00,33.9,46.35,2026-09-22 00:30:00,035,1100,2026-09-23 02:30:00,2026-09-23 22:30:00,2026-09-24,47.30714307512556,48.24186601048547,32.96,25.882857186453684,0.45499992,26.0,0.0,0,0,0,1,0,0,0,False,synthetic,67.69684188499514,80.75239589315444,85.3191755646424,89.58939122310488,ridge,True,False,0.0,85.3191755646424,False,True,False,False,True,4,forecast_trigger,required_outside_pilot,508,80,90,48,1.0
924,2026-09-23,35.03,2026-09-23 02:30:00,27.42,36.53,2026-09-22 00:30:00,184,660,2026-09-23 02:30:00,2026-09-23 22:30:00,2026-09-24,58.09999942779541,53.54139542656056,54.06,31.00999959309896,0.0,26.0,0.0,0,0,0,1,0,0,0,False,synthetic,67.6464629044374,80.70201691259669,85.26879658408467,89.53901224254714,ridge,True,False,0.0,85.26879658408467,False,True,False,False,True,4,forecast_trigger,required_outside_pilot,509,80,90,48,1.0
769,2026-09-23,9.34,2026-09-23 02:30:00,98.14,1.88,2026-09-23 00:30:00,153,660,2026-09-23 02:30:00,2026-09-23 22:30:00,2026-09-24,81.47999954223633,84.51625859350818,88.89,59.38428497314453,3.73,2.0,0.0,0,0,0,1,0,0,0,False,synthetic,67.61250270309668,80.66805671125599,85.23483638274395,89.50505204120643,ridge,True,False,0.0,85.23483638274395,False,True,False,False,True,4,forecast_trigger,required_outside_pilot,510,80,90,48,1.0
826,2026-09-23,32.03,2026-09-23 02:30:00,33.6,31.85,2026-09-22 00:30:00,165,1100,2026-09-23 02:30:00,2026-09-23 22:30:00,2026-09-24,53.90714236668178,55.25897004637539,25.42,32.214284896850586,0.0899992,26.0,0.0,0,0,0,1,0,0,0,False,synthetic,67.57359568879149,80.62914969695078,85.19592936843875,89.46614502690123,ridge,True,False,0.0,85.19592936843875,False,True,False,False,True,4,forecast_trigger,required_outside_pilot,511,80,90,48,1.0
365,2026-09-23,7.86,2026-09-23 02:30:00,61.53,0.99,2026-09-23 00:30:00,072,1100,2026-09-23 02:30:00,2026-09-23 22:30:00,2026-09-24,79.3783327738444,78.95972499899615,,48.73333358764648,3.435,2.0,0.0,0,0,0,1,0,0,0,True,synthetic,67.54520888660079,80.6007628947601,85.16754256624806,89.43775822471054,ridge,True,False,0.0,85.16754256624806,False,True,False,False,True,4,forecast_trigger,required_outside_pilot,512,80,90,48,1.0
730,2026-09-23,6.77,2026-09-23 02:30:00,100.0,3.9,2026-09-23 00:30:00,145,1100,2026-09-23 02:30:00,2026-09-23 22:30:00,2026-09-24,88.38500086466472,89.1917262792333,86.94,57.97833569844564,1.435,2.0,0.0,0,0,0,1,0,0,0,True,synthetic,67.52843282930982,80.58398683746913,85.15076650895709,89.42098216741957,ridge,True,False,0.0,85.15076650895709,False,True,False,False,True,4,forecast_trigger,required_outside_pilot,513,80,90,48,1.0
498,2026-09-23,11.0,2026-09-23 02:30:00,97.75,5.13,2026-09-23 00:30:00,099,1100,2026-09-23 02:30:00,2026-09-23 22:30:00,2026-09-24,87.02000045776367,85.91540245485498,99.11,57.21000017438616,2.935,2.0,0.0,0,0,0,1,0,0,0,False,synthetic,67.4997971661559,80.5553511743152,85.12213084580317,89.39234650426565,ridge,True,True,0.0,85.12213084580317,False,True,False,False,True,4,forecast_trigger,pilot_required,514,80,90,48,1.0
167,2026-09-23,32.77,2026-09-23 02:30:00,22.57,34.98,2026-09-22 00:30:00,033,660,2026-09-23 02:30:00,2026-09-23 22:30:00,2026-09-24,54.17571476527623,52.5115507859813,43.74,30.22857216426305,0.0,26.0,0.0,0,0,0,1,0,0,0,False,synthetic,67.37786181917097,80.43341582733026,85.00019549881824,89.27041115728072,ridge,True,False,0.0,85.00019549881824,False,True,False,False,True,4,forecast_trigger,required_outside_pilot,515,80,90,48,1.0
880,2026-09-23,49.29,2026-09-23 02:30:00,43.71,48.19,2026-09-22 00:30:00,175,660,2026-09-23 02:30:00,2026-09-23 22:30:00,2026-09-24,49.65714263916016,49.58499722378886,36.87,26.86142812456404,0.55000114,26.0,0.0,0,0,0,1,0,0,0,True,synthetic,67.35400985428663,80.40956386244594,84.9763435339339,89.24655919239638,ridge,True,False,0.0,84.9763435339339,False,True,False,False,True,4,forecast_trigger,required_outside_pilot,516,80,90,48,1.0
394,2026-09-23,13.5,2026-09-23 02:30:00,100.0,8.33,2026-09-23 00:30:00,078,1100,2026-09-23 02:30:00,2026-09-23 22:30:00,2026-09-24,83.09857177734375,85.67118435247048,54.25,52.83571570260184,2.585,2.0,0.0,0,0,0,1,0,0,0,False,synthetic,67.35044911231603,80.40600312047533,84.9727827919633,89.24299845042577,ridge,True,True,0.0,84.9727827919633,False,True,False,False,True,4,forecast_trigger,pilot_required,517,80,90,48,1.0
888,2026-09-23,11.1,2026-09-23 02:30:00,98.25,4.24,2026-09-23 00:30:00,177,240,2026-09-23 02:30:00,2026-09-23 22:30:00,2026-09-24,82.74857112339565,84.91232382200215,71.11,55.814283098493306,3.4300003,2.0,0.0,0,0,0,1,0,0,0,False,synthetic,67.3048123634178,80.3603663715771,84.92714604306506,89.19736170152754,ridge,True,False,0.0,84.92714604306506,False,True,False,False,True,4,forecast_trigger,required_outside_pilot,518,80,90,48,1.0
698,2026-09-23,6.57,2026-09-23 02:30:00,72.95,6.25,2026-09-23 00:30:00,139,240,2026-09-23 02:30:00,2026-09-23 22:30:00,2026-09-24,82.15571430751255,81.79561551812802,71.06,53.76857212611607,0.16000009,2.0,0.0,0,0,0,1,0,0,0,False,synthetic,67.28470257068345,80.34025657884274,84.90703625033072,89.1772519087932,ridge,True,False,0.0,84.90703625033072,False,True,False,False,True,4,forecast_trigger,required_outside_pilot,519,80,90,48,1.0
148,2026-09-23,10.77,2026-09-23 02:30:00,81.04,2.4,2026-09-23 00:30:00,030,660,2026-09-23 02:30:00,2026-09-23 22:30:00,2026-09-24,82.98285784040179,79.60958565466119,100.0,57.46999958583287,4.1850004,2.0,0.0,0,0,0,1,0,0,0,False,synthetic,67.27335905973351,80.32891306789281,84.89569273938078,89.16590839784325,ridge,True,False,0.0,84.89569273938078,False,True,False,False,True,4,forecast_trigger,required_outside_pilot,520,80,90,48,1.0
601,2026-09-23,38.25,2026-09-23 02:30:00,36.39,34.49,2026-09-22 00:30:00,120,1100,2026-09-23 02:30:00,2026-09-23 22:30:00,2026-09-24,54.14142826625279,53.87285118137053,41.78,27.878570829119003,1.8799992,26.0,0.0,0,0,0,1,0,0,0,False,synthetic,67.18731522277479,80.24286923093408,84.80964890242205,89.07986456088453,ridge,True,False,0.0,84.80964890242205,False,True,False,False,True,4,forecast_trigger,required_outside_pilot,521,80,90,48,1.0
879,2026-09-23,28.91,2026-09-23 02:30:00,25.59,31.51,2026-09-22 00:30:00,175,660,2026-09-23 02:30:00,2026-09-23 22:30:00,2026-09-24,61.486666997273765,54.92350016508578,48.46,34.68333371480306,0.0,26.0,0.0,0,0,0,1,0,0,0,False,synthetic,67.12602544288053,80.18157945103982,84.7483591225278,89.01857478099028,ridge,True,False,0.0,84.7483591225278,False,True,False,False,True,4,forecast_trigger,required_outside_pilot,522,80,90,48,1.0
525,2026-09-23,6.02,2026-09-23 02:30:00,82.02,4.17,2026-09-23 00:30:00,104,660,2026-09-23 02:30:00,2026-09-23 22:30:00,2026-09-24,81.90856988089425,84.2675744108576,53.27,52.95285633632115,0.92499995,2.0,0.0,0,0,0,1,0,0,0,True,synthetic,66.86518952372812,79.92074353188741,84.48752320337539,88.75773886183786,ridge,True,False,0.0,84.48752320337539,False,True,False,False,True,4,forecast_trigger,required_outside_pilot,523,80,90,48,1.0
189,2026-09-23,14.32,2026-09-23 02:30:00,100.0,7.29,2026-09-23 00:30:00,037,660,2026-09-23 02:30:00,2026-09-23 22:30:00,2026-09-24,85.08142798287528,85.24637831627831,69.38,52.07285635811942,3.5149999,2.0,0.0,0,0,0,1,0,0,0,False,synthetic,66.76697966924975,79.82253367740904,84.38931334889702,88.6595290073595,ridge,True,False,0.0,84.38931334889702,False,True,False,False,True,4,forecast_trigger,required_outside_pilot,524,80,90,48,1.0
463,2026-09-23,33.95,2026-09-23 02:30:00,32.86,34.09,2026-09-22 00:30:00,092,660,2026-09-23 02:30:00,2026-09-23 22:30:00,2026-09-24,53.974286215645925,54.0739641203416,49.41,30.637143543788365,0.0,26.0,0.0,0,0,0,1,0,0,0,False,synthetic,66.75473986398677,79.81029387214608,84.37707354363404,88.64728920209652,ridge,True,False,0.0,84.37707354363404,False,True,False,False,True,4,forecast_trigger,required_outside_pilot,525,80,90,48,1.0
239,2026-09-23,14.55,2026-09-23 02:30:00,96.72,4.59,2026-09-23 00:30:00,047,240,2026-09-23 02:30:00,2026-09-23 22:30:00,2026-09-24,84.36285727364677,81.50640554218133,95.68,57.18428530011858,4.98,2.0,0.0,0,0,0,1,0,0,0,False,synthetic,66.7043370882084,79.75989109636771,84.32667076785567,88.59688642631815,ridge,True,False,0.0,84.32667076785567,False,True,False,False,True,4,forecast_trigger,required_outside_pilot,526,80,90,48,1.0
894,2026-09-23,37.2,2026-09-23 02:30:00,34.33,37.58,2026-09-22 00:30:00,178,660,2026-09-23 02:30:00,2026-09-23 22:30:00,2026-09-24,50.73428617204939,52.14546879887567,33.81,29.31857136317662,0.0,26.0,0.0,0,0,0,1,0,0,0,False,synthetic,66.55567382710333,79.61122783526264,84.1780075067506,88.44822316521308,ridge,True,False,0.0,84.1780075067506,False,True,False,False,True,4,forecast_trigger,required_outside_pilot,527,80,90,48,1.0
641,2026-09-23,9.12,2026-09-23 02:30:00,96.94,6.88,2026-09-23 00:30:00,128,660,2026-09-23 02:30:00,2026-09-23 22:30:00,2026-09-24,79.91166687011719,80.1438302801204,97.69,67.06000073750813,1.1199999,2.0,0.0,0,0,0,1,0,0,0,False,synthetic,66.5325230135711,79.58807702173038,84.15485669321836,88.42507235168084,ridge,True,False,0.0,84.15485669321836,False,True,False,False,True,4,forecast_trigger,required_outside_pilot,528,80,90,48,1.0
52,2026-09-23,7.64,2026-09-23 02:30:00,100.0,4.99,2026-09-23 00:30:00,011,1100,2026-09-23 02:30:00,2026-09-23 22:30:00,2026-09-24,86.53714261736188,87.09056344042054,78.13,58.13857105800084,1.325,2.0,0.0,0,0,0,1,0,0,0,False,synthetic,66.50735655132787,79.56291055948716,84.12969023097514,88.39990588943762,ridge,True,False,0.0,84.12969023097514,False,True,False,False,True,4,forecast_trigger,required_outside_pilot,529,80,90,48,1.0
576,2026-09-23,6.64,2026-09-23 02:30:00,100.0,2.29,2026-09-23 00:30:00,115,660,2026-09-23 02:30:00,2026-09-23 22:30:00,2026-09-24,89.25857107979911,91.40327387119312,98.22,51.05857140677316,2.175,2.0,0.0,0,0,0,1,0,0,0,False,synthetic,66.50238473886404,79.55793874702334,84.1247184185113,88.39493407697378,ridge,True,False,0.0,84.1247184185113,False,True,False,False,True,4,forecast_trigger,required_outside_pilot,530,80,90,48,1.0
161,2026-09-23,6.15,2026-09-23 02:30:00,93.24,2.93,2026-09-23 00:30:00,032,1100,2026-09-23 02:30:00,2026-09-23 22:30:00,2026-09-24,76.93714359828404,79.84695507261463,78.58,66.96000017438617,1.61,2.0,0.0,0,0,0,1,0,0,0,False,synthetic,66.49938082498541,79.5549348331447,84.12171450463268,88.39193016309515,ridge,True,False,0.0,84.12171450463268,False,True,False,False,True,4,forecast_trigger,required_outside_pilot,531,80,90,48,1.0
233,2026-09-23,41.91,2026-09-23 02:30:00,36.1,39.71,2026-09-22 00:30:00,046,1100,2026-09-23 02:30:00,2026-09-23 22:30:00,2026-09-24,49.2442866734096,49.29089235191013,23.09,29.164286749703543,1.1000004,26.0,0.0,0,0,0,1,0,0,0,False,synthetic,66.46104368108394,79.51659768924324,84.0833773607312,88.35359301919368,ridge,True,False,0.0,84.0833773607312,False,True,False,False,True,4,forecast_trigger,required_outside_pilot,532,80,90,48,1.0
870,2026-09-23,11.86,2026-09-23 02:30:00,100.0,8.2,2026-09-23 00:30:00,173,1100,2026-09-23 02:30:00,2026-09-23 22:30:00,2026-09-24,81.60285677228656,84.8169591668952,72.62,54.8542856488909,1.8299999,2.0,0.0,0,0,0,1,0,0,0,True,synthetic,66.41208538815326,79.46763939631256,84.03441906780053,88.304634726263,ridge,True,False,64.14205365538098,84.03441906780053,False,True,False,False,True,4,forecast_trigger,required_outside_pilot,533,80,90,48,1.0
420,2026-09-23,8.53,2026-09-23 02:30:00,75.26,1.44,2026-09-23 00:30:00,083,660,2026-09-23 02:30:00,2026-09-23 22:30:00,2026-09-24,86.22142791748047,82.52266901323749,99.47,49.68857029506138,3.5449998,2.0,0.0,0,0,0,1,0,0,0,True,synthetic,66.23861362759601,79.29416763575531,83.86094730724328,88.13116296570576,ridge,False,False,157.32090390113143,83.86094730724328,False,True,False,False,True,4,forecast_trigger,access_review,534,80,90,48,1.0
144,2026-09-23,8.9,2026-09-23 02:30:00,62.89,1.75,2026-09-23 00:30:00,029,240,2026-09-23 02:30:00,2026-09-23 22:30:00,2026-09-24,76.38142939976284,75.22729322784694,57.42,51.38714327130999,3.5749998,2.0,0.0,0,0,0,1,0,0,0,False,synthetic,66.20440541887343,79.25995942703273,83.8267390985207,88.09695475698318,ridge,True,False,0.0,83.8267390985207,False,True,False,False,True,4,forecast_trigger,required_outside_pilot,535,80,90,48,1.0
690,2026-09-23,41.26,2026-09-23 02:30:00,34.81,41.36,2026-09-22 00:30:00,137,1100,2026-09-23 02:30:00,2026-09-23 22:30:00,2026-09-24,46.81428582327707,49.51850405955049,33.3,27.79142870221819,0.0,26.0,0.0,0,0,0,1,0,0,0,True,synthetic,66.19569269077725,79.25124669893654,83.81802637042452,88.088242028887,ridge,True,False,0.0,83.81802637042452,False,True,False,False,True,4,forecast_trigger,required_outside_pilot,536,80,90,48,1.0
475,2026-09-23,13.35,2026-09-23 02:30:00,98.4,,2026-09-23 00:30:00,094,660,2026-09-23 02:30:00,2026-09-23 22:30:00,2026-09-24,83.24428612845284,85.74860424016356,63.73,49.75999995640346,,2.0,0.0,0,0,0,1,0,0,0,True,synthetic,66.11180451347447,79.16735852163376,83.73413819312174,88.00435385158421,ridge,True,False,0.0,83.73413819312174,False,True,False,False,True,4,forecast_trigger,required_outside_pilot,537,80,90,48,1.0
613,2026-09-23,1.23,2026-09-23 02:30:00,,4.7,2026-09-23 00:30:00,122,660,2026-09-23 02:30:00,2026-09-23 22:30:00,2026-09-24,83.5500005086263,82.23389363773178,96.55,54.8733336130778,0.0,2.0,0.0,0,0,0,1,0,0,0,False,synthetic,66.07655307977694,79.13210708793625,83.69888675942421,87.96910241788669,ridge,True,False,0.0,83.69888675942421,False,True,False,False,True,4,forecast_trigger,required_outside_pilot,538,80,90,48,1.0
229,2026-09-23,12.2,2026-09-23 02:30:00,99.02,3.11,2026-09-23 00:30:00,045,240,2026-09-23 02:30:00,2026-09-23 22:30:00,2026-09-24,78.24166552225749,81.61097194351711,59.87,56.22666613260905,4.545,2.0,0.0,0,0,0,1,0,0,0,False,synthetic,66.03268632774619,79.08824033590548,83.65502000739346,87.92523566585594,ridge,True,False,0.0,83.65502000739346,False,True,False,False,True,4,forecast_trigger,required_outside_pilot,539,80,90,48,1.0
634,2026-09-23,8.17,2026-09-23 02:30:00,75.25,6.48,2026-09-23 00:30:00,126,240,2026-09-23 02:30:00,2026-09-23 22:30:00,2026-09-24,79.47285733904157,79.73302524849112,57.5,52.52000045776367,0.845,2.0,0.0,0,0,0,1,0,0,0,False,synthetic,65.8709428032434,78.9264968114027,83.49327648289066,87.76349214135314,ridge,True,False,0.0,83.49327648289066,False,True,False,False,True,4,forecast_trigger,required_outside_pilot,540,80,90,48,1.0
603,2026-09-23,47.0,2026-09-23 02:30:00,76.84,43.8,2026-09-23 00:30:00,120,1100,2026-09-23 02:30:00,2026-09-23 22:30:00,2026-09-24,64.9242856161935,63.55067327577649,93.87,34.18571417672293,1.6000004,2.0,0.0,0,0,0,1,0,0,0,False,synthetic,65.79697905422758,78.85253306238687,83.41931273387485,87.68952839233732,ridge,True,False,0.0,83.41931273387485,False,True,False,False,True,4,forecast_trigger,required_outside_pilot,541,80,90,48,1.0
7,2026-09-23,20.13,2026-09-23 02:30:00,100.0,5.37,2026-09-23 00:30:00,002,660,2026-09-23 02:30:00,2026-09-23 22:30:00,2026-09-24,79.24857112339565,80.7595360275311,82.7,47.60428401402065,7.3799996,2.0,0.0,0,0,0,1,0,0,0,False,synthetic,65.6952492917392,78.75080329989851,83.31758297138647,87.58779862984895,ridge,True,False,0.0,83.31758297138647,False,True,False,False,True,4,forecast_trigger,required_outside_pilot,542,80,90,48,1.0
192,2026-09-23,16.5,2026-09-23 02:30:00,73.76,4.57,2026-09-23 00:30:00,038,1100,2026-09-23 02:30:00,2026-09-23 22:30:00,2026-09-24,78.78857258387974,78.53670017816944,50.73,39.8500017438616,5.965,2.0,0.0,0,0,0,1,0,0,0,False,synthetic,65.54264830501909,78.59820231317838,83.16498198466635,87.43519764312883,ridge,True,False,0.0,83.16498198466635,False,True,False,False,True,4,forecast_trigger,required_outside_pilot,543,80,90,48,1.0
202,2026-09-23,8.97,2026-09-23 02:30:00,82.21,4.83,2026-09-23 00:30:00,040,660,2026-09-23 02:30:00,2026-09-23 22:30:00,2026-09-24,77.5139991760254,80.40564203917445,61.19,52.2619987487793,2.0700002,2.0,0.0,0,0,0,1,0,0,0,False,synthetic,65.50832579991277,78.56387980807207,83.13065947956004,87.40087513802251,ridge,True,False,0.0,83.13065947956004,False,True,False,False,True,4,forecast_trigger,required_outside_pilot,544,80,90,48,1.0
643,2026-09-23,11.81,2026-09-23 02:30:00,77.04,7.6,2026-09-23 00:30:00,128,240,2026-09-23 02:30:00,2026-09-23 22:30:00,2026-09-24,82.39285714285714,81.37289089811554,98.94,46.32714244297573,2.1050003,2.0,0.0,0,0,0,1,0,0,0,False,synthetic,65.46977803941161,78.52533204757091,83.09211171905888,87.36232737752135,ridge,True,False,0.0,83.09211171905888,False,True,False,False,True,4,forecast_trigger,required_outside_pilot,545,80,90,48,1.0
950,2026-09-23,8.45,2026-09-23 02:30:00,75.39,7.06,2026-09-23 00:30:00,189,660,2026-09-23 02:30:00,2026-09-23 22:30:00,2026-09-24,82.06499989827473,81.69529174181176,,48.55500030517578,0.69499993,2.0,0.0,0,0,0,1,0,0,0,True,synthetic,65.38415415378063,78.43970816193993,83.0064878334279,87.27670349189037,ridge,True,False,0.0,83.0064878334279,False,True,False,False,True,4,forecast_trigger,required_outside_pilot,546,80,90,48,1.0
921,2026-09-23,9.76,2026-09-23 02:30:00,98.36,9.58,2026-09-23 00:30:00,184,1100,2026-09-23 02:30:00,2026-09-23 22:30:00,2026-09-24,83.88000043233235,87.25951589692801,55.54,50.29333305358887,0.09000015,2.0,0.0,0,0,0,1,0,0,0,False,synthetic,65.37119932551761,78.42675333367691,82.99353300516488,87.26374866362735,ridge,True,False,0.0,82.99353300516488,False,True,False,False,True,4,forecast_trigger,required_outside_pilot,547,80,90,48,1.0
106,2026-09-23,16.14,2026-09-23 02:30:00,74.55,6.52,2026-09-23 00:30:00,022,1100,2026-09-23 02:30:00,2026-09-23 22:30:00,2026-09-24,74.57000132969448,75.09452824589327,74.04,47.25142914908273,4.8099995,2.0,0.0,0,0,0,1,0,0,0,False,synthetic,65.35126164306922,78.40681565122853,82.97359532271649,87.24381098117897,ridge,True,False,0.0,82.97359532271649,False,True,False,False,True,4,forecast_trigger,required_outside_pilot,548,80,90,48,1.0
816,2026-09-23,40.12,2026-09-23 02:30:00,,36.12,2026-09-22 00:30:00,163,1100,2026-09-23 02:30:00,2026-09-23 22:30:00,2026-09-24,55.37500063578288,60.31572770331819,29.98,27.295000394185383,2.0,26.0,0.0,0,0,0,1,0,0,0,False,synthetic,65.29449823977933,78.35005224793863,82.9168319194266,87.18704757788908,ridge,True,False,0.0,82.9168319194266,False,True,False,False,True,4,forecast_trigger,required_outside_pilot,549,80,90,48,1.0
903,2026-09-23,10.59,2026-09-23 02:30:00,87.2,4.67,2026-09-23 00:30:00,180,1100,2026-09-23 02:30:00,2026-09-23 22:30:00,2026-09-24,78.12714222499302,81.31998278515971,72.21,50.83142743791853,2.96,2.0,0.0,0,0,0,1,0,0,0,False,synthetic,65.16128674588722,78.21684075404653,82.7836204255345,87.05383608399697,ridge,True,False,0.0,82.7836204255345,False,True,False,False,True,4,forecast_trigger,required_outside_pilot,550,80,90,48,1.0
629,2026-09-23,12.32,2026-09-23 02:30:00,63.98,3.26,2026-09-23 00:30:00,125,1100,2026-09-23 02:30:00,2026-09-23 22:30:00,2026-09-24,74.01999936785016,74.46210523463088,72.27,46.01285661969866,4.5299997,2.0,0.0,0,0,0,1,0,0,0,False,synthetic,65.11542100353256,78.17097501169187,82.73775468317983,87.0079703416423,ridge,True,False,0.0,82.73775468317982,False,True,False,False,True,4,forecast_trigger,required_outside_pilot,551,80,90,48,1.0
284,2026-09-23,14.35,2026-09-23 02:30:00,59.32,5.27,2026-09-23 00:30:00,056,660,2026-09-23 02:30:00,2026-09-23 22:30:00,2026-09-24,74.03714207240513,74.48282332398408,54.55,39.61857060023716,4.54,2.0,0.0,0,0,0,1,0,0,0,False,synthetic,65.03082964338265,78.08638365154195,82.65316332302991,86.92337898149239,ridge,True,False,0.0,82.65316332302991,False,True,False,False,True,4,forecast_trigger,required_outside_pilot,552,80,90,48,1.0
748,2026-09-23,8.44,2026-09-23 02:30:00,70.36,5.89,2026-09-23 00:30:00,149,1100,2026-09-23 02:30:00,2026-09-23 22:30:00,2026-09-24,78.05000032697406,81.23518271866207,38.44,42.65285873413086,1.2749999,2.0,0.0,0,0,0,1,0,0,0,False,synthetic,65.01605092075732,78.07160492891663,82.63838460040459,86.90860025886707,ridge,True,False,0.0,82.63838460040459,False,True,False,False,True,4,forecast_trigger,required_outside_pilot,553,80,90,48,1.0
34,2026-09-23,34.86,2026-09-23 02:30:00,,33.09,2026-09-22 00:30:00,007,660,2026-09-23 02:30:00,2026-09-23 22:30:00,2026-09-24,63.3759994506836,63.91212096767862,,30.584000015258788,0.8850002,26.0,0.0,0,0,0,1,0,0,0,False,synthetic,64.9931926434551,78.04874665161441,82.61552632310237,86.88574198156485,ridge,True,False,0.0,82.61552632310237,False,True,False,False,True,4,forecast_trigger,required_outside_pilot,554,80,90,48,1.0
764,2026-09-23,8.17,2026-09-23 02:30:00,66.92,3.51,2026-09-23 00:30:00,152,660,2026-09-23 02:30:00,2026-09-23 22:30:00,2026-09-24,74.86285672869,76.19652555699102,54.03,49.852857317243306,2.33,2.0,0.0,0,0,0,1,0,0,0,False,synthetic,64.92139357681631,77.97694758497562,82.54372725646358,86.81394291492606,ridge,True,False,0.0,82.54372725646358,False,True,False,False,True,4,forecast_trigger,required_outside_pilot,555,80,90,48,1.0
653,2026-09-23,45.33,2026-09-23 02:30:00,35.1,44.78,2026-09-22 00:30:00,130,660,2026-09-23 02:30:00,2026-09-23 22:30:00,2026-09-24,44.88428579057966,46.057998914174085,32.24,26.24571418762207,0.27500153,26.0,0.0,0,0,0,1,0,0,0,False,synthetic,64.88116037520466,77.93671438336395,82.50349405485193,86.7737097133144,ridge,True,False,0.0,82.50349405485193,False,True,False,False,True,4,forecast_trigger,required_outside_pilot,556,80,90,48,1.0
738,2026-09-23,6.69,2026-09-23 02:30:00,83.42,4.19,2026-09-23 00:30:00,147,660,2026-09-23 02:30:00,2026-09-23 22:30:00,2026-09-24,78.81142752511161,80.88805066062989,79.78,54.88571275983538,1.25,2.0,0.0,0,0,0,1,0,0,0,False,synthetic,64.83665795793699,77.89221196609628,82.45899163758426,86.72920729604674,ridge,True,False,0.0,82.45899163758426,False,True,False,False,True,4,forecast_trigger,required_outside_pilot,557,80,90,48,1.0
502,2026-09-23,34.73,2026-09-23 02:30:00,28.53,26.37,2026-09-22 00:30:00,100,660,2026-09-23 02:30:00,2026-09-23 22:30:00,2026-09-24,51.124284744262695,49.669805858573696,41.48,27.9299989427839,4.1799994,26.0,0.0,0,0,0,1,0,0,0,False,synthetic,64.6802011574876,77.7357551656469,82.30253483713487,86.57275049559735,ridge,True,False,0.0,82.30253483713487,False,True,False,False,True,4,forecast_trigger,required_outside_pilot,558,80,90,48,1.0
638,2026-09-23,10.59,2026-09-23 02:30:00,96.59,4.8,2026-09-23 00:30:00,127,660,2026-09-23 02:30:00,2026-09-23 22:30:00,2026-09-24,87.53666687011719,86.46199857808796,100.0,49.209999084472656,2.895,2.0,0.0,0,0,0,1,0,0,0,False,synthetic,64.56400421561422,77.61955822377351,82.18633789526149,86.45655355372396,ridge,True,False,0.0,82.18633789526149,False,True,False,False,True,4,forecast_trigger,required_outside_pilot,559,80,90,48,1.0
369,2026-09-23,15.48,2026-09-23 02:30:00,99.2,3.03,2026-09-23 00:30:00,073,1100,2026-09-23 02:30:00,2026-09-23 22:30:00,2026-09-24,76.46428462437221,78.20634704786603,56.16,54.51714270455496,6.225,2.0,0.0,0,0,0,1,0,0,0,False,synthetic,64.45290442325627,77.50845843141556,82.07523810290354,86.34545376136602,ridge,True,False,0.0,82.07523810290354,False,True,False,False,True,4,forecast_trigger,required_outside_pilot,560,80,90,48,1.0
127,2026-09-23,9.08,2026-09-23 02:30:00,100.0,3.93,2026-09-23 00:30:00,026,1100,2026-09-23 02:30:00,2026-09-23 22:30:00,2026-09-24,81.99142946515765,84.6253579245722,61.52,53.64571489606585,2.5749998,2.0,0.0,0,0,0,1,0,0,0,False,synthetic,64.40347235156437,77.45902635972368,82.02580603121164,86.29602168967412,ridge,True,False,0.0,82.02580603121164,False,True,False,False,True,4,forecast_trigger,required_outside_pilot,561,80,90,48,1.0
331,2026-09-23,15.05,2026-09-23 02:30:00,96.32,2.82,2026-09-23 00:30:00,066,660,2026-09-23 02:30:00,2026-09-23 22:30:00,2026-09-24,76.63714381626674,79.1961772132735,74.66,51.13000052315848,6.1150002,2.0,0.0,0,0,0,1,0,0,0,False,synthetic,64.28105725320252,77.33661126136181,81.90339093284979,86.17360659131226,ridge,True,False,0.0,81.90339093284979,False,True,False,False,True,4,forecast_trigger,required_outside_pilot,562,80,90,48,1.0
180,2026-09-23,11.36,2026-09-23 02:30:00,,7.04,2026-09-23 00:30:00,035,660,2026-09-23 02:30:00,2026-09-23 22:30:00,2026-09-24,74.3799991607666,72.72884685598456,77.52,53.0816650390625,2.1599998,2.0,0.0,0,0,0,1,0,0,0,True,synthetic,64.25407114666196,77.30962515482125,81.87640482630923,86.1466204847717,ridge,True,False,0.0,81.87640482630923,False,True,False,False,True,4,forecast_trigger,required_outside_pilot,563,80,90,48,1.0
591,2026-09-23,9.88,2026-09-23 02:30:00,68.56,4.6,2026-09-23 00:30:00,118,660,2026-09-23 02:30:00,2026-09-23 22:30:00,2026-09-24,79.73428508213588,78.53028849702562,99.6,45.42428479875837,2.64,2.0,0.0,0,0,0,1,0,0,0,False,synthetic,64.25118297130838,77.30673697946767,81.87351665095565,86.14373230941813,ridge,True,False,3.796725179816258,81.87351665095565,False,True,False,False,True,4,forecast_trigger,required_outside_pilot,564,80,90,48,1.0
799,2026-09-23,8.92,2026-09-23 02:30:00,68.77,3.02,2026-09-23 00:30:00,159,1100,2026-09-23 02:30:00,2026-09-23 22:30:00,2026-09-24,81.87428501674107,78.84450822358326,100.0,46.76000050136021,2.95,2.0,0.0,0,0,0,1,0,0,0,False,synthetic,64.11393356958797,77.16948757774728,81.73626724923524,86.00648290769772,ridge,False,False,153.64931216552853,81.73626724923524,False,True,False,False,True,4,forecast_trigger,access_review,565,80,90,48,1.0
926,2026-09-23,7.74,2026-09-23 02:30:00,100.0,1.54,2026-09-23 00:30:00,185,240,2026-09-23 02:30:00,2026-09-23 22:30:00,2026-09-24,84.81857136317662,82.97345965308183,100.0,59.785714285714285,3.1,2.0,0.0,0,0,0,1,0,0,0,False,synthetic,63.979366168960176,77.03492017711947,81.60169984860744,85.87191550706993,ridge,True,False,0.0,81.60169984860744,False,True,False,False,True,4,forecast_trigger,required_outside_pilot,566,80,90,48,1.0
276,2026-09-23,15.1,2026-09-23 02:30:00,97.79,3.41,2026-09-23 00:30:00,055,660,2026-09-23 02:30:00,2026-09-23 22:30:00,2026-09-24,77.73428617204938,82.38728823018837,46.58,44.004286084856304,5.8450003,2.0,0.0,0,0,0,1,0,0,0,False,synthetic,63.89637335423316,76.95192736239245,81.51870703388042,85.78892269234291,ridge,True,True,0.0,81.51870703388042,False,True,False,False,True,4,forecast_trigger,pilot_required,567,80,90,48,1.0
83,2026-09-23,11.59,2026-09-23 02:30:00,66.95,1.79,2026-09-23 00:30:00,017,1100,2026-09-23 02:30:00,2026-09-23 22:30:00,2026-09-24,73.6542854309082,75.16028153103348,57.64,43.6257141658238,4.9,2.0,0.0,0,0,0,1,0,0,0,False,synthetic,63.85320237893684,76.90875638709613,81.47553605858411,85.74575171704659,ridge,True,False,0.0,81.47553605858411,False,True,False,False,True,4,forecast_trigger,required_outside_pilot,568,80,90,48,1.0
740,2026-09-23,11.06,2026-09-23 02:30:00,100.0,3.12,2026-09-23 00:30:00,147,240,2026-09-23 02:30:00,2026-09-23 22:30:00,2026-09-24,88.07714244297573,85.86338475027172,98.0,49.93142809186663,3.9700003,2.0,0.0,0,0,0,1,0,0,0,True,synthetic,63.850176535786616,76.90573054394591,81.47251021543389,85.74272587389636,ridge,True,False,0.0,81.47251021543389,False,True,False,False,True,4,forecast_trigger,required_outside_pilot,569,80,90,48,1.0
913,2026-09-23,7.86,2026-09-23 02:30:00,80.15,1.19,2026-09-23 00:30:00,182,660,2026-09-23 02:30:00,2026-09-23 22:30:00,2026-09-24,80.03714316231864,82.35529719481302,57.81,44.332858494349885,3.335,2.0,0.0,0,0,0,1,0,0,0,False,synthetic,63.71816108276607,76.77371509092536,81.34049476241333,85.61071042087582,ridge,True,False,0.0,81.34049476241333,False,True,False,False,True,4,forecast_trigger,required_outside_pilot,570,80,90,48,1.0
178,2026-09-23,57.02,2026-09-23 02:30:00,47.12,54.21,2026-09-22 00:30:00,035,660,2026-09-23 02:30:00,2026-09-23 22:30:00,2026-09-24,42.1057139805385,43.61928393113806,29.45,19.505714416503903,1.4050007,26.0,0.0,0,0,0,1,0,0,0,False,synthetic,63.54226378236681,76.59781779052611,81.16459746201409,85.43481312047655,ridge,True,False,0.0,81.16459746201409,False,True,False,False,True,4,forecast_trigger,required_outside_pilot,571,80,90,48,1.0
328,2026-09-23,11.31,2026-09-23 02:30:00,81.76,4.81,2026-09-23 00:30:00,065,660,2026-09-23 02:30:00,2026-09-23 22:30:00,2026-09-24,77.6485710144043,78.67361781249127,80.77,48.22428458077567,3.2500002,2.0,0.0,0,0,0,1,0,0,0,False,synthetic,63.51870531119101,76.57425931935032,81.14103899083828,85.41125464930076,ridge,True,False,0.0,81.14103899083828,False,True,False,False,True,4,forecast_trigger,required_outside_pilot,572,80,90,48,1.0
949,2026-09-23,5.25,2026-09-23 02:30:00,65.06,4.84,2026-09-23 00:30:00,189,660,2026-09-23 02:30:00,2026-09-23 22:30:00,2026-09-24,80.64428656441825,77.23019848703332,99.51,51.922858646937776,0.20499992,2.0,0.0,0,0,0,1,0,0,0,False,synthetic,63.47292898042511,76.52848298858441,81.09526266007238,85.36547831853485,ridge,True,False,0.0,81.09526266007238,False,True,False,False,True,4,forecast_trigger,required_outside_pilot,573,80,90,48,1.0
274,2026-09-23,17.08,2026-09-23 02:30:00,95.21,7.13,2026-09-23 00:30:00,054,660,2026-09-23 02:30:00,2026-09-23 22:30:00,2026-09-24,82.21499951680501,80.95581699659175,100.0,46.11166572570801,4.975,2.0,0.0,0,0,0,1,0,0,0,False,synthetic,63.47178443142769,76.527338439587,81.09411811107496,85.36433376953744,ridge,True,False,0.0,81.09411811107496,False,True,False,False,True,4,forecast_trigger,required_outside_pilot,574,80,90,48,1.0
659,2026-09-23,12.2,2026-09-23 02:30:00,77.41,5.11,2026-09-23 00:30:00,131,1100,2026-09-23 02:30:00,2026-09-23 22:30:00,2026-09-24,79.51714324951172,80.75155407968674,63.0,39.992858341762,3.5449998,2.0,0.0,0,0,0,1,0,0,0,False,synthetic,63.457444922943374,76.51299893110267,81.07977860259064,85.34999426105313,ridge,True,False,0.0,81.07977860259064,False,True,False,False,True,4,forecast_trigger,required_outside_pilot,575,80,90,48,1.0
830,2026-09-23,45.76,2026-09-23 02:30:00,37.83,39.94,2026-09-22 00:30:00,165,1100,2026-09-23 02:30:00,2026-09-23 22:30:00,2026-09-24,43.1214280809675,44.47076343216821,43.59,25.792855943952286,2.9099998,26.0,0.0,0,0,0,1,0,0,0,True,synthetic,63.44747282061398,76.50302682877327,81.06980650026125,85.34002215872373,ridge,True,False,0.0,81.06980650026125,False,True,False,False,True,4,forecast_trigger,required_outside_pilot,576,80,90,48,1.0
166,2026-09-23,4.67,2026-09-23 02:30:00,96.42,4.4,2026-09-23 00:30:00,033,660,2026-09-23 02:30:00,2026-09-23 22:30:00,2026-09-24,81.79833285013835,84.05735249411946,,57.25000063578288,0.13499999,2.0,0.0,0,0,0,1,0,0,0,False,synthetic,63.42690411563567,76.48245812379497,81.04923779528295,85.31945345374541,ridge,True,False,0.0,81.04923779528295,False,True,False,False,True,4,forecast_trigger,required_outside_pilot,577,80,90,48,1.0
640,2026-09-23,9.87,2026-09-23 02:30:00,74.14,1.04,2026-09-23 00:30:00,127,660,2026-09-23 02:30:00,2026-09-23 22:30:00,2026-09-24,76.27000045776367,77.81657904590332,53.58,44.60428673880441,4.415,2.0,0.0,0,0,0,1,0,0,0,True,synthetic,63.34065867146911,76.3962126796284,80.96299235111638,85.23320800957885,ridge,True,False,0.0,80.96299235111638,False,True,False,False,True,4,forecast_trigger,required_outside_pilot,578,80,90,48,1.0
829,2026-09-23,13.22,2026-09-23 02:30:00,100.0,10.13,2026-09-23 00:30:00,165,1100,2026-09-23 02:30:00,2026-09-23 22:30:00,2026-09-24,82.23285620553153,83.71933703636725,75.87,48.80714089529855,1.5450001,2.0,0.0,0,0,0,1,0,0,0,False,synthetic,63.21360733500904,76.26916134316835,80.83594101465631,85.10615667311879,ridge,True,False,0.0,80.83594101465631,False,True,False,False,True,4,forecast_trigger,required_outside_pilot,579,80,90,48,1.0
780,2026-09-23,7.16,2026-09-23 02:30:00,90.77,1.66,2026-09-23 00:30:00,155,1100,2026-09-23 02:30:00,2026-09-23 22:30:00,2026-09-24,78.58571515764508,79.15757135261886,82.75,58.26857158115932,2.75,2.0,0.0,0,0,0,1,0,0,0,True,synthetic,63.16947643113907,76.22503043929837,80.79181011078634,85.0620257692488,ridge,True,False,0.0,80.79181011078634,False,True,False,False,True,4,forecast_trigger,required_outside_pilot,580,80,90,48,1.0
74,2026-09-23,10.41,2026-09-23 02:30:00,100.0,,2026-09-23 00:30:00,015,1100,2026-09-23 02:30:00,2026-09-23 22:30:00,2026-09-24,82.85571561540876,81.47545034623974,100.0,57.525717054094585,,2.0,0.0,0,0,0,1,0,0,0,False,synthetic,62.98913585484109,76.04468986300039,80.61146953448835,84.88168519295084,ridge,True,False,0.0,80.61146953448835,False,True,False,False,True,4,forecast_trigger,required_outside_pilot,581,80,90,48,1.0
941,2026-09-23,8.9,2026-09-23 02:30:00,97.38,3.1,2026-09-23 00:30:00,188,660,2026-09-23 02:30:00,2026-09-23 22:30:00,2026-09-24,84.0128560747419,84.23916753030636,81.61,50.81285640171596,2.8999999,2.0,0.0,0,0,0,1,0,0,0,False,synthetic,62.91593528807925,75.97148929623854,80.53826896772651,84.808484626189,ridge,True,False,0.0,80.53826896772651,False,True,False,False,True,4,forecast_trigger,required_outside_pilot,582,80,90,48,1.0
966,2026-09-23,6.93,2026-09-23 02:30:00,94.92,1.03,2026-09-23 00:30:00,193,1100,2026-09-23 02:30:00,2026-09-23 22:30:00,2026-09-24,81.10000010899135,82.9803879846591,78.61,53.09999901907785,2.9499998,2.0,0.0,0,0,0,1,0,0,0,False,synthetic,62.89016806841984,75.94572207657913,80.51250174806711,84.78271740652958,ridge,True,False,0.0,80.51250174806711,False,True,False,False,True,4,forecast_trigger,required_outside_pilot,583,80,90,48,1.0
160,2026-09-23,14.95,2026-09-23 02:30:00,100.0,5.33,2026-09-23 00:30:00,032,660,2026-09-23 02:30:00,2026-09-23 22:30:00,2026-09-24,82.81142970493862,83.16767497908535,99.6,45.89571598597935,4.81,2.0,0.0,0,0,0,1,0,0,0,True,synthetic,62.84204618240327,75.89760019056257,80.46437986205054,84.73459552051301,ridge,True,False,0.0,80.46437986205054,False,True,False,False,True,4,forecast_trigger,required_outside_pilot,584,80,90,48,1.0
946,2026-09-23,6.71,2026-09-23 02:30:00,77.22,2.12,2026-09-23 00:30:00,189,660,2026-09-23 02:30:00,2026-09-23 22:30:00,2026-09-24,78.82571411132812,80.63427385089177,55.21,45.534285409109934,2.295,2.0,0.0,0,0,0,1,0,0,0,False,synthetic,62.789739695386935,75.84529370354623,80.4120733750342,84.68228903349669,ridge,True,False,0.0,80.4120733750342,False,True,False,False,True,4,forecast_trigger,required_outside_pilot,585,80,90,48,1.0
374,2026-09-23,27.16,2026-09-23 02:30:00,26.54,25.71,2026-09-22 00:30:00,074,1100,2026-09-23 02:30:00,2026-09-23 22:30:00,2026-09-24,55.24571418762207,53.81930043533065,64.47,27.20428548540388,0.7250004,26.0,0.0,0,0,0,1,0,0,0,False,synthetic,62.70492787413722,75.76048188229652,80.3272615537845,84.59747721224696,ridge,True,False,0.0,80.3272615537845,False,True,False,False,True,4,forecast_trigger,required_outside_pilot,586,80,90,48,1.0
352,2026-09-23,14.64,2026-09-23 02:30:00,74.2,4.35,2026-09-23 00:30:00,070,240,2026-09-23 02:30:00,2026-09-23 22:30:00,2026-09-24,73.72571400233677,74.55568863214944,53.07,41.68285642351423,5.1450005,2.0,0.0,0,0,0,1,0,0,0,False,synthetic,62.30111404493445,75.35666805309374,79.9234477245817,84.1936633830442,ridge,True,False,0.0,79.9234477245817,False,False,False,False,False,5,below_rules,monitor,587,80,90,48,1.0
466,2026-09-23,10.23,2026-09-23 02:30:00,76.09,1.66,2026-09-23 00:30:00,093,660,2026-09-23 02:30:00,2026-09-23 22:30:00,2026-09-24,78.94833246866862,76.6078572231181,98.64,48.15666580200195,4.285,2.0,0.0,0,0,0,1,0,0,0,False,synthetic,62.262778985354025,75.31833299351332,79.88511266500129,84.15532832346378,ridge,True,False,0.0,79.88511266500129,False,False,False,False,False,5,below_rules,monitor,588,80,90,48,1.0
447,2026-09-23,10.45,2026-09-23 02:30:00,65.97,2.91,2026-09-23 00:30:00,089,1100,2026-09-23 02:30:00,2026-09-23 22:30:00,2026-09-24,75.85857282366071,74.27259836777634,91.44,45.26428658621652,3.77,2.0,0.0,0,0,0,1,0,0,0,False,synthetic,62.22217429880201,75.27772830696131,79.84450797844929,84.11472363691175,ridge,True,False,0.0,79.84450797844929,False,False,False,False,False,5,below_rules,monitor,589,80,90,48,1.0
443,2026-09-23,10.6,2026-09-23 02:30:00,75.51,4.67,2026-09-23 00:30:00,088,660,2026-09-23 02:30:00,2026-09-23 22:30:00,2026-09-24,72.4414291381836,76.8208236066328,42.54,42.80142974853516,2.9650002,2.0,0.0,0,0,0,1,0,0,0,False,synthetic,62.171030815492585,75.22658482365188,79.79336449513985,84.06358015360233,ridge,True,False,0.0,79.79336449513985,False,False,False,False,False,5,below_rules,monitor,590,80,90,48,1.0
944,2026-09-23,12.02,2026-09-23 02:30:00,100.0,5.33,2026-09-23 00:30:00,188,660,2026-09-23 02:30:00,2026-09-23 22:30:00,2026-09-24,77.21714183262416,80.61351255920789,74.31,51.015713282993865,3.3450003,2.0,0.0,0,0,0,1,0,0,0,False,synthetic,62.0952545490442,75.1508085572035,79.71758822869147,83.98780388715394,ridge,True,False,0.0,79.71758822869147,False,False,False,False,False,5,below_rules,monitor,591,80,90,48,1.0
455,2026-09-23,10.52,2026-09-23 02:30:00,96.92,3.97,2026-09-23 00:30:00,090,660,2026-09-23 02:30:00,2026-09-23 22:30:00,2026-09-24,85.62571443830218,84.70686760869155,100.0,46.49857221330915,3.275,2.0,0.0,0,0,0,1,0,0,0,True,synthetic,62.042711674882334,75.09826568304163,79.66504535452961,83.93526101299207,ridge,True,False,0.0,79.66504535452961,False,False,False,False,False,5,below_rules,monitor,592,80,90,48,1.0
247,2026-09-23,13.62,2026-09-23 02:30:00,100.0,1.62,2026-09-23 00:30:00,049,660,2026-09-23 02:30:00,2026-09-23 22:30:00,2026-09-24,75.94571467808315,78.44992689115941,73.97,51.46714346749442,6.0,2.0,0.0,0,0,0,1,0,0,0,False,synthetic,62.01464964147685,75.07020364963614,79.63698332112412,83.90719897958658,ridge,True,False,0.0,79.63698332112412,False,False,False,False,False,5,below_rules,monitor,593,80,90,48,1.0
957,2026-09-23,6.67,2026-09-23 02:30:00,100.0,3.98,2026-09-23 00:30:00,191,1100,2026-09-23 02:30:00,2026-09-23 22:30:00,2026-09-24,84.30714198521206,85.14854891420146,96.77,52.544285910470144,1.345,2.0,0.0,0,0,0,1,0,0,0,False,synthetic,61.8980161479026,74.95357015606189,79.52034982754986,83.79056548601234,ridge,True,False,0.0,79.52034982754986,False,False,False,False,False,5,below_rules,monitor,594,80,90,48,1.0
90,2026-09-23,4.28,2026-09-23 02:30:00,70.19,3.1,2026-09-23 00:30:00,018,660,2026-09-23 02:30:00,2026-09-23 22:30:00,2026-09-24,79.49285725184849,80.49514398029326,63.53,43.43285696847098,0.59000015,2.0,0.0,0,0,0,1,0,0,0,True,synthetic,61.70111911548685,74.75667312364615,79.32345279513412,83.59366845359659,ridge,True,False,0.0,79.32345279513412,False,False,False,False,False,5,below_rules,monitor,595,80,90,48,1.0
881,2026-09-23,9.13,2026-09-23 02:30:00,100.0,6.54,2026-09-23 00:30:00,176,660,2026-09-23 02:30:00,2026-09-23 22:30:00,2026-09-24,86.42999976021903,86.02219356858834,99.02,48.00571441650391,1.2950001,2.0,0.0,0,0,0,1,0,0,0,False,synthetic,61.69668928096953,74.75224328912883,79.31902296061679,83.58923861907928,ridge,True,False,0.0,79.31902296061679,False,False,False,False,False,5,below_rules,monitor,596,80,90,48,1.0
809,2026-09-23,14.62,2026-09-23 02:30:00,90.9,4.14,2026-09-23 00:30:00,161,660,2026-09-23 02:30:00,2026-09-23 22:30:00,2026-09-24,82.00142887660435,78.57844330654933,100.0,47.38999993460519,5.24,2.0,0.0,0,0,0,1,0,0,0,False,synthetic,61.69582455337228,74.75137856153158,79.31815823301955,83.58837389148204,ridge,True,False,0.0,79.31815823301955,False,False,False,False,False,5,below_rules,monitor,597,80,90,48,1.0
484,2026-09-23,32.92,2026-09-23 02:30:00,34.23,32.28,2026-09-22 00:30:00,096,660,2026-09-23 02:30:00,2026-09-23 22:30:00,2026-09-24,47.62714195251465,49.9296179916933,29.37,26.612855911254883,0.3199997,26.0,0.0,0,0,0,1,0,0,0,False,synthetic,61.66910884461145,74.72466285277075,79.29144252425871,83.5616581827212,ridge,True,False,0.0,79.29144252425871,False,False,False,False,False,5,below_rules,monitor,598,80,90,48,1.0
627,2026-09-23,10.0,2026-09-23 02:30:00,96.89,6.59,2026-09-23 00:30:00,125,240,2026-09-23 02:30:00,2026-09-23 22:30:00,2026-09-24,78.38285664149693,80.15597222383295,76.39,52.857142312186106,1.7049999,2.0,0.0,0,0,0,1,0,0,0,False,synthetic,61.60399609160738,74.65955009976668,79.22632977125465,83.49654542971712,ridge,True,False,0.0,79.22632977125465,False,False,False,False,False,5,below_rules,monitor,599,80,90,48,1.0
218,2026-09-23,12.24,2026-09-23 02:30:00,96.91,4.67,2026-09-23 00:30:00,043,1100,2026-09-23 02:30:00,2026-09-23 22:30:00,2026-09-24,76.48142950875419,80.52887719880711,57.85,46.84285954066685,3.7849998,2.0,0.0,0,0,0,1,0,0,0,False,synthetic,61.56163069690665,74.61718470506594,79.18396437655392,83.45418003501639,ridge,True,False,0.0,79.18396437655392,False,False,False,False,False,5,below_rules,monitor,600,80,90,48,1.0
614,2026-09-23,10.91,2026-09-23 02:30:00,98.28,2.34,2026-09-23 00:30:00,122,660,2026-09-23 02:30:00,2026-09-23 22:30:00,2026-09-24,82.77428654261998,83.26525783171004,99.8,46.73999922616141,4.285,2.0,0.0,0,0,0,1,0,0,0,False,synthetic,61.43692704596065,74.49248105411995,79.05926072560791,83.3294763840704,ridge,True,False,0.0,79.05926072560791,False,False,False,False,False,5,below_rules,monitor,601,80,90,48,1.0
623,2026-09-23,32.36,2026-09-23 02:30:00,29.76,34.13,2026-09-22 00:30:00,124,660,2026-09-23 02:30:00,2026-09-23 22:30:00,2026-09-24,50.188572202410015,48.64934801786455,41.07,28.222857883998326,0.0,26.0,0.0,0,0,0,1,0,0,0,False,synthetic,61.37983711459824,74.43539112275754,79.0021707942455,83.27238645270799,ridge,True,False,0.0,79.0021707942455,False,False,False,False,False,5,below_rules,monitor,602,80,90,48,1.0
198,2026-09-23,8.3,2026-09-23 02:30:00,71.22,5.5,2026-09-23 00:30:00,039,240,2026-09-23 02:30:00,2026-09-23 22:30:00,2026-09-24,82.36571448189872,80.30660563497665,100.0,40.28857258387974,1.4000001,2.0,0.0,0,0,0,1,0,0,0,False,synthetic,61.30878464311265,74.36433865127195,78.93111832275991,83.2013339812224,ridge,True,False,0.0,78.93111832275991,False,False,False,False,False,5,below_rules,monitor,603,80,90,48,1.0
555,2026-09-23,20.92,2026-09-23 02:30:00,77.44,6.12,2026-09-23 00:30:00,110,660,2026-09-23 02:30:00,2026-09-23 22:30:00,2026-09-24,75.52428654261998,72.23453813015391,100.0,39.58857291085379,7.4,2.0,0.0,0,0,0,1,0,0,0,True,synthetic,61.26843519263497,74.32398920079427,78.89076887228224,83.16098453074471,ridge,True,False,0.0,78.89076887228224,False,False,False,False,False,5,below_rules,monitor,604,80,90,48,1.0
773,2026-09-23,7.7,2026-09-23 02:30:00,99.85,3.44,2026-09-23 00:30:00,154,1100,2026-09-23 02:30:00,2026-09-23 22:30:00,2026-09-24,87.71714237758091,88.4144721700961,65.19,42.71428571428572,2.1299999,2.0,0.0,0,0,0,1,0,0,0,False,synthetic,61.21878168551917,74.27433569367847,78.84111536516644,83.1113310236289,ridge,True,False,0.0,78.84111536516644,False,False,False,False,False,5,below_rules,monitor,605,80,90,48,1.0
922,2026-09-23,16.51,2026-09-23 02:30:00,100.0,3.14,2026-09-23 00:30:00,184,660,2026-09-23 02:30:00,2026-09-23 22:30:00,2026-09-24,74.41857147216797,78.1424144110099,45.27,44.70428575788225,6.685,2.0,0.0,0,0,0,1,0,0,0,False,synthetic,61.17400924206667,74.22956325022597,78.79634292171394,83.0665585801764,ridge,True,False,0.0,78.79634292171394,False,False,False,False,False,5,below_rules,monitor,606,80,90,48,1.0
675,2026-09-23,22.03,2026-09-23 02:30:00,100.0,3.63,2026-09-23 00:30:00,134,1100,2026-09-23 02:30:00,2026-09-23 22:30:00,2026-09-24,75.62571389334542,77.50148178751795,97.41,39.6971435546875,9.200001,2.0,0.0,0,0,0,1,0,0,0,True,synthetic,61.10065076128384,74.15620476944314,78.7229844409311,82.99320009939359,ridge,True,False,0.0,78.7229844409311,False,False,False,False,False,5,below_rules,monitor,607,80,90,48,1.0
890,2026-09-23,15.47,2026-09-23 02:30:00,98.08,7.33,2026-09-23 00:30:00,177,660,2026-09-23 02:30:00,2026-09-23 22:30:00,2026-09-24,74.61857223510742,79.8471250303825,47.64,42.49143055507115,4.07,2.0,0.0,0,0,0,1,0,0,0,True,synthetic,61.09408340223291,74.14963741039222,78.71641708188018,82.98663274034266,ridge,True,False,0.0,78.71641708188018,False,False,False,False,False,5,below_rules,monitor,608,80,90,48,1.0
542,2026-09-23,9.88,2026-09-23 02:30:00,94.92,3.05,2026-09-23 00:30:00,108,1100,2026-09-23 02:30:00,2026-09-23 22:30:00,2026-09-24,81.51714433942523,81.0171841869676,100.0,50.11428778512137,3.415,2.0,0.0,0,0,0,1,0,0,0,False,synthetic,61.08908747710343,74.14464148526272,78.7114211567507,82.98163681521318,ridge,True,False,0.0,78.7114211567507,False,False,False,False,False,5,below_rules,monitor,609,80,90,48,1.0
850,2026-09-23,8.62,2026-09-23 02:30:00,89.78,6.7,2026-09-23 00:30:00,169,660,2026-09-23 02:30:00,2026-09-23 22:30:00,2026-09-24,77.72142846243722,81.4727938502217,61.82,45.63714272635324,0.96000004,2.0,0.0,0,0,0,1,0,0,0,True,synthetic,61.003131353663,74.0586853618223,78.62546503331026,82.89568069177275,ridge,True,False,0.0,78.62546503331026,False,False,False,False,False,5,below_rules,monitor,610,80,90,48,1.0
62,2026-09-23,11.37,2026-09-23 02:30:00,99.79,3.58,2026-09-23 00:30:00,013,1100,2026-09-23 02:30:00,2026-09-23 22:30:00,2026-09-24,79.43142754690987,80.04084581546157,66.09,51.0042839050293,3.895,2.0,0.0,0,0,0,1,0,0,0,False,synthetic,60.94546931461966,74.00102332277896,78.56780299426693,82.8380186527294,ridge,True,False,0.0,78.56780299426693,False,False,False,False,False,5,below_rules,monitor,611,80,90,48,1.0
383,2026-09-23,2.73,2026-09-23 02:30:00,74.17,3.42,2026-09-23 00:30:00,076,1100,2026-09-23 02:30:00,2026-09-23 22:30:00,2026-09-24,78.32285635811942,77.20811327106424,65.74,53.277142660958425,0.0,2.0,0.0,0,0,0,1,0,0,0,False,synthetic,60.89101105502445,73.94656506318375,78.51334473467172,82.7835603931342,ridge,True,True,0.0,78.51334473467172,False,False,False,False,False,5,below_rules,monitor,612,80,90,48,1.0
31,2026-09-23,17.63,2026-09-23 02:30:00,100.0,1.2,2026-09-23 00:30:00,007,660,2026-09-23 02:30:00,2026-09-23 22:30:00,2026-09-24,80.88285773141044,79.39556199434529,100.0,43.36285836356027,8.214999,2.0,0.0,0,0,0,1,0,0,0,False,synthetic,60.81104190656734,73.86659591472664,78.43337558621461,82.70359124467709,ridge,False,False,179.6375547838644,78.43337558621461,False,False,False,False,False,5,below_rules,monitor,613,80,90,48,1.0
204,2026-09-23,27.07,2026-09-23 02:30:00,27.45,28.9,2026-09-22 00:30:00,040,660,2026-09-23 02:30:00,2026-09-23 22:30:00,2026-09-24,50.725714274815154,49.7309718788102,35.0,29.678571156093053,0.0,26.0,0.0,0,0,0,1,0,0,0,False,synthetic,60.75704786017519,73.8126018683345,78.37938153982246,82.64959719828494,ridge,True,False,0.0,78.37938153982246,False,False,False,False,False,5,below_rules,monitor,614,80,90,48,1.0
582,2026-09-23,9.02,2026-09-23 02:30:00,65.7,5.02,2026-09-23 00:30:00,116,1100,2026-09-23 02:30:00,2026-09-23 22:30:00,2026-09-24,77.93142754690987,75.74809475441599,97.49,42.2028568812779,2.0000002,2.0,0.0,0,0,0,1,0,0,0,False,synthetic,60.6523906587939,73.7079446669532,78.27472433844116,82.54493999690365,ridge,True,False,0.0,78.27472433844116,False,False,False,False,False,5,below_rules,monitor,615,80,90,48,1.0
390,2026-09-23,7.81,2026-09-23 02:30:00,98.32,3.28,2026-09-23 00:30:00,077,660,2026-09-23 02:30:00,2026-09-23 22:30:00,2026-09-24,87.625,88.81710564955495,89.96,39.49166615804037,2.2649999,2.0,0.0,0,0,0,1,0,0,0,True,synthetic,60.51410148040368,73.56965548856297,78.13643516005095,82.40665081851341,ridge,True,True,0.0,78.13643516005095,False,False,False,False,False,5,below_rules,monitor,616,80,90,48,1.0
960,2026-09-23,14.83,2026-09-23 02:30:00,92.89,8.43,2026-09-23 00:30:00,191,660,2026-09-23 02:30:00,2026-09-23 22:30:00,2026-09-24,75.5042860848563,78.15977936898648,54.59,43.20142963954381,3.1999998,2.0,0.0,0,0,0,1,0,0,0,True,synthetic,60.39048415152667,73.44603815968597,78.01281783117395,82.28303348963641,ridge,True,False,0.0,78.01281783117395,False,False,False,False,False,5,below_rules,monitor,617,80,90,48,1.0
818,2026-09-23,17.52,2026-09-23 02:30:00,99.54,8.07,2026-09-23 00:30:00,163,660,2026-09-23 02:30:00,2026-09-23 22:30:00,2026-09-24,76.00142887660435,79.23570414536206,67.96,41.40428488595145,4.7250004,2.0,0.0,0,0,0,1,0,0,0,False,synthetic,60.38572112774853,73.44127513590783,78.00805480739581,82.27827046585827,ridge,True,False,0.0,78.00805480739581,False,False,False,False,False,5,below_rules,monitor,618,80,90,48,1.0
834,2026-09-23,7.55,2026-09-23 02:30:00,100.0,7.39,2026-09-23 00:30:00,166,660,2026-09-23 02:30:00,2026-09-23 22:30:00,2026-09-24,78.68285696847099,81.30751870938931,87.96,54.12285614013672,0.08000016,2.0,0.0,0,0,0,1,0,0,0,False,synthetic,60.38462865691312,73.44018266507241,78.00696233656038,82.27717799502287,ridge,True,False,0.0,78.00696233656038,False,False,False,False,False,5,below_rules,monitor,619,80,90,48,1.0
88,2026-09-23,10.68,2026-09-23 02:30:00,99.66,2.52,2026-09-23 00:30:00,018,1100,2026-09-23 02:30:00,2026-09-23 22:30:00,2026-09-24,81.38571493966239,87.31181008291732,54.91,34.974286215645925,4.08,2.0,0.0,0,0,0,1,0,0,0,False,synthetic,60.38225063117799,73.43780463933729,78.00458431082527,82.27479996928773,ridge,True,False,0.0,78.00458431082527,False,False,False,False,False,5,below_rules,monitor,620,80,90,48,1.0
118,2026-09-23,13.74,2026-09-23 02:30:00,100.0,6.41,2026-09-23 00:30:00,024,240,2026-09-23 02:30:00,2026-09-23 22:30:00,2026-09-24,76.90285655430385,80.4851310105009,72.24,44.1542854309082,3.665,2.0,0.0,0,0,0,1,0,0,0,False,synthetic,60.148160016958286,73.20371402511759,77.77049369660556,82.04070935506803,ridge,True,False,0.0,77.77049369660556,False,False,False,False,False,5,below_rules,monitor,621,80,90,48,1.0
511,2026-09-23,9.18,2026-09-23 02:30:00,58.75,0.84,2026-09-23 00:30:00,102,1100,2026-09-23 02:30:00,2026-09-23 22:30:00,2026-09-24,75.39142881120954,76.18052074524385,78.51,32.45857184273856,4.17,2.0,0.0,0,0,0,1,0,0,0,False,synthetic,60.12896274356651,73.18451675172581,77.75129642321377,82.02151208167626,ridge,True,False,12.837517804955402,77.75129642321377,False,False,False,False,False,5,below_rules,monitor,622,80,90,48,1.0
947,2026-09-23,6.84,2026-09-23 02:30:00,100.0,5.1,2026-09-23 00:30:00,189,660,2026-09-23 02:30:00,2026-09-23 22:30:00,2026-09-24,77.43857138497489,80.90910465671665,77.54,53.67285810198103,0.8700001,2.0,0.0,0,0,0,1,0,0,0,False,synthetic,59.99005666003332,73.04561066819261,77.61239033968059,81.88260599814306,ridge,True,False,0.0,77.61239033968059,False,False,False,False,False,5,below_rules,monitor,623,80,90,48,1.0
391,2026-09-23,9.6,2026-09-23 02:30:00,98.41,6.28,2026-09-23 00:30:00,078,1100,2026-09-23 02:30:00,2026-09-23 22:30:00,2026-09-24,84.98428617204938,84.43856945833063,63.42,44.098572322300505,1.6600001,2.0,0.0,0,0,0,1,0,0,0,False,synthetic,59.90303650313531,72.9585905112946,77.52537018278258,81.79558584124506,ridge,True,True,0.0,77.52537018278258,False,False,False,False,False,5,below_rules,monitor,624,80,90,48,1.0
241,2026-09-23,1.24,2026-09-23 02:30:00,78.61,3.25,2026-09-23 00:30:00,048,1100,2026-09-23 02:30:00,2026-09-23 22:30:00,2026-09-24,79.22428567068917,79.89057038120457,65.19,50.0542847769601,0.0,2.0,0.0,0,0,0,1,0,0,0,False,synthetic,59.86759521662719,72.92314922478648,77.48992889627445,81.76014455473694,ridge,True,False,0.0,77.48992889627445,False,False,False,False,False,5,below_rules,monitor,625,80,90,48,1.0
143,2026-09-23,6.04,2026-09-23 02:30:00,74.99,2.65,2026-09-23 00:30:00,029,660,2026-09-23 02:30:00,2026-09-23 22:30:00,2026-09-24,73.43428475516183,76.35324189565652,47.13,45.26857049124582,1.6949999,2.0,0.0,0,0,0,1,0,0,0,False,synthetic,59.8569063609641,72.91246036912341,77.47924004061137,81.74945569907385,ridge,True,False,0.0,77.47924004061137,False,False,False,False,False,5,below_rules,monitor,626,80,90,48,1.0
265,2026-09-23,13.18,2026-09-23 02:30:00,100.0,4.69,2026-09-23 00:30:00,052,660,2026-09-23 02:30:00,2026-09-23 22:30:00,2026-09-24,80.63285718645368,80.22845250728345,100.0,47.04714257376535,4.245,2.0,0.0,0,0,0,1,0,0,0,True,synthetic,59.8387038562403,72.8942578643996,77.46103753588757,81.73125319435005,ridge,True,False,0.0,77.46103753588758,False,False,False,False,False,5,below_rules,monitor,627,80,90,48,1.0
595,2026-09-23,6.72,2026-09-23 02:30:00,79.51,4.53,2026-09-23 00:30:00,118,1100,2026-09-23 02:30:00,2026-09-23 22:30:00,2026-09-24,81.9042854309082,80.73818341057749,100.0,43.49285616193499,1.0949998,2.0,0.0,0,0,0,1,0,0,0,True,synthetic,59.83027075838104,72.88582476654034,77.45260443802832,81.72282009649078,ridge,True,False,0.0,77.45260443802832,False,False,False,False,False,5,below_rules,monitor,628,80,90,48,1.0
705,2026-09-23,8.63,2026-09-23 02:30:00,99.48,4.69,2026-09-23 00:30:00,140,240,2026-09-23 02:30:00,2026-09-23 22:30:00,2026-09-24,78.95571408952985,82.05554075758293,65.6,47.625714438302175,1.97,2.0,0.0,0,0,0,1,0,0,0,True,synthetic,59.74526112715874,72.80081513531803,77.36759480680601,81.63781046526849,ridge,True,False,0.0,77.36759480680601,False,False,False,False,False,5,below_rules,monitor,629,80,90,48,1.0
193,2026-09-23,11.5,2026-09-23 02:30:00,91.11,5.23,2026-09-23 00:30:00,038,1100,2026-09-23 02:30:00,2026-09-23 22:30:00,2026-09-24,76.55142865862165,78.59731277278635,48.93,44.21000071934292,3.135,2.0,0.0,0,0,0,1,0,0,0,False,synthetic,59.68531251639432,72.74086652455361,77.30764619604159,81.57786185450406,ridge,True,False,0.0,77.30764619604159,False,False,False,False,False,5,below_rules,monitor,630,80,90,48,1.0
858,2026-09-23,12.31,2026-09-23 02:30:00,,3.59,2026-09-23 00:30:00,171,240,2026-09-23 02:30:00,2026-09-23 22:30:00,2026-09-24,70.43500010172527,70.41191472828532,66.69,42.80333391825358,4.36,2.0,0.0,0,0,0,1,0,0,0,False,synthetic,59.59983270408672,72.65538671224601,77.22216638373399,81.49238204219647,ridge,True,False,0.0,77.22216638373399,False,False,False,False,False,5,below_rules,monitor,631,80,90,48,1.0
948,2026-09-23,9.73,2026-09-23 02:30:00,99.3,0.66,2026-09-23 00:30:00,189,660,2026-09-23 02:30:00,2026-09-23 22:30:00,2026-09-24,81.18285642351422,82.95645224394917,95.56,44.27285657610212,4.535,2.0,0.0,0,0,0,1,0,0,0,False,synthetic,59.5668279540246,72.62238196218391,77.18916163367187,81.45937729213435,ridge,True,False,0.0,77.18916163367187,False,False,False,False,False,5,below_rules,monitor,632,80,90,48,1.0
723,2026-09-23,18.19,2026-09-23 02:30:00,98.99,7.12,2026-09-23 00:30:00,144,660,2026-09-23 02:30:00,2026-09-23 22:30:00,2026-09-24,84.20142854963031,82.66618666024229,98.43,35.0,5.5350003,2.0,0.0,0,0,0,1,0,0,0,False,synthetic,59.561120045540825,72.61667405370012,77.18345372518809,81.45366938365058,ridge,True,False,0.0,77.18345372518809,False,False,False,False,False,5,below_rules,monitor,633,80,90,48,1.0
39,2026-09-23,38.49,2026-09-23 02:30:00,32.94,35.57,2026-09-22 00:30:00,008,1100,2026-09-23 02:30:00,2026-09-23 22:30:00,2026-09-24,44.1771433694022,42.90865167484037,26.62,27.21000017438616,1.460001,26.0,0.0,0,0,0,1,0,0,0,False,synthetic,59.541527390752194,72.59708139891148,77.16386107039946,81.43407672886194,ridge,True,False,0.0,77.16386107039946,False,False,False,False,False,5,below_rules,monitor,634,80,90,48,1.0
911,2026-09-23,7.3,2026-09-23 02:30:00,64.96,7.67,2026-09-23 00:30:00,182,660,2026-09-23 02:30:00,2026-09-23 22:30:00,2026-09-24,75.65857206072126,75.43039973899133,65.12,41.01285770961216,0.0,2.0,0.0,0,0,0,1,0,0,0,False,synthetic,59.5145045299357,72.570058538095,77.13683820958298,81.40705386804544,ridge,True,False,0.0,77.13683820958298,False,False,False,False,False,5,below_rules,monitor,635,80,90,48,1.0
93,2026-09-23,14.08,2026-09-23 02:30:00,100.0,5.91,2026-09-23 00:30:00,019,660,2026-09-23 02:30:00,2026-09-23 22:30:00,2026-09-24,84.10571452549526,83.99362528971623,100.0,38.49285779680525,4.085,2.0,0.0,0,0,0,1,0,0,0,False,synthetic,59.46656011124824,72.52211411940753,77.0888937908955,81.35910944935799,ridge,True,False,0.0,77.0888937908955,False,False,False,False,False,5,below_rules,monitor,636,80,90,48,1.0
405,2026-09-23,9.96,2026-09-23 02:30:00,100.0,5.11,2026-09-23 00:30:00,080,660,2026-09-23 02:30:00,2026-09-23 22:30:00,2026-09-24,80.91142872401646,83.84726383670647,50.18,42.03999982561384,2.425,2.0,0.0,0,0,0,1,0,0,0,True,synthetic,59.44344810855596,72.49900211671526,77.06578178820322,81.33599744666571,ridge,True,False,0.0,77.06578178820322,False,False,False,False,False,5,below_rules,monitor,637,80,90,48,1.0
188,2026-09-23,11.97,2026-09-23 02:30:00,60.24,5.36,2026-09-23 00:30:00,037,240,2026-09-23 02:30:00,2026-09-23 22:30:00,2026-09-24,73.43571472167969,69.85174277400981,100.0,42.03571537562779,3.305,2.0,0.0,0,0,0,1,0,0,0,False,synthetic,59.393507039937056,72.44906104809635,77.01584071958433,81.2860563780468,ridge,True,False,0.0,77.01584071958433,False,False,False,False,False,5,below_rules,monitor,638,80,90,48,1.0
444,2026-09-23,6.47,2026-09-23 02:30:00,97.6,5.43,2026-09-23 00:30:00,088,660,2026-09-23 02:30:00,2026-09-23 22:30:00,2026-09-24,83.76428549630302,80.52090789695012,100.0,55.77714157104492,0.52,2.0,0.0,0,0,0,1,0,0,0,False,synthetic,59.338433436545415,72.39398744470472,76.96076711619268,81.23098277465516,ridge,True,False,1.7243080706150833,76.96076711619268,False,False,False,False,False,5,below_rules,monitor,639,80,90,48,1.0
163,2026-09-23,9.76,2026-09-23 02:30:00,63.83,2.79,2026-09-23 00:30:00,032,1100,2026-09-23 02:30:00,2026-09-23 22:30:00,2026-09-24,71.23428617204938,72.74618903100865,59.35,38.47428567068918,3.4850001,2.0,0.0,0,0,0,1,0,0,0,False,synthetic,59.26031193401744,72.31586594217674,76.8826456136647,81.15286127212718,ridge,True,False,0.0,76.8826456136647,False,False,False,False,False,5,below_rules,monitor,640,80,90,48,1.0
386,2026-09-23,4.23,2026-09-23 02:30:00,64.57,5.5,2026-09-23 00:30:00,077,1100,2026-09-23 02:30:00,2026-09-23 22:30:00,2026-09-24,78.4985705784389,75.68960764258304,88.85,45.53428486415318,0.0,2.0,0.0,0,0,0,1,0,0,0,False,synthetic,59.25357117482204,72.30912518298135,76.87590485446931,81.14612051293179,ridge,True,True,0.0,76.87590485446931,False,False,False,False,False,5,below_rules,monitor,641,80,90,48,1.0
849,2026-09-23,2.75,2026-09-23 02:30:00,98.74,3.03,2026-09-23 00:30:00,169,1100,2026-09-23 02:30:00,2026-09-23 22:30:00,2026-09-24,81.961427961077,82.32814637870959,62.15,55.17428534371512,0.0,2.0,0.0,0,0,0,1,0,0,0,False,synthetic,59.08452973703212,72.14008374519142,76.7068634166794,80.97707907514186,ridge,True,False,0.0,76.7068634166794,False,False,False,False,False,5,below_rules,monitor,642,80,90,48,1.0
219,2026-09-23,10.46,2026-09-23 02:30:00,100.0,3.57,2026-09-23 00:30:00,043,1100,2026-09-23 02:30:00,2026-09-23 22:30:00,2026-09-24,77.9971433367048,81.57617458836955,47.66,43.68000085013254,3.4450002,2.0,0.0,0,0,0,1,0,0,0,False,synthetic,59.065430386411904,72.1209843945712,76.68776406605917,80.95797972452165,ridge,True,False,0.0,76.68776406605917,False,False,False,False,False,5,below_rules,monitor,643,80,90,48,1.0
770,2026-09-23,8.46,2026-09-23 02:30:00,98.25,2.37,2026-09-23 00:30:00,153,1100,2026-09-23 02:30:00,2026-09-23 22:30:00,2026-09-24,82.94714191981724,82.83444697953026,100.0,46.00571278163365,3.045,2.0,0.0,0,0,0,1,0,0,0,True,synthetic,58.94451525906449,72.00006926722378,76.56684893871176,80.83706459717423,ridge,True,False,0.0,76.56684893871176,False,False,False,False,False,5,below_rules,monitor,644,80,90,48,1.0
341,2026-09-23,5.8,2026-09-23 02:30:00,71.05,2.18,2026-09-23 00:30:00,068,660,2026-09-23 02:30:00,2026-09-23 22:30:00,2026-09-24,82.00428553989956,77.4265452985133,100.0,44.01714379446848,1.8100001,2.0,0.0,0,0,0,1,0,0,0,False,synthetic,58.9435334166468,71.9990874248061,76.56586709629407,80.83608275475655,ridge,True,False,0.0,76.56586709629407,False,False,False,False,False,5,below_rules,monitor,645,80,90,48,1.0
168,2026-09-23,8.21,2026-09-23 02:30:00,85.1,6.44,2026-09-23 00:30:00,033,660,2026-09-23 02:30:00,2026-09-23 22:30:00,2026-09-24,73.59666697184245,77.16813847614064,42.87,45.50166575113932,0.885,2.0,0.0,0,0,0,1,0,0,0,False,synthetic,58.92831972989332,71.98387373805261,76.55065340954059,80.82086906800306,ridge,True,False,0.0,76.55065340954059,False,False,False,False,False,5,below_rules,monitor,646,80,90,48,1.0
489,2026-09-23,8.58,2026-09-23 02:30:00,100.0,7.86,2026-09-23 00:30:00,097,660,2026-09-23 02:30:00,2026-09-23 22:30:00,2026-09-24,84.16285814557757,82.89321930219222,96.41,48.6485731942313,0.3599999,2.0,0.0,0,0,0,1,0,0,0,False,synthetic,58.92037716873791,71.9759311768972,76.54271084838518,80.81292650684765,ridge,True,False,0.0,76.54271084838518,False,False,False,False,False,5,below_rules,monitor,647,80,90,48,1.0
534,2026-09-23,9.12,2026-09-23 02:30:00,99.29,6.98,2026-09-23 00:30:00,106,660,2026-09-23 02:30:00,2026-09-23 22:30:00,2026-09-24,80.69714300973075,80.61380266419164,100.0,50.57285799298968,1.0699999,2.0,0.0,0,0,0,1,0,0,0,False,synthetic,58.91111190723362,71.96666591539292,76.53344558688089,80.80366124534336,ridge,True,False,0.0,76.53344558688089,False,False,False,False,False,5,below_rules,monitor,648,80,90,48,1.0
1,2026-09-23,9.01,2026-09-23 02:30:00,100.0,4.14,2026-09-23 00:30:00,001,660,2026-09-23 02:30:00,2026-09-23 22:30:00,2026-09-24,77.36714226858956,78.16407220100156,76.81,53.462856837681365,2.4350002,2.0,0.0,0,0,0,1,0,0,0,False,synthetic,58.85515669025037,71.91071069840967,76.47749036989764,80.74770602836011,ridge,True,False,0.0,76.47749036989764,False,False,False,False,False,5,below_rules,monitor,649,80,90,48,1.0
872,2026-09-23,10.3,2026-09-23 02:30:00,95.01,5.76,2026-09-23 00:30:00,174,660,2026-09-23 02:30:00,2026-09-23 22:30:00,2026-09-24,83.59999974568684,84.57443454401276,100.0,37.94500033060709,2.27,2.0,0.0,0,0,0,1,0,0,0,False,synthetic,58.75371321203212,71.80926722019142,76.37604689167938,80.64626255014187,ridge,True,False,0.0,76.37604689167938,False,False,False,False,False,5,below_rules,monitor,650,80,90,48,1.0
507,2026-09-23,15.47,2026-09-23 02:30:00,97.26,0.82,2026-09-23 00:30:00,101,660,2026-09-23 02:30:00,2026-09-23 22:30:00,2026-09-24,82.73666699727376,81.06528085455139,97.88,37.0249989827474,7.3250003,2.0,0.0,0,0,0,1,0,0,0,False,synthetic,58.6448669662698,71.70042097442911,76.26720064591707,80.53741630437955,ridge,True,False,0.0,76.26720064591707,False,False,False,False,False,5,below_rules,monitor,651,80,90,48,1.0
522,2026-09-23,10.55,2026-09-23 02:30:00,98.14,6.3,2026-09-23 00:30:00,104,660,2026-09-23 02:30:00,2026-09-23 22:30:00,2026-09-24,73.05714144025531,77.39441893184062,64.59,49.34857068743025,2.125,2.0,0.0,0,0,0,1,0,0,0,False,synthetic,58.63982421786,71.6953782260193,76.26215789750727,80.53237355596974,ridge,True,False,0.0,76.26215789750727,False,False,False,False,False,5,below_rules,monitor,652,80,90,48,1.0
9,2026-09-23,30.15,2026-09-23 02:30:00,24.69,26.96,2026-09-22 00:30:00,002,660,2026-09-23 02:30:00,2026-09-23 22:30:00,2026-09-24,45.35857227870396,45.23447282443638,34.95,25.51285825456892,1.5950003,26.0,0.0,0,0,0,1,0,0,0,False,synthetic,58.51808887441714,71.57364288257644,76.1404225540644,80.41063821252689,ridge,True,False,0.0,76.1404225540644,False,False,False,False,False,5,below_rules,monitor,653,80,90,48,1.0
543,2026-09-23,1.16,2026-09-23 00:30:00,66.25,1.16,2026-09-23 00:30:00,108,660,2026-09-23 02:30:00,2026-09-23 22:30:00,2026-09-24,75.61571448189872,76.85662396721565,58.1,38.41428538731167,0.0,2.0,2.0,0,0,0,1,0,0,0,False,synthetic,58.49686187586763,71.55241588402693,76.11919555551489,80.38941121397738,ridge,True,False,30.331804138349135,76.11919555551489,False,False,False,False,False,5,below_rules,monitor,654,80,90,48,1.0
248,2026-09-23,28.05,2026-09-23 02:30:00,22.82,29.19,2026-09-22 00:30:00,049,1100,2026-09-23 02:30:00,2026-09-23 22:30:00,2026-09-24,51.931428364345,49.52856560458168,71.02,22.48285620553153,0.0,26.0,0.0,0,0,0,1,0,0,0,False,synthetic,58.48627214410334,71.54182615226264,76.10860582375061,80.37882148221308,ridge,True,False,0.0,76.10860582375061,False,False,False,False,False,5,below_rules,monitor,655,80,90,48,1.0
71,2026-09-23,11.08,2026-09-23 02:30:00,100.0,3.27,2026-09-23 00:30:00,015,1100,2026-09-23 02:30:00,2026-09-23 22:30:00,2026-09-24,81.60166549682617,82.70808397382254,66.27,41.0249989827474,3.905,2.0,0.0,0,0,0,1,0,0,0,False,synthetic,58.48604783922487,71.54160184738416,76.10838151887214,80.37859717733461,ridge,True,False,0.0,76.10838151887214,False,False,False,False,False,5,below_rules,monitor,656,80,90,48,1.0
512,2026-09-23,10.16,2026-09-23 02:30:00,98.77,6.41,2026-09-23 00:30:00,102,1100,2026-09-23 02:30:00,2026-09-23 22:30:00,2026-09-24,72.04428536551339,77.1583434705644,38.46,49.38857105800084,1.875,2.0,0.0,0,0,0,1,0,0,0,False,synthetic,58.42669457062152,71.48224857878083,76.04902825026879,80.31924390873127,ridge,True,False,0.0,76.04902825026879,False,False,False,False,False,5,below_rules,monitor,657,80,90,48,1.0
776,2026-09-23,9.35,2026-09-23 02:30:00,100.0,6.2,2026-09-23 00:30:00,155,660,2026-09-23 02:30:00,2026-09-23 22:30:00,2026-09-24,81.4149996439616,81.52061840326095,100.0,47.56333160400391,1.5750003,2.0,0.0,0,0,0,1,0,0,0,False,synthetic,58.37520867069584,71.43076267885513,75.99754235034311,80.26775800880559,ridge,True,False,0.0,75.99754235034311,False,False,False,False,False,5,below_rules,monitor,658,80,90,48,1.0
519,2026-09-23,33.84,2026-09-23 02:30:00,,33.13,2026-09-22 00:30:00,103,1100,2026-09-23 02:30:00,2026-09-23 22:30:00,2026-09-24,50.031666119893394,56.61348446743956,20.26,25.658332506815597,0.35499954,26.0,0.0,0,0,0,1,0,0,0,False,synthetic,58.35738261945285,71.41293662761214,75.97971629910012,80.2499319575626,ridge,True,False,0.0,75.97971629910012,False,False,False,False,False,5,below_rules,monitor,659,80,90,48,1.0
618,2026-09-23,29.84,2026-09-23 02:30:00,22.82,30.55,2026-09-22 00:30:00,123,660,2026-09-23 02:30:00,2026-09-23 22:30:00,2026-09-24,48.36833349863688,46.616232312755336,45.19,23.81333351135254,0.0,26.0,0.0,0,0,0,1,0,0,0,False,synthetic,58.3379663746906,71.39352038284989,75.96030005433786,80.23051571280034,ridge,True,False,0.0,75.96030005433786,False,False,False,False,False,5,below_rules,monitor,660,80,90,48,1.0
273,2026-09-23,12.48,2026-09-23 02:30:00,100.0,5.43,2026-09-23 00:30:00,054,1100,2026-09-23 02:30:00,2026-09-23 22:30:00,2026-09-24,81.88000052315849,81.87084699308679,99.12,41.90142931256975,3.5249999,2.0,0.0,0,0,0,1,0,0,0,False,synthetic,58.29290551551453,71.34845952367382,75.9152391951618,80.18545485362428,ridge,True,True,0.0,75.9152391951618,False,False,False,False,False,5,below_rules,monitor,661,80,90,48,1.0
49,2026-09-23,13.79,2026-09-23 02:30:00,99.27,5.43,2026-09-23 00:30:00,010,240,2026-09-23 02:30:00,2026-09-23 22:30:00,2026-09-24,82.80142756870815,82.60656889447266,98.14,37.7057135445731,4.1800003,2.0,0.0,0,0,0,1,0,0,0,False,synthetic,58.20647645231749,71.26203046047678,75.82881013196476,80.09902579042723,ridge,True,False,0.0,75.82881013196476,False,False,False,False,False,5,below_rules,monitor,662,80,90,48,1.0
370,2026-09-23,9.17,2026-09-23 02:30:00,100.0,5.64,2026-09-23 00:30:00,073,660,2026-09-23 02:30:00,2026-09-23 22:30:00,2026-09-24,81.07571520124164,83.73243827396837,87.73,41.89571489606585,1.7650001,2.0,0.0,0,0,0,1,0,0,0,True,synthetic,58.19444422333983,71.24999823149912,75.8167779029871,80.08699356144957,ridge,True,False,0.0,75.8167779029871,False,False,False,False,False,5,below_rules,monitor,663,80,90,48,1.0
538,2026-09-23,35.99,2026-09-23 02:30:00,29.55,33.07,2026-09-22 00:30:00,107,660,2026-09-23 02:30:00,2026-09-23 22:30:00,2026-09-24,40.11285700116839,41.780757038481255,22.79,25.291428429739817,1.460001,26.0,0.0,0,0,0,1,0,0,0,False,synthetic,58.13926493438437,71.19481894254366,75.76159861403164,80.03181427249412,ridge,True,False,7.809108234437856,75.76159861403164,False,False,False,False,False,5,below_rules,monitor,664,80,90,48,1.0
368,2026-09-23,4.69,2026-09-23 02:30:00,99.92,5.26,2026-09-23 00:30:00,073,1100,2026-09-23 02:30:00,2026-09-23 22:30:00,2026-09-24,79.42714255196708,79.81110346388658,78.14,55.93571472167969,0.0,2.0,0.0,0,0,0,1,0,0,0,False,synthetic,58.070980496457885,71.12653450461718,75.69331417610516,79.96352983456762,ridge,True,False,0.0,75.69331417610516,False,False,False,False,False,5,below_rules,monitor,665,80,90,48,1.0
889,2026-09-23,12.01,2026-09-23 02:30:00,96.7,6.58,2026-09-23 00:30:00,177,660,2026-09-23 02:30:00,2026-09-23 22:30:00,2026-09-24,76.62285614013672,78.89819610734344,92.11,43.90857097080776,2.7150002,2.0,0.0,0,0,0,1,0,0,0,False,synthetic,58.00167106017141,71.05722506833071,75.62400473981867,79.89422039828116,ridge,True,False,0.0,75.62400473981867,False,False,False,False,False,5,below_rules,monitor,666,80,90,48,1.0
157,2026-09-23,11.65,2026-09-23 02:30:00,99.58,6.85,2026-09-23 00:30:00,032,660,2026-09-23 02:30:00,2026-09-23 22:30:00,2026-09-24,81.69571467808315,82.25527237327724,98.53,41.46285629272461,2.3999999,2.0,0.0,0,0,0,1,0,0,0,False,synthetic,57.96360039769701,71.01915440585631,75.58593407734428,79.85614973580675,ridge,True,False,0.0,75.58593407734428,False,False,False,False,False,5,below_rules,monitor,667,80,90,48,1.0
468,2026-09-23,9.5,2026-09-23 02:30:00,97.52,1.71,2026-09-23 00:30:00,093,1100,2026-09-23 02:30:00,2026-09-23 22:30:00,2026-09-24,78.44857025146484,83.33074508144179,34.94,36.498570578438894,3.895,2.0,0.0,0,0,0,1,0,0,0,False,synthetic,57.950373945987735,71.00592795414704,75.572707625635,79.84292328409748,ridge,True,False,0.0,75.572707625635,False,False,False,False,False,5,below_rules,monitor,668,80,90,48,1.0
531,2026-09-23,9.49,2026-09-23 02:30:00,100.0,7.64,2026-09-23 00:30:00,106,1100,2026-09-23 02:30:00,2026-09-23 22:30:00,2026-09-24,76.68428584507534,79.62708000775356,60.52,47.64142881120954,0.92499995,2.0,0.0,0,0,0,1,0,0,0,False,synthetic,57.874358202618325,70.92991221077762,75.4966918822656,79.76690754072807,ridge,True,False,0.0,75.4966918822656,False,False,False,False,False,5,below_rules,monitor,669,80,90,48,1.0
222,2026-09-23,15.06,2026-09-23 02:30:00,99.87,2.76,2026-09-23 00:30:00,044,660,2026-09-23 02:30:00,2026-09-23 22:30:00,2026-09-24,73.25571550641742,77.73851027517054,42.36,39.42571531023298,6.15,2.0,0.0,0,0,0,1,0,0,0,False,synthetic,57.853759832376056,70.90931384053536,75.47609351202333,79.7463091704858,ridge,True,False,0.0,75.47609351202333,False,False,False,False,False,5,below_rules,monitor,670,80,90,48,1.0
844,2026-09-23,15.49,2026-09-23 02:30:00,96.03,4.96,2026-09-23 00:30:00,168,1100,2026-09-23 02:30:00,2026-09-23 22:30:00,2026-09-24,79.55999973842076,79.08853635868172,100.0,38.62285614013672,5.265,2.0,0.0,0,0,0,1,0,0,0,False,synthetic,57.84302492156027,70.89857892971958,75.46535860120754,79.73557425967002,ridge,True,False,0.0,75.46535860120754,False,False,False,False,False,5,below_rules,monitor,671,80,90,48,1.0
796,2026-09-23,8.02,2026-09-23 02:30:00,71.8,4.35,2026-09-23 00:30:00,159,660,2026-09-23 02:30:00,2026-09-23 22:30:00,2026-09-24,72.12857273646763,73.03787821668709,76.26,43.53714370727539,1.8350003,2.0,0.0,0,0,0,1,0,0,0,False,synthetic,57.84200347774042,70.89755748589971,75.46433715738769,79.73455281585017,ridge,True,False,0.0,75.46433715738769,False,False,False,False,False,5,below_rules,monitor,672,80,90,48,1.0
279,2026-09-23,6.92,2026-09-23 02:30:00,94.34,4.51,2026-09-23 00:30:00,055,660,2026-09-23 02:30:00,2026-09-23 22:30:00,2026-09-24,80.13428551810128,84.74024903584143,51.12,36.92142922537668,1.2049999,2.0,0.0,0,0,0,1,0,0,0,False,synthetic,57.82039356951008,70.87594757766936,75.44272724915734,79.71294290761982,ridge,True,True,0.0,75.44272724915734,False,False,False,False,False,5,below_rules,monitor,673,80,90,48,1.0
742,2026-09-23,10.84,2026-09-23 02:30:00,100.0,4.58,2026-09-23 00:30:00,148,660,2026-09-23 02:30:00,2026-09-23 22:30:00,2026-09-24,81.66000093732562,82.22414405544271,100.0,42.01142992292132,3.13,2.0,0.0,0,0,0,1,0,0,0,False,synthetic,57.782799595198085,70.83835360335738,75.40513327484535,79.67534893330783,ridge,True,False,0.0,75.40513327484535,False,False,False,False,False,5,below_rules,monitor,674,80,90,48,1.0
528,2026-09-23,18.63,2026-09-23 02:30:00,99.92,3.01,2026-09-23 00:30:00,105,660,2026-09-23 02:30:00,2026-09-23 22:30:00,2026-09-24,77.52714211600167,77.46270396725448,100.0,38.00857162475586,7.8099995,2.0,0.0,0,0,0,1,0,0,0,False,synthetic,57.76896296668099,70.8245169748403,75.39129664632826,79.66151230479073,ridge,True,False,0.0,75.39129664632826,False,False,False,False,False,5,below_rules,monitor,675,80,90,48,1.0
339,2026-09-23,10.5,2026-09-23 02:30:00,98.77,5.73,2026-09-23 00:30:00,067,1100,2026-09-23 02:30:00,2026-09-23 22:30:00,2026-09-24,78.68428530011859,80.22864181995442,100.0,45.13428497314453,2.385,2.0,0.0,0,0,0,1,0,0,0,False,synthetic,57.74373278775258,70.79928679591188,75.36606646739985,79.63628212586232,ridge,True,False,0.0,75.36606646739985,False,False,False,False,False,5,below_rules,monitor,676,80,90,48,1.0
639,2026-09-23,11.25,2026-09-23 02:30:00,100.0,6.85,2026-09-23 00:30:00,127,660,2026-09-23 02:30:00,2026-09-23 22:30:00,2026-09-24,78.16428538731166,79.70422178705562,58.77,44.63285555158343,2.2,2.0,0.0,0,0,0,1,0,0,0,False,synthetic,57.69928145959539,70.75483546775469,75.32161513924265,79.59183079770514,ridge,True,False,0.0,75.32161513924265,False,False,False,False,False,5,below_rules,monitor,677,80,90,48,1.0
133,2026-09-23,39.25,2026-09-23 02:30:00,71.02,38.92,2026-09-23 00:30:00,027,660,2026-09-23 02:30:00,2026-09-23 22:30:00,2026-09-24,56.40142822265625,57.7760690643771,82.51,30.75571414402553,0.16500092,2.0,0.0,0,0,0,1,0,0,0,False,synthetic,57.6893447994735,70.74489880763281,75.31167847912077,79.58189413758325,ridge,True,False,0.0,75.31167847912077,False,False,False,False,False,5,below_rules,monitor,678,80,90,48,1.0
728,2026-09-23,14.07,2026-09-23 02:30:00,100.0,7.08,2026-09-23 00:30:00,145,1100,2026-09-23 02:30:00,2026-09-23 22:30:00,2026-09-24,79.81857136317662,79.61349392031471,100.0,42.51571382795061,3.495,2.0,0.0,0,0,0,1,0,0,0,False,synthetic,57.66652250489411,70.72207651305341,75.28885618454137,79.55907184300386,ridge,True,False,0.0,75.28885618454137,False,False,False,False,False,5,below_rules,monitor,679,80,90,48,1.0
98,2026-09-23,22.95,2026-09-23 02:30:00,78.63,6.29,2026-09-23 00:30:00,020,1100,2026-09-23 02:30:00,2026-09-23 22:30:00,2026-09-24,67.97428512573242,68.06513429293028,93.96,34.618570872715544,8.33,2.0,0.0,0,0,0,1,0,0,0,False,synthetic,57.6546814422592,70.71023545041851,75.27701512190647,79.54723078036895,ridge,True,False,0.0,75.27701512190647,False,False,False,False,False,5,below_rules,monitor,680,80,90,48,1.0
128,2026-09-23,20.06,2026-09-23 02:30:00,99.32,6.58,2026-09-23 00:30:00,026,660,2026-09-23 02:30:00,2026-09-23 22:30:00,2026-09-24,77.87000002179828,78.38354585306163,100.0,34.300000871930806,6.74,2.0,0.0,0,0,0,1,0,0,0,False,synthetic,57.65193622042622,70.70749022858553,75.27426990007349,79.54448555853597,ridge,True,False,0.0,75.27426990007349,False,False,False,False,False,5,below_rules,monitor,681,80,90,48,1.0
665,2026-09-23,10.59,2026-09-23 02:30:00,100.0,2.02,2026-09-23 00:30:00,132,660,2026-09-23 02:30:00,2026-09-23 22:30:00,2026-09-24,82.88714272635323,83.67548576490836,100.0,38.73285729544504,4.285,2.0,0.0,0,0,0,1,0,0,0,True,synthetic,57.646054334339006,70.7016083424983,75.26838801398628,79.53860367244874,ridge,True,False,0.0,75.26838801398628,False,False,False,False,False,5,below_rules,monitor,682,80,90,48,1.0
347,2026-09-23,11.63,2026-09-23 02:30:00,100.0,4.26,2026-09-23 00:30:00,069,660,2026-09-23 02:30:00,2026-09-23 22:30:00,2026-09-24,81.82714244297573,82.86889301296851,100.0,38.55285590035575,3.685,2.0,0.0,0,0,0,1,0,0,0,False,synthetic,57.43080714690029,70.4863611550596,75.05314082654756,79.32335648501004,ridge,True,False,0.0,75.05314082654756,False,False,False,False,False,5,below_rules,monitor,683,80,90,48,1.0
150,2026-09-23,14.85,2026-09-23 02:30:00,100.0,5.61,2026-09-23 00:30:00,030,660,2026-09-23 02:30:00,2026-09-23 22:30:00,2026-09-24,74.76285770961216,79.11805915609875,97.98,38.78999982561384,4.62,2.0,0.0,0,0,0,1,0,0,0,True,synthetic,57.40785689933832,70.46341090749762,75.03019057898558,79.30040623744807,ridge,True,False,0.0,75.03019057898558,False,False,False,False,False,5,below_rules,monitor,684,80,90,48,1.0
42,2026-09-23,12.44,2026-09-23 02:30:00,100.0,4.22,2026-09-23 00:30:00,009,1100,2026-09-23 02:30:00,2026-09-23 22:30:00,2026-09-24,80.5542858668736,80.4000470990128,98.1,42.05000032697405,4.1099997,2.0,0.0,0,0,0,1,0,0,0,False,synthetic,57.34842481696132,70.40397882512062,74.9707584966086,79.24097415507106,ridge,True,False,0.0,74.9707584966086,False,False,False,False,False,5,below_rules,monitor,685,80,90,48,1.0
330,2026-09-23,12.98,2026-09-23 02:30:00,99.74,8.18,2026-09-23 00:30:00,065,1100,2026-09-23 02:30:00,2026-09-23 22:30:00,2026-09-24,74.46999958583287,78.25636761086847,43.1,42.49285725184849,2.3999996,2.0,0.0,0,0,0,1,0,0,0,True,synthetic,57.32361116770776,70.37916517586706,74.94594484735504,79.2161605058175,ridge,True,False,0.0,74.94594484735504,False,False,False,False,False,5,below_rules,monitor,686,80,90,48,1.0
12,2026-09-23,7.11,2026-09-23 02:30:00,73.03,2.47,2026-09-23 00:30:00,003,660,2026-09-23 02:30:00,2026-09-23 22:30:00,2026-09-24,72.79999923706055,73.89045687392894,56.3,41.879999433244976,2.3200002,2.0,0.0,0,0,0,1,0,0,0,False,synthetic,57.31175231773488,70.36730632589418,74.93408599738214,79.20430165584463,ridge,True,False,0.0,74.93408599738214,False,False,False,False,False,5,below_rules,monitor,687,80,90,48,1.0
89,2026-09-23,5.16,2026-09-23 02:30:00,77.14,4.2,2026-09-23 00:30:00,018,1100,2026-09-23 02:30:00,2026-09-23 22:30:00,2026-09-24,79.83000019618443,79.77555525827002,99.83,39.67142813546317,0.48000002,2.0,0.0,0,0,0,1,0,0,0,False,synthetic,57.31075758568542,70.36631159384473,74.93309126533269,79.20330692379517,ridge,True,False,0.0,74.93309126533269,False,False,False,False,False,5,below_rules,monitor,688,80,90,48,1.0
175,2026-09-23,10.78,2026-09-23 02:30:00,100.0,4.09,2026-09-23 00:30:00,034,1100,2026-09-23 02:30:00,2026-09-23 22:30:00,2026-09-24,78.64142881120954,79.53891860710127,100.0,45.46142905099051,3.3449998,2.0,0.0,0,0,0,1,0,0,0,True,synthetic,57.27956128810056,70.33511529625986,74.90189496774784,79.1721106262103,ridge,True,False,0.0,74.90189496774784,False,False,False,False,False,5,below_rules,monitor,689,80,90,48,1.0
216,2026-09-23,12.5,2026-09-23 02:30:00,100.0,0.68,2026-09-23 00:30:00,043,1100,2026-09-23 02:30:00,2026-09-23 22:30:00,2026-09-24,83.01333363850911,81.0079610094035,98.22,40.5516668955485,5.91,2.0,0.0,0,0,0,1,0,0,0,False,synthetic,57.25055006554426,70.30610407370355,74.87288374519153,79.143099403654,ridge,True,False,0.0,74.87288374519153,False,False,False,False,False,5,below_rules,monitor,690,80,90,48,1.0
510,2026-09-23,12.59,2026-09-23 02:30:00,98.48,5.34,2026-09-23 00:30:00,101,660,2026-09-23 02:30:00,2026-09-23 22:30:00,2026-09-24,81.99428612845284,81.35644125613005,100.0,39.14285768781389,3.625,2.0,0.0,0,0,0,1,0,0,0,True,synthetic,57.13160963232038,70.18716364047967,74.75394331196765,79.02415897043012,ridge,True,False,0.0,74.75394331196765,False,False,False,False,False,5,below_rules,monitor,691,80,90,48,1.0
249,2026-09-23,14.66,2026-09-23 02:30:00,99.52,8.42,2026-09-23 00:30:00,049,1100,2026-09-23 02:30:00,2026-09-23 22:30:00,2026-09-24,76.31571469988141,77.16230584596696,100.0,44.19428580147879,3.12,2.0,0.0,0,0,0,1,0,0,0,False,synthetic,57.12586306208192,70.18141707024122,74.74819674172919,79.01841240019166,ridge,True,False,0.0,74.74819674172919,False,False,False,False,False,5,below_rules,monitor,692,80,90,48,1.0
521,2026-09-23,10.87,2026-09-23 02:30:00,100.0,4.67,2026-09-23 00:30:00,104,660,2026-09-23 02:30:00,2026-09-23 22:30:00,2026-09-24,74.93714250837054,77.49252085139246,54.79,46.26571382795061,3.1,2.0,0.0,0,0,0,1,0,0,0,False,synthetic,57.00978538192795,70.06533939008725,74.63211906157522,78.90233472003769,ridge,True,False,0.0,74.63211906157522,False,False,False,False,False,5,below_rules,monitor,693,80,90,48,1.0
943,2026-09-23,11.29,2026-09-23 02:30:00,89.92,4.84,2026-09-23 00:30:00,188,1100,2026-09-23 02:30:00,2026-09-23 22:30:00,2026-09-24,73.2557133265904,76.5540701553636,71.52,41.06142807006836,3.225,2.0,0.0,0,0,0,1,0,0,0,False,synthetic,56.99200998772401,70.04756399588331,74.61434366737129,78.88455932583375,ridge,True,False,0.0,74.61434366737129,False,False,False,False,False,5,below_rules,monitor,694,80,90,48,1.0
242,2026-09-23,14.2,2026-09-23 02:30:00,97.46,3.22,2026-09-23 00:30:00,048,660,2026-09-23 02:30:00,2026-09-23 22:30:00,2026-09-24,76.62857164655414,78.58758704881977,85.73,38.23142841884068,5.49,2.0,0.0,0,0,0,1,0,0,0,False,synthetic,56.9769742565494,70.0325282647087,74.59930793619667,78.86952359465914,ridge,True,False,0.0,74.59930793619667,False,False,False,False,False,5,below_rules,monitor,695,80,90,48,1.0
194,2026-09-23,14.05,2026-09-23 02:30:00,100.0,5.65,2026-09-23 00:30:00,038,660,2026-09-23 02:30:00,2026-09-23 22:30:00,2026-09-24,76.04714366367885,78.61105570142541,77.2,39.95000076293945,4.2,2.0,0.0,0,0,0,1,0,0,0,False,synthetic,56.857831501229406,69.9133855093887,74.48016518087667,78.75038083933916,ridge,True,False,0.0,74.48016518087667,False,False,False,False,False,5,below_rules,monitor,696,80,90,48,1.0
797,2026-09-23,6.86,2026-09-23 02:30:00,98.87,5.7,2026-09-23 00:30:00,159,660,2026-09-23 02:30:00,2026-09-23 22:30:00,2026-09-24,85.25571496146065,82.99387948903282,99.41,45.44428580147879,0.58000016,2.0,0.0,0,0,0,1,0,0,0,False,synthetic,56.77708175520466,69.83263576336395,74.39941543485193,78.66963109331441,ridge,True,False,0.0,74.39941543485193,False,False,False,False,False,5,below_rules,monitor,697,80,90,48,1.0
509,2026-09-23,11.86,2026-09-23 02:30:00,98.92,4.66,2026-09-23 00:30:00,101,1100,2026-09-23 02:30:00,2026-09-23 22:30:00,2026-09-24,80.29285594395229,78.5299699849261,99.2,44.98142678397043,3.6,2.0,0.0,0,0,0,1,0,0,0,False,synthetic,56.72139317609957,69.77694718425886,74.34372685574684,78.61394251420931,ridge,True,False,0.0,74.34372685574684,False,False,False,False,False,5,below_rules,monitor,698,80,90,48,1.0
360,2026-09-23,6.6,2026-09-23 02:30:00,72.08,0.84,2026-09-23 00:30:00,071,660,2026-09-23 02:30:00,2026-09-23 22:30:00,2026-09-24,79.68571417672294,77.9495522525286,100.0,35.7057135445731,2.8799999,2.0,0.0,0,0,0,1,0,0,0,True,synthetic,56.71241408110903,69.76796808926832,74.3347477607563,78.60496341921878,ridge,True,False,0.0,74.3347477607563,False,False,False,False,False,5,below_rules,monitor,699,80,90,48,1.0
215,2026-09-23,12.18,2026-09-23 02:30:00,100.0,6.32,2026-09-23 00:30:00,042,660,2026-09-23 02:30:00,2026-09-23 22:30:00,2026-09-24,74.08857236589704,77.46065932744831,46.27,43.39142935616629,2.93,2.0,0.0,0,0,0,1,0,0,0,True,synthetic,56.67601741148129,69.73157141964059,74.29835109112855,78.56856674959104,ridge,True,False,0.0,74.29835109112855,False,False,False,False,False,5,below_rules,monitor,700,80,90,48,1.0
190,2026-09-23,7.09,2026-09-23 02:30:00,93.57,3.24,2026-09-23 00:30:00,037,1100,2026-09-23 02:30:00,2026-09-23 22:30:00,2026-09-24,75.53833262125652,76.10730236435074,,50.556666692097984,1.9250001,2.0,0.0,0,0,0,1,0,0,0,True,synthetic,56.626693402068966,69.68224741022826,74.24902708171624,78.51924274017871,ridge,True,False,0.0,74.24902708171624,False,False,False,False,False,5,below_rules,monitor,701,80,90,48,1.0
107,2026-09-23,7.84,2026-09-23 02:30:00,100.0,5.76,2026-09-23 00:30:00,022,660,2026-09-23 02:30:00,2026-09-23 22:30:00,2026-09-24,74.08428628104073,77.83556256893492,42.15,48.3471429007394,1.04,2.0,0.0,0,0,0,1,0,0,0,False,synthetic,56.3951679072374,69.4507219153967,74.01750158688466,78.28771724534715,ridge,True,False,0.0,74.01750158688466,False,False,False,False,False,5,below_rules,monitor,702,80,90,48,1.0
184,2026-09-23,7.44,2026-09-23 02:30:00,72.78,4.6,2026-09-23 00:30:00,036,660,2026-09-23 02:30:00,2026-09-23 22:30:00,2026-09-24,67.33333269755046,69.13861245590655,60.1,47.609999338785805,1.4200001,2.0,0.0,0,0,0,1,0,0,0,False,synthetic,56.3462485962995,69.4018026044588,73.96858227594677,78.23879793440925,ridge,True,False,0.0,73.96858227594677,False,False,False,False,False,5,below_rules,monitor,703,80,90,48,1.0
642,2026-09-23,6.21,2026-09-23 02:30:00,99.37,4.39,2026-09-23 00:30:00,128,660,2026-09-23 02:30:00,2026-09-23 22:30:00,2026-09-24,80.31142915998187,83.09438108128487,54.21,41.42857251848493,0.9100001,2.0,0.0,0,0,0,1,0,0,0,False,synthetic,56.25914031334345,69.31469432150274,73.88147399299072,78.1516896514532,ridge,True,False,0.0,73.88147399299072,False,False,False,False,False,5,below_rules,monitor,704,80,90,48,1.0
359,2026-09-23,10.34,2026-09-23 02:30:00,81.79,2.88,2026-09-23 00:30:00,071,1100,2026-09-23 02:30:00,2026-09-23 22:30:00,2026-09-24,79.79857090541294,75.76904773205735,97.94,40.56857190813337,3.73,2.0,0.0,0,0,0,1,0,0,0,False,synthetic,56.22495144227901,69.28050545043831,73.84728512192628,78.11750078038875,ridge,True,False,90.57178288302775,73.84728512192628,False,False,False,False,False,5,below_rules,monitor,705,80,90,48,1.0
539,2026-09-23,8.57,2026-09-23 02:30:00,100.0,3.99,2026-09-23 00:30:00,107,1100,2026-09-23 02:30:00,2026-09-23 22:30:00,2026-09-24,84.9028570992606,84.7203850829491,100.0,37.802857535226,2.29,2.0,0.0,0,0,0,1,0,0,0,False,synthetic,56.15301503685161,69.2085690450109,73.77534871649888,78.04556437496136,ridge,True,False,0.0,73.77534871649888,False,False,False,False,False,5,below_rules,monitor,706,80,90,48,1.0
43,2026-09-23,12.14,2026-09-23 02:30:00,100.0,6.25,2026-09-23 00:30:00,009,240,2026-09-23 02:30:00,2026-09-23 22:30:00,2026-09-24,76.60142844063895,78.44106963651691,45.72,40.97857066563198,2.9450002,2.0,0.0,0,0,0,1,0,0,0,False,synthetic,56.09706021374311,69.15261422190241,73.71939389339038,77.98960955185285,ridge,True,False,0.0,73.71939389339038,False,False,False,False,False,5,below_rules,monitor,707,80,90,48,1.0
670,2026-09-23,3.47,2026-09-23 02:30:00,100.0,1.45,2026-09-23 00:30:00,133,1100,2026-09-23 02:30:00,2026-09-23 22:30:00,2026-09-24,78.07714244297573,81.44555076463126,67.17,47.86571448189871,1.01,2.0,0.0,0,0,0,1,0,0,0,True,synthetic,56.06922108994009,69.12477509809939,73.69155476958736,77.96177042804985,ridge,True,False,0.0,73.69155476958736,False,False,False,False,False,5,below_rules,monitor,708,80,90,48,1.0
346,2026-09-23,11.41,2026-09-23 02:30:00,100.0,,2026-09-23 00:30:00,069,660,2026-09-23 02:30:00,2026-09-23 22:30:00,2026-09-24,78.12714222499302,79.63981196353039,99.27,41.86142757960728,,2.0,0.0,0,0,0,1,0,0,0,False,synthetic,55.93904232961914,68.99459633777843,73.56137600926641,77.83159166772889,ridge,True,False,0.0,73.56137600926641,False,False,False,False,False,5,below_rules,monitor,709,80,90,48,1.0
306,2026-09-23,13.07,2026-09-23 02:30:00,96.17,3.46,2026-09-23 00:30:00,061,660,2026-09-23 02:30:00,2026-09-23 22:30:00,2026-09-24,79.30999973842076,80.31563373043637,56.87,33.42428479875837,4.805,2.0,0.0,0,0,0,1,0,0,0,False,synthetic,55.89214753892552,68.94770154708482,73.51448121857278,77.78469687703526,ridge,True,True,0.0,73.51448121857278,False,False,False,False,False,5,below_rules,monitor,710,80,90,48,1.0
906,2026-09-23,7.53,2026-09-23 02:30:00,100.0,3.9,2026-09-23 00:30:00,181,1100,2026-09-23 02:30:00,2026-09-23 22:30:00,2026-09-24,79.58428628104073,80.8993820366193,59.15,43.5485714503697,1.815,2.0,0.0,0,0,0,1,0,0,0,False,synthetic,55.869451555324446,68.92500556348375,73.49178523497172,77.76200089343419,ridge,True,False,0.0,73.49178523497172,False,False,False,False,False,5,below_rules,monitor,711,80,90,48,1.0
553,2026-09-23,9.17,2026-09-23 02:30:00,87.6,4.97,2026-09-23 00:30:00,110,660,2026-09-23 02:30:00,2026-09-23 22:30:00,2026-09-24,72.68428584507534,75.96486363125881,47.49,40.52571432931082,2.1000001,2.0,0.0,0,0,0,1,0,0,0,False,synthetic,55.85636327233481,68.91191728049411,73.47869695198207,77.74891261044456,ridge,True,False,0.0,73.47869695198207,False,False,False,False,False,5,below_rules,monitor,712,80,90,48,1.0
508,2026-09-23,8.22,2026-09-23 02:30:00,97.63,4.28,2026-09-23 00:30:00,101,240,2026-09-23 02:30:00,2026-09-23 22:30:00,2026-09-24,81.51142828805106,80.95905253308446,99.56,42.48000008719308,1.97,2.0,0.0,0,0,0,1,0,0,0,False,synthetic,55.79580420568216,68.85135821384145,73.41813788532943,77.6883535437919,ridge,True,False,0.0,73.41813788532943,False,False,False,False,False,5,below_rules,monitor,713,80,90,48,1.0
930,2026-09-23,14.0,2026-09-23 02:30:00,97.69,2.84,2026-09-23 00:30:00,185,660,2026-09-23 02:30:00,2026-09-23 22:30:00,2026-09-24,78.31857190813336,78.48918794470207,89.21,36.96000017438616,5.58,2.0,0.0,0,0,0,1,0,0,0,True,synthetic,55.78172794879816,68.83728195695747,73.40406162844543,77.67427728690791,ridge,True,False,0.0,73.40406162844543,False,False,False,False,False,5,below_rules,monitor,714,80,90,48,1.0
828,2026-09-23,11.43,2026-09-23 02:30:00,98.77,3.71,2026-09-23 00:30:00,165,1100,2026-09-23 02:30:00,2026-09-23 22:30:00,2026-09-24,79.91499900817871,81.89199197292541,62.55,34.28999837239584,3.8600001,2.0,0.0,0,0,0,1,0,0,0,False,synthetic,55.66926636101063,68.72482036916992,73.2916000406579,77.56181569912037,ridge,True,False,0.0,73.2916000406579,False,False,False,False,False,5,below_rules,monitor,715,80,90,48,1.0
285,2026-09-23,13.15,2026-09-23 02:30:00,95.2,3.15,2026-09-23 00:30:00,056,660,2026-09-23 02:30:00,2026-09-23 22:30:00,2026-09-24,79.91999980381557,80.05998210104623,99.04,34.064286368233816,5.0,2.0,0.0,0,0,0,1,0,0,0,True,synthetic,55.66719458103545,68.72274858919475,73.28952826068272,77.5597439191452,ridge,True,False,0.0,73.28952826068272,False,False,False,False,False,5,below_rules,monitor,716,80,90,48,1.0
536,2026-09-23,17.41,2026-09-23 02:30:00,74.16,8.57,2026-09-23 00:30:00,107,240,2026-09-23 02:30:00,2026-09-23 22:30:00,2026-09-24,71.27428545270648,68.4359824630589,72.77,36.18571472167969,4.42,2.0,0.0,0,0,0,1,0,0,0,False,synthetic,55.61581450333202,68.67136851149132,73.23814818297929,77.50836384144176,ridge,True,False,0.0,73.23814818297929,False,False,False,False,False,5,below_rules,monitor,717,80,90,48,1.0
874,2026-09-23,7.44,2026-09-23 02:30:00,100.0,5.13,2026-09-23 00:30:00,174,660,2026-09-23 02:30:00,2026-09-23 22:30:00,2026-09-24,78.57428523472377,80.358084916618,63.55,44.09000015258789,1.155,2.0,0.0,0,0,0,1,0,0,0,False,synthetic,55.59369434135592,68.64924834951522,73.21602802100318,77.48624367946567,ridge,True,False,0.0,73.21602802100318,False,False,False,False,False,5,below_rules,monitor,718,80,90,48,1.0
752,2026-09-23,10.11,2026-09-23 02:30:00,100.0,3.64,2026-09-23 00:30:00,150,240,2026-09-23 02:30:00,2026-09-23 22:30:00,2026-09-24,75.66428593226841,77.78593077679298,63.08,43.61000061035156,3.2349997,2.0,0.0,0,0,0,1,0,0,0,False,synthetic,55.56145962575836,68.61701363391765,73.18379330540563,77.4540089638681,ridge,True,False,0.0,73.18379330540563,False,False,False,False,False,5,below_rules,monitor,719,80,90,48,1.0
795,2026-09-23,8.07,2026-09-23 02:30:00,100.0,4.34,2026-09-23 00:30:00,158,660,2026-09-23 02:30:00,2026-09-23 22:30:00,2026-09-24,77.67571531023297,79.68821237258555,53.63,43.57571465628488,1.8649998,2.0,0.0,0,0,0,1,0,0,0,True,synthetic,55.54874740172127,68.60430140988056,73.17108108136853,77.44129673983102,ridge,True,False,0.0,73.17108108136853,False,False,False,False,False,5,below_rules,monitor,720,80,90,48,1.0
694,2026-09-23,11.59,2026-09-23 02:30:00,99.72,2.79,2026-09-23 00:30:00,138,1100,2026-09-23 02:30:00,2026-09-23 22:30:00,2026-09-24,77.22428567068917,76.27949779975165,100.0,46.2000002179827,4.4,2.0,0.0,0,0,0,1,0,0,0,False,synthetic,55.535974383811215,68.59152839197051,73.15830806345849,77.42852372192095,ridge,True,False,0.0,73.15830806345849,False,False,False,False,False,5,below_rules,monitor,721,80,90,48,1.0
223,2026-09-23,12.38,2026-09-23 02:30:00,97.54,4.89,2026-09-23 00:30:00,044,660,2026-09-23 02:30:00,2026-09-23 22:30:00,2026-09-24,74.56000082833427,76.03393393916295,99.98,43.24714442661831,3.7450001,2.0,0.0,0,0,0,1,0,0,0,False,synthetic,55.50718599902704,68.56274000718633,73.12951967867431,77.39973533713678,ridge,True,False,0.0,73.12951967867431,False,False,False,False,False,5,below_rules,monitor,722,80,90,48,1.0
154,2026-09-23,8.61,2026-09-23 02:30:00,100.0,6.12,2026-09-23 00:30:00,031,660,2026-09-23 02:30:00,2026-09-23 22:30:00,2026-09-24,82.74857112339565,85.52447834478068,90.28,33.61428560529436,1.2449999,2.0,0.0,0,0,0,1,0,0,0,False,synthetic,55.48573995446197,68.54129396262127,73.10807363410925,77.37828929257171,ridge,True,False,0.0,73.10807363410925,False,False,False,False,False,5,below_rules,monitor,723,80,90,48,1.0
413,2026-09-23,14.27,2026-09-23 02:30:00,96.91,5.94,2026-09-23 00:30:00,082,660,2026-09-23 02:30:00,2026-09-23 22:30:00,2026-09-24,77.82857077462333,77.31241134261055,85.02,38.38999884469168,4.165,2.0,0.0,0,0,0,1,0,0,0,False,synthetic,55.434945506912776,68.49049951507207,73.05727918656004,77.32749484502253,ridge,True,False,0.0,73.05727918656004,False,False,False,False,False,5,below_rules,monitor,724,80,90,48,1.0
50,2026-09-23,13.81,2026-09-23 02:30:00,84.77,4.03,2026-09-23 00:30:00,010,1100,2026-09-23 02:30:00,2026-09-23 22:30:00,2026-09-24,71.43285587855748,72.7897758581111,48.51,36.7557133265904,4.8900003,2.0,0.0,0,0,0,1,0,0,0,True,synthetic,55.362724266851885,68.41827827501118,72.98505794649915,77.25527360496163,ridge,True,False,0.0,72.98505794649915,False,False,False,False,False,5,below_rules,monitor,725,80,90,48,1.0
165,2026-09-23,4.15,2026-09-23 02:30:00,98.69,3.1,2026-09-23 00:30:00,032,660,2026-09-23 02:30:00,2026-09-23 22:30:00,2026-09-24,80.63571275983539,81.5824780886333,100.0,46.36714117867606,0.5250001,2.0,0.0,0,0,0,1,0,0,0,True,synthetic,55.31468284920479,68.37023685736409,72.93701652885206,77.20723218731453,ridge,True,False,0.0,72.93701652885206,False,False,False,False,False,5,below_rules,monitor,726,80,90,48,1.0
101,2026-09-23,2.73,2026-09-23 02:30:00,95.15,0.18,2026-09-23 00:30:00,021,660,2026-09-23 02:30:00,2026-09-23 22:30:00,2026-09-24,76.28571483067104,82.67604002754827,39.65,39.13714381626674,1.275,2.0,0.0,0,0,0,1,0,0,0,False,synthetic,55.21436474476357,68.26991875292286,72.83669842441083,77.10691408287332,ridge,True,False,0.0,72.83669842441083,False,False,False,False,False,5,below_rules,monitor,727,80,90,48,1.0
560,2026-09-23,19.58,2026-09-23 02:30:00,98.08,6.95,2026-09-23 00:30:00,111,660,2026-09-23 02:30:00,2026-09-23 22:30:00,2026-09-24,76.40142931256976,74.73628045727807,100.0,36.05714470999582,6.315,2.0,0.0,0,0,0,1,0,0,0,True,synthetic,55.17869596642292,68.23424997458221,72.80102964607019,77.07124530453267,ridge,True,False,94.38018473744522,72.80102964607019,False,False,False,False,False,5,below_rules,monitor,728,80,90,48,1.0
137,2026-09-23,7.0,2026-09-23 02:30:00,98.81,4.87,2026-09-23 00:30:00,028,240,2026-09-23 02:30:00,2026-09-23 22:30:00,2026-09-24,76.85714285714286,79.19021201087538,55.42,44.33857127598354,1.065,2.0,0.0,0,0,0,1,0,0,0,False,synthetic,55.15784070487285,68.21339471303216,72.78017438452012,77.0503900429826,ridge,True,False,0.0,72.78017438452012,False,False,False,False,False,5,below_rules,monitor,729,80,90,48,1.0
500,2026-09-23,5.48,2026-09-23 02:30:00,97.65,2.76,2026-09-23 00:30:00,099,660,2026-09-23 02:30:00,2026-09-23 22:30:00,2026-09-24,79.67428643362862,80.72968930602042,74.01,43.91000039236887,1.36,2.0,0.0,0,0,0,1,0,0,0,True,synthetic,55.15184638638019,68.20740039453949,72.77418006602747,77.04439572448993,ridge,True,False,0.0,72.77418006602747,False,False,False,False,False,5,below_rules,monitor,730,80,90,48,1.0
245,2026-09-23,8.25,2026-09-23 02:30:00,100.0,3.19,2026-09-23 00:30:00,048,1100,2026-09-23 02:30:00,2026-09-23 22:30:00,2026-09-24,77.94428634643555,79.59837358884735,65.47,42.83142852783203,2.53,2.0,0.0,0,0,0,1,0,0,0,True,synthetic,55.14000509566146,68.19555910382076,72.76233877530873,77.0325544337712,ridge,True,False,0.0,72.76233877530873,False,False,False,False,False,5,below_rules,monitor,731,80,90,48,1.0
109,2026-09-23,5.56,2026-09-23 02:30:00,98.15,8.33,2026-09-23 00:30:00,022,660,2026-09-23 02:30:00,2026-09-23 22:30:00,2026-09-24,76.5500008719308,79.02385371610742,49.65,46.30143029349191,0.0,2.0,0.0,0,0,0,1,0,0,0,False,synthetic,55.12949886389696,68.18505287205626,72.75183254354423,77.02204820200672,ridge,False,False,117.47458598090783,72.75183254354423,False,False,False,False,False,5,below_rules,monitor,732,80,90,48,1.0
351,2026-09-23,4.46,2026-09-23 02:30:00,100.0,5.76,2026-09-23 00:30:00,070,660,2026-09-23 02:30:00,2026-09-23 22:30:00,2026-09-24,82.43428530011859,81.10533007756491,100.0,48.31285694667271,0.0,2.0,0.0,0,0,0,1,0,0,0,False,synthetic,55.04239496985977,68.09794897801908,72.66472864950704,76.93494430796952,ridge,True,False,0.0,72.66472864950704,False,False,False,False,False,5,below_rules,monitor,733,80,90,48,1.0
583,2026-09-23,10.7,2026-09-23 02:30:00,92.26,4.38,2026-09-23 00:30:00,116,660,2026-09-23 02:30:00,2026-09-23 22:30:00,2026-09-24,70.35714285714286,73.30485640870599,56.92,44.13000052315848,3.1599998,2.0,0.0,0,0,0,1,0,0,0,False,synthetic,55.040806359945314,68.09636036810461,72.66314003959258,76.93335569805507,ridge,True,False,0.0,72.66314003959258,False,False,False,False,False,5,below_rules,monitor,734,80,90,48,1.0
856,2026-09-23,7.76,2026-09-23 02:30:00,100.0,5.04,2026-09-23 00:30:00,171,660,2026-09-23 02:30:00,2026-09-23 22:30:00,2026-09-24,72.65857097080776,77.84663788864292,67.39,45.114285060337615,1.3600001,2.0,0.0,0,0,0,1,0,0,0,False,synthetic,55.026465707733365,68.08201971589267,72.64879938738063,76.91901504584311,ridge,True,False,0.0,72.64879938738063,False,False,False,False,False,5,below_rules,monitor,735,80,90,48,1.0
803,2026-09-23,6.42,2026-09-23 00:30:00,94.87,6.42,2026-09-23 00:30:00,160,1100,2026-09-23 02:30:00,2026-09-23 22:30:00,2026-09-24,74.81142861502511,76.88950153731497,53.71,41.62571498325893,0.0,2.0,2.0,0,0,0,1,0,0,0,False,synthetic,54.9805902508313,68.03614425899059,72.60292393047857,76.87313958894104,ridge,True,False,0.0,72.60292393047857,False,False,False,False,False,5,below_rules,monitor,736,80,90,48,1.0
1000,2026-09-23,9.5,2026-09-23 02:30:00,99.53,5.5,2026-09-23 00:30:00,199,1100,2026-09-23 02:30:00,2026-09-23 22:30:00,2026-09-24,79.81714248657227,80.65467549361189,97.5,40.25142887660435,2.0,2.0,0.0,0,0,0,1,0,0,0,True,synthetic,54.95328061552695,68.00883462368625,72.57561429517422,76.8458299536367,ridge,True,False,0.0,72.57561429517422,False,False,False,False,False,5,below_rules,monitor,737,80,90,48,1.0
283,2026-09-23,4.45,2026-09-23 02:30:00,100.0,0.61,2026-09-23 00:30:00,056,1100,2026-09-23 02:30:00,2026-09-23 22:30:00,2026-09-24,80.31285640171596,81.24965840264032,95.59,45.77857099260603,1.9199998,2.0,0.0,0,0,0,1,0,0,0,False,synthetic,54.93521997917206,67.99077398733135,72.55755365881933,76.8277693172818,ridge,True,False,0.0,72.55755365881933,False,False,False,False,False,5,below_rules,monitor,738,80,90,48,1.0
411,2026-09-23,8.75,2026-09-23 02:30:00,,7.86,2026-09-23 00:30:00,082,660,2026-09-23 02:30:00,2026-09-23 22:30:00,2026-09-24,75.7666670481364,70.84370990187882,100.0,41.32833353678385,0.44499993,2.0,0.0,0,0,0,1,0,0,0,False,synthetic,54.8718033812788,67.9273573894381,72.49413706092608,76.76435271938854,ridge,True,False,0.0,72.49413706092608,False,False,False,False,False,5,below_rules,monitor,739,80,90,48,1.0
687,2026-09-23,7.63,2026-09-23 02:30:00,100.0,1.28,2026-09-23 00:30:00,137,660,2026-09-23 02:30:00,2026-09-23 22:30:00,2026-09-24,75.20142800467355,77.89834252819432,56.03,44.39999880109514,3.1750002,2.0,0.0,0,0,0,1,0,0,0,False,synthetic,54.75099649397754,67.80655050213684,72.37333017362481,76.64354583208728,ridge,True,False,0.0,72.37333017362481,False,False,False,False,False,5,below_rules,monitor,740,80,90,48,1.0
296,2026-09-23,5.14,2026-09-23 02:30:00,100.0,5.38,2026-09-23 00:30:00,059,660,2026-09-23 02:30:00,2026-09-23 22:30:00,2026-09-24,82.31571415492466,82.98228097750717,69.67,41.62428501674107,0.0,2.0,0.0,0,0,0,1,0,0,0,False,synthetic,54.65313239650552,67.70868640466482,72.27546607615278,76.54568173461527,ridge,True,True,0.0,72.27546607615278,False,False,False,False,False,5,below_rules,monitor,741,80,90,48,1.0
669,2026-09-23,12.84,2026-09-23 02:30:00,89.75,7.63,2026-09-23 00:30:00,133,1100,2026-09-23 02:30:00,2026-09-23 22:30:00,2026-09-24,78.0042860848563,76.32301328428534,94.44,37.361428941999165,2.605,2.0,0.0,0,0,0,1,0,0,0,False,synthetic,54.64007373448044,67.69562774263974,72.26240741412771,76.53262307259018,ridge,True,False,85.84137886394846,72.26240741412771,False,False,False,False,False,5,below_rules,monitor,742,80,90,48,1.0
581,2026-09-23,5.79,2026-09-23 02:30:00,100.0,2.09,2026-09-23 00:30:00,116,240,2026-09-23 02:30:00,2026-09-23 22:30:00,2026-09-24,81.74285670689174,84.54188326331513,100.0,36.5085699898856,1.85,2.0,0.0,0,0,0,1,0,0,0,False,synthetic,54.5601509741711,67.6157049823304,72.18248465381836,76.45270031228085,ridge,True,False,0.0,72.18248465381836,False,False,False,False,False,5,below_rules,monitor,743,80,90,48,1.0
801,2026-09-23,5.82,2026-09-23 02:30:00,99.69,8.22,2026-09-23 00:30:00,160,660,2026-09-23 02:30:00,2026-09-23 22:30:00,2026-09-24,78.27571432931083,79.83080257999558,58.79,44.73142950875418,0.0,2.0,0.0,0,0,0,1,0,0,0,False,synthetic,54.45820019206702,67.51375420022632,72.0805338717143,76.35074953017676,ridge,True,False,0.0,72.0805338717143,False,False,False,False,False,5,below_rules,monitor,744,80,90,48,1.0
677,2026-09-23,8.53,2026-09-23 02:30:00,86.54,5.85,2026-09-23 00:30:00,135,1100,2026-09-23 02:30:00,2026-09-23 22:30:00,2026-09-24,72.68142809186664,74.50426857206658,45.44,40.86285672869001,1.3399999,2.0,0.0,0,0,0,1,0,0,0,False,synthetic,54.30518270160995,67.36073670976924,71.92751638125722,76.1977320397197,ridge,True,False,0.0,71.92751638125722,False,False,False,False,False,5,below_rules,monitor,745,80,90,48,1.0
696,2026-09-23,8.14,2026-09-23 02:30:00,97.47,4.89,2026-09-23 00:30:00,139,1100,2026-09-23 02:30:00,2026-09-23 22:30:00,2026-09-24,79.33285740443638,79.44102188248789,100.0,41.86857169015067,1.6250002,2.0,0.0,0,0,0,1,0,0,0,False,synthetic,54.293335531115694,67.34888953927499,71.91566921076296,76.18588486922545,ridge,True,False,0.0,71.91566921076296,False,False,False,False,False,5,below_rules,monitor,746,80,90,48,1.0
289,2026-09-23,29.76,2026-09-23 02:30:00,17.1,25.7,2026-09-22 00:30:00,057,660,2026-09-23 02:30:00,2026-09-23 22:30:00,2026-09-24,49.19714273725237,40.82730572422268,62.57,23.475714547293528,2.0299997,26.0,0.0,0,0,0,1,0,0,0,False,synthetic,54.2632324942151,67.3187865023744,71.88556617386237,76.15578183232485,ridge,True,True,0.0,71.88556617386237,False,False,False,False,False,5,below_rules,monitor,747,80,90,48,1.0
462,2026-09-23,5.66,2026-09-23 00:30:00,97.92,5.66,2026-09-23 00:30:00,092,240,2026-09-23 02:30:00,2026-09-23 22:30:00,2026-09-24,78.0428581237793,78.32040746042176,83.41,41.61000061035156,0.0,2.0,2.0,0,0,0,1,0,0,0,False,synthetic,54.19522710822192,67.25078111638122,71.81756078786918,76.08777644633167,ridge,True,False,0.0,71.81756078786918,False,False,False,False,False,5,below_rules,monitor,748,80,90,48,1.0
400,2026-09-23,8.04,2026-09-23 02:30:00,99.11,6.54,2026-09-23 00:30:00,079,660,2026-09-23 02:30:00,2026-09-23 22:30:00,2026-09-24,77.52142878941127,77.5522503722764,100.0,46.41857201712472,0.75,2.0,0.0,0,0,0,1,0,0,0,True,synthetic,54.17062468614448,67.22617869430377,71.79295836579175,76.06317402425422,ridge,True,False,0.0,71.79295836579175,False,False,False,False,False,5,below_rules,monitor,749,80,90,48,1.0
832,2026-09-23,4.82,2026-09-23 02:30:00,100.0,6.22,2026-09-23 00:30:00,166,660,2026-09-23 02:30:00,2026-09-23 22:30:00,2026-09-24,87.80333201090495,87.68475100185536,100.0,33.84999910990397,0.0,2.0,0.0,0,0,0,1,0,0,0,False,synthetic,54.15487722196075,67.21043123012005,71.77721090160802,76.0474265600705,ridge,True,False,0.0,71.77721090160802,False,False,False,False,False,5,below_rules,monitor,750,80,90,48,1.0
621,2026-09-23,6.9,2026-09-23 02:30:00,77.11,2.17,2026-09-23 00:30:00,124,1100,2026-09-23 02:30:00,2026-09-23 22:30:00,2026-09-24,70.12599868774414,70.9428503936656,,43.16999816894531,2.365,2.0,0.0,0,0,0,1,0,0,0,False,synthetic,54.135523959327614,67.1910779674869,71.75785763897488,76.02807329743736,ridge,True,False,0.0,71.75785763897488,False,False,False,False,False,5,below_rules,monitor,751,80,90,48,1.0
607,2026-09-23,7.06,2026-09-23 02:30:00,100.0,6.05,2026-09-23 00:30:00,121,660,2026-09-23 02:30:00,2026-09-23 22:30:00,2026-09-24,81.48428562709263,81.05982511349248,98.43,42.31000082833426,0.5049999,2.0,0.0,0,0,0,1,0,0,0,False,synthetic,54.10705253466651,67.16260654282581,71.72938621431378,75.99960187277625,ridge,True,False,0.0,71.72938621431378,False,False,False,False,False,5,below_rules,monitor,752,80,90,48,1.0
635,2026-09-23,12.02,2026-09-23 02:30:00,100.0,2.65,2026-09-23 00:30:00,126,1100,2026-09-23 02:30:00,2026-09-23 22:30:00,2026-09-24,73.17857197352818,76.91939983902988,90.91,38.687143325805664,4.6850004,2.0,0.0,0,0,0,1,0,0,0,True,synthetic,54.042620947433264,67.09817495559255,71.66495462708053,75.93517028554301,ridge,True,False,0.0,71.66495462708053,False,False,False,False,False,5,below_rules,monitor,753,80,90,48,1.0
798,2026-09-23,5.19,2026-09-23 02:30:00,97.27,2.17,2026-09-23 00:30:00,159,1100,2026-09-23 02:30:00,2026-09-23 22:30:00,2026-09-24,77.83285685947963,81.52369615631896,55.74,38.34571402413504,1.51,2.0,0.0,0,0,0,1,0,0,0,False,synthetic,53.99814396509888,67.05369797325818,71.62047764474615,75.89069330320862,ridge,True,False,0.0,71.62047764474615,False,False,False,False,False,5,below_rules,monitor,754,80,90,48,1.0
751,2026-09-23,12.56,2026-09-23 02:30:00,99.08,1.87,2026-09-23 00:30:00,150,1100,2026-09-23 02:30:00,2026-09-23 22:30:00,2026-09-24,71.19142859322685,78.382201709979,48.6,31.5771416255406,5.3450003,2.0,0.0,0,0,0,1,0,0,0,False,synthetic,53.972981092864366,67.02853510102366,71.59531477251164,75.8655304309741,ridge,True,False,0.0,71.59531477251164,False,False,False,False,False,5,below_rules,monitor,755,80,90,48,1.0
132,2026-09-23,12.02,2026-09-23 02:30:00,92.97,7.82,2026-09-23 00:30:00,027,660,2026-09-23 02:30:00,2026-09-23 22:30:00,2026-09-24,78.48499933878581,77.71661631066803,93.38,36.13166586558024,2.1000001,2.0,0.0,0,0,0,1,0,0,0,False,synthetic,53.94961747293302,67.00517148109232,71.57195115258028,75.84216681104277,ridge,True,False,0.0,71.57195115258028,False,False,False,False,False,5,below_rules,monitor,756,80,90,48,1.0
497,2026-09-23,6.15,2026-09-23 02:30:00,81.64,3.58,2026-09-23 00:30:00,099,660,2026-09-23 02:30:00,2026-09-23 22:30:00,2026-09-24,74.69857079642159,73.58449658001845,69.15,43.34000015258789,1.2850001,2.0,0.0,0,0,0,1,0,0,0,False,synthetic,53.9159159288528,66.9714699370121,71.53824960850007,75.80846526696254,ridge,True,True,0.0,71.53824960850007,False,False,False,False,False,5,below_rules,monitor,757,80,90,48,1.0
250,2026-09-23,13.13,2026-09-23 02:30:00,88.77,8.2,2026-09-23 00:30:00,049,1100,2026-09-23 02:30:00,2026-09-23 22:30:00,2026-09-24,73.57285581316266,73.79330369820347,84.44,37.96428407941546,2.4650002,2.0,0.0,0,0,0,1,0,0,0,True,synthetic,53.89638438693881,66.95193839509811,71.51871806658608,75.78893372504857,ridge,True,False,0.0,71.51871806658608,False,False,False,False,False,5,below_rules,monitor,758,80,90,48,1.0
266,2026-09-23,11.91,2026-09-23 02:30:00,93.15,5.86,2026-09-23 00:30:00,053,660,2026-09-23 02:30:00,2026-09-23 22:30:00,2026-09-24,78.21142905099052,76.69270476762031,94.54,37.75142942156111,3.0249999,2.0,0.0,0,0,0,1,0,0,0,False,synthetic,53.83271755203832,66.88827156019761,71.45505123168559,75.72526689014806,ridge,True,False,0.0,71.45505123168559,False,False,False,False,False,5,below_rules,monitor,759,80,90,48,1.0
873,2026-09-23,8.57,2026-09-23 02:30:00,97.55,4.68,2026-09-23 00:30:00,174,660,2026-09-23 02:30:00,2026-09-23 22:30:00,2026-09-24,80.82428577968052,79.24435212939017,97.71,41.05142865862165,1.9449999,2.0,0.0,0,0,0,1,0,0,0,False,synthetic,53.82374113358545,66.87929514174475,71.44607481323271,75.7162904716952,ridge,True,False,0.0,71.44607481323271,False,False,False,False,False,5,below_rules,monitor,760,80,90,48,1.0
21,2026-09-23,4.1,2026-09-23 00:30:00,100.0,4.1,2026-09-23 00:30:00,005,1100,2026-09-23 02:30:00,2026-09-23 22:30:00,2026-09-24,74.12000002179828,77.08274032287413,68.4,44.76142883300781,0.0,2.0,2.0,0,0,0,1,0,0,0,False,synthetic,53.79937477273052,66.85492878088982,71.4217084523778,75.69192411084026,ridge,True,False,0.0,71.4217084523778,False,False,False,False,False,5,below_rules,monitor,761,80,90,48,1.0
632,2026-09-23,9.28,2026-09-23 02:30:00,96.09,7.73,2026-09-23 00:30:00,126,1100,2026-09-23 02:30:00,2026-09-23 22:30:00,2026-09-24,77.63428551810128,76.68492389722313,100.0,43.93428584507534,0.77499986,2.0,0.0,0,0,0,1,0,0,0,False,synthetic,53.68860132034413,66.74415532850344,71.3109349999914,75.58115065845388,ridge,True,False,0.0,71.3109349999914,False,False,False,False,False,5,below_rules,monitor,762,80,90,48,1.0
914,2026-09-23,5.95,2026-09-23 02:30:00,100.0,5.37,2026-09-23 00:30:00,182,660,2026-09-23 02:30:00,2026-09-23 22:30:00,2026-09-24,74.4985716683524,78.15679608149007,54.23,44.59857095990862,0.28999996,2.0,0.0,0,0,0,1,0,0,0,False,synthetic,53.609221259486745,66.66477526764604,71.23155493913401,75.50177059759649,ridge,True,False,0.0,71.23155493913401,False,False,False,False,False,5,below_rules,monitor,763,80,90,48,1.0
609,2026-09-23,6.53,2026-09-23 02:30:00,89.01,4.95,2026-09-23 00:30:00,121,660,2026-09-23 02:30:00,2026-09-23 22:30:00,2026-09-24,73.69428525652204,75.19163146990759,52.57,42.61285672869001,0.7900002,2.0,0.0,0,0,0,1,0,0,0,False,synthetic,53.57872129967032,66.63427530782963,71.20105497931759,75.47127063778007,ridge,True,False,25.59181293232414,71.20105497931759,False,False,False,False,False,5,below_rules,monitor,764,80,90,48,1.0
549,2026-09-23,8.13,2026-09-23 02:30:00,100.0,6.99,2026-09-23 00:30:00,109,660,2026-09-23 02:30:00,2026-09-23 22:30:00,2026-09-24,81.57571465628487,81.24459962507176,100.0,38.890001024518696,0.5700002,2.0,0.0,0,0,0,1,0,0,0,False,synthetic,53.35659884951302,66.41215285767231,70.97893252916029,75.24914818762277,ridge,True,False,0.0,70.97893252916029,False,False,False,False,False,5,below_rules,monitor,765,80,90,48,1.0
755,2026-09-23,7.48,2026-09-23 02:30:00,100.0,7.73,2026-09-23 00:30:00,150,1100,2026-09-23 02:30:00,2026-09-23 22:30:00,2026-09-24,73.99000004359654,77.34086211146635,39.22,43.53428622654506,0.0,2.0,0.0,0,0,0,1,0,0,0,True,synthetic,53.347523732475054,66.40307774063436,70.96985741212232,75.2400730705848,ridge,True,False,0.0,70.96985741212232,False,False,False,False,False,5,below_rules,monitor,766,80,90,48,1.0
961,2026-09-23,9.13,2026-09-23 02:30:00,97.67,4.46,2026-09-23 00:30:00,192,660,2026-09-23 02:30:00,2026-09-23 22:30:00,2026-09-24,69.51857212611607,73.99802077956558,47.7,43.77714320591518,2.335,2.0,0.0,0,0,0,1,0,0,0,False,synthetic,53.25566845630108,66.31122246446037,70.87800213594835,75.14821779441083,ridge,True,False,0.0,70.87800213594835,False,False,False,False,False,5,below_rules,monitor,767,80,90,48,1.0
554,2026-09-23,11.5,2026-09-23 02:30:00,83.68,6.38,2026-09-23 00:30:00,110,660,2026-09-23 02:30:00,2026-09-23 22:30:00,2026-09-24,72.72142846243722,72.49073685810227,98.49,37.83571406773159,2.56,2.0,0.0,0,0,0,1,0,0,0,False,synthetic,53.2095018892403,66.2650558973996,70.83183556888757,75.10205122735005,ridge,True,False,0.0,70.83183556888757,False,False,False,False,False,5,below_rules,monitor,768,80,90,48,1.0
431,2026-09-23,3.61,2026-09-23 00:30:00,96.48,3.61,2026-09-23 00:30:00,086,660,2026-09-23 02:30:00,2026-09-23 22:30:00,2026-09-24,77.9085715157645,77.66885958758249,99.7,42.92857142857143,0.0,2.0,2.0,0,0,0,1,0,0,0,False,synthetic,53.189947400608425,66.24550140876772,70.8122810802557,75.08249673871816,ridge,True,False,0.0,70.8122810802557,False,False,False,False,False,5,below_rules,monitor,769,80,90,48,1.0
792,2026-09-23,13.17,2026-09-23 02:30:00,97.22,,2026-09-23 00:30:00,158,660,2026-09-23 02:30:00,2026-09-23 22:30:00,2026-09-24,74.53999982561383,74.3384031506398,99.11,41.61285618373326,,2.0,0.0,0,0,0,1,0,0,0,False,synthetic,53.15105889727805,66.20661290543734,70.77339257692532,75.0436082353878,ridge,True,False,0.0,70.77339257692532,False,False,False,False,False,5,below_rules,monitor,770,80,90,48,1.0
626,2026-09-23,11.69,2026-09-23 02:30:00,85.26,4.09,2026-09-23 00:30:00,125,1100,2026-09-23 02:30:00,2026-09-23 22:30:00,2026-09-24,73.21428571428571,71.30574572994857,86.54,40.39142772129604,3.7999997,2.0,0.0,0,0,0,1,0,0,0,False,synthetic,53.1273279387201,66.1828819468794,70.74966161836737,75.01987727682985,ridge,True,False,0.0,70.74966161836737,False,False,False,False,False,5,below_rules,monitor,771,80,90,48,1.0
884,2026-09-23,11.47,2026-09-23 02:30:00,100.0,2.27,2026-09-23 00:30:00,176,660,2026-09-23 02:30:00,2026-09-23 22:30:00,2026-09-24,70.9500002179827,76.93280859379973,39.02,34.627143314906526,4.6000004,2.0,0.0,0,0,0,1,0,0,0,False,synthetic,53.09353201303742,66.14908602119672,70.71586569268469,74.98608135114716,ridge,True,False,0.0,70.71586569268469,False,False,False,False,False,5,below_rules,monitor,772,80,90,48,1.0
422,2026-09-23,25.78,2026-09-23 02:30:00,23.35,24.25,2026-09-22 00:30:00,084,1100,2026-09-23 02:30:00,2026-09-23 22:30:00,2026-09-24,46.79714257376535,43.40403456189512,34.01,22.952856608799525,0.76500034,26.0,0.0,0,0,0,1,0,0,0,False,synthetic,53.03676859652228,66.09232260468158,70.65910227616955,74.92931793463202,ridge,True,False,0.0,70.65910227616955,False,False,False,False,False,5,below_rules,monitor,773,80,90,48,1.0
727,2026-09-23,9.32,2026-09-23 02:30:00,100.0,2.04,2026-09-23 00:30:00,145,660,2026-09-23 02:30:00,2026-09-23 22:30:00,2026-09-24,74.54833348592122,76.64990930799111,55.05,40.50166575113932,3.6399999,2.0,0.0,0,0,0,1,0,0,0,False,synthetic,53.03240235432124,66.08795636248054,70.6547360339685,74.924951692431,ridge,True,False,0.0,70.6547360339685,False,False,False,False,False,5,below_rules,monitor,774,80,90,48,1.0
806,2026-09-23,9.13,2026-09-23 02:30:00,98.42,7.56,2026-09-23 00:30:00,161,660,2026-09-23 02:30:00,2026-09-23 22:30:00,2026-09-24,75.85142735072544,78.4082778472513,80.27,38.71142796107701,0.7850001,2.0,0.0,0,0,0,1,0,0,0,False,synthetic,53.00472599391546,66.06028000207476,70.62705967356273,74.8972753320252,ridge,True,False,0.0,70.62705967356273,False,False,False,False,False,5,below_rules,monitor,775,80,90,48,1.0
122,2026-09-23,7.42,2026-09-23 02:30:00,100.0,7.27,2026-09-23 00:30:00,025,660,2026-09-23 02:30:00,2026-09-23 22:30:00,2026-09-24,78.00285720825195,78.64004831852893,94.97,43.13714381626674,0.07500005,2.0,0.0,0,0,0,1,0,0,0,False,synthetic,52.98575319009191,66.0413071982512,70.60808686973917,74.87830252820166,ridge,True,False,0.0,70.60808686973917,False,False,False,False,False,5,below_rules,monitor,776,80,90,48,1.0
77,2026-09-23,8.12,2026-09-23 02:30:00,100.0,5.31,2026-09-23 00:30:00,016,1100,2026-09-23 02:30:00,2026-09-23 22:30:00,2026-09-24,78.39142881120954,77.98863207758717,100.0,43.15857206072126,1.405,2.0,0.0,0,0,0,1,0,0,0,False,synthetic,52.87704669897936,65.93260070713866,70.49938037862663,74.76959603708912,ridge,True,False,0.0,70.49938037862663,False,False,False,False,False,5,below_rules,monitor,777,80,90,48,1.0
962,2026-09-23,7.21,2026-09-23 02:30:00,93.93,3.02,2026-09-23 00:30:00,192,660,2026-09-23 02:30:00,2026-09-23 22:30:00,2026-09-24,78.58571406773159,78.04402324797275,97.03,39.6914291381836,2.095,2.0,0.0,0,0,0,1,0,0,0,False,synthetic,52.84260450314109,65.89815851130038,70.46493818278836,74.73515384125083,ridge,True,False,0.0,70.46493818278836,False,False,False,False,False,5,below_rules,monitor,778,80,90,48,1.0
523,2026-09-23,9.78,2026-09-23 02:30:00,100.0,5.2,2026-09-23 00:30:00,104,660,2026-09-23 02:30:00,2026-09-23 22:30:00,2026-09-24,77.46571459089007,78.1707110558553,96.8,39.392857142857146,2.29,2.0,0.0,0,0,0,1,0,0,0,False,synthetic,52.83610841300099,65.89166242116029,70.45844209264826,74.72865775111075,ridge,True,False,0.0,70.45844209264826,False,False,False,False,False,5,below_rules,monitor,779,80,90,48,1.0
270,2026-09-23,6.93,2026-09-23 02:30:00,91.4,6.51,2026-09-23 00:30:00,053,240,2026-09-23 02:30:00,2026-09-23 22:30:00,2026-09-24,69.57142911638532,71.9803633046597,73.79,47.71000126429966,0.2099998,2.0,0.0,0,0,0,1,0,0,0,True,synthetic,52.78482334067181,65.84037734883111,70.40715702031909,74.67737267878155,ridge,True,False,0.0,70.40715702031909,False,False,False,False,False,5,below_rules,monitor,780,80,90,48,1.0
876,2026-09-23,20.51,2026-09-23 02:30:00,19.5,21.63,2026-09-22 00:30:00,175,660,2026-09-23 02:30:00,2026-09-23 22:30:00,2026-09-24,43.32285717555455,43.31593389021802,33.29,25.278571810041157,0.0,26.0,0.0,0,0,0,1,0,0,0,False,synthetic,52.7823166102475,65.8378706184068,70.40465028989476,74.67486594835725,ridge,True,False,0.0,70.40465028989476,False,False,False,False,False,5,below_rules,monitor,781,80,90,48,1.0
731,2026-09-23,11.83,2026-09-23 02:30:00,95.47,7.64,2026-09-23 00:30:00,146,660,2026-09-23 02:30:00,2026-09-23 22:30:00,2026-09-24,73.98142896379743,75.6050945801613,93.86,37.74571446010045,2.095,2.0,0.0,0,0,0,1,0,0,0,False,synthetic,52.74096492507813,65.79651893323742,70.3632986047254,74.63351426318788,ridge,True,False,0.0,70.3632986047254,False,False,False,False,False,5,below_rules,monitor,782,80,90,48,1.0
661,2026-09-23,10.99,2026-09-23 02:30:00,81.09,4.61,2026-09-23 00:30:00,132,660,2026-09-23 02:30:00,2026-09-23 22:30:00,2026-09-24,66.1942858014788,68.44791584071012,51.09,39.54000037057059,3.1899998,2.0,0.0,0,0,0,1,0,0,0,False,synthetic,52.56264007111904,65.61819407927834,70.1849737507663,74.45518940922878,ridge,True,False,0.0,70.1849737507663,False,False,False,False,False,5,below_rules,monitor,783,80,90,48,1.0
721,2026-09-23,8.94,2026-09-23 02:30:00,100.0,7.33,2026-09-23 00:30:00,144,1100,2026-09-23 02:30:00,2026-09-23 22:30:00,2026-09-24,70.14571489606585,76.20396529436466,70.64,40.94571467808315,0.8049998,2.0,0.0,0,0,0,1,0,0,0,False,synthetic,52.5431517948244,65.5987058029837,70.16548547447167,74.43570113293416,ridge,True,False,0.0,70.16548547447167,False,False,False,False,False,5,below_rules,monitor,784,80,90,48,1.0
236,2026-09-23,5.59,2026-09-23 02:30:00,100.0,6.17,2026-09-23 00:30:00,047,660,2026-09-23 02:30:00,2026-09-23 22:30:00,2026-09-24,80.35714340209961,81.89707692348607,97.82,38.43571526663644,0.0,2.0,0.0,0,0,0,1,0,0,0,False,synthetic,52.54279310302504,65.59834711118434,70.1651267826723,74.4353424411348,ridge,True,False,0.0,70.1651267826723,False,False,False,False,False,5,below_rules,monitor,785,80,90,48,1.0
379,2026-09-23,9.55,2026-09-23 02:30:00,94.41,6.62,2026-09-23 00:30:00,075,660,2026-09-23 02:30:00,2026-09-23 22:30:00,2026-09-24,72.26000050136021,75.67465525648728,48.92,37.57714298793248,1.4650002,2.0,0.0,0,0,0,1,0,0,0,False,synthetic,52.503583625790725,65.55913763395003,70.125917305438,74.39613296390047,ridge,True,False,0.0,70.125917305438,False,False,False,False,False,5,below_rules,monitor,786,80,90,48,1.0
45,2026-09-23,13.98,2026-09-23 02:30:00,98.08,7.24,2026-09-23 00:30:00,009,1100,2026-09-23 02:30:00,2026-09-23 22:30:00,2026-09-24,71.9571418762207,74.21353865746595,94.06,37.552856172834126,3.37,2.0,0.0,0,0,0,1,0,0,0,True,synthetic,52.43604206429405,65.49159607245335,70.05837574394133,74.32859140240379,ridge,True,False,0.0,70.05837574394133,False,False,False,False,False,5,below_rules,monitor,787,80,90,48,1.0
323,2026-09-23,12.04,2026-09-23 02:30:00,88.5,4.04,2026-09-23 00:30:00,064,660,2026-09-23 02:30:00,2026-09-23 22:30:00,2026-09-24,72.56857027326312,73.30811563317978,88.13,35.46571295601981,4.0,2.0,0.0,0,0,0,1,0,0,0,False,synthetic,52.424785060199184,65.48033906835849,70.04711873984645,74.31733439830893,ridge,True,False,0.0,70.04711873984645,False,False,False,False,False,5,below_rules,monitor,788,80,90,48,1.0
760,2026-09-23,8.68,2026-09-23 02:30:00,100.0,5.18,2026-09-23 00:30:00,151,660,2026-09-23 02:30:00,2026-09-23 22:30:00,2026-09-24,80.38142939976284,81.3435199267152,60.79,33.321429116385325,1.7500002,2.0,0.0,0,0,0,1,0,0,0,True,synthetic,52.32112049511936,65.37667450327865,69.94345417476663,74.2136698332291,ridge,True,False,0.0,69.94345417476663,False,False,False,False,False,5,below_rules,monitor,789,80,90,48,1.0
532,2026-09-23,11.57,2026-09-23 02:30:00,90.07,4.39,2026-09-23 00:30:00,106,1100,2026-09-23 02:30:00,2026-09-23 22:30:00,2026-09-24,71.20285742623466,74.74958726876119,38.79,31.97142927987235,3.59,2.0,0.0,0,0,0,1,0,0,0,False,synthetic,52.28457122304109,65.34012523120037,69.90690490268835,74.17712056115083,ridge,True,False,0.0,69.90690490268835,False,False,False,False,False,5,below_rules,monitor,790,80,90,48,1.0
831,2026-09-23,8.46,2026-09-23 02:30:00,99.36,2.15,2026-09-23 00:30:00,166,1100,2026-09-23 02:30:00,2026-09-23 22:30:00,2026-09-24,74.24571500505719,76.19399562107228,62.06,40.877143314906526,3.155,2.0,0.0,0,0,0,1,0,0,0,False,synthetic,52.25458300822545,65.31013701638474,69.87691668787272,74.1471323463352,ridge,True,False,0.0,69.87691668787272,False,False,False,False,False,5,below_rules,monitor,791,80,90,48,1.0
693,2026-09-23,7.74,2026-09-23 02:30:00,91.02,5.31,2026-09-23 00:30:00,138,660,2026-09-23 02:30:00,2026-09-23 22:30:00,2026-09-24,77.13714218139648,75.70205309457128,100.0,40.88571330479213,1.2149999,2.0,0.0,0,0,0,1,0,0,0,False,synthetic,52.25419750486432,65.30975151302361,69.87653118451158,74.14674684297407,ridge,True,False,0.0,69.87653118451158,False,False,False,False,False,5,below_rules,monitor,792,80,90,48,1.0
22,2026-09-23,7.97,2026-09-23 02:30:00,100.0,3.94,2026-09-23 00:30:00,005,240,2026-09-23 02:30:00,2026-09-23 22:30:00,2026-09-24,83.19142859322685,80.65852239618621,94.39,37.40857097080776,2.0149999,2.0,0.0,0,0,0,1,0,0,0,False,synthetic,52.20883404631991,65.26438805447921,69.83116772596718,74.10138338442965,ridge,True,False,0.0,69.83116772596718,False,False,False,False,False,5,below_rules,monitor,793,80,90,48,1.0
501,2026-09-23,9.6,2026-09-23 02:30:00,100.0,1.82,2026-09-23 00:30:00,100,240,2026-09-23 02:30:00,2026-09-23 22:30:00,2026-09-24,74.0557141985212,76.33396804192823,81.52,39.13999993460519,3.89,2.0,0.0,0,0,0,1,0,0,0,False,synthetic,52.20273806041714,65.25829206857644,69.8250717400644,74.09528739852689,ridge,True,False,0.0,69.8250717400644,False,False,False,False,False,5,below_rules,monitor,794,80,90,48,1.0
786,2026-09-23,6.33,2026-09-23 02:30:00,98.85,6.5,2026-09-23 00:30:00,157,1100,2026-09-23 02:30:00,2026-09-23 22:30:00,2026-09-24,79.10571452549526,79.35971387565631,99.11,41.070000239780974,0.0,2.0,0.0,0,0,0,1,0,0,0,False,synthetic,52.13969854989962,65.19525255805891,69.76203222954689,74.03224788800937,ridge,False,False,383.4163000908094,69.76203222954689,False,False,False,False,False,5,below_rules,monitor,795,80,90,48,1.0
92,2026-09-23,7.46,2026-09-23 02:30:00,94.0,6.53,2026-09-23 00:30:00,019,660,2026-09-23 02:30:00,2026-09-23 22:30:00,2026-09-24,69.38285664149693,73.94136151815493,40.01,41.76999964032854,0.4649999,2.0,0.0,0,0,0,1,0,0,0,False,synthetic,52.080579306053686,65.13613331421298,69.70291298570095,73.97312864416344,ridge,True,False,0.0,69.70291298570095,False,False,False,False,False,5,below_rules,monitor,796,80,90,48,1.0
651,2026-09-23,8.39,2026-09-23 02:30:00,97.57,4.86,2026-09-23 00:30:00,130,1100,2026-09-23 02:30:00,2026-09-23 22:30:00,2026-09-24,77.62571443830218,76.9606545140692,84.01,40.6028562273298,1.7650001,2.0,0.0,0,0,0,1,0,0,0,False,synthetic,52.03014941862581,65.0857034267851,69.65248309827308,73.92269875673554,ridge,True,False,0.0,69.65248309827308,False,False,False,False,False,5,below_rules,monitor,797,80,90,48,1.0
456,2026-09-23,10.39,2026-09-23 02:30:00,94.32,7.7,2026-09-23 00:30:00,091,240,2026-09-23 02:30:00,2026-09-23 22:30:00,2026-09-24,71.95428575788226,74.20670215276233,93.84,39.57142802647182,1.3450003,2.0,0.0,0,0,0,1,0,0,0,False,synthetic,52.01524511991307,65.07079912807237,69.63757879956034,73.9077944580228,ridge,True,False,0.0,69.63757879956034,False,False,False,False,False,5,below_rules,monitor,798,80,90,48,1.0
822,2026-09-23,12.21,2026-09-23 02:30:00,100.0,8.09,2026-09-23 00:30:00,164,660,2026-09-23 02:30:00,2026-09-23 22:30:00,2026-09-24,76.10857118879046,77.23496539275448,98.53,35.99428612845285,2.06,2.0,0.0,0,0,0,1,0,0,0,False,synthetic,51.98644362983798,65.04199763799727,69.60877730948525,73.87899296794772,ridge,True,False,0.0,69.60877730948525,False,False,False,False,False,5,below_rules,monitor,799,80,90,48,1.0
779,2026-09-23,4.19,2026-09-23 02:30:00,98.08,2.41,2026-09-23 00:30:00,155,1100,2026-09-23 02:30:00,2026-09-23 22:30:00,2026-09-24,76.40142822265625,76.42736134358715,54.94,46.37999834333147,0.89,2.0,0.0,0,0,0,1,0,0,0,False,synthetic,51.96586194335581,65.02141595151511,69.58819562300307,73.85841128146555,ridge,True,False,0.0,69.58819562300307,False,False,False,False,False,5,below_rules,monitor,800,80,90,48,1.0
652,2026-09-23,29.48,2026-09-23 02:30:00,25.98,31.46,2026-09-22 00:30:00,130,660,2026-09-23 02:30:00,2026-09-23 22:30:00,2026-09-24,40.534285409109934,39.499837810501205,33.03,23.225714002336776,0.0,26.0,0.0,0,0,0,1,0,0,0,False,synthetic,51.93038619469567,64.98594020285498,69.55271987434294,73.82293553280542,ridge,True,False,21.6563138605628,69.55271987434294,False,False,False,False,False,5,below_rules,monitor,801,80,90,48,1.0
333,2026-09-23,10.95,2026-09-23 02:30:00,84.8,8.09,2026-09-23 00:30:00,066,660,2026-09-23 02:30:00,2026-09-23 22:30:00,2026-09-24,67.6914291381836,69.1211432647757,51.41,40.75,1.4299998,2.0,0.0,0,0,0,1,0,0,0,False,synthetic,51.92910100805811,64.9846550162174,69.55143468770538,73.82165034616786,ridge,True,False,0.0,69.55143468770538,False,False,False,False,False,5,below_rules,monitor,802,80,90,48,1.0
94,2026-09-23,10.74,2026-09-23 02:30:00,93.33,0.86,2026-09-23 00:30:00,019,1100,2026-09-23 02:30:00,2026-09-23 22:30:00,2026-09-24,66.81143024989537,71.40540210597996,39.56,38.81000164576939,4.94,2.0,0.0,0,0,0,1,0,0,0,False,synthetic,51.91862825748953,64.97418226564884,69.5409619371368,73.81117759559928,ridge,True,False,0.0,69.5409619371368,False,False,False,False,False,5,below_rules,monitor,803,80,90,48,1.0
259,2026-09-23,5.9,2026-09-23 02:30:00,99.29,2.86,2026-09-23 00:30:00,051,660,2026-09-23 02:30:00,2026-09-23 22:30:00,2026-09-24,71.22714342389789,75.55664217228133,55.18,43.74142946515765,1.5200001,2.0,0.0,0,0,0,1,0,0,0,False,synthetic,51.868556987013406,64.9241109951727,69.49089066666068,73.76110632512315,ridge,True,False,0.0,69.49089066666068,False,False,False,False,False,5,below_rules,monitor,804,80,90,48,1.0
298,2026-09-23,5.41,2026-09-23 02:30:00,,6.13,2026-09-23 00:30:00,059,1100,2026-09-23 02:30:00,2026-09-23 22:30:00,2026-09-24,70.0716667175293,68.99154242296261,67.77,39.52333323160807,0.0,2.0,0.0,0,0,0,1,0,0,0,False,synthetic,51.85802478399325,64.91357879215255,69.48035846364053,73.75057412210299,ridge,True,True,9.75627909049015,69.48035846364053,False,False,False,False,False,5,below_rules,monitor,805,80,90,48,1.0
938,2026-09-23,6.57,2026-09-23 02:30:00,99.86,3.81,2026-09-23 00:30:00,187,1100,2026-09-23 02:30:00,2026-09-23 22:30:00,2026-09-24,72.47428567068917,77.55826344243623,73.99,40.147142137799946,1.3800001,2.0,0.0,0,0,0,1,0,0,0,False,synthetic,51.85720373116581,64.91275773932512,69.47953741081308,73.74975306927556,ridge,True,False,0.0,69.47953741081308,False,False,False,False,False,5,below_rules,monitor,806,80,90,48,1.0
48,2026-09-23,8.65,2026-09-23 02:30:00,84.05,9.01,2026-09-23 00:30:00,010,1100,2026-09-23 02:30:00,2026-09-23 22:30:00,2026-09-24,73.61000006539481,74.12604861015785,52.8,35.6985718863351,0.0,2.0,0.0,0,0,0,1,0,0,0,False,synthetic,51.83812092139424,64.89367492955353,69.4604546010415,73.73067025950398,ridge,True,False,0.0,69.4604546010415,False,False,False,False,False,5,below_rules,monitor,807,80,90,48,1.0
23,2026-09-23,6.69,2026-09-23 02:30:00,100.0,6.28,2026-09-23 00:30:00,005,240,2026-09-23 02:30:00,2026-09-23 22:30:00,2026-09-24,78.13428497314453,79.67825552235315,100.0,38.99428449358259,0.20499992,2.0,0.0,0,0,0,1,0,0,0,False,synthetic,51.78335195014127,64.83890595830056,69.40568562978854,73.67590128825101,ridge,True,False,0.0,69.40568562978854,False,False,False,False,False,5,below_rules,monitor,808,80,90,48,1.0
392,2026-09-23,11.47,2026-09-23 02:30:00,80.88,5.72,2026-09-23 00:30:00,078,660,2026-09-23 02:30:00,2026-09-23 22:30:00,2026-09-24,69.66857147216797,71.11643873630526,48.33,32.607142857142854,2.8750002,2.0,0.0,0,0,0,1,0,0,0,False,synthetic,51.66160106880376,64.71715507696305,69.28393474845103,73.55415040691351,ridge,True,True,14.552573787798448,69.28393474845103,False,False,False,False,False,5,below_rules,monitor,809,80,90,48,1.0
896,2026-09-23,3.23,2026-09-23 02:30:00,100.0,6.73,2026-09-23 00:30:00,179,1100,2026-09-23 02:30:00,2026-09-23 22:30:00,2026-09-24,79.84714235578265,81.31005724762733,100.0,40.43999917166574,0.0,2.0,0.0,0,0,0,1,0,0,0,False,synthetic,51.65128365441063,64.70683766256994,69.2736173340579,73.54383299252038,ridge,True,False,0.0,69.2736173340579,False,False,False,False,False,5,below_rules,monitor,810,80,90,48,1.0
340,2026-09-23,8.15,2026-09-23 02:30:00,100.0,4.75,2026-09-23 00:30:00,067,660,2026-09-23 02:30:00,2026-09-23 22:30:00,2026-09-24,75.82571302141461,77.76288460102943,86.53,38.9071410042899,1.6999998,2.0,0.0,0,0,0,1,0,0,0,True,synthetic,51.64606498411699,64.70161899227628,69.26839866376426,73.53861432222673,ridge,True,False,49.43096639183678,69.26839866376426,False,False,False,False,False,5,below_rules,monitor,811,80,90,48,1.0
44,2026-09-23,8.61,2026-09-23 02:30:00,78.33,5.26,2026-09-23 00:30:00,009,240,2026-09-23 02:30:00,2026-09-23 22:30:00,2026-09-24,70.36833381652832,69.07027700294785,,40.21999994913737,1.6749997,2.0,0.0,0,0,0,1,0,0,0,False,synthetic,51.543096553960325,64.59865056211962,69.1654302336076,73.43564589207007,ridge,True,False,0.0,69.1654302336076,False,False,False,False,False,5,below_rules,monitor,812,80,90,48,1.0
262,2026-09-23,7.08,2026-09-23 02:30:00,98.22,2.28,2026-09-23 00:30:00,052,1100,2026-09-23 02:30:00,2026-09-23 22:30:00,2026-09-24,82.49714388166156,81.20205851941242,99.16,34.40142931256975,2.4,2.0,0.0,0,0,0,1,0,0,0,False,synthetic,51.4797295135765,64.5352835217358,69.10206319322377,73.37227885168625,ridge,True,False,0.0,69.10206319322377,False,False,False,False,False,5,below_rules,monitor,813,80,90,48,1.0
877,2026-09-23,2.44,2026-09-23 02:30:00,97.13,7.87,2026-09-23 00:30:00,175,1100,2026-09-23 02:30:00,2026-09-23 22:30:00,2026-09-24,79.34857014247349,80.27428081336308,100.0,41.0014272417341,0.0,2.0,0.0,0,0,0,1,0,0,0,False,synthetic,51.42276530589606,64.47831931405535,69.04509898554332,73.31531464400581,ridge,True,False,0.0,69.04509898554332,False,False,False,False,False,5,below_rules,monitor,814,80,90,48,1.0
235,2026-09-23,6.24,2026-09-23 02:30:00,93.13,0.85,2026-09-23 00:30:00,046,660,2026-09-23 02:30:00,2026-09-23 22:30:00,2026-09-24,78.47999899727958,76.32689306026776,95.52,40.47428403581892,2.695,2.0,0.0,0,0,0,1,0,0,0,True,synthetic,51.405609515911465,64.46116352407077,69.02794319555873,73.29815885402121,ridge,True,False,0.0,69.02794319555873,False,False,False,False,False,5,below_rules,monitor,815,80,90,48,1.0
505,2026-09-23,7.94,2026-09-23 02:30:00,89.33,3.22,2026-09-23 00:30:00,100,1100,2026-09-23 02:30:00,2026-09-23 22:30:00,2026-09-24,73.18000030517578,74.6426008483507,67.14,36.68142945425851,2.3600001,2.0,0.0,0,0,0,1,0,0,0,True,synthetic,51.40037604735255,64.45593005551186,69.02270972699982,73.2929253854623,ridge,True,False,6.825613653862493,69.02270972699982,False,False,False,False,False,5,below_rules,monitor,816,80,90,48,1.0
409,2026-09-23,9.66,2026-09-23 02:30:00,98.79,5.62,2026-09-23 00:30:00,081,660,2026-09-23 02:30:00,2026-09-23 22:30:00,2026-09-24,75.64571489606585,76.90920045165637,92.36,37.4414302280971,2.02,2.0,0.0,0,0,0,1,0,0,0,False,synthetic,51.3982122638923,64.4537662720516,69.02054594353956,73.29076160200205,ridge,True,False,0.0,69.02054594353956,False,False,False,False,False,5,below_rules,monitor,817,80,90,48,1.0
281,2026-09-23,10.42,2026-09-23 02:30:00,96.44,3.43,2026-09-23 00:30:00,056,660,2026-09-23 02:30:00,2026-09-23 22:30:00,2026-09-24,74.00714329310826,74.42942041218751,100.0,39.00714329310826,3.495,2.0,0.0,0,0,0,1,0,0,0,False,synthetic,51.38213945632253,64.43769346448184,69.0044731359698,73.27468879443228,ridge,True,False,0.0,69.0044731359698,False,False,False,False,False,5,below_rules,monitor,818,80,90,48,1.0
350,2026-09-23,6.09,2026-09-23 02:30:00,79.36,6.51,2026-09-23 00:30:00,069,660,2026-09-23 02:30:00,2026-09-23 22:30:00,2026-09-24,70.46000017438617,69.7448177680342,47.98,42.66857201712472,0.0,2.0,0.0,0,0,0,1,0,0,0,True,synthetic,51.33697556143117,64.39252956959047,68.95930924107844,73.22952489954092,ridge,True,False,0.0,68.95930924107844,False,False,False,False,False,5,below_rules,monitor,819,80,90,48,1.0
685,2026-09-23,3.42,2026-09-23 02:30:00,97.92,3.4,2026-09-23 00:30:00,136,660,2026-09-23 02:30:00,2026-09-23 22:30:00,2026-09-24,80.51428604125977,79.84236283122547,99.12,41.72999954223633,0.00999999,2.0,0.0,0,0,0,1,0,0,0,True,synthetic,51.32445807463426,64.38001208279356,68.94679175428152,73.21700741274401,ridge,True,False,0.0,68.94679175428152,False,False,False,False,False,5,below_rules,monitor,820,80,90,48,1.0
923,2026-09-23,8.86,2026-09-23 02:30:00,92.97,3.96,2026-09-23 00:30:00,184,1100,2026-09-23 02:30:00,2026-09-23 22:30:00,2026-09-24,74.59833399454753,74.78210962623598,96.69,38.75166765848795,2.4499998,2.0,0.0,0,0,0,1,0,0,0,False,synthetic,51.31089706230555,64.36645107046485,68.93323074195283,73.20344640041529,ridge,True,False,0.0,68.93323074195283,False,False,False,False,False,5,below_rules,monitor,821,80,90,48,1.0
256,2026-09-23,6.09,2026-09-23 02:30:00,98.44,6.19,2026-09-23 00:30:00,051,660,2026-09-23 02:30:00,2026-09-23 22:30:00,2026-09-24,75.08428628104073,78.07411823987539,94.71,39.87714385986328,0.0,2.0,0.0,0,0,0,1,0,0,0,False,synthetic,51.30948944580723,64.36504345396654,68.9318231254545,73.20203878391698,ridge,True,False,0.0,68.9318231254545,False,False,False,False,False,5,below_rules,monitor,822,80,90,48,1.0
206,2026-09-23,10.11,2026-09-23 02:30:00,85.45,5.81,2026-09-23 00:30:00,041,660,2026-09-23 02:30:00,2026-09-23 22:30:00,2026-09-24,73.81714194161552,71.6307394847367,80.09,38.42999976021903,2.1499999,2.0,0.0,0,0,0,1,0,0,0,False,synthetic,51.26495677478259,64.32051078294188,68.88729045442986,73.15750611289234,ridge,True,False,0.0,68.88729045442986,False,False,False,False,False,5,below_rules,monitor,823,80,90,48,1.0
465,2026-09-23,12.23,2026-09-23 02:30:00,100.0,8.67,2026-09-23 00:30:00,092,660,2026-09-23 02:30:00,2026-09-23 22:30:00,2026-09-24,65.5585708618164,72.23110929032279,37.53,38.6499993460519,1.7799997,2.0,0.0,0,0,0,1,0,0,0,True,synthetic,51.16306403845235,64.21861804661165,68.78539771809962,73.05561337656209,ridge,True,False,0.0,68.78539771809962,False,False,False,False,False,5,below_rules,monitor,824,80,90,48,1.0
506,2026-09-23,4.5,2026-09-23 02:30:00,100.0,6.67,2026-09-23 00:30:00,101,240,2026-09-23 02:30:00,2026-09-23 22:30:00,2026-09-24,82.68500073750813,79.66475796378366,100.0,42.340000788370766,0.0,2.0,0.0,0,0,0,1,0,0,0,False,synthetic,51.095108451415456,64.15066245957476,68.71744213106273,72.9876577895252,ridge,True,False,0.0,68.71744213106273,False,False,False,False,False,5,below_rules,monitor,825,80,90,48,1.0
692,2026-09-23,9.86,2026-09-23 02:30:00,93.12,4.98,2026-09-23 00:30:00,138,660,2026-09-23 02:30:00,2026-09-23 22:30:00,2026-09-24,73.83142907278878,73.14511434209969,100.0,40.28142901829311,2.4399998,2.0,0.0,0,0,0,1,0,0,0,False,synthetic,51.09195874387877,64.14751275203807,68.71429242352605,72.98450808198851,ridge,True,False,0.0,68.71429242352605,False,False,False,False,False,5,below_rules,monitor,826,80,90,48,1.0
676,2026-09-23,3.99,2026-09-23 02:30:00,99.49,1.6,2026-09-23 00:30:00,135,660,2026-09-23 02:30:00,2026-09-23 22:30:00,2026-09-24,79.77999986921039,79.81035563203213,97.23,40.47428567068918,1.1949999,2.0,0.0,0,0,0,1,0,0,0,False,synthetic,51.08950716437556,64.14506117253487,68.71184084402283,72.9820565024853,ridge,True,False,0.0,68.71184084402283,False,False,False,False,False,5,below_rules,monitor,827,80,90,48,1.0
376,2026-09-23,11.14,2026-09-23 02:30:00,100.0,4.0,2026-09-23 00:30:00,075,660,2026-09-23 02:30:00,2026-09-23 22:30:00,2026-09-24,71.46857125418526,77.84017767493009,51.05,29.499999727521622,3.5700002,2.0,0.0,0,0,0,1,0,0,0,False,synthetic,51.038240186724686,64.09379419488398,68.66057386637195,72.93078952483444,ridge,True,False,0.0,68.66057386637195,False,False,False,False,False,5,below_rules,monitor,828,80,90,48,1.0
817,2026-09-23,7.43,2026-09-23 02:30:00,79.16,6.72,2026-09-23 00:30:00,163,660,2026-09-23 02:30:00,2026-09-23 22:30:00,2026-09-24,65.71428571428571,67.66002559429886,41.78,42.11714281354632,0.35500002,2.0,0.0,0,0,0,1,0,0,0,False,synthetic,51.01009279413361,64.06564680229292,68.63242647378088,72.90264213224336,ridge,True,False,0.0,68.63242647378088,False,False,False,False,False,5,below_rules,monitor,829,80,90,48,1.0
186,2026-09-23,8.48,2026-09-23 02:30:00,94.41,7.9,2026-09-23 00:30:00,037,1100,2026-09-23 02:30:00,2026-09-23 22:30:00,2026-09-24,75.50000163487026,75.38284996791462,78.66,39.23285893031529,0.28999972,2.0,0.0,0,0,0,1,0,0,0,False,synthetic,50.975088625429336,64.03064263358863,68.5974223050766,72.86763796353908,ridge,True,False,0.0,68.5974223050766,False,False,False,False,False,5,below_rules,monitor,830,80,90,48,1.0
243,2026-09-23,10.16,2026-09-23 02:30:00,100.0,3.84,2026-09-23 00:30:00,048,1100,2026-09-23 02:30:00,2026-09-23 22:30:00,2026-09-24,76.62714276994977,76.87582113483049,48.97,35.45428466796875,3.1599998,2.0,0.0,0,0,0,1,0,0,0,False,synthetic,50.95730568406576,64.01285969222505,68.57963936371303,72.8498550221755,ridge,True,False,0.0,68.57963936371303,False,False,False,False,False,5,below_rules,monitor,831,80,90,48,1.0
329,2026-09-23,4.42,2026-09-23 02:30:00,99.05,5.95,2026-09-23 00:30:00,065,1100,2026-09-23 02:30:00,2026-09-23 22:30:00,2026-09-24,80.09571511404855,80.2909193616056,98.35,39.08142907278879,0.0,2.0,0.0,0,0,0,1,0,0,0,False,synthetic,50.90402498304244,63.95957899120174,68.52635866268972,72.79657432115218,ridge,True,False,0.0,68.52635866268972,False,False,False,False,False,5,below_rules,monitor,832,80,90,48,1.0
423,2026-09-23,10.17,2026-09-23 02:30:00,97.87,6.67,2026-09-23 00:30:00,084,660,2026-09-23 02:30:00,2026-09-23 22:30:00,2026-09-24,74.31714303152901,75.82690962872384,88.46,36.80142893110003,1.75,2.0,0.0,0,0,0,1,0,0,0,False,synthetic,50.86475148780802,63.92030549596732,68.48708516745529,72.75730082591777,ridge,True,False,0.0,68.48708516745529,False,False,False,False,False,5,below_rules,monitor,833,80,90,48,1.0
604,2026-09-23,9.67,2026-09-23 02:30:00,99.86,8.42,2026-09-23 00:30:00,120,660,2026-09-23 02:30:00,2026-09-23 22:30:00,2026-09-24,73.3471429007394,75.7720827555155,89.37,39.00571441650391,0.625,2.0,0.0,0,0,0,1,0,0,0,False,synthetic,50.85465849725543,63.91021250541473,68.4769921769027,72.74720783536517,ridge,True,False,0.0,68.4769921769027,False,False,False,False,False,5,below_rules,monitor,834,80,90,48,1.0
139,2026-09-23,8.4,2026-09-23 02:30:00,99.11,3.46,2026-09-23 00:30:00,028,1100,2026-09-23 02:30:00,2026-09-23 22:30:00,2026-09-24,73.69714246477399,75.46212078610517,79.5,39.72000013078962,2.4699998,2.0,0.0,0,0,0,1,0,0,0,False,synthetic,50.8159319898248,63.8714859979841,68.43826566947207,72.70848132793455,ridge,True,False,0.0,68.43826566947207,False,False,False,False,False,5,below_rules,monitor,835,80,90,48,1.0
808,2026-09-23,12.95,2026-09-23 02:30:00,90.79,5.34,2026-09-23 00:30:00,161,660,2026-09-23 02:30:00,2026-09-23 22:30:00,2026-09-24,73.0114277430943,71.50881386138693,83.84,36.27999932425363,3.8049998,2.0,0.0,0,0,0,1,0,0,0,False,synthetic,50.81338329542005,63.86893730357935,68.43571697506732,72.7059326335298,ridge,True,False,0.0,68.43571697506732,False,False,False,False,False,5,below_rules,monitor,836,80,90,48,1.0
226,2026-09-23,7.27,2026-09-23 02:30:00,95.51,5.31,2026-09-23 00:30:00,045,660,2026-09-23 02:30:00,2026-09-23 22:30:00,2026-09-24,75.95000103541783,78.31367948988188,98.31,34.54000200544085,0.98,2.0,0.0,0,0,0,1,0,0,0,False,synthetic,50.693642991374745,63.74919699953404,68.31597667102201,72.58619232948449,ridge,True,False,0.0,68.31597667102201,False,False,False,False,False,5,below_rules,monitor,837,80,90,48,1.0
859,2026-09-23,6.01,2026-09-23 02:30:00,76.68,5.51,2026-09-23 00:30:00,171,1100,2026-09-23 02:30:00,2026-09-23 22:30:00,2026-09-24,68.57571411132812,68.00478859637566,42.57,42.39571380615234,0.25,2.0,0.0,0,0,0,1,0,0,0,False,synthetic,50.68043273742855,63.73598674558784,68.30276641707582,72.57298207553829,ridge,True,False,0.0,68.30276641707582,False,False,False,False,False,5,below_rules,monitor,838,80,90,48,1.0
842,2026-09-23,16.16,2026-09-23 02:30:00,100.0,6.31,2026-09-23 00:30:00,168,1100,2026-09-23 02:30:00,2026-09-23 22:30:00,2026-09-24,66.16714314052037,73.2737791419456,45.82,29.07857131958008,4.925,2.0,0.0,0,0,0,1,0,0,0,False,synthetic,50.64003332515995,63.695587333319246,68.26236700480722,72.5325826632697,ridge,True,False,0.0,68.26236700480722,False,False,False,False,False,5,below_rules,monitor,839,80,90,48,1.0
945,2026-09-23,7.32,2026-09-23 02:30:00,93.75,4.14,2026-09-23 00:30:00,188,660,2026-09-23 02:30:00,2026-09-23 22:30:00,2026-09-24,76.9599996294294,75.22710212518905,96.54,39.95428521292551,1.5900002,2.0,0.0,0,0,0,1,0,0,0,True,synthetic,50.56439885319398,63.61995286135328,68.18673253284125,72.45694819130372,ridge,True,False,0.0,68.18673253284125,False,False,False,False,False,5,below_rules,monitor,840,80,90,48,1.0
625,2026-09-23,5.03,2026-09-23 02:30:00,91.19,3.56,2026-09-23 00:30:00,124,660,2026-09-23 02:30:00,2026-09-23 22:30:00,2026-09-24,79.5457147870745,77.94586433122555,100.0,36.6500004359654,0.73500013,2.0,0.0,0,0,0,1,0,0,0,True,synthetic,50.40866190171303,63.46421590987233,68.0309955813603,72.30121123982278,ridge,True,False,0.0,68.0309955813603,False,False,False,False,False,5,below_rules,monitor,841,80,90,48,1.0
19,2026-09-23,8.61,2026-09-23 02:30:00,86.39,2.49,2026-09-23 00:30:00,004,1100,2026-09-23 02:30:00,2026-09-23 22:30:00,2026-09-24,73.42000007629395,71.27684642362019,87.47,39.28285680498396,3.06,2.0,0.0,0,0,0,1,0,0,0,False,synthetic,50.36433794112007,63.41989194927937,67.98667162076734,72.25688727922982,ridge,True,False,0.0,67.98667162076734,False,False,False,False,False,5,below_rules,monitor,842,80,90,48,1.0
810,2026-09-23,9.88,2026-09-23 02:30:00,99.25,4.89,2026-09-23 00:30:00,161,660,2026-09-23 02:30:00,2026-09-23 22:30:00,2026-09-24,73.5928568158831,74.27335703939846,100.0,39.86714281354632,2.4950001,2.0,0.0,0,0,0,1,0,0,0,True,synthetic,50.36116038822908,63.41671439638838,67.98349406787635,72.25370972633883,ridge,True,False,0.0,67.98349406787635,False,False,False,False,False,5,below_rules,monitor,843,80,90,48,1.0
28,2026-09-23,7.23,2026-09-23 02:30:00,91.9,3.41,2026-09-23 00:30:00,006,660,2026-09-23 02:30:00,2026-09-23 22:30:00,2026-09-24,74.01857049124581,72.46564322806472,99.03,42.93714141845703,1.91,2.0,0.0,0,0,0,1,0,0,0,False,synthetic,50.3312676870396,63.3868216951989,67.95360136668687,72.22381702514934,ridge,True,False,0.0,67.95360136668687,False,False,False,False,False,5,below_rules,monitor,844,80,90,48,1.0
213,2026-09-23,7.39,2026-09-23 02:30:00,100.0,5.73,2026-09-23 00:30:00,042,660,2026-09-23 02:30:00,2026-09-23 22:30:00,2026-09-24,73.34285736083984,76.92598638241918,93.01,38.07285717555455,0.8299999,2.0,0.0,0,0,0,1,0,0,0,False,synthetic,50.27621996759353,63.33177397575283,67.8985536472408,72.16876930570328,ridge,True,False,0.0,67.8985536472408,False,False,False,False,False,5,below_rules,monitor,845,80,90,48,1.0
860,2026-09-23,4.17,2026-09-23 02:30:00,100.0,10.51,2026-09-23 00:30:00,171,240,2026-09-23 02:30:00,2026-09-23 22:30:00,2026-09-24,79.97285733904157,79.30364841557021,99.99,39.84142848423549,0.0,2.0,0.0,0,0,0,1,0,0,0,True,synthetic,50.154083542141,63.20963755030029,67.77641722178826,72.04663288025074,ridge,True,False,0.0,67.77641722178826,False,False,False,False,False,5,below_rules,monitor,846,80,90,48,1.0
998,2026-09-23,14.98,2026-09-23 02:30:00,81.28,1.72,2026-09-23 00:30:00,199,660,2026-09-23 02:30:00,2026-09-23 22:30:00,2026-09-24,64.85857173374721,64.9840475270303,59.08,34.352857317243306,6.6299996,2.0,0.0,0,0,0,1,0,0,0,False,synthetic,50.13225164901415,63.18780565717345,67.75458532866142,72.0248009871239,ridge,True,False,0.0,67.75458532866142,False,False,False,False,False,5,below_rules,monitor,847,80,90,48,1.0
244,2026-09-23,8.49,2026-09-23 02:30:00,93.64,3.66,2026-09-23 00:30:00,048,660,2026-09-23 02:30:00,2026-09-23 22:30:00,2026-09-24,78.12142835344586,75.6264729725566,99.88,36.55999919346401,2.415,2.0,0.0,0,0,0,1,0,0,0,False,synthetic,50.06516829145956,63.120722299618855,67.68750197110683,71.9577176295693,ridge,True,False,0.0,67.68750197110683,False,False,False,False,False,5,below_rules,monitor,848,80,90,48,1.0
136,2026-09-23,5.88,2026-09-23 02:30:00,99.89,6.83,2026-09-23 00:30:00,028,660,2026-09-23 02:30:00,2026-09-23 22:30:00,2026-09-24,82.23142678397042,81.24816992392147,98.71,34.65714045933315,0.0,2.0,0.0,0,0,0,1,0,0,0,False,synthetic,50.06353447335528,63.119088481514574,67.68586815300255,71.95608381146502,ridge,True,False,0.0,67.68586815300255,False,False,False,False,False,5,below_rules,monitor,849,80,90,48,1.0
46,2026-09-23,2.21,2026-09-23 02:30:00,100.0,7.06,2026-09-23 00:30:00,010,660,2026-09-23 02:30:00,2026-09-23 22:30:00,2026-09-24,79.3457145690918,82.44275889271248,48.16,33.55857140677316,0.0,2.0,0.0,0,0,0,1,0,0,0,False,synthetic,49.99069373336837,63.04624774152767,67.61302741301563,71.88324307147812,ridge,True,False,0.0,67.61302741301563,False,False,False,False,False,5,below_rules,monitor,850,80,90,48,1.0
472,2026-09-23,9.7,2026-09-23 02:30:00,73.62,4.8,2026-09-23 00:30:00,094,1100,2026-09-23 02:30:00,2026-09-23 22:30:00,2026-09-24,70.41571535382953,68.04791407898513,55.23,34.04857226780483,2.4499998,2.0,0.0,0,0,0,1,0,0,0,False,synthetic,49.97440976113526,63.02996376929456,67.59674344078253,71.86695909924501,ridge,True,False,0.0,67.59674344078253,False,False,False,False,False,5,below_rules,monitor,851,80,90,48,1.0
852,2026-09-23,4.18,2026-09-23 02:30:00,98.03,6.31,2026-09-23 00:30:00,170,660,2026-09-23 02:30:00,2026-09-23 22:30:00,2026-09-24,85.04857199532645,82.62423211765253,96.93,33.56571415492466,0.0,2.0,0.0,0,0,0,1,0,0,0,False,synthetic,49.969162343753226,63.02471635191253,67.5914960234005,71.86171168186297,ridge,True,False,0.0,67.5914960234005,False,False,False,False,False,5,below_rules,monitor,852,80,90,48,1.0
791,2026-09-23,5.1,2026-09-23 02:30:00,84.1,2.7,2026-09-23 00:30:00,158,660,2026-09-23 02:30:00,2026-09-23 22:30:00,2026-09-24,72.24285779680524,70.96101623090416,62.77,41.684286390032085,1.1999999,2.0,0.0,0,0,0,1,0,0,0,False,synthetic,49.95474529165814,63.01029929981744,67.57707897130541,71.84729462976789,ridge,True,False,0.0,67.57707897130541,False,False,False,False,False,5,below_rules,monitor,853,80,90,48,1.0
121,2026-09-23,5.32,2026-09-23 02:30:00,98.73,5.16,2026-09-23 00:30:00,025,660,2026-09-23 02:30:00,2026-09-23 22:30:00,2026-09-24,83.35166676839192,80.39357853634671,100.0,36.60333379109701,0.08000016,2.0,0.0,0,0,0,1,0,0,0,False,synthetic,49.85066579195923,62.90621980011853,67.4729994716065,71.74321513006898,ridge,True,False,0.0,67.4729994716065,False,False,False,False,False,5,below_rules,monitor,854,80,90,48,1.0
654,2026-09-23,12.14,2026-09-23 02:30:00,98.59,2.99,2026-09-23 00:30:00,130,660,2026-09-23 02:30:00,2026-09-23 22:30:00,2026-09-24,70.41000039236886,72.6154611286227,33.56,34.52571432931082,4.5750003,2.0,0.0,0,0,0,1,0,0,0,False,synthetic,49.81134318861754,62.86689719677684,67.43367686826481,71.70389252672729,ridge,True,False,0.0,67.43367686826481,False,False,False,False,False,5,below_rules,monitor,855,80,90,48,1.0
312,2026-09-23,6.21,2026-09-23 00:30:00,82.35,6.21,2026-09-23 00:30:00,062,660,2026-09-23 02:30:00,2026-09-23 22:30:00,2026-09-24,72.49000004359654,71.87258521368742,98.19,33.03428595406668,0.0,2.0,2.0,0,0,0,1,0,0,0,False,synthetic,49.78452322011855,62.84007722827785,67.40685689976581,71.6770725582283,ridge,True,True,0.0,67.40685689976581,False,False,False,False,False,5,below_rules,monitor,856,80,90,48,1.0
954,2026-09-23,10.17,2026-09-23 02:30:00,54.24,4.98,2026-09-23 00:30:00,190,1100,2026-09-23 02:30:00,2026-09-23 22:30:00,2026-09-24,59.34142875671387,60.853427235399806,24.85,30.252857753208705,2.595,2.0,0.0,0,0,0,1,0,0,0,False,synthetic,49.73226481146728,62.78781881962657,67.35459849111454,71.62481414957702,ridge,True,False,0.0,67.35459849111454,False,False,False,False,False,5,below_rules,monitor,857,80,90,48,1.0
401,2026-09-23,4.88,2026-09-23 02:30:00,100.0,5.51,2026-09-23 00:30:00,080,1100,2026-09-23 02:30:00,2026-09-23 22:30:00,2026-09-24,78.62166659037273,78.13835106562094,98.21,40.41166750590006,0.0,2.0,0.0,0,0,0,1,0,0,0,False,synthetic,49.6762434109181,62.7317974190774,67.29857709056537,71.56879274902785,ridge,True,False,0.0,67.29857709056537,False,False,False,False,False,5,below_rules,monitor,858,80,90,48,1.0
11,2026-09-23,6.54,2026-09-23 02:30:00,96.62,5.67,2026-09-23 00:30:00,003,660,2026-09-23 02:30:00,2026-09-23 22:30:00,2026-09-24,76.0942873273577,75.73799563297354,96.16,39.68428693498884,0.43499994,2.0,0.0,0,0,0,1,0,0,0,False,synthetic,49.60378652154036,62.659340529699655,67.22612020118763,71.4963358596501,ridge,True,False,0.0,67.22612020118763,False,False,False,False,False,5,below_rules,monitor,859,80,90,48,1.0
272,2026-09-23,5.58,2026-09-23 02:30:00,90.56,6.23,2026-09-23 00:30:00,054,660,2026-09-23 02:30:00,2026-09-23 22:30:00,2026-09-24,76.65666580200195,75.67296247027778,,36.75666681925456,0.0,2.0,0.0,0,0,0,1,0,0,0,False,synthetic,49.54981301625918,62.60536702441848,67.17214669590645,71.44236235436892,ridge,True,True,0.0,67.17214669590645,False,False,False,False,False,5,below_rules,monitor,860,80,90,48,1.0
483,2026-09-23,23.51,2026-09-23 02:30:00,29.1,27.43,2026-09-22 00:30:00,096,660,2026-09-23 02:30:00,2026-09-23 22:30:00,2026-09-24,41.88714272635324,41.25704347144275,32.95,23.81714235033308,0.0,26.0,0.0,0,0,0,1,0,0,0,False,synthetic,49.50384044652294,62.55939445468224,67.12617412617021,71.39638978463269,ridge,True,False,0.0,67.12617412617021,False,False,False,False,False,5,below_rules,monitor,861,80,90,48,1.0
182,2026-09-23,4.66,2026-09-23 00:30:00,100.0,4.66,2026-09-23 00:30:00,036,660,2026-09-23 02:30:00,2026-09-23 22:30:00,2026-09-24,73.33000019618443,75.00855734932072,74.74,38.42142868041992,0.0,2.0,2.0,0,0,0,1,0,0,0,False,synthetic,49.485246110911135,62.54080011907043,67.1075797905584,71.37779544902088,ridge,True,False,0.0,67.1075797905584,False,False,False,False,False,5,below_rules,monitor,862,80,90,48,1.0
885,2026-09-23,7.33,2026-09-23 02:30:00,81.98,4.14,2026-09-23 00:30:00,176,660,2026-09-23 02:30:00,2026-09-23 22:30:00,2026-09-24,71.2942864554269,70.55172884779475,93.28,37.45000076293945,1.595,2.0,0.0,0,0,0,1,0,0,0,True,synthetic,49.46371526753789,62.51926927569719,67.08604894718516,71.35626460564764,ridge,True,False,0.0,67.08604894718516,False,False,False,False,False,5,below_rules,monitor,863,80,90,48,1.0
295,2026-09-23,7.86,2026-09-23 02:30:00,76.98,6.12,2026-09-23 00:30:00,058,660,2026-09-23 02:30:00,2026-09-23 22:30:00,2026-09-24,72.9414291381836,71.25339848519302,98.79,33.32428577968052,0.8700001,2.0,0.0,0,0,0,1,0,0,0,True,synthetic,49.4376416672047,62.493195675364,67.05997534685197,71.33019100531445,ridge,True,True,0.0,67.05997534685197,False,False,False,False,False,5,below_rules,monitor,864,80,90,48,1.0
16,2026-09-23,6.55,2026-09-23 02:30:00,87.94,4.28,2026-09-23 00:30:00,004,660,2026-09-23 02:30:00,2026-09-23 22:30:00,2026-09-24,71.93857138497489,72.25594411235735,96.2,38.83857154846192,1.135,2.0,0.0,0,0,0,1,0,0,0,False,synthetic,49.339240007277446,62.39479401543674,66.96157368692471,71.2317893453872,ridge,True,False,0.0,66.96157368692471,False,False,False,False,False,5,below_rules,monitor,865,80,90,48,1.0
336,2026-09-23,8.43,2026-09-23 02:30:00,91.6,2.73,2026-09-23 00:30:00,067,660,2026-09-23 02:30:00,2026-09-23 22:30:00,2026-09-24,69.13571439470563,74.17886070937053,25.91,30.350000381469727,2.8500001,2.0,0.0,0,0,0,1,0,0,0,False,synthetic,49.32958348723941,62.38513749539871,66.95191716688669,71.22213282534915,ridge,True,False,0.0,66.95191716688669,False,False,False,False,False,5,below_rules,monitor,866,80,90,48,1.0
530,2026-09-23,5.43,2026-09-23 02:30:00,84.64,1.32,2026-09-23 00:30:00,105,660,2026-09-23 02:30:00,2026-09-23 22:30:00,2026-09-24,73.39428656441825,72.09328700052782,85.55,38.19857243129185,2.0549998,2.0,0.0,0,0,0,1,0,0,0,True,synthetic,49.260628066162674,62.31618207432197,66.88296174580995,71.15317740427241,ridge,True,False,0.0,66.88296174580995,False,False,False,False,False,5,below_rules,monitor,867,80,90,48,1.0
490,2026-09-23,3.34,2026-09-23 02:30:00,100.0,4.78,2026-09-23 00:30:00,097,660,2026-09-23 02:30:00,2026-09-23 22:30:00,2026-09-24,69.21999958583287,75.6638668501069,40.45,40.598571232387,0.0,2.0,0.0,0,0,0,1,0,0,0,True,synthetic,49.240380112207895,62.29593412036719,66.86271379185516,71.13292945031765,ridge,True,False,0.0,66.86271379185516,False,False,False,False,False,5,below_rules,monitor,868,80,90,48,1.0
291,2026-09-23,9.94,2026-09-23 02:30:00,89.39,5.44,2026-09-23 00:30:00,058,660,2026-09-23 02:30:00,2026-09-23 22:30:00,2026-09-24,70.97571400233677,71.82138486938635,91.64,34.932856695992605,2.2499998,2.0,0.0,0,0,0,1,0,0,0,False,synthetic,49.20287127497765,62.25842528313695,66.82520495462492,71.0954206130874,ridge,True,True,0.0,66.82520495462492,False,False,False,False,False,5,below_rules,monitor,869,80,90,48,1.0
565,2026-09-23,11.43,2026-09-23 02:30:00,93.39,4.49,2026-09-23 00:30:00,112,660,2026-09-23 02:30:00,2026-09-23 22:30:00,2026-09-24,67.57285744803292,70.52268663109078,53.54,35.06285776410784,3.4700003,2.0,0.0,0,0,0,1,0,0,0,True,synthetic,49.16601195041284,62.221565958572135,66.7883456300601,71.05856128852258,ridge,True,False,0.0,66.7883456300601,False,False,False,False,False,5,below_rules,monitor,870,80,90,48,1.0
695,2026-09-23,8.74,2026-09-23 02:30:00,87.68,4.17,2026-09-23 00:30:00,138,240,2026-09-23 02:30:00,2026-09-23 22:30:00,2026-09-24,66.57000023978097,68.03749519542984,71.74,40.19428580147879,2.2849998,2.0,0.0,0,0,0,1,0,0,0,True,synthetic,48.88847351326888,61.944027521428175,66.51080719291615,70.78102285137862,ridge,True,False,0.0,66.51080719291615,False,False,False,False,False,5,below_rules,monitor,871,80,90,48,1.0
474,2026-09-23,6.94,2026-09-23 02:30:00,95.59,3.24,2026-09-23 00:30:00,094,660,2026-09-23 02:30:00,2026-09-23 22:30:00,2026-09-24,73.35428564889091,73.52783739197672,85.75,39.33571406773159,1.85,2.0,0.0,0,0,0,1,0,0,0,False,synthetic,48.86893592534645,61.92448993350575,66.49126960499372,70.7614852634562,ridge,True,False,0.0,66.49126960499372,False,False,False,False,False,5,below_rules,monitor,872,80,90,48,1.0
14,2026-09-23,5.24,2026-09-23 02:30:00,86.31,0.86,2026-09-23 00:30:00,003,660,2026-09-23 02:30:00,2026-09-23 22:30:00,2026-09-24,71.12714276994977,69.94266623815844,93.52,42.34428514753069,2.1899998,2.0,0.0,0,0,0,1,0,0,0,False,synthetic,48.83682485666464,61.89237886482393,66.4591585363119,70.72937419477438,ridge,True,False,0.0,66.4591585363119,False,False,False,False,False,5,below_rules,monitor,873,80,90,48,1.0
84,2026-09-23,7.31,2026-09-23 02:30:00,75.35,3.91,2026-09-23 00:30:00,017,660,2026-09-23 02:30:00,2026-09-23 22:30:00,2026-09-24,66.56999969482422,67.6149610488959,44.44,34.66142817905971,1.6999999,2.0,0.0,0,0,0,1,0,0,0,False,synthetic,48.829614166432506,61.88516817459181,66.45194784607978,70.72216350454225,ridge,True,False,0.0,66.45194784607978,False,False,False,False,False,5,below_rules,monitor,874,80,90,48,1.0
899,2026-09-23,8.86,2026-09-23 02:30:00,88.61,3.13,2026-09-23 00:30:00,179,660,2026-09-23 02:30:00,2026-09-23 22:30:00,2026-09-24,68.39999989100865,70.17800631025469,75.47,36.5,2.8649998,2.0,0.0,0,0,0,1,0,0,0,False,synthetic,48.8030890713218,61.8586430794811,66.42542275096906,70.69563840943155,ridge,True,False,0.0,66.42542275096906,False,False,False,False,False,5,below_rules,monitor,875,80,90,48,1.0
40,2026-09-23,4.41,2026-09-23 02:30:00,81.37,4.79,2026-09-23 00:30:00,008,1100,2026-09-23 02:30:00,2026-09-23 22:30:00,2026-09-24,73.15333429972331,70.62422922596357,100.0,41.11500104268392,0.0,2.0,0.0,0,0,0,1,0,0,0,True,synthetic,48.78183059317692,61.83738460133622,66.40416427282419,70.67437993128667,ridge,True,False,0.0,66.40416427282419,False,False,False,False,False,5,below_rules,monitor,876,80,90,48,1.0
419,2026-09-23,4.46,2026-09-23 02:30:00,83.37,8.02,2026-09-23 00:30:00,083,1100,2026-09-23 02:30:00,2026-09-23 22:30:00,2026-09-24,64.87714413234166,69.6876397655055,31.9,38.422858646937776,0.0,2.0,0.0,0,0,0,1,0,0,0,False,synthetic,48.77698939034188,61.83254339850118,66.39932306998915,70.66953872845163,ridge,True,False,0.0,66.39932306998915,False,False,False,False,False,5,below_rules,monitor,877,80,90,48,1.0
424,2026-09-23,7.62,2026-09-23 02:30:00,100.0,1.64,2026-09-23 00:30:00,084,1100,2026-09-23 02:30:00,2026-09-23 22:30:00,2026-09-24,71.64714213779995,74.28922367678254,86.38,37.90999930245536,2.99,2.0,0.0,0,0,0,1,0,0,0,False,synthetic,48.687260749694886,61.74281475785418,66.30959442934216,70.57981008780463,ridge,True,False,0.0,66.30959442934216,False,False,False,False,False,5,below_rules,monitor,878,80,90,48,1.0
972,2026-09-23,7.01,2026-09-23 02:30:00,78.97,6.37,2026-09-23 00:30:00,194,660,2026-09-23 02:30:00,2026-09-23 22:30:00,2026-09-24,69.41142926897321,71.39906200236851,35.73,30.55571556091309,0.32000017,2.0,0.0,0,0,0,1,0,0,0,False,synthetic,48.678786647392215,61.73434065555151,66.30112032703948,70.57133598550196,ridge,True,False,0.0,66.30112032703948,False,False,False,False,False,5,below_rules,monitor,879,80,90,48,1.0
64,2026-09-23,7.01,2026-09-23 02:30:00,98.34,6.12,2026-09-23 00:30:00,013,660,2026-09-23 02:30:00,2026-09-23 22:30:00,2026-09-24,75.21571295601981,76.19135139340975,92.34,36.46714128766741,0.44500017,2.0,0.0,0,0,0,1,0,0,0,False,synthetic,48.64144096311071,61.69699497127001,66.26377464275798,70.53399030122046,ridge,True,False,0.0,66.26377464275798,False,False,False,False,False,5,below_rules,monitor,880,80,90,48,1.0
571,2026-09-23,9.34,2026-09-23 02:30:00,98.2,4.8,2026-09-23 00:30:00,114,660,2026-09-23 02:30:00,2026-09-23 22:30:00,2026-09-24,70.59571347917829,72.65198694029897,89.04,37.864285060337615,2.27,2.0,0.0,0,0,0,1,0,0,0,False,synthetic,48.60944182693909,61.66499583509839,66.23177550658636,70.50199116504884,ridge,True,True,0.0,66.23177550658636,False,False,False,False,False,5,below_rules,monitor,881,80,90,48,1.0
210,2026-09-23,9.12,2026-09-23 02:30:00,73.74,3.25,2026-09-23 00:30:00,041,240,2026-09-23 02:30:00,2026-09-23 22:30:00,2026-09-24,62.36714226858957,64.47156389559915,36.43,34.5042849949428,2.935,2.0,0.0,0,0,0,1,0,0,0,True,synthetic,48.50946789363144,61.565021901790736,66.13180157327871,70.40201723174118,ridge,True,False,0.0,66.13180157327871,False,False,False,False,False,5,below_rules,monitor,882,80,90,48,1.0
975,2026-09-23,5.52,2026-09-23 02:30:00,96.23,4.22,2026-09-23 00:30:00,194,660,2026-09-23 02:30:00,2026-09-23 22:30:00,2026-09-24,72.11000006539481,75.2639020762678,79.74,36.3428579057966,0.6500001,2.0,0.0,0,0,0,1,0,0,0,True,synthetic,48.30485651104306,61.36041051920236,65.92719019069034,70.1974058491528,ridge,True,False,0.0,65.92719019069034,False,False,False,False,False,5,below_rules,monitor,883,80,90,48,1.0
716,2026-09-23,9.61,2026-09-23 02:30:00,89.31,4.33,2026-09-23 00:30:00,143,1100,2026-09-23 02:30:00,2026-09-23 22:30:00,2026-09-24,67.43285642351422,70.75910757880152,71.62,33.13714190891811,2.6399999,2.0,0.0,0,0,0,1,0,0,0,False,synthetic,48.23315418083692,61.28870818899622,65.85548786048419,70.12570351894666,ridge,True,False,0.0,65.85548786048419,False,False,False,False,False,5,below_rules,monitor,884,80,90,48,1.0
937,2026-09-23,8.22,2026-09-23 02:30:00,98.91,9.37,2026-09-23 00:30:00,187,660,2026-09-23 02:30:00,2026-09-23 22:30:00,2026-09-24,77.86428560529437,79.149630240218,100.0,29.472856521606445,0.0,2.0,0.0,0,0,0,1,0,0,0,False,synthetic,48.22684349897556,61.28239750713486,65.84917717862282,70.11939283708531,ridge,True,False,0.0,65.84917717862282,False,False,False,False,False,5,below_rules,monitor,885,80,90,48,1.0
366,2026-09-23,4.33,2026-09-23 02:30:00,100.0,2.61,2026-09-23 00:30:00,073,1100,2026-09-23 02:30:00,2026-09-23 22:30:00,2026-09-24,72.65999930245536,74.32695732419211,93.27,42.70571436200823,0.86,2.0,0.0,0,0,0,1,0,0,0,False,synthetic,48.188180132742815,61.24373414090211,65.81051381239008,70.08072947085256,ridge,True,False,8.416261428460855,65.81051381239008,False,False,False,False,False,5,below_rules,monitor,886,80,90,48,1.0
20,2026-09-23,7.04,2026-09-23 02:30:00,97.57,6.8,2026-09-23 00:30:00,004,1100,2026-09-23 02:30:00,2026-09-23 22:30:00,2026-09-24,73.42285701206752,73.71502915854158,100.0,39.95571436200823,0.119999886,2.0,0.0,0,0,0,1,0,0,0,True,synthetic,48.14231526051134,61.19786926867064,65.76464894015861,70.03486459862108,ridge,True,False,0.0,65.76464894015861,False,False,False,False,False,5,below_rules,monitor,887,80,90,48,1.0
820,2026-09-23,8.17,2026-09-23 02:30:00,88.58,4.55,2026-09-23 00:30:00,163,660,2026-09-23 02:30:00,2026-09-23 22:30:00,2026-09-24,74.21714237758091,72.89302749259704,64.74,32.70857048034668,1.81,2.0,0.0,0,0,0,1,0,0,0,True,synthetic,48.04970679442344,61.10526080258274,65.67204047407071,69.94225613253319,ridge,True,False,41.46645706463715,65.67204047407071,False,False,False,False,False,5,below_rules,monitor,888,80,90,48,1.0
540,2026-09-23,6.43,2026-09-23 02:30:00,99.62,1.19,2026-09-23 00:30:00,107,1100,2026-09-23 02:30:00,2026-09-23 22:30:00,2026-09-24,70.60999997456868,73.31514805217738,,39.00833320617676,2.62,2.0,0.0,0,0,0,1,0,0,0,True,synthetic,48.01739988947622,61.07295389763552,65.63973356912349,69.90994922758597,ridge,True,False,0.0,65.63973356912349,False,False,False,False,False,5,below_rules,monitor,889,80,90,48,1.0
271,2026-09-23,9.65,2026-09-23 02:30:00,82.56,4.74,2026-09-23 00:30:00,054,1100,2026-09-23 02:30:00,2026-09-23 22:30:00,2026-09-24,67.95999853951591,66.82952321233292,98.67,37.818569728306365,2.455,2.0,0.0,0,0,0,1,0,0,0,False,synthetic,47.92145568006965,60.97700968822895,65.54378935971692,69.81400501817939,ridge,True,True,0.0,65.54378935971692,False,False,False,False,False,5,below_rules,monitor,890,80,90,48,1.0
73,2026-09-23,10.36,2026-09-23 02:30:00,94.86,6.6,2026-09-23 00:30:00,015,1100,2026-09-23 02:30:00,2026-09-23 22:30:00,2026-09-24,67.83857236589704,71.97207017156524,70.18,32.92571585518973,1.8799999,2.0,0.0,0,0,0,1,0,0,0,False,synthetic,47.9165305897247,60.972084597884,65.53886426937197,69.80907992783445,ridge,True,False,0.0,65.53886426937197,False,False,False,False,False,5,below_rules,monitor,891,80,90,48,1.0
987,2026-09-23,7.56,2026-09-23 02:30:00,82.55,7.97,2026-09-23 00:30:00,197,1100,2026-09-23 02:30:00,2026-09-23 22:30:00,2026-09-24,74.72571454729352,71.68359999723491,97.53,33.96142905099051,0.0,2.0,0.0,0,0,0,1,0,0,0,False,synthetic,47.781943639219335,60.83749764737863,65.4042773188666,69.67449297732908,ridge,True,False,0.0,65.4042773188666,False,False,False,False,False,5,below_rules,monitor,892,80,90,48,1.0
324,2026-09-23,8.51,2026-09-23 02:30:00,76.59,4.19,2026-09-23 00:30:00,064,240,2026-09-23 02:30:00,2026-09-23 22:30:00,2026-09-24,66.17999921526227,65.4126215280023,92.45,36.95714242117746,2.16,2.0,0.0,0,0,0,1,0,0,0,False,synthetic,47.71617361068832,60.77172761884761,65.33850729033558,69.60872294879806,ridge,True,False,0.0,65.33850729033558,False,False,False,False,False,5,below_rules,monitor,893,80,90,48,1.0
734,2026-09-23,8.87,2026-09-23 02:30:00,71.31,6.81,2026-09-23 00:30:00,146,660,2026-09-23 02:30:00,2026-09-23 22:30:00,2026-09-24,69.6485710144043,67.76638747598662,44.62,29.01285661969866,1.03,2.0,0.0,0,0,0,1,0,0,0,False,synthetic,47.68319884026997,60.738752848429264,65.30553251991724,69.57574817837971,ridge,True,False,0.0,65.30553251991724,False,False,False,False,False,5,below_rules,monitor,894,80,90,48,1.0
371,2026-09-23,6.82,2026-09-23 02:30:00,87.04,6.22,2026-09-23 00:30:00,074,660,2026-09-23 02:30:00,2026-09-23 22:30:00,2026-09-24,70.12000002179828,71.44981048248067,100.0,35.385714939662385,0.3000002,2.0,0.0,0,0,0,1,0,0,0,False,synthetic,47.573966064271616,60.629520072430914,65.19629974391889,69.46651540238136,ridge,True,False,0.0,65.19629974391889,False,False,False,False,False,5,below_rules,monitor,895,80,90,48,1.0
713,2026-09-23,25.08,2026-09-23 02:30:00,17.43,25.02,2026-09-22 00:30:00,142,660,2026-09-23 02:30:00,2026-09-23 22:30:00,2026-09-24,35.715714590890066,35.87282051132159,21.73,18.7228570665632,0.029999733,26.0,0.0,0,0,0,1,0,0,0,False,synthetic,47.50787567631417,60.56342968447347,65.13020935596144,69.40042501442392,ridge,True,False,0.0,65.13020935596144,False,False,False,False,False,5,below_rules,monitor,896,80,90,48,1.0
656,2026-09-23,9.76,2026-09-23 02:30:00,81.26,5.11,2026-09-23 00:30:00,131,1100,2026-09-23 02:30:00,2026-09-23 22:30:00,2026-09-24,66.99857112339565,66.88191796971343,72.92,34.594286509922576,2.325,2.0,0.0,0,0,0,1,0,0,0,False,synthetic,47.454563730350905,60.5101177385102,65.07689740999817,69.34711306846066,ridge,True,False,0.0,65.07689740999817,False,False,False,False,False,5,below_rules,monitor,897,80,90,48,1.0
718,2026-09-23,0.0,2026-09-23 02:30:00,88.35,5.34,2026-09-23 00:30:00,143,660,2026-09-23 02:30:00,2026-09-23 22:30:00,2026-09-24,75.96857070922852,75.03313955544691,97.88,38.86571284702846,0.0,2.0,0.0,0,0,0,1,0,0,0,False,synthetic,47.32692081789212,60.38247482605141,64.94925449753939,69.21947015600186,ridge,True,False,0.0,64.94925449753939,False,False,False,False,False,5,below_rules,monitor,898,80,90,48,1.0
739,2026-09-23,10.85,2026-09-23 02:30:00,94.75,4.06,2026-09-23 00:30:00,147,660,2026-09-23 02:30:00,2026-09-23 22:30:00,2026-09-24,70.26999991280692,71.1009409144319,64.49,32.705714089529856,3.3950002,2.0,0.0,0,0,0,1,0,0,0,False,synthetic,47.28609232429042,60.34164633244972,64.90842600393769,69.17864166240017,ridge,True,False,0.0,64.90842600393769,False,False,False,False,False,5,below_rules,monitor,899,80,90,48,1.0
726,2026-09-23,12.39,2026-09-23 02:30:00,100.0,6.87,2026-09-23 00:30:00,145,240,2026-09-23 02:30:00,2026-09-23 22:30:00,2026-09-24,68.27000045776367,68.50699007675885,49.51,38.6966667175293,2.7600002,2.0,0.0,0,0,0,1,0,0,0,False,synthetic,47.278389418976886,60.33394342713618,64.90072309862416,69.17093875708663,ridge,True,False,0.0,64.90072309862416,False,False,False,False,False,5,below_rules,monitor,900,80,90,48,1.0
344,2026-09-23,3.41,2026-09-23 02:30:00,70.55,5.22,2026-09-23 00:30:00,068,1100,2026-09-23 02:30:00,2026-09-23 22:30:00,2026-09-24,68.9716682434082,67.4773303052976,38.81,34.87666829427084,0.0,2.0,0.0,0,0,0,1,0,0,0,False,synthetic,47.11401222557461,60.16956623373391,64.73634590522188,69.00656156368436,ridge,True,False,0.0,64.73634590522188,False,False,False,False,False,5,below_rules,monitor,901,80,90,48,1.0
608,2026-09-23,6.41,2026-09-23 02:30:00,99.47,6.52,2026-09-23 00:30:00,121,1100,2026-09-23 02:30:00,2026-09-23 22:30:00,2026-09-24,73.21428625924247,72.51387541806083,77.24,41.232857840401785,0.0,2.0,0.0,0,0,0,1,0,0,0,False,synthetic,46.94673020906343,60.00228421722273,64.5690638887107,68.83927954717318,ridge,True,False,0.0,64.5690638887107,False,False,False,False,False,5,below_rules,monitor,902,80,90,48,1.0
989,2026-09-23,6.31,2026-09-23 02:30:00,94.65,2.97,2026-09-23 00:30:00,197,1100,2026-09-23 02:30:00,2026-09-23 22:30:00,2026-09-24,73.43142809186664,75.47236451577317,47.92,29.821428298950195,1.67,2.0,0.0,0,0,0,1,0,0,0,False,synthetic,46.81626537430864,59.87181938246793,64.4385990539559,68.70881471241839,ridge,True,False,0.0,64.4385990539559,False,False,False,False,False,5,below_rules,monitor,903,80,90,48,1.0
936,2026-09-23,5.28,2026-09-23 02:30:00,98.34,6.44,2026-09-23 00:30:00,187,660,2026-09-23 02:30:00,2026-09-23 22:30:00,2026-09-24,74.10571370806012,80.41426594218967,20.06,22.68428652627128,0.0,2.0,0.0,0,0,0,1,0,0,0,False,synthetic,46.738178459785374,59.79373246794467,64.36051213943264,68.63072779789512,ridge,True,False,0.0,64.36051213943264,False,False,False,False,False,5,below_rules,monitor,904,80,90,48,1.0
527,2026-09-23,4.81,2026-09-23 02:30:00,95.31,3.46,2026-09-23 00:30:00,105,660,2026-09-23 02:30:00,2026-09-23 22:30:00,2026-09-24,75.64714213779995,77.03789934855001,48.56,29.564285278320312,0.67499995,2.0,0.0,0,0,0,1,0,0,0,False,synthetic,46.55628243308424,59.61183644124353,64.1786161127315,68.44883177119398,ridge,True,False,0.0,64.1786161127315,False,False,False,False,False,5,below_rules,monitor,905,80,90,48,1.0
138,2026-09-23,8.43,2026-09-23 02:30:00,96.91,,2026-09-23 00:30:00,028,660,2026-09-23 02:30:00,2026-09-23 22:30:00,2026-09-24,72.92571585518974,77.78533941811287,83.94,23.118571417672293,,2.0,0.0,0,0,0,1,0,0,0,False,synthetic,46.51366691148503,59.56922091964433,64.1360005911323,68.40621624959478,ridge,True,False,0.0,64.1360005911323,False,False,False,False,False,5,below_rules,monitor,906,80,90,48,1.0
482,2026-09-23,13.72,2026-09-23 02:30:00,80.44,1.79,2026-09-23 00:30:00,096,1100,2026-09-23 02:30:00,2026-09-23 22:30:00,2026-09-24,62.09285736083984,62.86725092389076,84.85,31.584286825997488,5.965,2.0,0.0,0,0,0,1,0,0,0,False,synthetic,46.45577586517847,59.511329873337765,64.07810954482574,68.34832520328821,ridge,True,False,0.0,64.07810954482574,False,False,False,False,False,5,below_rules,monitor,907,80,90,48,1.0
736,2026-09-23,8.27,2026-09-23 02:30:00,67.54,3.27,2026-09-23 00:30:00,147,660,2026-09-23 02:30:00,2026-09-23 22:30:00,2026-09-24,63.39285768781389,62.37383104286732,84.23,33.55571528843471,2.5000002,2.0,0.0,0,0,0,1,0,0,0,False,synthetic,46.3864998644432,59.44205387260249,64.00883354409046,68.27904920255294,ridge,True,False,0.0,64.00883354409046,False,False,False,False,False,5,below_rules,monitor,908,80,90,48,1.0
26,2026-09-23,8.0,2026-09-23 02:30:00,82.78,3.19,2026-09-23 00:30:00,006,660,2026-09-23 02:30:00,2026-09-23 22:30:00,2026-09-24,67.36714226858956,66.12916151274015,79.27,36.67571313040597,2.405,2.0,0.0,0,0,0,1,0,0,0,False,synthetic,46.1799299407469,59.2354839489062,63.80226362039417,68.07247927885665,ridge,True,False,0.0,63.80226362039417,False,False,False,False,False,5,below_rules,monitor,909,80,90,48,1.0
66,2026-09-23,9.65,2026-09-23 02:30:00,91.38,5.72,2026-09-23 00:30:00,014,660,2026-09-23 02:30:00,2026-09-23 22:30:00,2026-09-24,69.85714285714286,68.76536290189497,95.12,35.775713784354075,1.9649999,2.0,0.0,0,0,0,1,0,0,0,False,synthetic,46.02368059867336,59.07923460683266,63.64601427832063,67.91622993678311,ridge,True,False,0.0,63.64601427832063,False,False,False,False,False,5,below_rules,monitor,910,80,90,48,1.0
845,2026-09-23,13.74,2026-09-23 02:30:00,68.65,1.97,2026-09-23 00:30:00,168,660,2026-09-23 02:30:00,2026-09-23 22:30:00,2026-09-24,58.81571524483817,58.61464154936345,71.03,30.358572823660715,5.8849998,2.0,0.0,0,0,0,1,0,0,0,True,synthetic,46.00754578529404,59.06309979345334,63.62987946494131,67.90009512340379,ridge,True,False,0.0,63.62987946494131,False,False,False,False,False,5,below_rules,monitor,911,80,90,48,1.0
925,2026-09-23,9.65,2026-09-23 02:30:00,87.17,7.39,2026-09-23 00:30:00,184,240,2026-09-23 02:30:00,2026-09-23 22:30:00,2026-09-24,64.25428499494281,66.68381889358979,81.54,34.66714205060686,1.1299999,2.0,0.0,0,0,0,1,0,0,0,True,synthetic,45.88251983501242,58.93807384317172,63.504853514659686,67.77506917312216,ridge,True,False,0.0,63.504853514659686,False,False,False,False,False,5,below_rules,monitor,912,80,90,48,1.0
787,2026-09-23,31.6,2026-09-23 02:30:00,32.58,31.68,2026-09-22 00:30:00,157,660,2026-09-23 02:30:00,2026-09-23 22:30:00,2026-09-24,31.70714351109096,33.10302859249847,26.63,20.725714819771905,0.0,26.0,0.0,0,0,0,1,0,0,0,False,synthetic,45.83209013609343,58.887644144252725,63.4544238157407,67.72463947420317,ridge,True,False,0.0,63.4544238157407,False,False,False,False,False,5,below_rules,monitor,913,80,90,48,1.0
267,2026-09-23,11.82,2026-09-23 02:30:00,91.0,4.7,2026-09-23 00:30:00,053,1100,2026-09-23 02:30:00,2026-09-23 22:30:00,2026-09-24,61.73285675048828,65.62591879714047,66.52,33.60285677228655,3.56,2.0,0.0,0,0,0,1,0,0,0,False,synthetic,45.695464586795886,58.751018594955184,63.31779826644316,67.58801392490562,ridge,True,False,63.095474406691785,63.31779826644316,False,False,False,False,False,5,below_rules,monitor,914,80,90,48,1.0
268,2026-09-23,5.67,2026-09-23 02:30:00,86.26,2.18,2026-09-23 00:30:00,053,660,2026-09-23 02:30:00,2026-09-23 22:30:00,2026-09-24,70.45000076293945,70.76165599819922,90.0,32.55666859944662,1.745,2.0,0.0,0,0,0,1,0,0,0,False,synthetic,45.66588689977981,58.72144090793911,63.28822057942708,67.55843623788955,ridge,True,False,0.0,63.28822057942708,False,False,False,False,False,5,below_rules,monitor,915,80,90,48,1.0
686,2026-09-23,8.88,2026-09-23 02:30:00,69.79,3.87,2026-09-23 00:30:00,137,240,2026-09-23 02:30:00,2026-09-23 22:30:00,2026-09-24,61.36428615025112,61.063412586769374,71.33,33.95857238769531,2.505,2.0,0.0,0,0,0,1,0,0,0,False,synthetic,45.64120310936512,58.69675711752442,63.26353678901239,67.53375244747487,ridge,True,False,0.0,63.26353678901239,False,False,False,False,False,5,below_rules,monitor,916,80,90,48,1.0
785,2026-09-23,6.57,2026-09-23 02:30:00,89.35,10.2,2026-09-23 00:30:00,156,660,2026-09-23 02:30:00,2026-09-23 22:30:00,2026-09-24,70.23714174543109,69.16115060922169,91.42,37.48857116699219,0.0,2.0,0.0,0,0,0,1,0,0,0,True,synthetic,45.60560360949526,58.66115761765456,63.22793728914253,67.498152947605,ridge,True,False,0.0,63.22793728914253,False,False,False,False,False,5,below_rules,monitor,917,80,90,48,1.0
929,2026-09-23,9.66,2026-09-23 02:30:00,93.18,2.58,2026-09-23 00:30:00,185,660,2026-09-23 02:30:00,2026-09-23 22:30:00,2026-09-24,70.30857195172992,69.23891683568078,98.36,34.11857223510742,3.54,2.0,0.0,0,0,0,1,0,0,0,False,synthetic,45.51980910065304,58.57536310881233,63.142142780300304,67.41235843876278,ridge,True,False,0.0,63.142142780300304,False,False,False,False,False,5,below_rules,monitor,918,80,90,48,1.0
811,2026-09-23,5.97,2026-09-23 02:30:00,87.9,6.02,2026-09-23 00:30:00,162,660,2026-09-23 02:30:00,2026-09-23 22:30:00,2026-09-24,67.33999951680501,72.07322649092242,49.57,28.38833300272624,0.0,2.0,0.0,0,0,0,1,0,0,0,False,synthetic,45.50157071844491,58.55712472660421,63.12390439809218,67.39412005655466,ridge,True,False,0.0,63.12390439809218,False,False,False,False,False,5,below_rules,monitor,919,80,90,48,1.0
290,2026-09-23,5.13,2026-09-23 02:30:00,71.3,5.55,2026-09-23 00:30:00,057,660,2026-09-23 02:30:00,2026-09-23 22:30:00,2026-09-24,66.07285690307617,64.81441184872594,92.51,35.18428557259696,0.0,2.0,0.0,0,0,0,1,0,0,0,True,synthetic,45.41112077209873,58.466674780258025,63.033454451746,67.30367011020847,ridge,True,True,0.0,63.033454451746,False,False,False,False,False,5,below_rules,monitor,920,80,90,48,1.0
958,2026-09-23,7.88,2026-09-23 02:30:00,95.71,6.98,2026-09-23 00:30:00,191,1100,2026-09-23 02:30:00,2026-09-23 22:30:00,2026-09-24,72.15714263916016,73.13666512637077,99.97,31.912856783185685,0.45000005,2.0,0.0,0,0,0,1,0,0,0,False,synthetic,45.39157803416829,58.44713204232759,63.01391171381556,67.28412737227804,ridge,True,False,0.0,63.01391171381556,False,False,False,False,False,5,below_rules,monitor,921,80,90,48,1.0
999,2026-09-23,5.66,2026-09-23 02:30:00,83.35,2.49,2026-09-23 00:30:00,199,1100,2026-09-23 02:30:00,2026-09-23 22:30:00,2026-09-24,71.8350003560384,67.43772328471064,90.26,37.943333307902016,1.5849999,2.0,0.0,0,0,0,1,0,0,0,False,synthetic,45.22310778290925,58.27866179106855,62.84544146255652,67.115657121019,ridge,True,False,0.0,62.84544146255652,False,False,False,False,False,5,below_rules,monitor,922,80,90,48,1.0
201,2026-09-23,3.75,2026-09-23 02:30:00,100.0,2.33,2026-09-23 00:30:00,040,660,2026-09-23 02:30:00,2026-09-23 22:30:00,2026-09-24,84.98999949863979,81.3139007924124,96.04,26.76857049124581,0.71000004,2.0,0.0,0,0,0,1,0,0,0,False,synthetic,45.079851767688325,58.13540577584762,62.7021854473356,66.97240110579807,ridge,True,False,0.0,62.7021854473356,False,False,False,False,False,5,below_rules,monitor,923,80,90,48,1.0
714,2026-09-23,7.39,2026-09-23 02:30:00,88.92,5.62,2026-09-23 00:30:00,142,1100,2026-09-23 02:30:00,2026-09-23 22:30:00,2026-09-24,66.21142687116351,67.30276094561607,90.59,36.98999840872629,0.885,2.0,0.0,0,0,0,1,0,0,0,False,synthetic,45.05971621913345,58.11527022729275,62.68204989878072,66.9522655572432,ridge,True,False,0.0,62.68204989878072,False,False,False,False,False,5,below_rules,monitor,924,80,90,48,1.0
971,2026-09-23,24.68,2026-09-23 02:30:00,19.65,23.89,2026-09-22 00:30:00,194,1100,2026-09-23 02:30:00,2026-09-23 22:30:00,2026-09-24,38.70142786843436,34.381683143757314,45.38,20.02285657610212,0.39500046,26.0,0.0,0,0,0,1,0,0,0,False,synthetic,44.92227579143752,57.97782979959681,62.54460947108478,66.81482512954726,ridge,True,False,0.0,62.54460947108478,False,False,False,False,False,5,below_rules,monitor,925,80,90,48,1.0
993,2026-09-23,22.22,2026-09-23 02:30:00,18.19,18.58,2026-09-22 00:30:00,198,660,2026-09-23 02:30:00,2026-09-23 22:30:00,2026-09-24,32.655714579990935,33.37700464627048,20.94,19.391428811209543,1.8199997,26.0,0.0,0,0,0,1,0,0,0,False,synthetic,44.69433197548922,57.74988598364852,62.31666565513649,66.58688131359897,ridge,True,False,0.0,62.31666565513649,False,False,False,False,False,5,below_rules,monitor,926,80,90,48,1.0
851,2026-09-23,10.26,2026-09-23 02:30:00,75.57,3.18,2026-09-23 00:30:00,170,660,2026-09-23 02:30:00,2026-09-23 22:30:00,2026-09-24,61.50285748073033,61.15606959635946,100.0,33.84571484157017,3.54,2.0,0.0,0,0,0,1,0,0,0,False,synthetic,44.6545743861206,57.7101283942799,62.27690806576787,66.54712372423035,ridge,True,False,29.098859617228772,62.27690806576787,False,False,False,False,False,5,below_rules,monitor,927,80,90,48,1.0
308,2026-09-23,9.14,2026-09-23 02:30:00,85.96,2.37,2026-09-23 00:30:00,061,660,2026-09-23 02:30:00,2026-09-23 22:30:00,2026-09-24,64.68571417672294,65.44966018065614,100.0,33.90714318411691,3.3850002,2.0,0.0,0,0,0,1,0,0,0,False,synthetic,44.60846159779126,57.66401560595056,62.23079527743853,66.50101093590101,ridge,True,True,89.86455778334076,62.23079527743853,False,False,False,False,False,5,below_rules,monitor,928,80,90,48,1.0
486,2026-09-23,9.24,2026-09-23 02:30:00,100.0,2.0,2026-09-23 00:30:00,097,240,2026-09-23 02:30:00,2026-09-23 22:30:00,2026-09-24,60.34428514753069,70.75616206710693,34.01,26.80571392604283,3.62,2.0,0.0,0,0,0,1,0,0,0,False,synthetic,44.55575067343013,57.61130468158943,62.1780843530774,66.44830001153989,ridge,True,False,0.0,62.1780843530774,False,False,False,False,False,5,below_rules,monitor,929,80,90,48,1.0
684,2026-09-23,4.71,2026-09-23 02:30:00,62.75,6.52,2026-09-23 00:30:00,136,1100,2026-09-23 02:30:00,2026-09-23 22:30:00,2026-09-24,65.15285682678223,61.635348346375885,93.75,34.732855388096404,0.0,2.0,0.0,0,0,0,1,0,0,0,False,synthetic,44.45125441190527,57.506808420064566,62.07358809155254,66.34380375001501,ridge,True,False,0.0,62.07358809155254,False,False,False,False,False,5,below_rules,monitor,930,80,90,48,1.0
982,2026-09-23,15.42,2026-09-23 02:30:00,88.1,5.06,2026-09-23 00:30:00,196,660,2026-09-23 02:30:00,2026-09-23 22:30:00,2026-09-24,56.958333333333336,60.27456131253716,75.32,32.98833338419596,5.1800003,2.0,0.0,0,0,0,1,0,0,0,False,synthetic,44.40857664395132,57.46413065211062,62.03091032359859,66.30112598206107,ridge,True,False,0.0,62.03091032359859,False,False,False,False,False,5,below_rules,monitor,931,80,90,48,1.0
437,2026-09-23,3.71,2026-09-23 02:30:00,100.0,5.56,2026-09-23 00:30:00,087,660,2026-09-23 02:30:00,2026-09-23 22:30:00,2026-09-24,70.36285781860352,72.38465962746494,85.15,37.28142874581473,0.0,2.0,0.0,0,0,0,1,0,0,0,False,synthetic,44.07375670294589,57.12931071110519,61.69609038259316,65.96630604105565,ridge,True,False,0.0,61.69609038259316,False,False,False,False,False,5,below_rules,monitor,932,80,90,48,1.0
712,2026-09-23,25.12,2026-09-23 02:30:00,18.87,23.51,2026-09-22 00:30:00,142,660,2026-09-23 02:30:00,2026-09-23 22:30:00,2026-09-24,32.2771429334368,32.0645113995054,20.43,16.881428582327707,0.8050003,26.0,0.0,0,0,0,1,0,0,0,False,synthetic,43.56523976074977,56.62079376890907,61.18757344039704,65.45778909885951,ridge,True,False,0.0,61.187573440397045,False,False,False,False,False,5,below_rules,monitor,933,80,90,48,1.0
688,2026-09-23,4.89,2026-09-23 02:30:00,62.03,2.36,2026-09-23 00:30:00,137,660,2026-09-23 02:30:00,2026-09-23 22:30:00,2026-09-24,60.66714259556362,60.170126627641615,63.13,31.542857033865797,1.265,2.0,0.0,0,0,0,1,0,0,0,False,synthetic,43.56175522021691,56.61730922837621,61.18408889986418,65.45430455832665,ridge,True,False,0.0,61.18408889986418,False,False,False,False,False,5,below_rules,monitor,934,80,90,48,1.0
562,2026-09-23,7.45,2026-09-23 02:30:00,71.8,0.0,2026-09-23 00:30:00,112,660,2026-09-23 02:30:00,2026-09-23 22:30:00,2026-09-24,64.18000085013253,62.58339812642362,38.0,28.64142935616629,3.725,2.0,0.0,0,0,0,1,0,0,0,False,synthetic,43.48139120798858,56.53694521614788,61.10372488763585,65.37394054609832,ridge,True,False,0.0,61.10372488763585,False,False,False,False,False,5,below_rules,monitor,935,80,90,48,1.0
37,2026-09-23,19.57,2026-09-23 02:30:00,16.67,16.56,2026-09-22 00:30:00,008,660,2026-09-23 02:30:00,2026-09-23 22:30:00,2026-09-24,36.948334058125816,33.01908235884872,31.19,22.14333486557007,1.5050001,26.0,0.0,0,0,0,1,0,0,0,False,synthetic,43.428614297451645,56.48416830561094,61.05094797709892,65.32116363556139,ridge,True,False,0.0,61.05094797709892,False,False,False,False,False,5,below_rules,monitor,936,80,90,48,1.0
124,2026-09-23,6.25,2026-09-23 02:30:00,86.49,3.55,2026-09-23 00:30:00,025,660,2026-09-23 02:30:00,2026-09-23 22:30:00,2026-09-24,64.9771431514195,64.77051455837402,93.7,37.79000037057059,1.35,2.0,0.0,0,0,0,1,0,0,0,False,synthetic,43.417807895223305,56.4733619033826,61.040141574870574,65.31035723333305,ridge,True,False,0.0,61.040141574870574,False,False,False,False,False,5,below_rules,monitor,937,80,90,48,1.0
408,2026-09-23,5.13,2026-09-23 02:30:00,73.39,4.86,2026-09-23 00:30:00,081,660,2026-09-23 02:30:00,2026-09-23 22:30:00,2026-09-24,64.62428610665458,64.15885749354084,77.73,32.17285810198103,0.13499999,2.0,0.0,0,0,0,1,0,0,0,False,synthetic,43.37163103182438,56.42718503998368,60.99396471147165,65.26418036993412,ridge,True,False,0.0,60.99396471147165,False,False,False,False,False,5,below_rules,monitor,938,80,90,48,1.0
311,2026-09-23,2.15,2026-09-23 02:30:00,74.27,6.96,2026-09-23 00:30:00,062,240,2026-09-23 02:30:00,2026-09-23 22:30:00,2026-09-24,79.69857052394322,72.45147568483246,100.0,25.485713277544296,0.0,2.0,0.0,0,0,0,1,0,0,0,False,synthetic,43.34567875069196,56.40123275885126,60.96801243033923,65.2382280888017,ridge,True,True,0.0,60.96801243033923,False,False,False,False,False,5,below_rules,monitor,939,80,90,48,1.0
375,2026-09-23,8.48,2026-09-23 02:30:00,69.64,6.1,2026-09-23 00:30:00,074,1100,2026-09-23 02:30:00,2026-09-23 22:30:00,2026-09-24,62.758571079799104,60.16662473024191,70.83,32.46999904087612,1.1899998,2.0,0.0,0,0,0,1,0,0,0,True,synthetic,43.20286819085972,56.258422199019016,60.82520187050699,65.09541752896946,ridge,True,False,0.0,60.82520187050699,False,False,False,False,False,5,below_rules,monitor,940,80,90,48,1.0
480,2026-09-23,10.21,2026-09-23 02:30:00,72.99,5.85,2026-09-23 00:30:00,095,1100,2026-09-23 02:30:00,2026-09-23 22:30:00,2026-09-24,60.84999901907785,59.8720138075328,46.29,30.67999921526228,2.18,2.0,0.0,0,0,0,1,0,0,0,True,synthetic,43.08252397101835,56.138077979177645,60.704857650665616,64.97507330912809,ridge,True,False,0.0,60.704857650665616,False,False,False,False,False,5,below_rules,monitor,941,80,90,48,1.0
871,2026-09-23,9.3,2026-09-23 02:30:00,99.24,5.98,2026-09-23 00:30:00,174,660,2026-09-23 02:30:00,2026-09-23 22:30:00,2026-09-24,62.17856979370117,69.25068838066073,36.26,27.86856978280204,1.6600001,2.0,0.0,0,0,0,1,0,0,0,False,synthetic,42.85157602244574,55.90713003060504,60.47390970209301,64.74412536055549,ridge,True,False,0.0,60.47390970209301,False,False,False,False,False,5,below_rules,monitor,942,80,90,48,1.0
69,2026-09-23,4.43,2026-09-23 02:30:00,77.32,4.97,2026-09-23 00:30:00,014,1100,2026-09-23 02:30:00,2026-09-23 22:30:00,2026-09-24,59.27857099260603,64.431190409467,40.08,30.149999618530277,0.0,2.0,0.0,0,0,0,1,0,0,0,False,synthetic,42.73291081051505,55.78846481867435,60.35524449016232,64.6254601486248,ridge,True,False,0.0,60.35524449016232,False,False,False,False,False,5,below_rules,monitor,943,80,90,48,1.0
380,2026-09-23,10.0,2026-09-23 02:30:00,68.51,1.23,2026-09-23 00:30:00,075,240,2026-09-23 02:30:00,2026-09-23 22:30:00,2026-09-24,60.47714287894113,59.635114489799086,98.11,26.92999921526228,4.385,2.0,0.0,0,0,0,1,0,0,0,True,synthetic,42.49891973574661,55.55447374390591,60.12125341539388,64.39146907385636,ridge,True,False,0.0,60.12125341539388,False,False,False,False,False,5,below_rules,monitor,944,80,90,48,1.0
120,2026-09-23,18.2,2026-09-23 02:30:00,15.73,22.81,2026-09-22 00:30:00,024,660,2026-09-23 02:30:00,2026-09-23 22:30:00,2026-09-24,34.91285760062082,33.05401270932427,36.24,20.78000055040632,0.0,26.0,0.0,0,0,0,1,0,0,0,True,synthetic,42.49406495863454,55.54961896679384,60.11639863828181,64.38661429674428,ridge,True,False,0.0,60.11639863828181,False,False,False,False,False,5,below_rules,monitor,945,80,90,48,1.0
278,2026-09-23,3.78,2026-09-23 02:30:00,88.11,6.11,2026-09-23 00:30:00,055,1100,2026-09-23 02:30:00,2026-09-23 22:30:00,2026-09-24,68.79285757882255,67.45965175852666,81.16,35.90285764421736,0.0,2.0,0.0,0,0,0,1,0,0,0,False,synthetic,42.395197478832216,55.45075148699152,60.017531158479485,64.28774681694196,ridge,True,False,0.0,60.017531158479485,False,False,False,False,False,5,below_rules,monitor,946,80,90,48,1.0
441,2026-09-23,8.15,2026-09-23 02:30:00,100.0,7.56,2026-09-23 00:30:00,088,1100,2026-09-23 02:30:00,2026-09-23 22:30:00,2026-09-24,58.98142841884068,70.32469569777015,28.57,25.34142848423549,0.29499984,2.0,0.0,0,0,0,1,0,0,0,False,synthetic,42.28429752512167,55.33985153328097,59.90663120476894,64.17684686323142,ridge,True,False,0.0,59.90663120476894,False,False,False,False,False,5,below_rules,monitor,947,80,90,48,1.0
432,2026-09-23,9.44,2026-09-23 02:30:00,82.35,4.31,2026-09-23 00:30:00,086,660,2026-09-23 02:30:00,2026-09-23 22:30:00,2026-09-24,60.21571486336844,63.3710583504803,76.44,27.86571502685547,2.5649998,2.0,0.0,0,0,0,1,0,0,0,False,synthetic,42.13083653002349,55.18639053818279,59.75317020967076,64.02338586813323,ridge,True,False,0.0,59.75317020967076,False,False,False,False,False,5,below_rules,monitor,948,80,90,48,1.0
196,2026-09-23,3.78,2026-09-23 00:30:00,99.39,3.78,2026-09-23 00:30:00,039,660,2026-09-23 02:30:00,2026-09-23 22:30:00,2026-09-24,66.89428547450474,68.82468577284885,82.86,33.109998975481304,0.0,2.0,2.0,0,0,0,1,0,0,0,False,synthetic,42.11379479165949,55.16934879981879,59.73612847130676,64.00634412976923,ridge,True,False,0.0,59.73612847130676,False,False,False,False,False,5,below_rules,monitor,949,80,90,48,1.0
753,2026-09-23,3.05,2026-09-23 02:30:00,91.07,6.72,2026-09-23 00:30:00,150,1100,2026-09-23 02:30:00,2026-09-23 22:30:00,2026-09-24,68.68571526663644,67.88553343236418,87.33,36.62714385986328,0.0,2.0,0.0,0,0,0,1,0,0,0,False,synthetic,41.88248833328796,54.93804234144726,59.50482201293523,63.775037671397705,ridge,True,False,0.0,59.50482201293523,False,False,False,False,False,5,below_rules,monitor,950,80,90,48,1.0
322,2026-09-23,3.43,2026-09-23 02:30:00,73.4,4.17,2026-09-23 00:30:00,064,1100,2026-09-23 02:30:00,2026-09-23 22:30:00,2026-09-24,61.97857230050223,62.63867322431156,78.14,33.1642872946603,0.0,2.0,0.0,0,0,0,1,0,0,0,False,synthetic,41.86386020522372,54.91941421338301,59.486193884870985,63.75640954333346,ridge,True,False,0.0,59.486193884870985,False,False,False,False,False,5,below_rules,monitor,951,80,90,48,1.0
529,2026-09-23,5.65,2026-09-23 02:30:00,77.7,2.83,2026-09-23 00:30:00,105,660,2026-09-23 02:30:00,2026-09-23 22:30:00,2026-09-24,64.70285633632115,64.5799904511819,100.0,29.42999921526228,1.4100001,2.0,0.0,0,0,0,1,0,0,0,False,synthetic,41.69995163714312,54.755505645302414,59.32228531679039,63.59250097525286,ridge,True,False,0.0,59.32228531679039,False,False,False,False,False,5,below_rules,monitor,952,80,90,48,1.0
464,2026-09-23,9.74,2026-09-23 02:30:00,78.52,4.74,2026-09-23 00:30:00,092,660,2026-09-23 02:30:00,2026-09-23 22:30:00,2026-09-24,60.60142844063895,59.81542143467291,76.4,31.70142882210868,2.5,2.0,0.0,0,0,0,1,0,0,0,False,synthetic,41.51460721279366,54.57016122095296,59.13694089244093,63.40715655090341,ridge,True,False,0.0,59.13694089244093,False,False,False,False,False,5,below_rules,monitor,953,80,90,48,1.0
668,2026-09-23,3.12,2026-09-23 02:30:00,68.56,4.88,2026-09-23 00:30:00,133,660,2026-09-23 02:30:00,2026-09-23 22:30:00,2026-09-24,59.22428567068918,60.20633203572708,74.46,32.877143314906526,0.0,2.0,0.0,0,0,0,1,0,0,0,False,synthetic,41.28184787587,54.3374018840293,58.90418155551727,63.17439721397975,ridge,True,False,0.0,58.90418155551727,False,False,False,False,False,5,below_rules,monitor,954,80,90,48,1.0
624,2026-09-23,7.76,2026-09-23 02:30:00,70.77,4.66,2026-09-23 00:30:00,124,660,2026-09-23 02:30:00,2026-09-23 22:30:00,2026-09-24,61.50000054495676,60.33765891217186,97.94,29.09571484157017,1.5500002,2.0,0.0,0,0,0,1,0,0,0,False,synthetic,41.27846126131724,54.33401526947654,58.90079494096451,63.171010599426985,ridge,True,False,7.892436941771404,58.90079494096451,False,False,False,False,False,5,below_rules,monitor,955,80,90,48,1.0
162,2026-09-23,1.15,2026-09-23 02:30:00,73.57,3.59,2026-09-23 00:30:00,032,660,2026-09-23 02:30:00,2026-09-23 22:30:00,2026-09-24,65.61428560529437,62.108438845818,86.9,37.30857140677316,0.0,2.0,0.0,0,0,0,1,0,0,0,False,synthetic,41.12023626456759,54.175790272726886,58.74256994421486,63.01278560267733,ridge,True,False,0.0,58.74256994421486,False,False,False,False,False,5,below_rules,monitor,956,80,90,48,1.0
492,2026-09-23,7.22,2026-09-23 02:30:00,,2.3,2026-09-23 00:30:00,098,660,2026-09-23 02:30:00,2026-09-23 22:30:00,2026-09-24,56.85166549682617,58.089552104743376,34.47,28.08333174387614,2.46,2.0,0.0,0,0,0,1,0,0,0,False,synthetic,41.11234156136975,54.16789556952904,58.734675241017015,63.00489089947949,ridge,True,False,0.0,58.734675241017015,False,False,False,False,False,5,below_rules,monitor,957,80,90,48,1.0
234,2026-09-23,8.57,2026-09-23 02:30:00,67.99,0.14,2026-09-23 00:30:00,046,1100,2026-09-23 02:30:00,2026-09-23 22:30:00,2026-09-24,56.9714287349156,56.46813812999683,37.33,28.728572300502236,4.2149997,2.0,0.0,0,0,0,1,0,0,0,False,synthetic,40.85410575639796,53.90965976455726,58.47643943604523,62.74665509450771,ridge,True,False,0.0,58.47643943604523,False,False,False,False,False,5,below_rules,monitor,958,80,90,48,1.0
430,2026-09-23,5.25,2026-09-23 02:30:00,54.12,4.05,2026-09-23 00:30:00,085,1100,2026-09-23 02:30:00,2026-09-23 22:30:00,2026-09-24,57.54571451459612,55.26882954322751,81.19,29.75428581237793,0.5999999,2.0,0.0,0,0,0,1,0,0,0,True,synthetic,40.6569167273483,53.7124707355076,58.27925040699557,62.54946606545805,ridge,True,False,0.0,58.27925040699557,False,False,False,False,False,5,below_rules,monitor,959,80,90,48,1.0
169,2026-09-23,4.22,2026-09-23 02:30:00,77.34,5.74,2026-09-23 00:30:00,033,1100,2026-09-23 02:30:00,2026-09-23 22:30:00,2026-09-24,58.85000010899135,62.26286179435114,73.87,30.88428633553641,0.0,2.0,0.0,0,0,0,1,0,0,0,False,synthetic,40.558564522377495,53.61411853053679,58.18089820202477,62.45111386048724,ridge,True,False,0.0,58.18089820202477,False,False,False,False,False,5,below_rules,monitor,960,80,90,48,1.0
36,2026-09-23,8.06,2026-09-23 02:30:00,68.7,4.23,2026-09-23 00:30:00,008,1100,2026-09-23 02:30:00,2026-09-23 22:30:00,2026-09-24,55.83142798287528,57.46595902102271,59.85,28.024284635271343,1.9150002,2.0,0.0,0,0,0,1,0,0,0,False,synthetic,40.42828343513849,53.48383744329779,58.05061711478576,62.32083277324824,ridge,True,False,0.0,58.05061711478576,False,False,False,False,False,5,below_rules,monitor,961,80,90,48,1.0
75,2026-09-23,4.56,2026-09-23 02:30:00,95.53,5.29,2026-09-23 00:30:00,015,660,2026-09-23 02:30:00,2026-09-23 22:30:00,2026-09-24,65.68142863682338,69.68082852472891,81.59,28.348571232387,0.0,2.0,0.0,0,0,0,1,0,0,0,True,synthetic,40.25151999367369,53.30707400183299,57.87385367332096,62.14406933178344,ridge,True,False,0.0,57.87385367332096,False,False,False,False,False,5,below_rules,monitor,962,80,90,48,1.0
471,2026-09-23,1.76,2026-09-23 00:30:00,53.32,1.76,2026-09-23 00:30:00,094,660,2026-09-23 02:30:00,2026-09-23 22:30:00,2026-09-24,59.3314277103969,54.83361634105424,41.36,27.93571281433105,0.0,2.0,2.0,0,0,0,1,0,0,0,False,synthetic,40.15844316455864,53.21399717271794,57.78077684420591,62.05099250266839,ridge,True,False,0.0,57.78077684420591,False,False,False,False,False,5,below_rules,monitor,963,80,90,48,1.0
951,2026-09-23,7.19,2026-09-23 02:30:00,68.96,0.0,2026-09-23 00:30:00,190,1100,2026-09-23 02:30:00,2026-09-23 22:30:00,2026-09-24,54.92571531023298,57.217761395937536,56.34,27.50142969403948,3.595,2.0,0.0,0,0,0,1,0,0,0,False,synthetic,40.05701728908448,53.11257129724378,57.67935096873176,61.94956662719423,ridge,True,False,0.0,57.67935096873176,False,False,False,False,False,5,below_rules,monitor,964,80,90,48,1.0
428,2026-09-23,7.17,2026-09-23 02:30:00,72.1,4.29,2026-09-23 00:30:00,085,240,2026-09-23 02:30:00,2026-09-23 22:30:00,2026-09-24,58.540000915527344,58.04050308737895,73.26,30.625714983258927,1.44,2.0,0.0,0,0,0,1,0,0,0,False,synthetic,39.97289006865543,53.02844407681473,57.5952237483027,61.86543940676518,ridge,True,False,0.0,57.5952237483027,False,False,False,False,False,5,below_rules,monitor,965,80,90,48,1.0
697,2026-09-23,2.21,2026-09-23 00:30:00,79.86,2.21,2026-09-23 00:30:00,139,660,2026-09-23 02:30:00,2026-09-23 22:30:00,2026-09-24,56.18428530011858,60.37323413214517,55.73,30.10000010899135,0.0,2.0,2.0,0,0,0,1,0,0,0,False,synthetic,39.77011175715447,52.825665765313765,57.39244543680174,61.66266109526421,ridge,True,False,0.0,57.39244543680174,False,False,False,False,False,5,below_rules,monitor,966,80,90,48,1.0
674,2026-09-23,6.56,2026-09-23 02:30:00,90.42,4.32,2026-09-23 00:30:00,134,660,2026-09-23 02:30:00,2026-09-23 22:30:00,2026-09-24,59.38285636901856,63.180603799317176,65.99,31.56428500584193,1.1199999,2.0,0.0,0,0,0,1,0,0,0,False,synthetic,39.65881528122871,52.71436928938801,57.28114896087598,61.55136461933846,ridge,True,False,0.0,57.28114896087598,False,False,False,False,False,5,below_rules,monitor,967,80,90,48,1.0
387,2026-09-23,4.04,2026-09-23 02:30:00,81.26,0.0,2026-09-23 00:30:00,077,660,2026-09-23 02:30:00,2026-09-23 22:30:00,2026-09-24,61.55714307512556,61.376973560851,100.0,33.73857198442732,2.02,2.0,0.0,0,0,0,1,0,0,0,False,synthetic,39.41537919038099,52.47093319854029,57.03771287002826,61.307928528490734,ridge,True,True,0.0,57.03771287002826,False,False,False,False,False,5,below_rules,monitor,968,80,90,48,1.0
757,2026-09-23,6.76,2026-09-23 02:30:00,58.96,0.77,2026-09-23 00:30:00,151,660,2026-09-23 02:30:00,2026-09-23 22:30:00,2026-09-24,52.3557139805385,52.07688082678256,59.32,29.38428524562291,2.9950001,2.0,0.0,0,0,0,1,0,0,0,False,synthetic,38.88894199645849,51.94449600461779,56.51127567610576,60.78149133456824,ridge,True,False,0.0,56.51127567610576,False,False,False,False,False,5,below_rules,monitor,969,80,90,48,1.0
584,2026-09-23,7.46,2026-09-23 02:30:00,64.07,3.69,2026-09-23 00:30:00,116,660,2026-09-23 02:30:00,2026-09-23 22:30:00,2026-09-24,56.43285751342773,55.19266538797247,67.42,27.587142399379186,1.885,2.0,0.0,0,0,0,1,0,0,0,False,synthetic,38.85016425389993,51.90571826205923,56.4724979335472,60.74271359200968,ridge,True,False,0.0,56.4724979335472,False,False,False,False,False,5,below_rules,monitor,970,80,90,48,1.0
973,2026-09-23,6.93,2026-09-23 02:30:00,79.41,4.99,2026-09-23 00:30:00,194,660,2026-09-23 02:30:00,2026-09-23 22:30:00,2026-09-24,61.29142870221819,59.39129582001907,75.0,30.511428015572683,0.97,2.0,0.0,0,0,0,1,0,0,0,False,synthetic,38.27935848315725,51.33491249131655,55.90169216280452,60.171907821267,ridge,True,False,0.0,55.90169216280452,False,False,False,False,False,5,below_rules,monitor,971,80,90,48,1.0
788,2026-09-23,6.45,2026-09-23 02:30:00,70.08,0.96,2026-09-23 00:30:00,157,660,2026-09-23 02:30:00,2026-09-23 22:30:00,2026-09-24,54.94857161385672,56.15381624511174,77.37,28.13571439470564,2.745,2.0,0.0,0,0,0,1,0,0,0,False,synthetic,38.18877862515609,51.24433263331539,55.81111230480336,60.08132796326584,ridge,True,False,0.0,55.81111230480336,False,False,False,False,False,5,below_rules,monitor,972,80,90,48,1.0
503,2026-09-23,5.88,2026-09-23 02:30:00,81.07,6.7,2026-09-23 00:30:00,100,660,2026-09-23 02:30:00,2026-09-23 22:30:00,2026-09-24,59.93142754690988,60.54724173460016,71.02,29.66714259556361,0.0,2.0,0.0,0,0,0,1,0,0,0,False,synthetic,38.094887257824325,51.15044126598362,55.7172209374716,59.98743659593407,ridge,True,False,0.0,55.7172209374716,False,False,False,False,False,5,below_rules,monitor,973,80,90,48,1.0
67,2026-09-23,3.41,2026-09-23 02:30:00,62.04,0.0,2026-09-23 00:30:00,014,660,2026-09-23 02:30:00,2026-09-23 22:30:00,2026-09-24,54.27428545270647,55.184672578317326,54.06,28.298570360456196,1.705,2.0,0.0,0,0,0,1,0,0,0,False,synthetic,38.05205275313567,51.10760676129497,55.67438643278294,59.94460209124541,ridge,True,False,0.0,55.67438643278294,False,False,False,False,False,5,below_rules,monitor,974,80,90,48,1.0
410,2026-09-23,4.09,2026-09-23 02:30:00,77.97,5.34,2026-09-23 00:30:00,081,1100,2026-09-23 02:30:00,2026-09-23 22:30:00,2026-09-24,59.71571513584682,59.845817129550426,87.04,31.478572845458984,0.0,2.0,0.0,0,0,0,1,0,0,0,True,synthetic,37.893728840646574,50.94928284880587,55.51606252029384,59.78627817875632,ridge,True,False,0.0,55.51606252029384,False,False,False,False,False,5,below_rules,monitor,975,80,90,48,1.0
622,2026-09-23,5.64,2026-09-23 02:30:00,77.33,0.01,2026-09-23 00:30:00,124,660,2026-09-23 02:30:00,2026-09-23 22:30:00,2026-09-24,54.26285770961216,57.06871061109088,68.92,30.18000030517578,2.8149998,2.0,0.0,0,0,0,1,0,0,0,False,synthetic,37.75372080986014,50.80927481801944,55.37605448950741,59.64627014796989,ridge,True,False,0.0,55.37605448950741,False,False,False,False,False,5,below_rules,monitor,976,80,90,48,1.0
442,2026-09-23,2.96,2026-09-23 02:30:00,62.28,0.0,2026-09-23 00:30:00,088,660,2026-09-23 02:30:00,2026-09-23 22:30:00,2026-09-24,57.25428526742117,55.40690927989528,77.75,28.419999531337197,1.48,2.0,0.0,0,0,0,1,0,0,0,False,synthetic,37.051788743212256,50.107342751371554,54.674122422859526,58.944338081322,ridge,True,False,0.0,54.674122422859526,False,False,False,False,False,5,below_rules,monitor,977,80,90,48,1.0
596,2026-09-23,2.86,2026-09-23 02:30:00,56.62,6.06,2026-09-23 00:30:00,119,660,2026-09-23 02:30:00,2026-09-23 22:30:00,2026-09-24,60.73571423121861,54.236380764439794,65.94,29.431428500584197,0.0,2.0,0.0,0,0,0,1,0,0,0,False,synthetic,37.02886545699924,50.08441946515854,54.65119913664651,58.92141479510899,ridge,True,False,0.0,54.65119913664651,False,False,False,False,False,5,below_rules,monitor,978,80,90,48,1.0
29,2026-09-23,5.03,2026-09-23 02:30:00,51.89,1.27,2026-09-23 00:30:00,006,1100,2026-09-23 02:30:00,2026-09-23 22:30:00,2026-09-24,55.11285618373326,51.63052482933404,65.74,26.04428563799177,1.8800001,2.0,0.0,0,0,0,1,0,0,0,False,synthetic,37.02710036164871,50.082654369808,54.649434041295976,58.91964969975845,ridge,True,False,0.0,54.649434041295976,False,False,False,False,False,5,below_rules,monitor,979,80,90,48,1.0
964,2026-09-23,1.49,2026-09-23 02:30:00,74.23,2.39,2026-09-23 00:30:00,192,660,2026-09-23 02:30:00,2026-09-23 22:30:00,2026-09-24,54.95428657531738,57.88219217583803,41.52,29.704286302839005,0.0,2.0,0.0,0,0,0,1,0,0,0,False,synthetic,36.41445827469772,49.47001228285702,54.03679195434499,58.30700761280747,ridge,True,False,0.0,54.03679195434499,False,False,False,False,False,5,below_rules,monitor,980,80,90,48,1.0
301,2026-09-23,5.7,2026-09-23 02:30:00,68.75,6.55,2026-09-23 00:30:00,060,660,2026-09-23 02:30:00,2026-09-23 22:30:00,2026-09-24,53.41285760062082,54.37135335970525,73.62,28.730000359671457,0.0,2.0,0.0,0,0,0,1,0,0,0,False,synthetic,36.38753245213572,49.44308646029501,54.009866131782985,58.28008179024546,ridge,True,True,0.0,54.009866131782985,False,False,False,False,False,5,below_rules,monitor,981,80,90,48,1.0
427,2026-09-23,7.49,2026-09-23 02:30:00,66.84,3.11,2026-09-23 00:30:00,085,660,2026-09-23 02:30:00,2026-09-23 22:30:00,2026-09-24,49.98857062203543,51.375783151873925,74.31,28.792855943952286,2.19,2.0,0.0,0,0,0,1,0,0,0,False,synthetic,36.26608670219261,49.32164071035191,53.88842038183988,58.15863604030236,ridge,True,False,0.0,53.88842038183988,False,False,False,False,False,5,below_rules,monitor,982,80,90,48,1.0
715,2026-09-23,5.19,2026-09-23 02:30:00,75.01,4.41,2026-09-23 00:30:00,142,240,2026-09-23 02:30:00,2026-09-23 22:30:00,2026-09-24,54.46285792759487,57.41763565207705,77.22,26.59714344569615,0.3900001,2.0,0.0,0,0,0,1,0,0,0,True,synthetic,36.24238399289191,49.29793800105121,53.86471767253918,58.134933331001655,ridge,True,False,0.0,53.86471767253918,False,False,False,False,False,5,below_rules,monitor,983,80,90,48,1.0
504,2026-09-23,5.08,2026-09-23 02:30:00,66.07,5.89,2026-09-23 00:30:00,100,660,2026-09-23 02:30:00,2026-09-23 22:30:00,2026-09-24,51.560000555855886,54.13366782144359,56.72,25.41142899649484,0.0,2.0,0.0,0,0,0,1,0,0,0,False,synthetic,35.69556566089527,48.75111966905457,53.31789934054254,57.588114999005015,ridge,True,False,0.0,53.31789934054254,False,False,False,False,False,5,below_rules,monitor,984,80,90,48,1.0
395,2026-09-23,4.17,2026-09-23 02:30:00,73.4,5.38,2026-09-23 00:30:00,078,660,2026-09-23 02:30:00,2026-09-23 22:30:00,2026-09-24,53.04142870221819,55.682052783405325,68.31,27.807143347603933,0.0,2.0,0.0,0,0,0,1,0,0,0,True,synthetic,35.2574713024972,48.3130253106565,52.87980498214447,57.15002064060695,ridge,True,True,0.0,52.87980498214447,False,False,False,False,False,5,below_rules,monitor,985,80,90,48,1.0
211,2026-09-23,3.38,2026-09-23 02:30:00,69.51,5.49,2026-09-23 00:30:00,042,1100,2026-09-23 02:30:00,2026-09-23 22:30:00,2026-09-24,59.0442864554269,56.18567770189718,80.97,28.34571484157017,0.0,2.0,0.0,0,0,0,1,0,0,0,False,synthetic,35.19635668685719,48.25191069501649,52.81869036650446,57.08890602496694,ridge,True,False,0.0,52.81869036650446,False,False,False,False,False,5,below_rules,monitor,986,80,90,48,1.0
426,2026-09-23,9.09,2026-09-23 02:30:00,74.1,3.75,2026-09-23 00:30:00,085,660,2026-09-23 02:30:00,2026-09-23 22:30:00,2026-09-24,53.22285761151995,52.59692890402405,82.94,27.00714329310826,2.67,2.0,0.0,0,0,0,1,0,0,0,False,synthetic,34.862309560473925,47.91786356863322,52.4846432401212,56.75485889858367,ridge,True,False,0.0,52.4846432401212,False,False,False,False,False,5,below_rules,monitor,987,80,90,48,1.0
637,2026-09-23,8.01,2026-09-23 02:30:00,46.49,1.11,2026-09-23 00:30:00,127,1100,2026-09-23 02:30:00,2026-09-23 22:30:00,2026-09-24,48.74285670689174,44.75949439190658,81.82,25.17428479875837,3.45,2.0,0.0,0,0,0,1,0,0,0,False,synthetic,34.684655189960594,47.74020919811989,52.30698886960786,56.57720452807034,ridge,True,False,0.0,52.30698886960786,False,False,False,False,False,5,below_rules,monitor,988,80,90,48,1.0
991,2026-09-23,6.49,2026-09-23 02:30:00,61.36,3.32,2026-09-23 00:30:00,198,240,2026-09-23 02:30:00,2026-09-23 22:30:00,2026-09-24,54.99285752432687,51.297757514582926,59.4,24.978571483067103,1.5849999,2.0,0.0,0,0,0,1,0,0,0,False,synthetic,34.55124783426151,47.60680184242081,52.17358151390878,56.443797172371255,ridge,True,False,0.0,52.17358151390878,False,False,False,False,False,5,below_rules,monitor,989,80,90,48,1.0
397,2026-09-23,6.61,2026-09-23 02:30:00,56.67,1.47,2026-09-23 00:30:00,079,1100,2026-09-23 02:30:00,2026-09-23 22:30:00,2026-09-24,45.0528564453125,48.57943596027096,24.55,21.33428464617048,2.5700002,2.0,0.0,0,0,0,1,0,0,0,False,synthetic,34.29685580433079,47.35240981249009,51.91918948397806,56.189405142440535,ridge,True,False,0.0,51.91918948397806,False,False,False,False,False,5,below_rules,monitor,990,80,90,48,1.0
597,2026-09-23,0.87,2026-09-23 02:30:00,54.94,3.38,2026-09-23 00:30:00,119,660,2026-09-23 02:30:00,2026-09-23 22:30:00,2026-09-24,53.03142874581473,50.36854109018832,74.0,28.84571429661342,0.0,2.0,0.0,0,0,0,1,0,0,0,False,synthetic,33.89551606855735,46.95107007671665,51.51784974820462,55.78806540666709,ridge,True,False,0.0,51.51784974820462,False,False,False,False,False,5,below_rules,monitor,991,80,90,48,1.0
927,2026-09-23,7.36,2026-09-23 02:30:00,45.42,1.8,2026-09-23 00:30:00,185,1100,2026-09-23 02:30:00,2026-09-23 22:30:00,2026-09-24,45.48142814636231,44.643265744571615,34.37,20.88714272635324,2.7800002,2.0,0.0,0,0,0,1,0,0,0,False,synthetic,33.70464303781717,46.76019704597647,51.32697671746444,55.59719237592692,ridge,True,False,0.0,51.32697671746444,False,False,False,False,False,5,below_rules,monitor,992,80,90,48,1.0
866,2026-09-23,6.05,2026-09-23 02:30:00,70.04,1.29,2026-09-23 00:30:00,173,1100,2026-09-23 02:30:00,2026-09-23 22:30:00,2026-09-24,49.52571378435408,51.71748149422414,47.03,24.985713413783483,2.38,2.0,0.0,0,0,0,1,0,0,0,False,synthetic,33.640100678308784,46.69565468646808,51.26243435795605,55.53265001641853,ridge,True,False,0.0,51.26243435795605,False,False,False,False,False,5,below_rules,monitor,993,80,90,48,1.0
60,2026-09-23,3.26,2026-09-23 02:30:00,46.96,2.92,2026-09-23 00:30:00,012,240,2026-09-23 02:30:00,2026-09-23 22:30:00,2026-09-24,49.74428503853934,46.40477954037517,61.59,26.48285675048828,0.16999996,2.0,0.0,0,0,0,1,0,0,0,True,synthetic,33.441059882420284,46.49661389057958,51.06339356206755,55.33360922053003,ridge,True,False,0.0,51.06339356206755,False,False,False,False,False,5,below_rules,monitor,994,80,90,48,1.0
683,2026-09-23,3.63,2026-09-23 02:30:00,60.6,0.56,2026-09-23 00:30:00,136,660,2026-09-23 02:30:00,2026-09-23 22:30:00,2026-09-24,47.98428535461426,49.039899133157135,61.84,26.765713827950613,1.5350001,2.0,0.0,0,0,0,1,0,0,0,False,synthetic,33.1409413318327,46.196495339992,50.76327501147997,55.033490669942445,ridge,True,False,0.0,50.76327501147997,False,False,False,False,False,5,below_rules,monitor,995,80,90,48,1.0
485,2026-09-23,2.11,2026-09-23 02:30:00,58.59,3.27,2026-09-23 00:30:00,096,1100,2026-09-23 02:30:00,2026-09-23 22:30:00,2026-09-24,52.5714282989502,50.01473865685264,60.76,27.91857119968959,0.0,2.0,0.0,0,0,0,1,0,0,0,True,synthetic,32.955872913927664,46.01142692208696,50.57820659357493,54.84842225203741,ridge,True,False,0.0,50.57820659357493,False,False,False,False,False,5,below_rules,monitor,996,80,90,48,1.0
177,2026-09-23,5.89,2026-09-23 02:30:00,58.43,4.49,2026-09-23 00:30:00,035,1100,2026-09-23 02:30:00,2026-09-23 22:30:00,2026-09-24,43.38714272635324,45.06391727037168,54.35,22.805714198521205,0.70000005,2.0,0.0,0,0,0,1,0,0,0,False,synthetic,30.18499590189648,43.240549910055776,47.80732958154375,52.07754524000622,ridge,True,False,0.0,47.80732958154375,False,False,False,False,False,5,below_rules,monitor,997,80,90,48,1.0
994,2026-09-23,8.99,2026-09-23 02:30:00,42.89,5.82,2026-09-23 00:30:00,198,660,2026-09-23 02:30:00,2026-09-23 22:30:00,2026-09-24,34.38333320617676,36.62777319260661,43.8,17.498332977294922,1.5849998,2.0,0.0,0,0,0,1,0,0,0,False,synthetic,28.044524769126937,41.10007877728624,45.66685844877421,49.93707410723668,ridge,True,False,0.0,45.66685844877421,False,False,False,False,False,5,below_rules,monitor,998,80,90,48,1.0
711,2026-09-23,4.88,2026-09-23 02:30:00,53.58,2.29,2026-09-23 00:30:00,142,1100,2026-09-23 02:30:00,2026-09-23 22:30:00,2026-09-24,35.96142850603376,37.59115732340264,47.78,18.70142909458705,1.2950001,2.0,0.0,0,0,0,1,0,0,0,False,synthetic,23.737255835180317,36.79280984333961,41.35958951482758,45.62980517329006,ridge,True,False,0.0,41.35958951482758,False,False,False,False,False,5,below_rules,monitor,999,80,90,48,1.0
789,2026-09-23,1.88,2026-09-23 02:30:00,32.92,2.47,2026-09-23 00:30:00,157,660,2026-09-23 02:30:00,2026-09-23 22:30:00,2026-09-24,32.31428582327707,30.85825362350512,53.52,16.29714298248291,0.0,2.0,0.0,0,0,0,1,0,0,0,False,synthetic,20.754873087550777,33.810427095710075,38.37720676719805,42.64742242566052,ridge,True,False,0.0,38.37720676719805,False,False,False,False,False,5,below_rules,monitor,1000,80,90,48,1.0
