osm_node_id,longitude,latitude,zone_id,city_id,source_id,data_origin,bin_id,capacity_l,demand_factor,coordinate_origin,scenario,city_name,snap_m,routing_node_id,network_accessible,center_distance_m,nearest_other_hypothetical_bin_m,nearest_mapped_commercial_poi_m,mapped_commercial_pois_within500m,nearest_mapped_residential_landuse_m,ward_match_count,assigned_ward_matches_polygon,in_routing_pilot
2174840589,76.9340427,11.0713006,001,CBE,S09,synthetic,1,1100,1.204122583679139,real_osm_road_node,independent Coimbatore hypothetical bins; demand scale0.9 assumption,Coimbatore,0.0,2174840589,True,6508.773933023023,238.39110046295215,868.1544365899359,0,969.9317371939766,1,True,False
8430861637,76.9362924,11.0780121,001,CBE,S09,synthetic,2,660,0.6361903220616232,real_osm_road_node,independent Coimbatore hypothetical bins; demand scale0.9 assumption,Coimbatore,0.0,8430861637,True,7131.6567235828215,556.1337688362811,531.1703051364772,0,830.2936368768072,1,True,False
8460454988,76.9245216,11.0827576,001,CBE,S09,synthetic,3,660,1.1602780777415471,real_osm_road_node,independent Coimbatore hypothetical bins; demand scale0.9 assumption,Coimbatore,0.0,8460454988,True,8089.615992405249,269.16544943708027,1882.962532826956,0,532.0220261560842,1,True,False
9068976217,76.9352578,11.0730902,001,CBE,S09,synthetic,4,1100,0.9031285437617664,real_osm_road_node,independent Coimbatore hypothetical bins; demand scale0.9 assumption,Coimbatore,0.0,9068976217,True,6648.564731948973,238.39110046295215,710.9041296987714,0,914.6511226704944,1,True,False
9803986971,76.9222198,11.0818913,001,CBE,S09,synthetic,5,660,1.2718847090296037,real_osm_road_node,independent Coimbatore hypothetical bins; demand scale0.9 assumption,Coimbatore,0.0,9803986971,True,8112.725478796592,269.16544943708027,2119.85929078487,0,734.6077538960753,1,True,False
1450507272,76.9671144,11.0845467,002,CBE,S09,synthetic,6,660,1.62,real_osm_road_node,independent Coimbatore hypothetical bins; demand scale0.9 assumption,Coimbatore,0.0,1450507272,True,7633.616898667529,214.3806368208733,1852.311649522812,0,803.7785695055624,1,True,False
2685083666,76.9653723,11.0854378,002,CBE,S09,synthetic,7,660,1.4214391168074842,real_osm_road_node,independent Coimbatore hypothetical bins; demand scale0.9 assumption,Coimbatore,0.0,2685083666,True,7703.336845030774,214.3806368208733,1804.3075158098848,0,644.0343411649269,1,True,False
2685083668,76.9627773,11.085808,002,CBE,S09,synthetic,8,1100,1.0721146279887015,real_osm_road_node,independent Coimbatore hypothetical bins; demand scale0.9 assumption,Coimbatore,0.0,2685083668,True,7711.027806801272,286.5096187135145,1804.2795389061328,0,416.0801425438135,1,True,False
9049696880,76.9528741,11.0869987,002,CBE,S09,synthetic,9,660,1.194246669732888,real_osm_road_node,independent Coimbatore hypothetical bins; demand scale0.9 assumption,Coimbatore,0.0,9049696880,True,7812.267641778923,1090.1479885746194,887.8832200827453,0,0.0,1,True,False
9847705682,76.9580549,11.0743454,002,CBE,S09,synthetic,10,660,1.153652596760833,real_osm_road_node,independent Coimbatore hypothetical bins; demand scale0.9 assumption,Coimbatore,0.0,9847705682,True,6403.4869219987,1029.9404144362973,1662.6942264151542,0,407.4800431385815,1,True,False
1480985679,76.9926673,11.0516958,003,CBE,S09,synthetic,11,1100,0.7519059986177242,real_osm_road_node,independent Coimbatore hypothetical bins; demand scale0.9 assumption,Coimbatore,0.0,1480985679,True,5589.825532912539,423.9077253183421,721.4029128117621,0,2996.037296543528,1,True,False
1843671198,76.984384,11.0607016,003,CBE,S09,synthetic,12,660,0.6704948286740744,real_osm_road_node,independent Coimbatore hypothetical bins; demand scale0.9 assumption,Coimbatore,0.0,1843671198,True,5793.288874832829,549.2413679279387,1629.6475402944752,0,3188.114947609696,1,True,False
5665229524,76.9881485,11.068229,003,CBE,S09,synthetic,13,1100,0.9167328887011896,real_osm_road_node,independent Coimbatore hypothetical bins; demand scale0.9 assumption,Coimbatore,0.0,5665229524,True,6720.606721291661,604.42583900688,1495.9357795229887,0,2259.550627541279,1,True,False
6950587479,76.9775896,11.084842,003,CBE,S09,synthetic,14,240,0.9788523345614144,real_osm_road_node,independent Coimbatore hypothetical bins; demand scale0.9 assumption,Coimbatore,0.0,6950587479,True,7930.822689979057,785.0847496440372,782.8608540926443,0,1944.9428058184144,1,True,False
11482564693,76.9767838,11.0777906,003,CBE,S09,synthetic,15,1100,0.5582882735576157,real_osm_road_node,independent Coimbatore hypothetical bins; demand scale0.9 assumption,Coimbatore,0.0,11482564693,True,7158.056678294921,785.0847496440372,845.4174620862508,0,1800.8713998482629,1,True,False
6952922169,77.0102106,11.0751936,004,CBE,S09,synthetic,16,660,1.62,real_osm_road_node,independent Coimbatore hypothetical bins; demand scale0.9 assumption,Coimbatore,0.0,6952922169,True,8798.91781663287,262.12421590210585,781.4842175429071,0,1455.6454531947777,1,True,False
9949164568,77.011523,11.0909452,004,CBE,S09,synthetic,17,240,1.62,real_osm_road_node,independent Coimbatore hypothetical bins; demand scale0.9 assumption,Coimbatore,0.0,9949164568,True,10244.67875264907,719.2770439050723,666.5631829519972,0,341.05503606944905,1,True,False
10259407465,76.9908536,11.0849024,004,CBE,S09,synthetic,18,660,1.5390665182521075,real_osm_road_node,independent Coimbatore hypothetical bins; demand scale0.9 assumption,Coimbatore,0.0,10259407465,True,8484.06766976838,1449.4520018477124,373.5893865304015,1,779.8034094746155,1,True,False
11397339355,77.0087023,11.0770358,004,CBE,S09,synthetic,19,1100,1.2194955454668233,real_osm_road_node,independent Coimbatore hypothetical bins; demand scale0.9 assumption,Coimbatore,0.0,11397339355,True,8842.794175820542,262.12421590210585,543.4807240345034,0,1201.9452804768116,1,True,False
12372781623,77.0118809,11.0990103,004,CBE,S09,synthetic,20,660,1.5664664537710105,real_osm_road_node,independent Coimbatore hypothetical bins; demand scale0.9 assumption,Coimbatore,0.0,12372781623,True,11000.938819014653,478.6932491364768,517.4578105509089,0,903.7280148588172,1,True,False
344406005,77.0163441,11.0824138,005,CBE,S09,synthetic,21,240,1.3703498204116358,real_osm_road_node,independent Coimbatore hypothetical bins; demand scale0.9 assumption,Coimbatore,0.0,344406005,True,9843.175593394377,301.7807294270288,1400.9067661338918,0,1241.8673917577432,1,True,False
5665286103,77.0152605,11.0849227,005,CBE,S09,synthetic,22,240,1.0375741215356644,real_osm_road_node,independent Coimbatore hypothetical bins; demand scale0.9 assumption,Coimbatore,0.0,5665286103,True,9974.347292503257,301.7807294270288,1186.988457484467,0,977.0537439605008,1,True,False
6209610732,77.0152813,11.0962825,005,CBE,S09,synthetic,23,660,1.0128641018076905,real_osm_road_node,independent Coimbatore hypothetical bins; demand scale0.9 assumption,Coimbatore,0.0,6209610732,True,10965.741520062364,478.6932491364768,57.280757324364295,2,909.0066595939256,1,True,False
10211402520,77.0119983,11.080022,005,CBE,S09,synthetic,24,660,1.62,real_osm_road_node,independent Coimbatore hypothetical bins; demand scale0.9 assumption,Coimbatore,0.0,10211402520,True,9329.302301283013,488.7621684403232,878.1381398460671,0,1135.2966213373654,1,True,False
11430475155,77.0152089,11.0761081,005,CBE,S09,synthetic,25,660,1.0948781893294497,real_osm_road_node,independent Coimbatore hypothetical bins; demand scale0.9 assumption,Coimbatore,0.0,11430475155,True,9248.112449674414,555.5121029424082,1254.2089887085444,0,1524.897978423047,1,True,False
5080927235,77.0381431,11.0639708,006,CBE,S09,synthetic,26,240,1.3990243824191757,real_osm_road_node,independent Coimbatore hypothetical bins; demand scale0.9 assumption,Coimbatore,0.0,5080927235,True,10405.38322972585,1063.1237299098618,1216.3379231336485,0,873.6487484902353,1,True,False
6031243308,77.0435079,11.0544333,006,CBE,S09,synthetic,27,240,0.6954315471300077,real_osm_road_node,independent Coimbatore hypothetical bins; demand scale0.9 assumption,Coimbatore,0.0,6031243308,True,10447.040618140352,162.71924320827816,541.6858220342527,0,2029.8676753870488,1,True,False
6194223899,77.0442626,11.0565014,006,CBE,S09,synthetic,28,1100,0.7328911943718005,real_osm_road_node,independent Coimbatore hypothetical bins; demand scale0.9 assumption,Coimbatore,0.0,6194223899,True,10616.080782726824,243.2252267061542,714.7312274973252,0,1843.8045454798864,1,True,False
9252154304,77.0493507,11.0715479,006,CBE,S09,synthetic,29,660,0.6636004282710057,real_osm_road_node,independent Coimbatore hypothetical bins; demand scale0.9 assumption,Coimbatore,0.0,9252154304,True,11886.887985199268,1484.2543053003656,2356.002439019597,0,733.390160598379,1,True,False
11378959827,77.0550307,11.0592577,006,CBE,S09,synthetic,30,660,0.9842983196467792,real_osm_road_node,independent Coimbatore hypothetical bins; demand scale0.9 assumption,Coimbatore,0.0,11378959827,True,11814.132457364542,500.2847423675603,1907.4257147651924,0,973.9116221453754,1,True,False
2444374076,77.0580338,11.0498874,007,CBE,S09,synthetic,31,240,0.7614224405524854,real_osm_road_node,independent Coimbatore hypothetical bins; demand scale0.9 assumption,Coimbatore,0.0,2444374076,True,11748.68757013304,249.22209077957768,1431.8959752286985,0,974.1321409597268,1,True,False
9034098822,77.0479605,11.0549578,007,CBE,S09,synthetic,32,660,0.5116336916989637,real_osm_road_node,independent Coimbatore hypothetical bins; demand scale0.9 assumption,Coimbatore,0.0,9034098822,True,10916.570336076184,438.749561751452,1027.6179689417186,0,1744.9305889581865,1,True,False
9594801850,77.0410957,11.0481281,007,CBE,S09,synthetic,33,660,1.0647422394046069,real_osm_road_node,independent Coimbatore hypothetical bins; demand scale0.9 assumption,Coimbatore,0.0,9594801850,True,9939.593739079432,583.0376717713964,345.8114149430441,2,1367.2237579121932,1,True,False
11456389506,77.0576119,11.0555234,007,CBE,S09,synthetic,34,1100,0.9673128109621042,real_osm_road_node,independent Coimbatore hypothetical bins; demand scale0.9 assumption,Coimbatore,0.0,11456389506,True,11916.711980699369,500.2847423675603,1783.2510727226052,0,866.463902209202,1,True,False
11741281081,77.0429753,11.0530599,007,CBE,S09,synthetic,35,240,0.6895697738212134,real_osm_road_node,independent Coimbatore hypothetical bins; demand scale0.9 assumption,Coimbatore,0.0,11741281081,True,10333.288017799954,162.71924320827816,459.6167071060896,1,1915.2551144839133,1,True,False
6031231916,77.0358552,11.0524504,008,CBE,S09,synthetic,36,240,1.0897180193884162,real_osm_road_node,independent Coimbatore hypothetical bins; demand scale0.9 assumption,Coimbatore,0.0,6031231916,True,9594.38866740088,746.1413435030538,324.2433500877259,1,1388.4365017836117,1,True,False
6031243358,77.028152,11.0526417,008,CBE,S09,synthetic,37,660,0.9037976040159832,real_osm_road_node,independent Coimbatore hypothetical bins; demand scale0.9 assumption,Coimbatore,0.0,6031243358,True,8845.176981528111,499.7631167580356,1161.1525598975795,0,1267.37409612746,1,True,False
9622718822,77.0278499,11.0579053,008,CBE,S09,synthetic,38,660,1.2188956619335989,real_osm_road_node,independent Coimbatore hypothetical bins; demand scale0.9 assumption,Coimbatore,0.0,9622718822,True,9095.284538082642,583.2896312861673,1311.3534586127791,0,1675.1178769048895,1,True,False
11051090883,77.0298615,11.0781571,008,CBE,S09,synthetic,39,660,1.62,real_osm_road_node,independent Coimbatore hypothetical bins; demand scale0.9 assumption,Coimbatore,0.0,11051090883,True,10577.198206481547,1109.2321575730844,2503.429968530318,0,0.0,1,True,False
12361181951,77.0314954,11.0880521,008,CBE,S09,synthetic,40,1100,1.4105008223637276,real_osm_road_node,independent Coimbatore hypothetical bins; demand scale0.9 assumption,Coimbatore,0.0,12361181951,True,11446.098828157428,1109.2321575730844,1956.17201535124,0,448.1905020952893,1,True,False
344407810,77.0171102,11.0713549,009,CBE,S09,synthetic,41,660,1.3039681527542994,real_osm_road_node,independent Coimbatore hypothetical bins; demand scale0.9 assumption,Coimbatore,0.0,344407810,True,9031.626994529144,271.7943366698848,1481.4859706846669,0,1446.75435307477,1,True,False
2168481780,77.0049851,11.0600096,009,CBE,S09,synthetic,42,660,0.7138301064026991,real_osm_road_node,independent Coimbatore hypothetical bins; demand scale0.9 assumption,Coimbatore,0.0,2168481780,True,7204.15921385964,86.80515823035935,1001.6255690820312,0,2870.1318079200705,1,True,False
11050738980,77.0049493,11.0607934,009,CBE,S09,synthetic,43,660,0.9202049022588924,real_osm_road_node,independent Coimbatore hypothetical bins; demand scale0.9 assumption,Coimbatore,0.0,11050738980,True,7259.683118916051,86.80515823035935,917.8137693558448,0,2784.179355038433,1,True,False
11453259205,77.0193572,11.0703019,009,CBE,S09,synthetic,44,660,0.8442378140209392,real_osm_road_node,independent Coimbatore hypothetical bins; demand scale0.9 assumption,Coimbatore,0.0,11453259205,True,9138.130867213096,271.7943366698848,1430.3932591166194,0,1261.612274374616,1,True,False
12361278955,77.0234639,11.0688821,009,CBE,S09,synthetic,45,240,0.9961041102871404,real_osm_road_node,independent Coimbatore hypothetical bins; demand scale0.9 assumption,Coimbatore,0.0,12361278955,True,9384.596558216976,475.4932323862893,1511.7825843533292,0,967.5599916189666,1,True,False
2168511011,77.0030241,11.0690816,010,CBE,S09,synthetic,46,660,0.8274171121834705,real_osm_road_node,independent Coimbatore hypothetical bins; demand scale0.9 assumption,Coimbatore,0.0,2168511011,True,7769.064408619763,613.6764179305248,28.79451501318844,2,1844.4002980536927,1,True,False
6965343923,77.0027527,11.0635413,010,CBE,S09,synthetic,47,1100,0.7780060281919995,real_osm_road_node,independent Coimbatore hypothetical bins; demand scale0.9 assumption,Coimbatore,0.0,6965343923,True,7298.709441244133,235.3578336579152,569.177926184419,0,2447.303630432564,1,True,False
11387280581,77.007141,11.0733342,010,CBE,S09,synthetic,48,1100,0.8249238864884074,real_osm_road_node,independent Coimbatore hypothetical bins; demand scale0.9 assumption,Coimbatore,0.0,11387280581,True,8420.964134703763,130.93906514648043,528.8019074676466,0,1507.771597831642,1,True,False
11428506695,77.0080297,11.0725404,010,CBE,S09,synthetic,49,660,0.961767852738335,real_osm_road_node,independent Coimbatore hypothetical bins; demand scale0.9 assumption,Coimbatore,0.0,11428506695,True,8420.63267627631,130.93906514648043,636.3621799221465,0,1622.3387929466417,1,True,False
12361241924,77.0059608,11.0743876,010,CBE,S09,synthetic,50,660,0.9293310767225116,real_osm_road_node,independent Coimbatore hypothetical bins; demand scale0.9 assumption,Coimbatore,0.0,12361241924,True,8424.495747673662,173.8303346008477,407.6647408560096,3,1360.2838556397387,1,True,False
1804944050,76.9948769,11.0616656,011,CBE,S09,synthetic,51,660,0.9728619012935172,real_osm_road_node,independent Coimbatore hypothetical bins; demand scale0.9 assumption,Coimbatore,0.0,1804944050,True,6563.269087334541,274.3427023879492,1121.900083490284,0,2693.044791620581,1,True,False
1804944053,76.9927822,11.0630322,011,CBE,S09,synthetic,52,1100,0.8760032431938136,real_osm_road_node,independent Coimbatore hypothetical bins; demand scale0.9 assumption,Coimbatore,0.0,1804944053,True,6535.904135251362,199.14186002484877,1212.9595122132607,0,2603.843104468967,1,True,False
1804944078,76.9910447,11.0635747,011,CBE,S09,synthetic,53,660,0.7152465166121613,real_osm_road_node,independent Coimbatore hypothetical bins; demand scale0.9 assumption,Coimbatore,0.0,1804944078,True,6468.935048572449,199.14186002484877,1353.2331102418498,0,2610.6120712611364,1,True,False
1828303537,76.99826,11.0622979,011,CBE,S09,synthetic,54,660,0.6383909416607075,real_osm_road_node,independent Coimbatore hypothetical bins; demand scale0.9 assumption,Coimbatore,0.0,1828303537,True,6860.65045064036,314.2533621969498,831.7137294038066,0,2573.2804299680347,1,True,False
11479136233,76.9889823,11.0586981,011,CBE,S09,synthetic,55,660,0.7456062168917359,real_osm_road_node,independent Coimbatore hypothetical bins; demand scale0.9 assumption,Coimbatore,0.0,11479136233,True,5900.832952656604,549.2413679279387,1346.414561451993,0,3195.2517603450974,1,True,False
5666868130,76.9690332,11.0552301,012,CBE,S09,synthetic,56,1100,0.6219670857730306,real_osm_road_node,independent Coimbatore hypothetical bins; demand scale0.9 assumption,Coimbatore,0.0,5666868130,True,4510.69613220392,408.0400763480183,2083.3349631014707,0,2572.6080666812045,1,True,False
8487957271,76.9818696,11.0514502,012,CBE,S09,synthetic,57,660,0.9872550431974804,real_osm_road_node,independent Coimbatore hypothetical bins; demand scale0.9 assumption,Coimbatore,0.0,8487957271,True,4789.604135173729,45.87661224423575,851.8151875762625,0,3281.9595818533344,1,True,False
9832036194,76.9722563,11.0621434,012,CBE,S09,synthetic,58,1100,0.6236735726647197,real_osm_road_node,independent Coimbatore hypothetical bins; demand scale0.9 assumption,Coimbatore,0.0,9832036194,True,5352.282116038116,155.8440417080968,2424.846706090497,0,2198.4925044895253,1,True,False
11052218784,76.9821721,11.0517377,012,CBE,S09,synthetic,59,660,1.62,real_osm_road_node,independent Coimbatore hypothetical bins; demand scale0.9 assumption,Coimbatore,0.0,11052218784,True,4834.937868016363,45.87661224423575,849.4262981644472,0,3323.6218772307952,1,True,False
11052344927,76.9731009,11.0610084,012,CBE,S09,synthetic,60,1100,1.255448913942131,real_osm_road_node,independent Coimbatore hypothetical bins; demand scale0.9 assumption,Coimbatore,0.0,11052344927,True,5265.91019299339,155.8440417080968,2269.026590730069,0,2354.3362392452264,1,True,False
2166471544,76.9658425,11.0533147,013,CBE,S09,synthetic,61,1100,0.5659913267555633,real_osm_road_node,independent Coimbatore hypothetical bins; demand scale0.9 assumption,Coimbatore,0.0,2166471544,True,4205.579917471455,189.97692071965892,2125.8992770503937,0,2425.7606409409764,1,True,False
5666895020,76.9701676,11.0590884,013,CBE,S09,synthetic,62,660,0.6633820903294708,real_osm_road_node,independent Coimbatore hypothetical bins; demand scale0.9 assumption,Coimbatore,0.0,5666895020,True,4956.812109067941,384.5551287240471,2312.9350408103223,0,2366.269105884359,1,True,False
8448455949,76.9525927,11.0571858,013,CBE,S09,synthetic,63,1100,0.9007956968942336,real_osm_road_node,independent Coimbatore hypothetical bins; demand scale0.9 assumption,Coimbatore,0.0,8448455949,True,4504.317765439231,224.8337251404867,838.0964876884627,0,1105.8152442962685,1,True,False
10653628520,76.9509116,11.0560143,013,CBE,S09,synthetic,64,660,0.5705243258254523,real_osm_road_node,independent Coimbatore hypothetical bins; demand scale0.9 assumption,Coimbatore,0.0,10653628520,True,4392.948425301407,224.8337251404867,652.5242192853598,0,1035.3491653281328,1,True,False
11052145609,76.9648821,11.0518834,013,CBE,S09,synthetic,65,1100,0.742356055036187,real_osm_road_node,independent Coimbatore hypothetical bins; demand scale0.9 assumption,Coimbatore,0.0,11052145609,True,4025.053366161928,189.97692071965892,2013.6944929110089,0,2461.074584043228,1,True,False
1470738439,76.9477363,11.0657023,014,CBE,S09,synthetic,66,1100,0.7582747254900795,real_osm_road_node,independent Coimbatore hypothetical bins; demand scale0.9 assumption,Coimbatore,0.0,1470738439,True,5508.4414071474175,456.25639027776526,622.7107320680774,0,222.5278001661732,1,True,False
2173188025,76.9488542,11.0723268,014,CBE,S09,synthetic,67,1100,1.0440814754853394,real_osm_road_node,independent Coimbatore hypothetical bins; demand scale0.9 assumption,Coimbatore,0.0,2173188025,True,6220.657130861554,295.7985474948672,748.7927226114343,0,243.68412454220947,1,True,False
5660381843,76.9443693,11.0612799,014,CBE,S09,synthetic,68,240,0.6550562302032178,real_osm_road_node,independent Coimbatore hypothetical bins; demand scale0.9 assumption,Coimbatore,0.0,5660381843,True,5100.844568977673,612.1809573041785,211.78020745628976,2,125.42965235997502,1,True,False
11050775602,76.9479047,11.069823,014,CBE,S09,synthetic,69,1100,0.6007527396889196,real_osm_road_node,independent Coimbatore hypothetical bins; demand scale0.9 assumption,Coimbatore,0.0,11050775602,True,5958.520058504916,295.7985474948672,548.0918253454191,0,0.0,1,True,False
12373334503,76.9378869,11.0669249,014,CBE,S09,synthetic,70,660,1.1037941504066149,real_osm_road_node,independent Coimbatore hypothetical bins; demand scale0.9 assumption,Coimbatore,0.0,12373334503,True,5906.548648001072,640.9535506554267,596.1071044534121,0,512.9293233494067,1,True,False
247177632,76.9458597,11.0534093,015,CBE,S09,synthetic,71,660,0.489989327335083,real_osm_road_node,independent Coimbatore hypothetical bins; demand scale0.9 assumption,Coimbatore,0.0,247177632,True,4212.850196866477,235.99853307481484,50.76635598989998,3,995.066867326482,1,True,False
2173187844,76.9354888,11.0606637,015,CBE,S09,synthetic,72,660,1.4879034794119812,real_osm_road_node,independent Coimbatore hypothetical bins; demand scale0.9 assumption,Coimbatore,0.0,2173187844,True,5357.523878131825,740.6069021732301,1035.3956436202216,0,555.3891019256919,1,True,False
5662450805,76.9426826,11.0536586,015,CBE,S09,synthetic,73,660,0.5859097331152148,real_osm_road_node,independent Coimbatore hypothetical bins; demand scale0.9 assumption,Coimbatore,0.0,5662450805,True,4341.330021246762,268.4982633715106,350.33804649931847,3,935.4153023974638,1,True,False
12383687074,76.9253083,11.0690813,015,CBE,S09,synthetic,74,1100,0.8661723277826139,real_osm_road_node,independent Coimbatore hypothetical bins; demand scale0.9 assumption,Coimbatore,0.0,12383687074,True,6698.482739249136,985.5507015279304,1853.6623050432208,0,1282.2874512671842,1,True,False
12383687096,76.9289516,11.0577574,015,CBE,S09,synthetic,75,660,1.304464357120131,real_osm_road_node,independent Coimbatore hypothetical bins; demand scale0.9 assumption,Coimbatore,0.0,12383687096,True,5415.461111890283,649.9173226200317,1750.6686929798582,0,1337.8375405933325,1,True,False
343692930,76.915835,11.054673,016,CBE,S09,synthetic,76,660,0.7666221488951818,real_osm_road_node,independent Coimbatore hypothetical bins; demand scale0.9 assumption,Coimbatore,0.0,343692930,True,6062.969535886025,705.7153069367151,1101.1661150045618,0,1679.5824491994588,1,True,False
3595695988,76.9257501,11.0489659,016,CBE,S09,synthetic,77,1100,0.6156299704528916,real_osm_road_node,independent Coimbatore hypothetical bins; demand scale0.9 assumption,Coimbatore,0.0,3595695988,True,4852.701019989967,572.9744664674373,888.9362859042066,0,1495.4110152849587,1,True,False
5586199195,76.9168495,11.0483732,016,CBE,S09,synthetic,78,660,1.005234544547309,real_osm_road_node,independent Coimbatore hypothetical bins; demand scale0.9 assumption,Coimbatore,0.0,5586199195,True,5513.349555924473,437.5837843269922,409.76838827178966,1,987.0228597906288,1,True,False
5660251641,76.9310968,11.0522783,016,CBE,S09,synthetic,79,660,0.7336999976716435,real_osm_road_node,independent Coimbatore hypothetical bins; demand scale0.9 assumption,Coimbatore,0.0,5660251641,True,4778.280144030796,649.9173226200317,1577.9783613582736,0,1500.034636732491,1,True,False
5668288541,76.9205781,11.0498149,016,CBE,S09,synthetic,80,660,0.9115091242306532,real_osm_road_node,independent Coimbatore hypothetical bins; demand scale0.9 assumption,Coimbatore,0.0,5668288541,True,5315.4525417195855,437.5837843269922,563.3451905748069,0,1247.261165124194,1,True,False
1465111542,76.9453773,11.0464653,017,CBE,S09,synthetic,81,660,1.0678687439774006,real_osm_road_node,independent Coimbatore hypothetical bins; demand scale0.9 assumption,Coimbatore,0.0,1465111542,True,3489.262589965662,229.2427285121135,154.73973715564432,2,1740.462192945222,1,True,False
1465111597,76.945569,11.0500227,017,CBE,S09,synthetic,82,660,1.4505824225761927,real_osm_road_node,independent Coimbatore hypothetical bins; demand scale0.9 assumption,Coimbatore,0.0,1465111597,True,3859.2606611527294,244.6356749709004,211.3916169161897,4,1354.105545101902,1,True,False
1481349621,76.9471949,11.045431,017,CBE,S09,synthetic,83,660,0.7539556028461719,real_osm_road_node,independent Coimbatore hypothetical bins; demand scale0.9 assumption,Coimbatore,0.0,1481349621,True,3319.2586798046736,229.2427285121135,35.611038074885435,2,1887.1106507992672,1,True,False
2173187540,76.9386587,11.0478929,017,CBE,S09,synthetic,84,1100,1.62,real_osm_road_node,independent Coimbatore hypothetical bins; demand scale0.9 assumption,Coimbatore,0.0,2173187540,True,3931.071381818249,749.699931867033,905.652169921444,0,1610.6332719642037,1,True,False
5662450790,76.9443542,11.05188,017,CBE,S09,synthetic,85,1100,1.62,real_osm_road_node,independent Coimbatore hypothetical bins; demand scale0.9 assumption,Coimbatore,0.0,5662450790,True,4095.859633280504,235.99853307481484,169.5263250909719,3,1132.912034931664,1,True,False
5662411504,76.96183,11.0432149,018,CBE,S09,synthetic,86,660,0.84241690118734,real_osm_road_node,independent Coimbatore hypothetical bins; demand scale0.9 assumption,Coimbatore,0.0,5662411504,True,3010.030167885393,562.9317611375653,1647.3097652213312,0,2316.4706046289502,1,True,False
9255095442,76.9503477,11.0513405,018,CBE,S09,synthetic,87,1100,0.9792859568276416,real_osm_road_node,independent Coimbatore hypothetical bins; demand scale0.9 assumption,Coimbatore,0.0,9255095442,True,3886.552608039241,520.7359640915078,427.2693546188204,2,1403.618499097031,1,True,False
11050711324,76.9551996,11.0451106,018,CBE,S09,synthetic,88,1100,0.6236094619583421,real_osm_road_node,independent Coimbatore hypothetical bins; demand scale0.9 assumption,Coimbatore,0.0,11050711324,True,3148.677023766119,754.3728424364267,902.4176817761206,0,2268.632519007528,1,True,False
12374979682,76.9602122,11.0379397,018,CBE,S09,synthetic,89,660,0.8469547585710341,real_osm_road_node,independent Coimbatore hypothetical bins; demand scale0.9 assumption,Coimbatore,0.0,12374979682,True,2399.446778405426,204.17751704356164,1157.9984675840333,0,1794.1576409547313,1,True,False
12522771388,76.9509565,11.0371382,018,CBE,S09,synthetic,90,660,0.6852650278777038,real_osm_road_node,independent Coimbatore hypothetical bins; demand scale0.9 assumption,Coimbatore,0.0,12522771388,True,2322.4668000906468,385.3175145322896,490.9167583980462,1,1704.1397583387584,1,True,False
328699629,76.9652121,11.0470526,019,CBE,S09,synthetic,91,660,0.5257218855975542,real_osm_road_node,independent Coimbatore hypothetical bins; demand scale0.9 assumption,Coimbatore,0.0,328699629,True,3517.2830921391533,535.6657263152945,1816.8410287237607,0,2619.769058384832,1,True,False
2166471021,76.976926,11.0427751,019,CBE,S09,synthetic,92,660,1.2396290840749542,real_osm_road_node,independent Coimbatore hypothetical bins; demand scale0.9 assumption,Coimbatore,0.0,2166471021,True,3695.751111674821,532.5569984494103,516.104265195537,0,2197.407109892419,1,True,False
2166471042,76.9700287,11.0432388,019,CBE,S09,synthetic,93,660,0.54775568933962,real_osm_road_node,independent Coimbatore hypothetical bins; demand scale0.9 assumption,Coimbatore,0.0,2166471042,True,3324.8124053301945,74.68860075102171,1150.9703309920542,0,2149.8381965911544,1,True,False
9869586154,76.9695022,11.0436692,019,CBE,S09,synthetic,94,1100,0.36,real_osm_road_node,independent Coimbatore hypothetical bins; demand scale0.9 assumption,Coimbatore,0.0,9869586154,True,3341.090969776394,74.68860075102171,1225.1838933604838,0,2197.513256571242,1,True,False
10310273682,76.9743548,11.0468641,019,CBE,S09,synthetic,95,660,0.36,real_osm_road_node,independent Coimbatore hypothetical bins; demand scale0.9 assumption,Coimbatore,0.0,10310273682,True,3908.504612373207,532.5569984494103,1044.3343432363797,0,2578.6768149326795,1,True,False
2168481432,77.0014486,11.0507162,020,CBE,S09,synthetic,96,660,1.1643812839560057,real_osm_road_node,independent Coimbatore hypothetical bins; demand scale0.9 assumption,Coimbatore,0.0,2168481432,True,6248.497657787357,322.68797387410314,1474.8602578941873,0,2484.532636668472,1,True,False
8460105734,76.9880898,11.0409742,020,CBE,S09,synthetic,97,660,0.9570407683267944,real_osm_road_node,independent Coimbatore hypothetical bins; demand scale0.9 assumption,Coimbatore,0.0,8460105734,True,4432.294154166753,175.31351527873662,460.78147317266655,4,2528.073125625414,1,True,False
9913774118,77.0019453,11.0548347,020,CBE,S09,synthetic,98,1100,1.242145105173755,real_osm_road_node,independent Coimbatore hypothetical bins; demand scale0.9 assumption,Coimbatore,0.0,9913774118,True,6576.501391041281,458.8777343453372,1463.6046288775822,0,2911.677125153321,1,True,False
10232520742,76.9955378,11.0491189,020,CBE,S09,synthetic,99,1100,0.5537825025506689,real_osm_road_node,independent Coimbatore hypothetical bins; demand scale0.9 assumption,Coimbatore,0.0,10232520742,True,5632.406120132863,423.9077253183421,806.799596499514,0,2586.6909119822035,1,True,False
11482876087,76.9914332,11.0457562,020,CBE,S09,synthetic,100,660,0.7432375022372646,real_osm_road_node,independent Coimbatore hypothetical bins; demand scale0.9 assumption,Coimbatore,0.0,11482876087,True,5048.908692647792,404.0163146067455,317.635069724551,3,2569.4652928000337,1,True,False
1828303593,76.9948214,11.0571812,021,CBE,S09,synthetic,101,660,0.7548341767914721,real_osm_road_node,independent Coimbatore hypothetical bins; demand scale0.9 assumption,Coimbatore,0.0,1828303593,True,6188.5791805990375,286.08584201531903,1358.2694468174616,0,3181.5317120354784,1,True,False
2168481606,76.9959138,11.0541323,021,CBE,S09,synthetic,102,1100,0.8487460511072534,real_osm_road_node,independent Coimbatore hypothetical bins; demand scale0.9 assumption,Coimbatore,0.0,2168481606,True,6033.140964644048,113.4713690428338,1157.414507774075,0,3055.466736037003,1,True,False
2168481653,76.9963335,11.0550704,021,CBE,S09,synthetic,103,660,0.7102366441029265,real_osm_road_node,independent Coimbatore hypothetical bins; demand scale0.9 assumption,Coimbatore,0.0,2168481653,True,6138.306703615494,113.4713690428338,1264.9003181312053,0,3130.7326240518114,1,True,False
11050741575,77.0017424,11.0616626,021,CBE,S09,synthetic,104,660,0.6314259858271949,real_osm_road_node,independent Coimbatore hypothetical bins; demand scale0.9 assumption,Coimbatore,0.0,11050741575,True,7072.878357172556,235.3578336579152,777.329970539997,0,2644.5785837011035,1,True,False
13553666473,76.9974421,11.0595748,021,CBE,S09,synthetic,105,660,0.7740547297288444,real_osm_road_node,independent Coimbatore hypothetical bins; demand scale0.9 assumption,Coimbatore,0.0,13553666473,True,6578.550020409546,314.2533621969498,1137.5700432251945,0,2880.771529725557,1,True,False
2168387060,77.024527,11.0622608,022,CBE,S09,synthetic,106,1100,0.4571864251273724,real_osm_road_node,independent Coimbatore hypothetical bins; demand scale0.9 assumption,Coimbatore,0.0,2168387060,True,9045.071188025317,603.4001896710332,1145.3410929439808,0,1422.756770164612,1,True,False
2168481613,77.0061358,11.05425,022,CBE,S09,synthetic,107,660,0.7394237504732399,real_osm_road_node,independent Coimbatore hypothetical bins; demand scale0.9 assumption,Coimbatore,0.0,2168481613,True,6893.510526412011,67.18215550352171,1051.3716376996342,0,2779.8875488637595,1,True,False
4012188835,77.0157758,11.0510154,022,CBE,S09,synthetic,108,1100,0.6168525639068408,real_osm_road_node,independent Coimbatore hypothetical bins; demand scale0.9 assumption,Coimbatore,0.0,4012188835,True,7571.082904448209,965.715555714816,794.0507502582288,0,1812.963603591766,1,True,False
5665425052,77.0067461,11.0543227,022,CBE,S09,synthetic,109,1100,0.5138813266160118,real_osm_road_node,independent Coimbatore hypothetical bins; demand scale0.9 assumption,Coimbatore,0.0,5665425052,True,6951.556326881926,67.18215550352171,987.4305802299432,0,2782.8507862138986,1,True,False
10805399859,77.0245364,11.0498762,022,CBE,S09,synthetic,110,660,0.5228445659716717,real_osm_road_node,independent Coimbatore hypothetical bins; demand scale0.9 assumption,Coimbatore,0.0,10805399859,True,8354.934959681796,499.7631167580356,1393.7568963551946,0,1078.306792591006,1,True,False
4012227743,77.0491801,11.0422153,023,CBE,S09,synthetic,111,1100,1.089885189494859,real_osm_road_node,independent Coimbatore hypothetical bins; demand scale0.9 assumption,Coimbatore,0.0,4012227743,True,10576.165164192853,1099.3987170664432,332.5697606146329,1,1453.403243888993,1,True,False
5510010204,77.0598381,11.0512648,023,CBE,S09,synthetic,112,660,0.7566575032965975,real_osm_road_node,independent Coimbatore hypothetical bins; demand scale0.9 assumption,Coimbatore,0.0,5510010204,True,11983.933846155447,249.22209077957768,1678.4418240809969,0,726.2396606087912,1,True,False
9186316492,77.0323887,11.0369658,023,CBE,S09,synthetic,113,240,0.8200672805412598,real_osm_road_node,independent Coimbatore hypothetical bins; demand scale0.9 assumption,Coimbatore,0.0,9186316492,True,8654.575257465945,280.3577064500563,545.2292683270803,0,104.95009367424468,1,True,False
13999738687,77.0338381,11.0348751,023,CBE,S09,synthetic,114,1100,0.9329322997636442,real_osm_road_node,independent Coimbatore hypothetical bins; demand scale0.9 assumption,Coimbatore,0.0,13999738687,True,8751.18987503725,280.3577064500563,266.14404093386594,2,371.3485921358912,1,True,False
13999738953,77.0357519,11.0367681,023,CBE,S09,synthetic,115,1100,1.260101547151187,real_osm_road_node,independent Coimbatore hypothetical bins; demand scale0.9 assumption,Coimbatore,0.0,13999738953,True,9004.16596800802,296.00337364674834,246.62990418471415,2,387.56069238774967,1,True,False
1313778132,77.0160132,11.0343194,024,CBE,S09,synthetic,116,240,0.8306373194820128,real_osm_road_node,independent Coimbatore hypothetical bins; demand scale0.9 assumption,Coimbatore,0.0,1313778132,True,6854.47057935023,580.7489908156539,287.9322954207805,2,992.5294666459822,1,True,False
4555527047,77.0263072,11.0266828,024,CBE,S09,synthetic,117,1100,0.4788059877381782,real_osm_road_node,independent Coimbatore hypothetical bins; demand scale0.9 assumption,Coimbatore,0.0,4555527047,True,7773.498424085601,201.5919853348721,1090.6924720993195,0,1209.3880608989314,1,True,False
4559405056,77.0278169,11.0256361,024,CBE,S09,synthetic,118,1100,0.6917374236065144,real_osm_road_node,independent Coimbatore hypothetical bins; demand scale0.9 assumption,Coimbatore,0.0,4559405056,True,7921.389763271956,201.5919853348721,1160.4928057557502,0,1270.1193760676765,1,True,False
4559406070,77.026521,11.0285407,024,CBE,S09,synthetic,119,240,0.7029529961538511,real_osm_road_node,independent Coimbatore hypothetical bins; demand scale0.9 assumption,Coimbatore,0.0,4559406070,True,7828.366286728055,206.87793702382783,1100.675461769016,0,1011.5972694293836,1,True,False
9185323000,77.022148,11.0304261,024,CBE,S09,synthetic,120,660,0.857069290144013,real_osm_road_node,independent Coimbatore hypothetical bins; demand scale0.9 assumption,Coimbatore,0.0,9185323000,True,7398.246416461597,521.5006542964654,1029.07101041484,0,1150.928174068403,1,True,False
1482515482,77.0037366,11.0406357,025,CBE,S09,synthetic,121,1100,1.234985051520734,real_osm_road_node,independent Coimbatore hypothetical bins; demand scale0.9 assumption,Coimbatore,0.0,1482515482,True,5864.900936560676,174.09531168718124,702.6733848731703,0,1346.363566297119,1,True,False
2168481109,77.0010113,11.0398739,025,CBE,S09,synthetic,122,660,1.402154760645114,real_osm_road_node,independent Coimbatore hypothetical bins; demand scale0.9 assumption,Coimbatore,0.0,2168481109,True,5561.599601526739,42.12028842869944,674.4971183559024,0,1402.232848719466,1,True,False
5665195980,77.0012717,11.0403057,025,CBE,S09,synthetic,123,240,1.171136942748454,real_osm_road_node,independent Coimbatore hypothetical bins; demand scale0.9 assumption,Coimbatore,0.0,5665195980,True,5609.039406804085,38.405335155120426,708.2883521305768,0,1428.101395890912,1,True,False
6950375298,77.0033688,11.0485006,025,CBE,S09,synthetic,124,660,1.62,real_osm_road_node,independent Coimbatore hypothetical bins; demand scale0.9 assumption,Coimbatore,0.0,6950375298,True,6275.228457124953,322.68797387410314,1572.338996228214,0,2193.8583918966187,1,True,False
9186148294,77.0009257,11.0402451,025,CBE,S09,synthetic,125,1100,1.2075475254617083,real_osm_road_node,independent Coimbatore hypothetical bins; demand scale0.9 assumption,Coimbatore,0.0,9186148294,True,5572.4996214743,38.405335155120426,715.9129583565141,0,1441.9671732534546,1,True,False
1037991899,77.00084,11.0253252,026,CBE,S09,synthetic,126,660,0.7072309037334886,real_osm_road_node,independent Coimbatore hypothetical bins; demand scale0.9 assumption,Coimbatore,0.0,1037991899,True,5006.41934089748,232.82702543041748,373.9431499077407,1,858.9386183131545,1,True,False
2166442019,77.0072726,11.0288328,026,CBE,S09,synthetic,127,1100,1.62,real_osm_road_node,independent Coimbatore hypothetical bins; demand scale0.9 assumption,Coimbatore,0.0,2166442019,True,5775.033096805552,640.3075101958362,726.3308153214638,0,71.27088953341413,1,True,False
2168386407,77.0130785,11.0296055,026,CBE,S09,synthetic,128,660,0.9702222718957888,real_osm_road_node,independent Coimbatore hypothetical bins; demand scale0.9 assumption,Coimbatore,0.0,2168386407,True,6411.677839022887,32.417155525773666,550.9830705036394,0,498.4463940420628,1,True,False
5665189086,77.0024929,11.0396525,026,CBE,S09,synthetic,129,660,0.5953736641727274,real_osm_road_node,independent Coimbatore hypothetical bins; demand scale0.9 assumption,Coimbatore,0.0,5665189086,True,5694.529764332092,151.77853829338966,603.2239597497455,0,1300.4519823825865,1,True,False
11436631323,77.0131725,11.0298834,026,CBE,S09,synthetic,130,660,0.8436835316067202,real_osm_road_node,independent Coimbatore hypothetical bins; demand scale0.9 assumption,Coimbatore,0.0,11436631323,True,6428.6010833677765,32.417155525773666,582.8512796800537,0,512.102829578737,1,True,False
1482515408,76.9977343,11.0295141,027,CBE,S09,synthetic,131,1100,0.9037995326922292,real_osm_road_node,independent Coimbatore hypothetical bins; demand scale0.9 assumption,Coimbatore,0.0,1482515408,True,4790.223066829544,202.54063512209623,811.3450759655117,0,1112.0713895172205,1,True,False
2166403948,76.9959158,11.0298663,027,CBE,S09,synthetic,132,1100,0.5717303065104022,real_osm_road_node,independent Coimbatore hypothetical bins; demand scale0.9 assumption,Coimbatore,0.0,2166403948,True,4613.141224042702,202.54063512209623,824.6539037997695,0,1312.4013291610122,1,True,False
5661128414,76.9963685,11.0265605,027,CBE,S09,synthetic,133,1100,0.797345260992911,real_osm_road_node,independent Coimbatore hypothetical bins; demand scale0.9 assumption,Coimbatore,0.0,5661128414,True,4558.878783278002,359.2568306806489,461.9764076269949,1,1285.5714662184903,1,True,False
11491337083,77.0001161,11.0273044,027,CBE,S09,synthetic,134,1100,0.8093968632831258,real_osm_road_node,independent Coimbatore hypothetical bins; demand scale0.9 assumption,Coimbatore,0.0,11491337083,True,4975.862118403517,232.82702543041748,570.0454475565588,0,867.864225100101,1,True,False
13999738971,76.9976538,11.0222252,027,CBE,S09,synthetic,135,660,0.7783868667161119,real_osm_road_node,independent Coimbatore hypothetical bins; demand scale0.9 assumption,Coimbatore,0.0,13999738971,True,4607.781715079425,488.7818699911365,194.7643810880912,3,1036.312838113828,1,True,False
1482515472,76.9918899,11.0394925,028,CBE,S09,synthetic,136,660,0.8081490872787864,real_osm_road_node,independent Coimbatore hypothetical bins; demand scale0.9 assumption,Coimbatore,0.0,1482515472,True,4677.818215292305,282.1588344855317,856.3126622589291,0,2089.027381394248,1,True,False
1482515485,76.9896864,11.0408214,028,CBE,S09,synthetic,137,660,1.1202909855441574,real_osm_road_node,independent Coimbatore hypothetical bins; demand scale0.9 assumption,Coimbatore,0.0,1482515485,True,4562.099261890691,175.31351527873662,588.3017840157974,0,2371.078781392571,1,True,False
8436843296,76.9904808,11.0422277,028,CBE,S09,synthetic,138,1100,0.9199422985838412,real_osm_road_node,independent Coimbatore hypothetical bins; demand scale0.9 assumption,Coimbatore,0.0,8436843296,True,4724.545784207858,178.17197528468998,517.2735329362132,0,2389.2787821156826,1,True,False
9926027606,76.9843614,11.0217777,028,CBE,S09,synthetic,139,660,0.905630360404124,real_osm_road_node,independent Coimbatore hypothetical bins; demand scale0.9 assumption,Coimbatore,0.0,9926027606,True,3166.0850896710213,488.8253063824818,716.8995336530178,0,1069.920815201299,1,True,False
13644799904,76.9920392,11.0219295,028,CBE,S09,synthetic,140,1100,0.8023961939125698,real_osm_road_node,independent Coimbatore hypothetical bins; demand scale0.9 assumption,Coimbatore,0.0,13644799904,True,3996.23334167852,530.6430017156903,347.82117245768035,2,1299.5758912972433,1,True,False
1481569979,76.9743029,11.0301573,029,CBE,S09,synthetic,141,660,1.199318790473226,real_osm_road_node,independent Coimbatore hypothetical bins; demand scale0.9 assumption,Coimbatore,0.0,1481569979,True,2506.841699867057,646.6044295077428,128.32559549740597,1,790.6677370572968,1,True,False
2166404119,76.9846819,11.0353225,029,CBE,S09,synthetic,142,660,0.904916133061996,real_osm_road_node,independent Coimbatore hypothetical bins; demand scale0.9 assumption,Coimbatore,0.0,2166404119,True,3765.4459666117655,272.30050325177666,638.2290498789988,0,1964.279313961791,1,True,False
2168481093,76.9828616,11.0377785,029,CBE,S09,synthetic,143,660,0.9718572751802188,real_osm_road_node,independent Coimbatore hypothetical bins; demand scale0.9 assumption,Coimbatore,0.0,2168481093,True,3763.638813586491,152.64186823557534,314.89948080229686,8,2017.636067870943,1,True,False
5655963784,76.9824695,11.0364543,029,CBE,S09,synthetic,144,1100,1.3204457560477187,real_osm_road_node,independent Coimbatore hypothetical bins; demand scale0.9 assumption,Coimbatore,0.0,5655963784,True,3639.8875441327295,152.64186823557534,387.413043441188,8,1878.7656213679768,1,True,False
11599011724,76.980367,11.0296177,029,CBE,S09,synthetic,145,660,0.7795849571279709,real_osm_road_node,independent Coimbatore hypothetical bins; demand scale0.9 assumption,Coimbatore,0.0,11599011724,True,3036.589937394171,585.5464949191348,550.1652940534759,0,1208.293343645248,1,True,False
1481387291,76.9733999,11.0376175,030,CBE,S09,synthetic,146,660,1.180577758174234,real_osm_road_node,independent Coimbatore hypothetical bins; demand scale0.9 assumption,Coimbatore,0.0,1481387291,True,3008.006668466405,239.8531612509126,573.3298699678352,0,1551.7622003539857,1,True,False
2166470770,76.9702856,11.0385532,030,CBE,S09,synthetic,147,660,1.235190211982031,real_osm_road_node,independent Coimbatore hypothetical bins; demand scale0.9 assumption,Coimbatore,0.0,2166470770,True,2889.692153270856,355.76406176187635,926.8944339675188,0,1631.9144053033406,1,True,False
8451857375,76.9772676,11.0374447,030,CBE,S09,synthetic,148,660,1.2611968180055655,real_osm_road_node,independent Coimbatore hypothetical bins; demand scale0.9 assumption,Coimbatore,0.0,8451857375,True,3280.157452898822,344.3029972426357,159.3979362808934,6,1657.928792285808,1,True,False
9179381878,76.9723957,11.0356898,030,CBE,S09,synthetic,149,1100,0.7759492348237829,real_osm_road_node,independent Coimbatore hypothetical bins; demand scale0.9 assumption,Coimbatore,0.0,9179381878,True,2773.565873380696,239.8531612509126,658.2127648849961,0,1325.076346503255,1,True,False
12917660764,76.9784345,11.034554,030,CBE,S09,synthetic,150,660,0.7562479253079443,real_osm_road_node,independent Coimbatore hypothetical bins; demand scale0.9 assumption,Coimbatore,0.0,12917660764,True,3162.2914271218983,344.3029972426357,165.1379403675693,4,1440.590954177507,1,True,False
1444788216,76.9616673,11.0356044,031,CBE,S09,synthetic,151,1100,0.876350117492233,real_osm_road_node,independent Coimbatore hypothetical bins; demand scale0.9 assumption,Coimbatore,0.0,1444788216,True,2186.8155517566274,116.25717089531,1205.175094598833,0,1578.203557829681,1,True,False
1445247767,76.9620776,11.0318148,031,CBE,S09,synthetic,152,660,0.7641431352991588,real_osm_road_node,independent Coimbatore hypothetical bins; demand scale0.9 assumption,Coimbatore,0.0,1445247767,True,1804.688631260738,180.2097406238,1185.105579818926,0,1222.5494301906228,1,True,True
1481387180,76.9630812,11.0343252,031,CBE,S09,synthetic,153,1100,0.7904924835875965,real_osm_road_node,independent Coimbatore hypothetical bins; demand scale0.9 assumption,Coimbatore,0.0,1481387180,True,2104.522053472432,209.54235717289623,1276.7941168153498,0,1375.1253719211152,1,True,False
1481569890,76.962457,11.0271455,031,CBE,S09,synthetic,154,660,1.2656871941046517,real_osm_road_node,independent Coimbatore hypothetical bins; demand scale0.9 assumption,Coimbatore,0.0,1481569890,True,1360.6061278737764,177.89213906146202,889.0980131572217,0,882.1372461486849,1,True,True
11051114516,76.9620287,11.0375086,031,CBE,S09,synthetic,155,660,0.9182098150462792,real_osm_road_node,independent Coimbatore hypothetical bins; demand scale0.9 assumption,Coimbatore,0.0,11051114516,True,2400.9438860415908,204.17751704356164,1313.5647362695008,0,1736.7850842003222,1,True,False
5658672983,76.9549137,11.0301807,032,CBE,S09,synthetic,156,660,1.62,real_osm_road_node,independent Coimbatore hypothetical bins; demand scale0.9 assumption,Coimbatore,0.0,5658672983,True,1491.007210629528,212.5151185654533,390.7901969709952,2,862.7586242003689,1,True,True
11050957467,76.9604301,11.0317489,032,CBE,S09,synthetic,157,1100,1.4291097489482163,real_osm_road_node,independent Coimbatore hypothetical bins; demand scale0.9 assumption,Coimbatore,0.0,11050957467,True,1737.359868415074,180.2097406238,1005.9520011430752,0,1165.6792823452784,1,True,True
11630289030,76.960752,11.035069,032,CBE,S09,synthetic,158,660,1.1995102434065166,real_osm_road_node,independent Coimbatore hypothetical bins; demand scale0.9 assumption,Coimbatore,0.0,11630289030,True,2102.089113855401,116.25717089531,1093.3965583757554,0,1514.049011284416,1,True,False
11630306113,76.9580376,11.0344751,032,CBE,S09,synthetic,159,1100,0.989818167817676,real_osm_road_node,independent Coimbatore hypothetical bins; demand scale0.9 assumption,Coimbatore,0.0,11630306113,True,1980.496467692458,303.85393479491927,789.6629849976728,0,1363.8784095838944,1,True,True
11642074529,76.9574448,11.0313409,032,CBE,S09,synthetic,160,660,1.2024970998793667,real_osm_road_node,independent Coimbatore hypothetical bins; demand scale0.9 assumption,Coimbatore,0.0,11642074529,True,1626.809580751681,304.96259835119145,676.6726688954968,0,1011.2237991438196,1,True,True
246761179,76.9491122,11.0401065,033,CBE,S09,synthetic,161,660,1.079260332661649,real_osm_road_node,independent Coimbatore hypothetical bins; demand scale0.9 assumption,Coimbatore,0.0,246761179,True,2692.39375449835,316.50690363603366,657.3256204376929,0,1953.1766793294807,1,True,False
1481387503,76.9458521,11.0429128,033,CBE,S09,synthetic,162,660,0.9077457147438752,real_osm_road_node,independent Coimbatore hypothetical bins; demand scale0.9 assumption,Coimbatore,0.0,1481387503,True,3099.9596538364995,122.87281685666406,326.6689573871665,2,1993.422842907922,1,True,False
2160970611,76.9467467,11.0422401,033,CBE,S09,synthetic,163,660,0.9040237870422412,real_osm_road_node,independent Coimbatore hypothetical bins; demand scale0.9 assumption,Coimbatore,0.0,2160970611,True,2996.4113482019943,122.87281685666406,378.5124740206009,2,1980.249749569684,1,True,False
9901130013,76.9462433,11.0397159,033,CBE,S09,synthetic,164,660,0.8879328519848944,real_osm_road_node,independent Coimbatore hypothetical bins; demand scale0.9 assumption,Coimbatore,0.0,9901130013,True,2753.342043462474,284.6267459070476,661.7101373126068,0,1719.1103857714832,1,True,False
12381818235,76.9418445,11.0418915,033,CBE,S09,synthetic,165,1100,1.3350332753998515,real_osm_road_node,independent Coimbatore hypothetical bins; demand scale0.9 assumption,Coimbatore,0.0,12381818235,True,3178.719013237608,333.75592582547694,697.13990515601,0,1711.5701445406107,1,True,False
1481349576,76.9292577,11.040706,034,CBE,S09,synthetic,166,1100,0.8223991538952224,real_osm_road_node,independent Coimbatore hypothetical bins; demand scale0.9 assumption,Coimbatore,0.0,1481349576,True,3931.662434639368,425.3390735678889,592.4256971098115,0,1291.9499808824148,1,True,False
2163640682,76.9312018,11.0373754,034,CBE,S09,synthetic,167,1100,0.7572950893951612,real_osm_road_node,independent Coimbatore hypothetical bins; demand scale0.9 assumption,Coimbatore,0.0,2163640682,True,3527.3192707243747,223.62791889887296,423.73773542354496,1,1273.8747042921773,1,True,False
5660203438,76.9335115,11.0371141,034,CBE,S09,synthetic,168,1100,0.9057744963871311,real_osm_road_node,independent Coimbatore hypothetical bins; demand scale0.9 assumption,Coimbatore,0.0,5660203438,True,3319.621179490319,254.07784163211008,648.4681344329864,0,1149.9096472327024,1,True,False
9925943096,76.9392232,11.0403437,034,CBE,S09,synthetic,169,660,0.8680739497265035,real_osm_road_node,independent Coimbatore hypothetical bins; demand scale0.9 assumption,Coimbatore,0.0,9925943096,True,3182.2739324480594,333.75592582547694,1029.73778589548,0,1474.9466963624775,1,True,False
11553578649,76.9317654,11.045439,034,CBE,S09,synthetic,170,660,0.8884681700069158,real_osm_road_node,independent Coimbatore hypothetical bins; demand scale0.9 assumption,Coimbatore,0.0,11553578649,True,4125.773918219469,591.0054023548078,1176.9996565872125,0,1829.5953527399845,1,True,False
2162544900,76.9228917,11.033279,035,CBE,S09,synthetic,171,660,1.078860417934692,real_osm_road_node,independent Coimbatore hypothetical bins; demand scale0.9 assumption,Coimbatore,0.0,2162544900,True,4032.11235178365,160.8756401422295,591.6867102495345,0,373.3061497816639,1,True,False
2162544992,76.9237082,11.036393,035,CBE,S09,synthetic,172,660,0.7555079373840469,real_osm_road_node,independent Coimbatore hypothetical bins; demand scale0.9 assumption,Coimbatore,0.0,2162544992,True,4124.858038797218,285.4965255716645,456.0795535595173,1,524.891497120838,1,True,False
2173551814,76.9184626,11.0414369,035,CBE,S09,synthetic,173,660,0.962275360028991,real_osm_road_node,independent Coimbatore hypothetical bins; demand scale0.9 assumption,Coimbatore,0.0,2173551814,True,4910.281212622196,373.5168085428035,289.7680781042805,2,345.4148696192353,1,True,False
5666972431,76.9195027,11.0382208,035,CBE,S09,synthetic,174,660,0.788468926398393,real_osm_road_node,independent Coimbatore hypothetical bins; demand scale0.9 assumption,Coimbatore,0.0,5666972431,True,4622.473502261635,337.4535991365045,627.4985133388778,0,299.2514022732915,1,True,False
12381818492,76.922551,11.0387066,035,CBE,S09,synthetic,175,660,1.0202118914452034,real_osm_road_node,independent Coimbatore hypothetical bins; demand scale0.9 assumption,Coimbatore,0.0,12381818492,True,4370.6046693732505,285.4965255716645,670.9472916264501,0,578.0620278849692,1,True,False
1680264497,76.9145221,11.0260892,036,CBE,S09,synthetic,176,1100,0.7595412106720948,real_osm_road_node,independent Coimbatore hypothetical bins; demand scale0.9 assumption,Coimbatore,0.0,1680264497,True,4622.12673849033,113.79446062602088,588.8173771707204,0,818.7270471597425,1,True,False
2173551633,76.914009,11.0324443,036,CBE,S09,synthetic,177,660,0.8722983811521492,real_osm_road_node,independent Coimbatore hypothetical bins; demand scale0.9 assumption,Coimbatore,0.0,2173551633,True,4881.652418594903,495.3153111000674,1104.9193126972657,0,216.4877179761461,1,True,False
4901462879,76.9169645,11.0234973,036,CBE,S09,synthetic,178,660,0.9774970774985304,real_osm_road_node,independent Coimbatore hypothetical bins; demand scale0.9 assumption,Coimbatore,0.0,4901462879,True,4303.603546756997,294.16474059365123,240.92856696965364,1,779.0265675265983,1,True,False
4901463343,76.9154961,11.0257257,036,CBE,S09,synthetic,179,1100,0.6509439128501288,real_osm_road_node,independent Coimbatore hypothetical bins; demand scale0.9 assumption,Coimbatore,0.0,4901463343,True,4509.506113203932,113.79446062602088,511.4343280599087,0,831.005957505571,1,True,False
9169391928,76.9173951,11.02635,036,CBE,S09,synthetic,180,1100,1.0789426697236766,real_osm_road_node,independent Coimbatore hypothetical bins; demand scale0.9 assumption,Coimbatore,0.0,9169391928,True,4324.083194105382,218.73854062403663,558.941097694075,0,736.2851567326746,1,True,False
4901473694,76.9039331,11.0275684,037,CBE,S09,synthetic,181,660,1.62,real_osm_road_node,independent Coimbatore hypothetical bins; demand scale0.9 assumption,Coimbatore,0.0,4901473694,True,5786.19666330875,495.1738785567277,297.16358676355566,7,644.492952513181,1,True,False
9761393898,76.9009602,11.0350851,037,CBE,S09,synthetic,182,660,1.5906532785686414,real_osm_road_node,independent Coimbatore hypothetical bins; demand scale0.9 assumption,Coimbatore,0.0,9761393898,True,6321.257074175538,854.3354518079226,721.4905893618051,0,527.8649009391617,1,True,False
10310257063,76.8898372,11.0368435,037,CBE,S09,synthetic,183,240,0.7369316851239504,real_osm_road_node,independent Coimbatore hypothetical bins; demand scale0.9 assumption,Coimbatore,0.0,10310257063,True,7536.403039746337,253.9466027965037,1531.487427245069,0,1176.5740898435513,1,True,False
12381331995,76.894106,11.0313719,037,CBE,S09,synthetic,184,660,0.694988882534573,real_osm_road_node,independent Coimbatore hypothetical bins; demand scale0.9 assumption,Coimbatore,0.0,12381331995,True,6925.681448313034,600.5328378782891,821.838104074004,0,484.1133045435562,1,True,False
12381332021,76.8921237,11.0364347,037,CBE,S09,synthetic,185,660,0.5342779115922601,real_osm_road_node,independent Coimbatore hypothetical bins; demand scale0.9 assumption,Coimbatore,0.0,12381332021,True,7284.637021300862,253.9466027965037,1309.069915926303,0,954.4539682271912,1,True,False
12381331778,76.8783571,11.0239811,038,CBE,S09,synthetic,186,660,0.8228812049385176,real_osm_road_node,independent Coimbatore hypothetical bins; demand scale0.9 assumption,Coimbatore,0.0,12381331778,True,8490.092578492098,300.70073583207113,1081.4670952841211,0,1427.3666778797265,1,True,False
12381331810,76.8756058,11.0239639,038,CBE,S09,synthetic,187,240,0.6072107184902615,real_osm_road_node,independent Coimbatore hypothetical bins; demand scale0.9 assumption,Coimbatore,0.0,12381331810,True,8788.922589428432,300.70073583207113,1380.621074853909,0,1662.318131989838,1,True,False
12381886441,76.8817205,11.0302015,038,CBE,S09,synthetic,188,660,0.7246749444594419,real_osm_road_node,independent Coimbatore hypothetical bins; demand scale0.9 assumption,Coimbatore,0.0,12381886441,True,8221.456310186686,780.1770107529129,1071.8405051589532,0,1720.1163717158552,1,True,False
12383709913,76.8715952,11.0120117,038,CBE,S09,synthetic,189,240,1.0006863705960891,real_osm_road_node,independent Coimbatore hypothetical bins; demand scale0.9 assumption,Coimbatore,0.0,12383709913,True,9206.079271478087,844.5981715960071,2179.1034579759057,0,377.5530599284099,1,True,False
12383718280,76.8683252,11.0208357,038,CBE,S09,synthetic,190,660,0.7776972341423938,real_osm_road_node,independent Coimbatore hypothetical bins; demand scale0.9 assumption,Coimbatore,0.0,12383718280,True,9557.97625412001,867.7096194364799,2183.786895086251,0,1038.899344456832,1,True,False
1680263906,76.8896776,11.0052577,039,CBE,S09,synthetic,191,660,0.7006573389897711,real_osm_road_node,independent Coimbatore hypothetical bins; demand scale0.9 assumption,Coimbatore,0.0,1680263906,True,7330.351003962935,815.5448062256328,1961.0719800420304,0,784.3309480380568,1,True,False
8455909341,76.9031436,11.0186628,039,CBE,S09,synthetic,192,660,1.2267018389733857,real_osm_road_node,independent Coimbatore hypothetical bins; demand scale0.9 assumption,Coimbatore,0.0,8455909341,True,5750.934805320109,214.93219794719255,702.9493167665436,0,967.5153704230042,1,True,False
11515730043,76.8991779,11.0248851,039,CBE,S09,synthetic,193,1100,0.8038529456764655,real_osm_road_node,independent Coimbatore hypothetical bins; demand scale0.9 assumption,Coimbatore,0.0,11515730043,True,6245.025453534902,598.5130050910982,386.2299071515813,3,601.7918202480198,1,True,False
12381269553,76.8800145,11.0090357,039,CBE,S09,synthetic,194,240,0.6235443216065443,real_osm_road_node,independent Coimbatore hypothetical bins; demand scale0.9 assumption,Coimbatore,0.0,12381269553,True,8316.706566203156,912.9166120563729,1777.57170945884,0,713.4275772900475,1,True,False
12381269634,76.8730302,11.0045099,039,CBE,S09,synthetic,195,660,0.6515879251486585,real_osm_road_node,independent Coimbatore hypothetical bins; demand scale0.9 assumption,Coimbatore,0.0,12381269634,True,9136.937215265349,844.5981715960071,2626.1254509051314,0,141.8872829970448,1,True,False
8715035181,76.892731,11.0119841,040,CBE,S09,synthetic,196,1100,0.6872983908848684,real_osm_road_node,independent Coimbatore hypothetical bins; demand scale0.9 assumption,Coimbatore,0.0,8715035181,True,6904.566367506778,815.5448062256328,1307.8660652891838,0,0.0,1,True,False
9169350670,76.9090499,11.005441,040,CBE,S09,synthetic,197,1100,1.2890785457902951,real_osm_road_node,independent Coimbatore hypothetical bins; demand scale0.9 assumption,Coimbatore,0.0,9169350670,True,5256.671537113339,297.085902914454,1955.710936319697,0,1790.2869083915705,1,True,False
9169357293,76.9063816,11.0127366,040,CBE,S09,synthetic,198,660,1.3731998289799947,real_osm_road_node,independent Coimbatore hypothetical bins; demand scale0.9 assumption,Coimbatore,0.0,9169357293,True,5412.736159411291,532.5662668787184,1410.7583612645965,0,1301.8614162890642,1,True,False
11050865266,76.9084638,11.0275844,040,CBE,S09,synthetic,199,660,0.6007640992669525,real_osm_road_node,independent Coimbatore hypothetical bins; demand scale0.9 assumption,Coimbatore,0.0,11050865266,True,5303.792307892502,495.1738785567277,294.76407243599283,4,842.4273355635868,1,True,False
12377587077,76.9038493,11.0168494,040,CBE,S09,synthetic,200,1100,1.1177747050321,real_osm_road_node,independent Coimbatore hypothetical bins; demand scale0.9 assumption,Coimbatore,0.0,12377587077,True,5670.199607355553,214.93219794719255,910.5223680302604,0,1022.3172927696422,1,True,False
2173551155,76.9205786,11.0205838,041,CBE,S09,synthetic,201,660,1.1122831299800688,real_osm_road_node,independent Coimbatore hypothetical bins; demand scale0.9 assumption,Coimbatore,0.0,2173551155,True,3867.196658165977,58.93565545756122,408.7345149544901,1,296.7440227506969,1,True,False
8430913323,76.9144489,11.0170325,041,CBE,S09,synthetic,202,1100,1.2086185904776308,real_osm_road_node,independent Coimbatore hypothetical bins; demand scale0.9 assumption,Coimbatore,0.0,8430913323,True,4513.368535104235,449.08314767512974,545.5110711210023,0,951.5524124187972,1,True,False
9169376876,76.9114635,11.0198216,041,CBE,S09,synthetic,203,240,0.7016463016146541,real_osm_road_node,independent Coimbatore hypothetical bins; demand scale0.9 assumption,Coimbatore,0.0,9169376876,True,4850.765099862688,449.08314767512974,618.3411572993825,0,1286.8499782696497,1,True,False
11052098689,76.9203317,11.0201102,041,CBE,S09,synthetic,204,660,0.7969373832874911,real_osm_road_node,independent Coimbatore hypothetical bins; demand scale0.9 assumption,Coimbatore,0.0,11052098689,True,3888.6512069889272,58.93565545756122,396.8078091038082,1,319.99731366619903,1,True,False
12381379526,76.9171628,11.029229,041,CBE,S09,synthetic,205,240,0.981927138474688,real_osm_road_node,independent Coimbatore hypothetical bins; demand scale0.9 assumption,Coimbatore,0.0,12381379526,True,4437.690785712063,319.5161477385841,875.3898612589088,0,418.3994649167044,1,True,False
2162829986,76.9242807,11.0316615,042,CBE,S09,synthetic,206,660,0.6921217499046738,real_osm_road_node,independent Coimbatore hypothetical bins; demand scale0.9 assumption,Coimbatore,0.0,2162829986,True,3816.437161809313,104.32728856424336,576.5823441556361,0,569.7998178911588,1,True,False
2162830015,76.9266677,11.0335903,042,CBE,S09,synthetic,207,660,0.6475935904365601,real_osm_road_node,independent Coimbatore hypothetical bins; demand scale0.9 assumption,Coimbatore,0.0,2162830015,True,3687.19076109678,308.8097976610189,249.28569387473448,1,782.7685784589895,1,True,False
5666972443,76.923357,11.0318994,042,CBE,S09,synthetic,208,240,1.0192470988747686,real_osm_road_node,independent Coimbatore hypothetical bins; demand scale0.9 assumption,Coimbatore,0.0,5666972443,True,3918.814524384009,104.32728856424336,631.0251124410069,0,467.0737972604912,1,True,False
11419707077,76.9254591,11.0310672,042,CBE,S09,synthetic,209,240,0.8630083242594574,real_osm_road_node,independent Coimbatore hypothetical bins; demand scale0.9 assumption,Coimbatore,0.0,11419707077,True,3671.896261629999,144.60160821125186,557.7176385000512,0,714.205276899362,1,True,False
12381374996,76.9293931,11.0269649,042,CBE,S09,synthetic,210,660,0.7952477698891781,real_osm_road_node,independent Coimbatore hypothetical bins; demand scale0.9 assumption,Coimbatore,0.0,12381374996,True,3095.858188488645,423.4039636705151,603.9602804667851,0,780.4220867892814,1,True,False
2163640638,76.9297925,11.0359099,043,CBE,S09,synthetic,211,660,0.5943666083880196,real_osm_road_node,independent Coimbatore hypothetical bins; demand scale0.9 assumption,Coimbatore,0.0,2163640638,True,3545.7682025297145,223.62791889887296,222.1033996226737,1,1143.8828703339298,1,True,False
3225055749,76.9353721,11.0258344,043,CBE,S09,synthetic,212,240,0.6620062615163612,real_osm_road_node,independent Coimbatore hypothetical bins; demand scale0.9 assumption,Coimbatore,0.0,3225055749,True,2445.449757910598,422.01762435502354,74.77450613839179,2,179.8679077958558,1,True,False
9169391952,76.9343006,11.0294992,043,CBE,S09,synthetic,213,1100,0.9102574073930996,real_osm_road_node,independent Coimbatore hypothetical bins; demand scale0.9 assumption,Coimbatore,0.0,9169391952,True,2738.636814119543,307.79866752216674,436.23019431435705,1,361.2321096287482,1,True,False
12381818338,76.933807,11.0221217,043,CBE,S09,synthetic,214,660,1.1412437155740307,real_osm_road_node,independent Coimbatore hypothetical bins; demand scale0.9 assumption,Coimbatore,0.0,12381818338,True,2472.282724696585,444.9386929352033,395.8954451687187,1,385.47674270244056,1,True,False
14030414821,76.9315595,11.0301377,043,CBE,S09,synthetic,215,660,0.6566268097010113,real_osm_road_node,independent Coimbatore hypothetical bins; demand scale0.9 assumption,Coimbatore,0.0,14030414821,True,3033.018447717196,307.79866752216674,612.3383444563452,0,643.6584517992301,1,True,False
1464770467,76.9400227,11.0294801,044,CBE,S09,synthetic,216,1100,0.7757285329932989,real_osm_road_node,independent Coimbatore hypothetical bins; demand scale0.9 assumption,Coimbatore,0.0,1464770467,True,2225.58699437714,23.817595506030653,505.7087284816716,0,423.054761905444,1,True,False
1464770550,76.9399842,11.029692,044,CBE,S09,synthetic,217,660,0.7671827774175566,real_osm_road_node,independent Coimbatore hypothetical bins; demand scale0.9 assumption,Coimbatore,0.0,1464770550,True,2243.8189494061016,23.817595506030653,528.0301117357272,0,434.11609676871257,1,True,False
1481349287,76.9409569,11.0301901,044,CBE,S09,synthetic,218,240,0.4262680002922643,real_osm_road_node,independent Coimbatore hypothetical bins; demand scale0.9 assumption,Coimbatore,0.0,1481349287,True,2200.303384529174,119.74325224364225,531.545109630321,0,551.8557784792972,1,True,False
2465129088,76.9411404,11.0316706,044,CBE,S09,synthetic,219,660,1.0661656759356353,real_osm_road_node,independent Coimbatore hypothetical bins; demand scale0.9 assumption,Coimbatore,0.0,2465129088,True,2300.9029951287625,165.01430198950575,648.739884994493,0,676.4239127138625,1,True,False
9169391968,76.9386498,11.0321798,044,CBE,S09,synthetic,220,660,0.7788842587879898,real_osm_road_node,independent Coimbatore hypothetical bins; demand scale0.9 assumption,Coimbatore,0.0,9169391968,True,2535.4193505492426,277.97281363846355,764.7068396881077,0,581.9050024259188,1,True,False
1481349406,76.9465487,11.0328406,045,CBE,S09,synthetic,221,660,0.5689791709515585,real_osm_road_node,independent Coimbatore hypothetical bins; demand scale0.9 assumption,Coimbatore,0.0,1481349406,True,2049.601686113556,605.0957358137575,314.3342528653272,3,1224.041891277906,1,True,True
5658672978,76.952977,11.0300096,045,CBE,S09,synthetic,222,240,0.9071423531842716,real_osm_road_node,independent Coimbatore hypothetical bins; demand scale0.9 assumption,Coimbatore,0.0,5658672978,True,1500.8081549765357,212.5151185654533,182.04056419946068,7,885.5619702405043,1,True,True
5658673002,76.9533526,11.03306,045,CBE,S09,synthetic,223,660,0.5198563592265913,real_osm_road_node,independent Coimbatore hypothetical bins; demand scale0.9 assumption,Coimbatore,0.0,5658673002,True,1827.6546718512564,162.46880870197148,255.95072965042405,3,1202.0990289943522,1,True,True
9179391674,76.9524124,11.0319225,045,CBE,S09,synthetic,224,1100,0.4283044650991585,real_osm_road_node,independent Coimbatore hypothetical bins; demand scale0.9 assumption,Coimbatore,0.0,9179391674,True,1721.7133076450843,162.46880870197148,173.09103224333268,4,1105.9064966071203,1,True,True
11367791488,76.9505024,11.0282601,045,CBE,S09,synthetic,225,660,0.6111472229762349,real_osm_road_node,independent Coimbatore hypothetical bins; demand scale0.9 assumption,Coimbatore,0.0,11367791488,True,1399.3453778692303,332.58276722317805,78.03750476154114,8,847.6246414039136,1,True,True
1482386119,76.9580014,11.026623,046,CBE,S09,synthetic,226,660,0.5420279252264645,real_osm_road_node,independent Coimbatore hypothetical bins; demand scale0.9 assumption,Coimbatore,0.0,1482386119,True,1118.3819832672875,304.0164740271901,680.6194658432628,0,540.7489260705233,1,True,True
1482386175,76.9611587,11.0286263,046,CBE,S09,synthetic,227,1100,0.8869923128067355,real_osm_road_node,independent Coimbatore hypothetical bins; demand scale0.9 assumption,Coimbatore,0.0,1482386175,True,1439.221870768536,148.5779544762957,1062.9307584899575,0,925.1754502481256,1,True,True
1482386180,76.9598024,11.0287172,046,CBE,S09,synthetic,228,660,0.7125029875327453,real_osm_road_node,independent Coimbatore hypothetical bins; demand scale0.9 assumption,Coimbatore,0.0,1482386180,True,1395.2781184401297,148.5779544762957,924.5288455509088,0,841.7898955030756,1,True,True
8498714582,76.9619338,11.0256229,046,CBE,S09,synthetic,229,660,0.8020817619906052,real_osm_road_node,independent Coimbatore hypothetical bins; demand scale0.9 assumption,Coimbatore,0.0,8498714582,True,1187.7161313350664,138.7631131677887,725.1138138717181,0,750.6242657531153,1,True,True
11642066457,76.9620878,11.0241566,046,CBE,S09,synthetic,230,660,1.0793727907323591,real_osm_road_node,independent Coimbatore hypothetical bins; demand scale0.9 assumption,Coimbatore,0.0,11642066457,True,1067.7680579303997,135.57359143945666,562.0375373748286,0,652.8588468574551,1,True,True
5586186119,76.9657423,11.0270201,047,CBE,S09,synthetic,231,660,0.4909060378577398,real_osm_road_node,independent Coimbatore hypothetical bins; demand scale0.9 assumption,Coimbatore,0.0,5586186119,True,1571.3015077208895,196.91521091633356,635.7735908408943,0,567.1867953540448,1,True,True
11379071517,76.9658726,11.0294542,047,CBE,S09,synthetic,232,660,0.6966365180733868,real_osm_road_node,independent Coimbatore hypothetical bins; demand scale0.9 assumption,Coimbatore,0.0,11379071517,True,1785.6285958185226,77.24241577787105,706.5837240256335,0,757.1052626132024,1,True,True
11379071556,76.9665262,11.0308983,047,CBE,S09,synthetic,233,660,0.6227013041169447,real_osm_road_node,independent Coimbatore hypothetical bins; demand scale0.9 assumption,Coimbatore,0.0,11379071556,True,1956.5462936990996,175.00937772011042,742.7566813917543,0,861.5677928831828,1,True,True
11379071562,76.9656346,11.0287968,047,CBE,S09,synthetic,234,1100,0.804488565029248,real_osm_road_node,independent Coimbatore hypothetical bins; demand scale0.9 assumption,Coimbatore,0.0,11379071562,True,1712.2096893331582,77.24241577787105,698.048955554265,0,714.5448494612868,1,True,True
12374998252,76.9630169,11.0249685,047,CBE,S09,synthetic,235,660,0.5771647233425359,real_osm_road_node,independent Coimbatore hypothetical bins; demand scale0.9 assumption,Coimbatore,0.0,12374998252,True,1202.266854208335,135.57359143945666,648.7663455009003,0,751.0145306896209,1,True,True
1481569659,76.9784391,11.0192542,048,CBE,S09,synthetic,236,1100,1.0497003330450396,real_osm_road_node,independent Coimbatore hypothetical bins; demand scale0.9 assumption,Coimbatore,0.0,1481569659,True,2485.974665049494,276.32701047299935,466.7179442744597,1,894.473216636057,1,True,False
3213855357,76.9706751,11.0226276,048,CBE,S09,synthetic,237,1100,0.808426502686682,real_osm_road_node,independent Coimbatore hypothetical bins; demand scale0.9 assumption,Coimbatore,0.0,3213855357,True,1748.0783723474374,243.69692318931249,406.1778499343328,2,28.8122325747993,1,True,True
5563626087,76.9708653,11.0204329,048,CBE,S09,synthetic,238,660,0.663193815942334,real_osm_road_node,independent Coimbatore hypothetical bins; demand scale0.9 assumption,Coimbatore,0.0,5563626087,True,1693.1971141515958,243.69692318931249,355.50296476157604,5,271.38055630869485,1,True,True
5564712611,76.9798731,11.0213112,048,CBE,S09,synthetic,239,660,0.7232055326138739,real_osm_road_node,independent Coimbatore hypothetical bins; demand scale0.9 assumption,Coimbatore,0.0,5564712611,True,2674.9113482346734,276.32701047299935,311.33946631173507,1,971.7259660998816,1,True,False
9926154428,76.9727544,11.0178275,048,CBE,S09,synthetic,240,660,0.770136265920105,real_osm_road_node,independent Coimbatore hypothetical bins; demand scale0.9 assumption,Coimbatore,0.0,9926154428,True,1854.0209734728016,354.568648593674,176.98261522434723,5,586.964577046579,1,True,True
1830375321,76.982643,11.0176985,049,CBE,S09,synthetic,241,660,0.6706915487690321,real_osm_road_node,independent Coimbatore hypothetical bins; demand scale0.9 assumption,Coimbatore,0.0,1830375321,True,2931.497532463733,326.13165530060087,630.3214280470887,0,683.8345413971389,1,True,False
2168299465,76.9866499,11.0178008,049,CBE,S09,synthetic,242,1100,0.6504927787080943,real_osm_road_node,independent Coimbatore hypothetical bins; demand scale0.9 assumption,Coimbatore,0.0,2168299465,True,3368.967807924256,149.28788351663272,339.2990134142634,4,637.6292209425172,1,True,False
9179429332,76.985544,11.0170089,049,CBE,S09,synthetic,243,660,1.2654353961045903,real_osm_road_node,independent Coimbatore hypothetical bins; demand scale0.9 assumption,Coimbatore,0.0,9179429332,True,3246.512743160878,149.28788351663272,374.216786558536,4,536.0710055960182,1,True,False
9179430082,76.9887009,11.018447,049,CBE,S09,synthetic,244,660,0.6461907187981364,real_osm_road_node,independent Coimbatore hypothetical bins; demand scale0.9 assumption,Coimbatore,0.0,9179430082,True,3595.6498562747947,235.3001203748942,181.00137507542345,2,781.5773878566914,1,True,False
12375018500,76.9833993,11.014365,049,CBE,S09,synthetic,245,660,0.6496316210829584,real_osm_road_node,independent Coimbatore hypothetical bins; demand scale0.9 assumption,Coimbatore,0.0,12375018500,True,3024.502253252469,374.85078440297474,278.3769771402106,5,321.4180862964764,1,True,False
1482515322,77.0001954,11.0143751,050,CBE,S09,synthetic,246,660,0.5476929310431299,real_osm_road_node,independent Coimbatore hypothetical bins; demand scale0.9 assumption,Coimbatore,0.0,1482515322,True,4853.084871905721,319.7446660836533,865.793563705051,0,688.2484080443046,1,True,False
4920150876,76.9912171,11.0159219,050,CBE,S09,synthetic,247,660,0.8708537935121087,real_osm_road_node,independent Coimbatore hypothetical bins; demand scale0.9 assumption,Coimbatore,0.0,4920150876,True,3866.864169367165,363.9065640622314,202.29816362300627,3,756.8687662516538,1,True,False
4920150881,76.9957269,11.0175477,050,CBE,S09,synthetic,248,1100,0.722292179443565,real_osm_road_node,independent Coimbatore hypothetical bins; demand scale0.9 assumption,Coimbatore,0.0,4920150881,True,4358.63839878892,324.4738266858246,408.1041986836107,1,1099.3219089620045,1,True,False
9184359198,76.9950045,11.0104874,050,CBE,S09,synthetic,249,660,0.6801463691850473,real_osm_road_node,independent Coimbatore hypothetical bins; demand scale0.9 assumption,Coimbatore,0.0,9184359198,True,4336.239460239734,626.5242489864869,798.5841598778096,0,999.357027509141,1,True,False
12375102571,77.00774,10.99797,050,CBE,S09,synthetic,250,660,0.5598750208267057,real_osm_road_node,independent Coimbatore hypothetical bins; demand scale0.9 assumption,Coimbatore,0.0,12375102571,True,6043.504917514716,343.57912698971893,629.1375988639928,0,661.7516026321562,1,True,False
1423947923,77.0095493,11.0079891,051,CBE,S09,synthetic,251,660,1.3014798276480273,real_osm_road_node,independent Coimbatore hypothetical bins; demand scale0.9 assumption,Coimbatore,0.0,1423947923,True,5947.839906159421,455.45638964754255,1490.6363509747223,0,1090.6277444421833,1,True,False
4594174891,77.0083756,11.0125167,051,CBE,S09,synthetic,252,660,0.843357590304586,real_osm_road_node,independent Coimbatore hypothetical bins; demand scale0.9 assumption,Coimbatore,0.0,4594174891,True,5758.175694450947,517.0854144583471,1415.0099141315472,0,578.8820370869466,1,True,False
4594174936,77.0035404,11.0141115,051,CBE,S09,synthetic,253,660,0.6388998370915822,real_osm_road_node,independent Coimbatore hypothetical bins; demand scale0.9 assumption,Coimbatore,0.0,4594174936,True,5219.253495411734,357.8860700138248,991.2981642408502,0,424.7379141383698,1,True,False
4601971283,77.0146961,11.0051485,051,CBE,S09,synthetic,254,1100,1.0283915341323393,real_osm_road_node,independent Coimbatore hypothetical bins; demand scale0.9 assumption,Coimbatore,0.0,4601971283,True,6557.643372864668,189.28091161579223,965.9746404126528,0,1036.180842288547,1,True,False
4601971600,77.0132279,11.0060556,051,CBE,S09,synthetic,255,660,0.6954810039484902,real_osm_road_node,independent Coimbatore hypothetical bins; demand scale0.9 assumption,Coimbatore,0.0,4601971600,True,6380.967902252377,189.28091161579223,1151.4410498522636,0,1145.3586769099816,1,True,False
4601971682,77.0114925,11.0166677,052,CBE,S09,synthetic,256,660,1.59743770868525,real_osm_road_node,independent Coimbatore hypothetical bins; demand scale0.9 assumption,Coimbatore,0.0,4601971682,True,6078.618106656185,571.8230158692124,881.4306337331325,0,594.9987934324781,1,True,False
4903177319,77.0175292,11.0169465,052,CBE,S09,synthetic,257,1100,1.62,real_osm_road_node,independent Coimbatore hypothetical bins; demand scale0.9 assumption,Coimbatore,0.0,4903177319,True,6737.497021510508,268.21665508492765,400.3155845408991,1,1251.947602981127,1,True,False
4920150888,76.998629,11.0169304,052,CBE,S09,synthetic,258,660,1.3368619187503226,real_osm_road_node,independent Coimbatore hypothetical bins; demand scale0.9 assumption,Coimbatore,0.0,4920150888,True,4674.624210447851,181.4166071578908,590.0451094787551,0,782.4138304967493,1,True,False
5658607029,77.0002507,11.0172796,052,CBE,S09,synthetic,259,660,1.041299062069185,real_osm_road_node,independent Coimbatore hypothetical bins; demand scale0.9 assumption,Coimbatore,0.0,5658607029,True,4851.893535288483,171.81382441097955,546.6948974281438,0,604.3745001997445,1,True,False
5658607035,77.0017527,11.0168216,052,CBE,S09,synthetic,260,660,1.148378561561127,real_osm_road_node,independent Coimbatore hypothetical bins; demand scale0.9 assumption,Coimbatore,0.0,5658607035,True,5015.541686329867,171.81382441097955,637.9198838822833,0,442.72355703735536,1,True,False
4601971629,77.0156606,11.011036,053,CBE,S09,synthetic,261,660,0.8025053803378691,real_osm_road_node,independent Coimbatore hypothetical bins; demand scale0.9 assumption,Coimbatore,0.0,4601971629,True,6564.954601301998,404.89210827957135,1008.9064891426164,0,1251.678487413855,1,True,False
4602328578,77.0219502,11.0129033,053,CBE,S09,synthetic,262,240,0.8921336638329705,real_osm_road_node,independent Coimbatore hypothetical bins; demand scale0.9 assumption,Coimbatore,0.0,4602328578,True,7233.049901136575,89.17163823788756,348.5814215803766,1,1799.666975233312,1,True,False
4602328588,77.0211608,11.0131067,053,CBE,S09,synthetic,263,1100,0.7821593380452027,real_osm_road_node,independent Coimbatore hypothetical bins; demand scale0.9 assumption,Coimbatore,0.0,4602328588,True,7145.708316082238,89.17163823788756,385.9099881510081,1,1710.504824817787,1,True,False
4929963089,77.0192416,11.0119721,053,CBE,S09,synthetic,264,240,0.937963135303736,real_osm_road_node,independent Coimbatore hypothetical bins; demand scale0.9 assumption,Coimbatore,0.0,4929963089,True,6945.215771989813,244.4677763757581,626.1902907308497,0,1551.9439210350004,1,True,False
8447867032,77.0176664,11.014526,053,CBE,S09,synthetic,265,1100,0.9260220585558744,real_osm_road_node,independent Coimbatore hypothetical bins; demand scale0.9 assumption,Coimbatore,0.0,8447867032,True,6757.212546888063,268.21665508492765,658.3156481846031,0,1301.4396728719437,1,True,False
2168236041,77.0262465,11.0104458,054,CBE,S09,synthetic,266,660,0.6933125257016485,real_osm_road_node,independent Coimbatore hypothetical bins; demand scale0.9 assumption,Coimbatore,0.0,2168236041,True,7721.413040434956,500.6592430234421,630.4887429669564,0,1514.105753968348,1,True,False
4602328676,77.0262269,11.015182,054,CBE,S09,synthetic,267,660,1.1336011461711486,real_osm_road_node,independent Coimbatore hypothetical bins; demand scale0.9 assumption,Coimbatore,0.0,4602328676,True,7688.922192093487,382.1246406895274,281.2575188030433,1,2033.3330299824595,1,True,False
4602328839,77.0269934,11.0185518,054,CBE,S09,synthetic,268,240,0.7530971237773643,real_osm_road_node,independent Coimbatore hypothetical bins; demand scale0.9 assumption,Coimbatore,0.0,4602328839,True,7772.874109634119,382.1246406895274,491.3472495741834,1,1924.7571222325016,1,True,False
5655615702,77.0299845,11.013061,054,CBE,S09,synthetic,269,660,1.2482045050035844,real_osm_road_node,independent Coimbatore hypothetical bins; demand scale0.9 assumption,Coimbatore,0.0,5655615702,True,8107.64031834431,439.5792959477399,742.0040968364503,0,1786.4845861356744,1,True,False
9185327096,77.0248262,11.0222561,054,CBE,S09,synthetic,270,660,1.3843338400535603,real_osm_road_node,independent Coimbatore hypothetical bins; demand scale0.9 assumption,Coimbatore,0.0,9185327096,True,7558.234116767889,473.3679664491353,709.1123742497539,0,1724.4357052898813,1,True,False
5377474661,77.0440851,11.0230326,055,CBE,S09,synthetic,271,1100,1.2481107149733095,real_osm_road_node,independent Coimbatore hypothetical bins; demand scale0.9 assumption,Coimbatore,0.0,5377474661,True,9660.73039802003,292.68084742692633,1457.689630840133,0,1031.822071085273,1,True,False
9182875053,77.0390242,11.0114331,055,CBE,S09,synthetic,272,1100,1.48470570317372,real_osm_road_node,independent Coimbatore hypothetical bins; demand scale0.9 assumption,Coimbatore,0.0,9182875053,True,9103.231487567684,95.533743208303,1737.8609874224114,0,1152.9834281129968,1,True,False
9182991848,77.0463467,11.0216163,055,CBE,S09,synthetic,273,660,0.8818600037680099,real_osm_road_node,independent Coimbatore hypothetical bins; demand scale0.9 assumption,Coimbatore,0.0,9182991848,True,9897.2055271936,292.68084742692633,1739.1583155143608,0,1293.0506713406407,1,True,False
9182991910,77.039314,11.0149188,055,CBE,S09,synthetic,274,1100,1.512767554551241,real_osm_road_node,independent Coimbatore hypothetical bins; demand scale0.9 assumption,Coimbatore,0.0,9182991910,True,9117.626022515004,365.6140835286278,1710.2096248410726,0,1482.8255406459689,1,True,False
11459430461,77.0382296,11.0117927,055,CBE,S09,synthetic,275,660,1.0306417522522815,real_osm_road_node,independent Coimbatore hypothetical bins; demand scale0.9 assumption,Coimbatore,0.0,11459430461,True,9014.128199712157,95.533743208303,1643.6888436509582,0,1233.4783316390267,1,True,False
5655586568,77.053676,11.0122846,056,CBE,S09,synthetic,276,660,1.0169469590253537,real_osm_road_node,independent Coimbatore hypothetical bins; demand scale0.9 assumption,Coimbatore,0.0,5655586568,True,10694.6225449985,279.82013152230496,3042.7969864986594,0,1053.8432524602142,1,True,False
9186296489,77.0476059,11.014525,056,CBE,S09,synthetic,277,660,0.8643108174610018,real_osm_road_node,independent Coimbatore hypothetical bins; demand scale0.9 assumption,Coimbatore,0.0,9186296489,True,10023.45396051712,708.2930380963081,2445.182961296344,0,1340.924213594619,1,True,False
9186348132,77.0556919,11.0138434,056,CBE,S09,synthetic,278,1100,1.1025832648162228,real_osm_road_node,independent Coimbatore hypothetical bins; demand scale0.9 assumption,Coimbatore,0.0,9186348132,True,10907.785234388384,279.82013152230496,3069.118811456914,0,994.5913353550856,1,True,False
10070357864,77.0537864,11.0182551,056,CBE,S09,synthetic,279,660,0.8938844859887635,real_osm_road_node,independent Coimbatore hypothetical bins; demand scale0.9 assumption,Coimbatore,0.0,10070357864,True,10695.9951913259,187.42274312958943,2588.6988140598114,0,1467.8015826575895,1,True,False
10135067010,77.0553334,11.0175245,056,CBE,S09,synthetic,280,1100,1.5506674053570784,real_osm_road_node,independent Coimbatore hypothetical bins; demand scale0.9 assumption,Coimbatore,0.0,10135067010,True,10863.931559095205,187.42274312958943,2771.06275245074,0,1292.7428109461475,1,True,False
2175049720,77.0583936,10.998463,057,CBE,S09,synthetic,281,1100,1.2164899229330113,real_osm_road_node,independent Coimbatore hypothetical bins; demand scale0.9 assumption,Coimbatore,0.0,2175049720,True,11382.122324099097,230.68827708360664,4089.453645659408,0,302.69871014655644,1,True,False
9185543240,77.0573765,10.9966361,057,CBE,S09,synthetic,282,1100,1.0332417815621628,real_osm_road_node,independent Coimbatore hypothetical bins; demand scale0.9 assumption,Coimbatore,0.0,9185543240,True,11311.46152392686,230.68827708360664,3986.5337245283736,0,75.96233789680933,1,True,False
9621085005,77.0511642,11.0069208,057,CBE,S09,synthetic,283,1100,1.1018862666828668,real_osm_road_node,independent Coimbatore hypothetical bins; demand scale0.9 assumption,Coimbatore,0.0,9621085005,True,10466.577391252333,5.847053396021197,3152.1685320272354,0,620.6565208733019,1,True,False
9621085007,77.0511964,11.006963,057,CBE,S09,synthetic,284,1100,1.1645347418987502,real_osm_road_node,independent Coimbatore hypothetical bins; demand scale0.9 assumption,Coimbatore,0.0,9621085007,True,10469.580508611323,5.847053396021197,3154.1134811738925,0,626.4872090775283,1,True,False
11174292496,77.0558792,11.0062858,057,CBE,S09,synthetic,285,660,1.2541633314549416,real_osm_road_node,independent Coimbatore hypothetical bins; demand scale0.9 assumption,Coimbatore,0.0,11174292496,True,10985.800251584324,517.3289149439107,3665.7144754858887,0,630.8224683739562,1,True,False
1486112573,77.0455267,11.0028391,058,CBE,S09,synthetic,286,240,0.9857859784332929,real_osm_road_node,independent Coimbatore hypothetical bins; demand scale0.9 assumption,Coimbatore,0.0,1486112573,True,9915.790469119827,651.103052919489,2715.602024622614,0,42.82563571958321,1,True,False
5658577778,77.0395729,10.999025,058,CBE,S09,synthetic,287,1100,1.0103495709487404,real_osm_road_node,independent Coimbatore hypothetical bins; demand scale0.9 assumption,Coimbatore,0.0,5658577778,True,9354.90917181352,322.07686720639174,2031.6635030466316,0,609.4253043688209,1,True,False
6956724601,77.0403714,10.9917972,058,CBE,S09,synthetic,288,660,1.1433468204373618,real_osm_road_node,independent Coimbatore hypothetical bins; demand scale0.9 assumption,Coimbatore,0.0,6956724601,True,9640.579772526336,547.454412299815,2264.50879344225,0,1117.108387377967,1,True,False
9182872911,77.0396409,11.0019353,058,CBE,S09,synthetic,289,1100,0.569980625121099,real_osm_road_node,independent Coimbatore hypothetical bins; demand scale0.9 assumption,Coimbatore,0.0,9182872911,True,9299.181853454258,322.07686720639174,2064.5009681272813,0,540.131973240831,1,True,False
11373193089,77.0366244,10.9885142,058,CBE,S09,synthetic,290,660,1.0715413728044774,real_osm_road_node,independent Coimbatore hypothetical bins; demand scale0.9 assumption,Coimbatore,0.0,11373193089,True,9365.96501234602,547.454412299815,2066.909363489225,0,1085.287663640236,1,True,False
1482717555,77.0330241,11.0012053,059,CBE,S09,synthetic,291,1100,0.9371986312839162,real_osm_road_node,independent Coimbatore hypothetical bins; demand scale0.9 assumption,Coimbatore,0.0,1482717555,True,8605.42650792319,405.78077857243534,1337.9022286489972,0,618.3723307622902,1,True,False
2168236084,77.0350292,11.0106851,059,CBE,S09,synthetic,292,660,0.8753068125308767,real_osm_road_node,independent Coimbatore hypothetical bins; demand scale0.9 assumption,Coimbatore,0.0,2168236084,True,8674.309443705597,292.65123222124936,1352.1709386778016,0,1375.1746380050054,1,True,False
4602328441,77.0324627,11.0099319,059,CBE,S09,synthetic,293,1100,0.8505717701583331,real_osm_road_node,independent Coimbatore hypothetical bins; demand scale0.9 assumption,Coimbatore,0.0,4602328441,True,8402.283350109967,167.75854207334376,1143.565014154206,0,1491.0257581104308,1,True,False
9185620649,77.0311676,11.0091183,059,CBE,S09,synthetic,294,660,0.8178891657843926,real_osm_road_node,independent Coimbatore hypothetical bins; demand scale0.9 assumption,Coimbatore,0.0,9185620649,True,8270.386962325543,167.75854207334376,1084.4386350987893,0,1370.623581100704,1,True,False
9345386630,77.0293119,11.0012087,059,CBE,S09,synthetic,295,660,1.0811272264867222,real_osm_road_node,independent Coimbatore hypothetical bins; demand scale0.9 assumption,Coimbatore,0.0,9345386630,True,8208.882558466095,405.78077857243534,941.7888379809314,0,473.9487890812498,1,True,False
4594632704,77.0225388,11.0014962,060,CBE,S09,synthetic,296,240,0.6705607535875995,real_osm_road_node,independent Coimbatore hypothetical bins; demand scale0.9 assumption,Coimbatore,0.0,4594632704,True,7480.570533908721,267.61750520713395,322.5741164325273,1,756.4204251463354,1,True,False
4602375789,77.0180399,11.0064209,060,CBE,S09,synthetic,297,660,0.7649683817534134,real_osm_road_node,independent Coimbatore hypothetical bins; demand scale0.9 assumption,Coimbatore,0.0,4602375789,True,6890.675995172281,101.63941306526505,880.2670469145532,0,1235.8936117533715,1,True,False
4603303943,77.0164795,11.0056599,060,CBE,S09,synthetic,298,660,0.685899238228194,real_osm_road_node,independent Coimbatore hypothetical bins; demand scale0.9 assumption,Coimbatore,0.0,4603303943,True,6737.879002972529,133.953263212467,884.8666065889189,0,1112.0810692171665,1,True,False
4603303977,77.0171465,11.0066756,060,CBE,S09,synthetic,299,660,0.5942509140615547,real_osm_road_node,independent Coimbatore hypothetical bins; demand scale0.9 assumption,Coimbatore,0.0,4603303977,True,6789.804479131205,101.63941306526505,945.6658548453918,0,1237.0919055796153,1,True,False
12375102692,77.0209196,10.9996819,060,CBE,S09,synthetic,300,660,1.0061404409238837,real_osm_road_node,independent Coimbatore hypothetical bins; demand scale0.9 assumption,Coimbatore,0.0,12375102692,True,7358.191282574626,267.61750520713395,73.99430801290805,1,732.8297096414493,1,True,False
1482717278,77.0319046,10.995874,061,CBE,S09,synthetic,301,240,0.4397960056515589,real_osm_road_node,independent Coimbatore hypothetical bins; demand scale0.9 assumption,Coimbatore,0.0,1482717278,True,8626.530212180087,176.5785201573432,1243.0486011730516,0,215.3315150075181,1,True,False
1482717361,77.0330419,10.9970074,061,CBE,S09,synthetic,302,660,0.8508056349112946,real_osm_road_node,independent Coimbatore hypothetical bins; demand scale0.9 assumption,Coimbatore,0.0,1482717361,True,8713.431100549857,176.5785201573432,1336.370809105072,0,364.4293364842746,1,True,False
9186364316,77.0155922,10.993572,061,CBE,S09,synthetic,303,1100,0.8710155756996815,real_osm_road_node,independent Coimbatore hypothetical bins; demand scale0.9 assumption,Coimbatore,0.0,9186364316,True,7018.825203362992,253.28788003840768,842.9460514953174,0,165.15419018787978,1,True,False
12375102513,77.014869,10.995747,061,CBE,S09,synthetic,304,1100,0.9549353718060912,real_osm_road_node,independent Coimbatore hypothetical bins; demand scale0.9 assumption,Coimbatore,0.0,12375102513,True,6859.203285881745,253.28788003840768,760.2950938676738,0,30.011672253672018,1,True,False
12375102559,77.0070308,10.9949446,061,CBE,S09,synthetic,305,660,0.820329237612807,real_osm_road_node,independent Coimbatore hypothetical bins; demand scale0.9 assumption,Coimbatore,0.0,12375102559,True,6097.088764951741,343.57912698971893,568.7163152344781,0,596.4971382232272,1,True,False
3858132611,76.996586,10.9900856,062,CBE,S09,synthetic,306,660,0.5277020314250408,real_osm_road_node,independent Coimbatore hypothetical bins; demand scale0.9 assumption,Coimbatore,0.0,3858132611,True,5351.878621282436,376.956250269796,276.137036060519,2,423.3924698045289,1,True,False
3858266157,77.0037223,10.9897223,062,CBE,S09,synthetic,307,1100,0.6971612094848905,real_osm_road_node,independent Coimbatore hypothetical bins; demand scale0.9 assumption,Coimbatore,0.0,3858266157,True,6035.423398852138,641.117513113301,374.5083370616718,2,6.891837772452674,1,True,False
4901566417,77.0000825,10.9850838,062,CBE,S09,synthetic,308,660,0.8388200690306424,real_osm_road_node,independent Coimbatore hypothetical bins; demand scale0.9 assumption,Coimbatore,0.0,4901566417,True,5983.331715105262,649.3576299145269,312.12901088253244,2,125.8475311737174,1,True,False
10129717432,77.0038923,10.9955147,062,CBE,S09,synthetic,309,660,0.5284138950837397,real_osm_road_node,independent Coimbatore hypothetical bins; demand scale0.9 assumption,Coimbatore,0.0,10129717432,True,5758.172167578688,339.0289803999829,231.53088878529505,4,554.0831223530897,1,True,False
11050651060,76.9766199,10.9721064,062,CBE,S09,synthetic,310,660,0.4654468931800927,real_osm_road_node,independent Coimbatore hypothetical bins; demand scale0.9 assumption,Coimbatore,0.0,11050651060,True,5464.662272531896,653.7430620740017,1826.6014558684424,0,426.467037766636,1,True,False
1482493009,76.9965915,10.9987904,063,CBE,S09,synthetic,311,1100,0.7211619469865631,real_osm_road_node,independent Coimbatore hypothetical bins; demand scale0.9 assumption,Coimbatore,0.0,1482493009,True,4881.984388554805,345.6303596860358,143.60095816210872,14,1139.576466911793,1,True,False
5738313793,76.9967368,10.9946018,063,CBE,S09,synthetic,312,1100,1.5536777664704484,real_osm_road_node,independent Coimbatore hypothetical bins; demand scale0.9 assumption,Coimbatore,0.0,5738313793,True,5104.68979435779,421.1523150864791,188.69772010470143,10,719.822676686577,1,True,False
11786440322,77.0011712,10.9969852,063,CBE,S09,synthetic,313,660,0.8934046022264915,real_osm_road_node,independent Coimbatore hypothetical bins; demand scale0.9 assumption,Coimbatore,0.0,11786440322,True,5420.261207316075,138.86858428270278,8.211879035083108,8,746.856002196996,1,True,False
11786440333,76.9997106,10.9970221,063,CBE,S09,synthetic,314,240,1.2746109000588886,real_osm_road_node,independent Coimbatore hypothetical bins; demand scale0.9 assumption,Coimbatore,0.0,11786440333,True,5273.288600866779,107.49395197214275,25.062108047844525,13,804.2323789396597,1,True,False
12375134261,77.0002411,10.9978402,063,CBE,S09,synthetic,315,240,1.4624588290039993,real_osm_road_node,independent Coimbatore hypothetical bins; demand scale0.9 assumption,Coimbatore,0.0,12375134261,True,5289.051238342308,107.49395197214275,67.70274089481539,13,866.5213450434668,1,True,False
347594174,76.9942886,11.0017532,064,CBE,S09,synthetic,316,1100,0.9305570984003364,real_osm_road_node,independent Coimbatore hypothetical bins; demand scale0.9 assumption,Coimbatore,0.0,347594174,True,4521.895485281876,155.3246645322498,227.16944917726929,3,1395.725218485907,1,True,False
1482515062,76.9976937,11.0017185,064,CBE,S09,synthetic,317,1100,0.6105996122408173,real_osm_road_node,independent Coimbatore hypothetical bins; demand scale0.9 assumption,Coimbatore,0.0,1482515062,True,4870.449843605017,180.5974000717229,125.71772793071796,3,1368.4549441326544,1,True,False
1482515090,76.9966327,11.0029698,064,CBE,S09,synthetic,318,1100,0.7659058889902471,real_osm_road_node,independent Coimbatore hypothetical bins; demand scale0.9 assumption,Coimbatore,0.0,1482515090,True,4714.6812630453205,72.85038292981214,292.72683189626616,3,1489.5674932235704,1,True,False
2168299310,76.993533,11.0029422,064,CBE,S09,synthetic,319,1100,0.8336663469664919,real_osm_road_node,independent Coimbatore hypothetical bins; demand scale0.9 assumption,Coimbatore,0.0,2168299310,True,4397.318501438766,155.3246645322498,381.7858893966963,2,1242.537592299654,1,True,False
11619122064,76.9964509,11.0036033,064,CBE,S09,synthetic,320,1100,0.74968831257532,real_osm_road_node,independent Coimbatore hypothetical bins; demand scale0.9 assumption,Coimbatore,0.0,11619122064,True,4673.3285745266485,72.85038292981214,364.7037619381552,3,1431.397227880341,1,True,False
2168166662,76.9919023,10.9907713,065,CBE,S09,synthetic,321,660,0.9711531106328134,real_osm_road_node,independent Coimbatore hypothetical bins; demand scale0.9 assumption,Coimbatore,0.0,2168166662,True,4889.269611709427,204.19026466609787,733.2348623603427,0,938.6305005945344,1,True,False
3814133738,76.9846405,10.9943549,065,CBE,S09,synthetic,322,660,1.3714593685743302,real_osm_road_node,independent Coimbatore hypothetical bins; demand scale0.9 assumption,Coimbatore,0.0,3814133738,True,4017.2671070646734,423.3459740733292,463.8151156448161,2,1811.413759184,1,True,False
3858132560,76.9931994,10.9894432,065,CBE,S09,synthetic,323,660,0.7443809738956534,real_osm_road_node,independent Coimbatore hypothetical bins; demand scale0.9 assumption,Coimbatore,0.0,3858132560,True,5090.926502698942,204.19026466609787,650.8671365013997,0,777.6381014247467,1,True,False
11786496696,76.9878758,10.9978379,065,CBE,S09,synthetic,324,1100,1.0268508342053917,real_osm_road_node,independent Coimbatore hypothetical bins; demand scale0.9 assumption,Coimbatore,0.0,11786496696,True,4086.9395766371313,116.4082509030182,63.87722700671606,3,1468.564843876802,1,True,False
12917319315,76.986811,10.9978201,065,CBE,S09,synthetic,325,660,1.0703358906321696,real_osm_road_node,independent Coimbatore hypothetical bins; demand scale0.9 assumption,Coimbatore,0.0,12917319315,True,3988.876410292878,116.4082509030182,23.86928113422729,4,1451.3792963833369,1,True,False
3814097687,76.9862917,11.0059266,066,CBE,S09,synthetic,326,660,1.5310442641938795,real_osm_road_node,independent Coimbatore hypothetical bins; demand scale0.9 assumption,Coimbatore,0.0,3814097687,True,3540.9173789897086,555.0929140039506,390.76048577471306,1,557.2857507128626,1,True,False
5656517311,76.9892964,11.0099715,066,CBE,S09,synthetic,327,660,1.1841372034232605,real_osm_road_node,independent Coimbatore hypothetical bins; demand scale0.9 assumption,Coimbatore,0.0,5656517311,True,3734.0454920262473,451.1897802287045,189.98535945838503,4,398.1800276592916,1,True,False
12375134276,76.9885307,11.0139789,066,CBE,S09,synthetic,328,1100,1.043390201651618,real_osm_road_node,independent Coimbatore hypothetical bins; demand scale0.9 assumption,Coimbatore,0.0,12375134276,True,3586.17954017968,363.9065640622314,61.53152210530851,8,393.8564746693485,1,True,False
12375134353,76.9802668,11.005578,066,CBE,S09,synthetic,329,1100,0.8969257757731633,real_osm_road_node,independent Coimbatore hypothetical bins; demand scale0.9 assumption,Coimbatore,0.0,12375134353,True,2947.649389754115,337.4627908372795,350.16636985406626,2,789.3351800234085,1,True,False
12381676634,76.9777617,11.0037952,066,CBE,S09,synthetic,330,1100,0.7678099766120752,real_osm_road_node,independent Coimbatore hypothetical bins; demand scale0.9 assumption,Coimbatore,0.0,12381676634,True,2799.481939039187,337.4627908372795,267.96410025281443,3,1121.8731075759763,1,True,False
1830373917,76.9671396,11.0146484,067,CBE,S09,synthetic,331,660,1.419853605661349,real_osm_road_node,independent Coimbatore hypothetical bins; demand scale0.9 assumption,Coimbatore,0.0,1830373917,True,1260.5851314979082,184.4453469452176,39.95053024537517,10,957.6489539780276,1,True,True
6110284182,76.9684485,11.0115084,067,CBE,S09,synthetic,332,240,1.111549568335609,real_osm_road_node,independent Coimbatore hypothetical bins; demand scale0.9 assumption,Coimbatore,0.0,6110284182,True,1500.7033034226313,312.93757707235994,344.5799664698491,3,1268.5793441777903,1,True,True
6950332842,76.9687933,11.0143164,067,CBE,S09,synthetic,333,660,0.9700128981249786,real_osm_road_node,independent Coimbatore hypothetical bins; demand scale0.9 assumption,Coimbatore,0.0,6950332842,True,1444.8081265736328,184.4453469452176,147.31538950607816,11,955.6459809644856,1,True,True
12106379357,76.9750837,11.0083786,067,CBE,S09,synthetic,334,1100,1.62,real_osm_road_node,independent Coimbatore hypothetical bins; demand scale0.9 assumption,Coimbatore,0.0,12106379357,True,2303.67253723668,585.5043471681677,299.38915332896704,2,1112.8635531478865,1,True,False
12375018397,76.959022,11.012885,067,CBE,S09,synthetic,335,1100,1.0106979138865608,real_osm_road_node,independent Coimbatore hypothetical bins; demand scale0.9 assumption,Coimbatore,0.0,12375018397,True,559.626936551991,212.17133530101157,386.8188170558587,3,714.5539577137415,1,True,True
1445281329,76.9559533,11.0220943,068,CBE,S09,synthetic,336,240,1.3966570596010683,real_osm_road_node,independent Coimbatore hypothetical bins; demand scale0.9 assumption,Coimbatore,0.0,1445281329,True,588.9370273235091,206.425619809536,362.70898208962416,2,32.09799059272977,1,True,True
3132681373,76.9630292,11.0170728,068,CBE,S09,synthetic,337,660,1.2795069567476185,real_osm_road_node,independent Coimbatore hypothetical bins; demand scale0.9 assumption,Coimbatore,0.0,3132681373,True,789.6188645856115,523.2436618373316,45.90632810661724,8,713.2225186305988,1,True,True
4523458130,76.9546359,11.0236864,068,CBE,S09,synthetic,338,660,1.3597974997591975,real_osm_road_node,independent Coimbatore hypothetical bins; demand scale0.9 assumption,Coimbatore,0.0,4523458130,True,776.2020504413986,27.119264051522556,400.4827120237938,1,170.6206226320284,1,True,True
4523458131,76.9546466,11.0234415,068,CBE,S09,synthetic,339,1100,1.0613607305029278,real_osm_road_node,independent Coimbatore hypothetical bins; demand scale0.9 assumption,Coimbatore,0.0,4523458131,True,749.1538478956755,27.119264051522556,419.0950544934481,2,148.11400822741297,1,True,True
11962064111,76.9580189,11.0189495,068,CBE,S09,synthetic,340,660,1.62,real_osm_road_node,independent Coimbatore hypothetical bins; demand scale0.9 assumption,Coimbatore,0.0,11962064111,True,340.2643943481535,414.7507200730514,118.53210843177985,5,134.52621893337528,1,True,True
330041040,76.9581813,11.0111564,069,CBE,S09,synthetic,341,660,0.7987140221895412,real_osm_road_node,independent Coimbatore hypothetical bins; demand scale0.9 assumption,Coimbatore,0.0,330041040,True,679.2347973641765,73.08177578733985,410.0195686429138,2,876.1189477841261,1,True,True
1425187077,76.9465203,11.0226434,069,CBE,S09,synthetic,342,660,0.5385628536938327,real_osm_road_node,independent Coimbatore hypothetical bins; demand scale0.9 assumption,Coimbatore,0.0,1425187077,True,1203.3317487711638,591.6117554726549,260.7211605694052,5,918.2098336659628,1,True,True
2966170594,76.9575159,11.0110916,069,CBE,S09,synthetic,343,660,1.0171312446458094,real_osm_road_node,independent Coimbatore hypothetical bins; demand scale0.9 assumption,Coimbatore,0.0,2966170594,True,661.798332069091,73.08177578733985,336.97374951745536,2,873.582206805149,1,True,True
12587197702,76.9523761,11.0217463,069,CBE,S09,synthetic,344,1100,0.7054895633464918,real_osm_road_node,independent Coimbatore hypothetical bins; demand scale0.9 assumption,Coimbatore,0.0,12587197702,True,664.9482764250162,307.36716877416615,299.4717108591097,2,338.6232091918624,1,True,True
14032184442,76.9516245,11.0244235,069,CBE,S09,synthetic,345,240,0.7447150457889068,real_osm_road_node,independent Coimbatore hypothetical bins; demand scale0.9 assumption,Coimbatore,0.0,14032184442,True,962.4332548322398,307.36716877416615,174.19160057235572,4,479.1965084733091,1,True,True
330043451,76.9562917,11.0023172,070,CBE,S09,synthetic,346,660,1.2112960212941757,real_osm_road_node,independent Coimbatore hypothetical bins; demand scale0.9 assumption,Coimbatore,0.0,330043451,True,1611.3079037402474,138.97376344471576,303.6289158285195,1,1840.1203654887504,1,True,True
778230460,76.9624918,11.0014452,070,CBE,S09,synthetic,347,1100,0.9515777908028324,real_osm_road_node,independent Coimbatore hypothetical bins; demand scale0.9 assumption,Coimbatore,0.0,778230460,True,1857.045286496276,12.427760662583182,426.1814275972469,1,2035.0123637574704,1,True,True
2966170018,76.9626001,11.0014794,070,CBE,S09,synthetic,348,660,1.2813714693776628,real_osm_road_node,independent Coimbatore hypothetical bins; demand scale0.9 assumption,Coimbatore,0.0,2966170018,True,1858.2393021056869,12.427760662583182,432.78988631946,1,2035.0750201875692,1,True,True
6965141049,76.9561882,11.0010652,070,CBE,S09,synthetic,349,1100,0.7216522632610695,real_osm_road_node,independent Coimbatore hypothetical bins; demand scale0.9 assumption,Coimbatore,0.0,6965141049,True,1750.1429206646071,138.97376344471576,435.7397543626483,1,1978.792509674312,1,True,True
12118040929,76.9633304,11.0016471,070,CBE,S09,synthetic,350,660,0.9050453599052388,real_osm_road_node,independent Coimbatore hypothetical bins; demand scale0.9 assumption,Coimbatore,0.0,12118040929,True,1874.71246912579,41.200723227484325,476.9966550347962,1,2043.9972165895847,1,True,True
330042768,76.9509187,11.0074414,071,CBE,S09,synthetic,351,1100,0.97616051263598,real_osm_road_node,independent Coimbatore hypothetical bins; demand scale0.9 assumption,Coimbatore,0.0,330042768,True,1169.0870658601325,219.3588826502292,49.18054364738567,13,1380.9411101674773,1,True,True
802057898,76.9476278,11.011989,071,CBE,S09,synthetic,352,660,0.7753397802065273,real_osm_road_node,independent Coimbatore hypothetical bins; demand scale0.9 assumption,Coimbatore,0.0,802057898,True,1040.0903637227102,383.2328279202936,303.7740912398934,7,1177.14207764787,1,True,True
802057935,76.9524726,11.0116379,071,CBE,S09,synthetic,353,660,1.441337356327164,real_osm_road_node,independent Coimbatore hypothetical bins; demand scale0.9 assumption,Coimbatore,0.0,802057935,True,679.2430354611274,494.36227806351707,158.67477270748762,10,887.2520036355273,1,True,True
12377519759,76.9441272,11.0117928,071,CBE,S09,synthetic,354,1100,1.1348071284494805,real_osm_road_node,independent Coimbatore hypothetical bins; demand scale0.9 assumption,Coimbatore,0.0,12377519759,True,1390.3937983605256,181.23000196192825,88.04276426948788,3,1398.2840021686477,1,True,True
12377519772,76.9432005,11.0131512,071,CBE,S09,synthetic,355,240,1.2601947108370126,real_osm_road_node,independent Coimbatore hypothetical bins; demand scale0.9 assumption,Coimbatore,0.0,12377519772,True,1433.7933711893215,181.23000196192825,134.3567528852652,3,1218.1940755211806,1,True,True
802037950,76.9545864,11.0027434,072,CBE,S09,synthetic,356,1100,1.3499412182818546,real_osm_road_node,independent Coimbatore hypothetical bins; demand scale0.9 assumption,Coimbatore,0.0,802037950,True,1568.6255006647566,192.2685816018847,261.68110048362746,2,1800.1745553634394,1,True,True
5668230791,76.9501761,10.9999069,072,CBE,S09,synthetic,357,660,1.59283641093034,real_osm_road_node,independent Coimbatore hypothetical bins; demand scale0.9 assumption,Coimbatore,0.0,5668230791,True,1976.1807716254837,179.9746656440706,400.6704644265995,1,2195.7399338184564,1,True,True
5668231555,76.9469507,11.0040996,072,CBE,S09,synthetic,358,660,0.9163226460524536,real_osm_road_node,independent Coimbatore hypothetical bins; demand scale0.9 assumption,Coimbatore,0.0,5668231555,True,1710.934759046756,145.09565763920986,233.44162967267425,4,1906.159637724486,1,True,True
11482126972,76.9529255,11.0035482,072,CBE,S09,synthetic,359,1100,0.9589184929582448,real_osm_road_node,independent Coimbatore hypothetical bins; demand scale0.9 assumption,Coimbatore,0.0,11482126972,True,1506.5643520975432,202.2021202475256,170.37469171437724,8,1734.357520808386,1,True,True
12241205042,76.9512875,11.0054924,072,CBE,S09,synthetic,360,1100,0.8139787208257978,real_osm_road_node,independent Coimbatore hypothetical bins; demand scale0.9 assumption,Coimbatore,0.0,12241205042,True,1350.3735681670778,219.3588826502292,60.75483474541763,11,1569.3187656407315,1,True,True
1436626167,76.9478764,11.0031596,073,CBE,S09,synthetic,361,240,0.6336144892759461,real_osm_road_node,independent Coimbatore hypothetical bins; demand scale0.9 assumption,Coimbatore,0.0,1436626167,True,1745.987066889145,145.09565763920986,376.72794928788375,4,1949.8995888137997,1,True,True
1444969352,76.9502632,10.9982824,073,CBE,S09,synthetic,362,240,0.7456115244210456,real_osm_road_node,independent Coimbatore hypothetical bins; demand scale0.9 assumption,Coimbatore,0.0,1444969352,True,2145.918102772982,179.9746656440706,571.318772692401,0,2366.4960473752885,1,True,False
1482662038,76.9485792,10.9949131,073,CBE,S09,synthetic,363,1100,0.6112773446256368,real_osm_road_node,independent Coimbatore hypothetical bins; demand scale0.9 assumption,Coimbatore,0.0,1482662038,True,2558.150471252672,415.7261550506224,979.9626147337976,0,2634.365651114292,1,True,False
5668229923,76.9457684,11.0055893,073,CBE,S09,synthetic,364,660,0.8968171469138255,real_osm_road_node,independent Coimbatore hypothetical bins; demand scale0.9 assumption,Coimbatore,0.0,5668229923,True,1659.159357146303,209.43309356360152,31.82016623685385,3,1839.427885324904,1,True,True
9169306116,76.9449014,10.9932026,073,CBE,S09,synthetic,365,660,0.996346137797554,real_osm_road_node,independent Coimbatore hypothetical bins; demand scale0.9 assumption,Coimbatore,0.0,9169306116,True,2880.9752530254823,280.1963873582572,636.6016072962215,0,2190.6762519884824,1,True,False
4547522914,76.9332536,11.0157121,074,CBE,S09,synthetic,366,660,0.9223239651259948,real_osm_road_node,independent Coimbatore hypothetical bins; demand scale0.9 assumption,Coimbatore,0.0,4547522914,True,2463.819455699651,707.5730116869347,849.7590703805046,0,750.3996229600963,1,True,False
9169449852,76.9395304,11.0172778,074,CBE,S09,synthetic,367,1100,0.4641684597673784,real_osm_road_node,independent Coimbatore hypothetical bins; demand scale0.9 assumption,Coimbatore,0.0,9169449852,True,1776.5506438886066,607.73021631635,293.8251887284128,2,646.5343742903148,1,True,True
9926142085,76.9456882,11.0155815,074,CBE,S09,synthetic,368,1100,1.050693662127854,real_osm_road_node,independent Coimbatore hypothetical bins; demand scale0.9 assumption,Coimbatore,0.0,9926142085,True,1111.947817505412,382.3912367992706,195.5322673796128,3,1161.3214376709943,1,True,True
12377519517,76.951032,11.0191557,074,CBE,S09,synthetic,369,1100,0.9289850535110992,real_osm_road_node,independent Coimbatore hypothetical bins; demand scale0.9 assumption,Coimbatore,0.0,12377519517,True,582.6102459873554,322.06273477349674,261.4403362793868,2,506.4322575016128,1,True,True
12381406903,76.927615,11.0231688,074,CBE,S09,synthetic,370,660,0.9763333688939088,real_osm_road_node,independent Coimbatore hypothetical bins; demand scale0.9 assumption,Coimbatore,0.0,12381406903,True,3156.7015465475365,462.75244107185,457.6916833071221,1,317.73733515181544,1,True,False
5510129161,76.9108688,11.0074365,075,CBE,S09,synthetic,371,1100,0.844722494725131,real_osm_road_node,independent Coimbatore hypothetical bins; demand scale0.9 assumption,Coimbatore,0.0,5510129161,True,5013.432305498016,201.93352543300145,1672.0294804686482,0,1742.1226906270408,1,True,False
9169350698,76.9124046,11.0064219,075,CBE,S09,synthetic,372,660,0.9102713972312378,real_osm_road_node,independent Coimbatore hypothetical bins; demand scale0.9 assumption,Coimbatore,0.0,9169350698,True,4875.057995628641,201.93352543300145,1720.3064091689596,0,1695.5477343447656,1,True,False
9169428804,76.9240265,11.0111863,075,CBE,S09,synthetic,373,1100,1.456470923293004,real_osm_road_node,independent Coimbatore hypothetical bins; demand scale0.9 assumption,Coimbatore,0.0,9169428804,True,3523.7048489928325,257.045444149377,644.9591666510331,0,545.0236670544012,1,True,False
9169433469,76.9256117,11.0129026,075,CBE,S09,synthetic,374,660,1.3169195967615737,real_osm_road_node,independent Coimbatore hypothetical bins; demand scale0.9 assumption,Coimbatore,0.0,9169433469,True,3323.323645764722,257.045444149377,465.1259088537714,1,302.407645323202,1,True,False
12377551761,76.9123044,11.0042117,075,CBE,S09,synthetic,375,660,1.3049944821205055,real_osm_road_node,independent Coimbatore hypothetical bins; demand scale0.9 assumption,Coimbatore,0.0,12377551761,True,4949.514961312106,244.76015388103175,1950.836370059904,0,1886.506742307493,1,True,False
9169306075,76.9224288,10.9860041,076,CBE,S09,synthetic,376,660,1.1316099247994094,real_osm_road_node,independent Coimbatore hypothetical bins; demand scale0.9 assumption,Coimbatore,0.0,9169306075,True,4999.407038769908,497.291407127645,546.5582012684729,0,473.0272503136777,1,True,False
9651507614,76.9271198,10.9812242,076,CBE,S09,synthetic,377,660,0.7284965641616876,real_osm_road_node,independent Coimbatore hypothetical bins; demand scale0.9 assumption,Coimbatore,0.0,9651507614,True,5044.683682323005,642.4436071550796,303.03446082854384,1,104.269555872616,1,True,False
10149038287,76.9252787,10.9895079,076,CBE,S09,synthetic,378,660,0.5903760330240605,real_osm_road_node,independent Coimbatore hypothetical bins; demand scale0.9 assumption,Coimbatore,0.0,10149038287,True,4506.445608546788,497.291407127645,641.3602888867264,0,637.7037350417759,1,True,False
11430346973,76.9311873,10.9854159,076,CBE,S09,synthetic,379,660,0.7784174487040137,real_osm_road_node,independent Coimbatore hypothetical bins; demand scale0.9 assumption,Coimbatore,0.0,11430346973,True,4404.058738558841,531.1599169709519,487.2086883946768,1,463.8858192335387,1,True,False
11455009673,76.9350042,10.9897121,076,CBE,S09,synthetic,380,660,0.5049978871956319,real_osm_road_node,independent Coimbatore hypothetical bins; demand scale0.9 assumption,Coimbatore,0.0,11455009673,True,3771.565999912279,342.90239974204303,289.1856397946713,7,1070.7926097565949,1,True,False
1445247096,76.9404094,10.9947936,077,CBE,S09,synthetic,381,660,0.661037449991906,real_osm_road_node,independent Coimbatore hypothetical bins; demand scale0.9 assumption,Coimbatore,0.0,1445247096,True,2968.1323766950604,156.1114667649761,685.5464456229422,0,1884.256845010949,1,True,False
2168314168,76.9417941,10.994448,077,CBE,S09,synthetic,382,1100,0.9658199083866348,real_osm_road_node,independent Coimbatore hypothetical bins; demand scale0.9 assumption,Coimbatore,0.0,2168314168,True,2917.946246090127,156.1114667649761,642.0779711741354,0,1978.645137209998,1,True,False
3781594964,76.9410917,10.9889396,077,CBE,S09,synthetic,383,660,0.712656981015631,real_osm_road_node,independent Coimbatore hypothetical bins; demand scale0.9 assumption,Coimbatore,0.0,3781594964,True,3489.210345630192,178.895247532149,39.66656749813474,5,1613.831471121488,1,True,False
5564755151,76.9404116,10.9904104,077,CBE,S09,synthetic,384,660,0.6277703995716665,real_osm_road_node,independent Coimbatore hypothetical bins; demand scale0.9 assumption,Coimbatore,0.0,5564755151,True,3381.106092793311,165.11352765827536,217.4583663704684,4,1612.3571053395815,1,True,False
9832178936,76.9429113,11.0007019,077,CBE,S09,synthetic,385,1100,1.370493156414962,real_osm_road_node,independent Coimbatore hypothetical bins; demand scale0.9 assumption,Coimbatore,0.0,9832178936,True,2276.673272427573,579.8617073495559,653.5388450906541,0,2439.9585463098388,1,True,False
2168314106,76.9417266,10.9911448,078,CBE,S09,synthetic,386,660,0.6268144092938136,real_osm_road_node,independent Coimbatore hypothetical bins; demand scale0.9 assumption,Coimbatore,0.0,2168314106,True,3240.01814658434,138.42336449022864,278.09515005933173,1,1777.358647646548,1,True,False
2168314113,76.9428959,10.9916252,078,CBE,S09,synthetic,387,660,0.7857396366265554,real_osm_road_node,independent Coimbatore hypothetical bins; demand scale0.9 assumption,Coimbatore,0.0,2168314113,True,3133.6838198865294,138.42336449022864,370.09722206527977,1,1915.3148608635863,1,True,False
9169302099,76.9460706,10.9868259,078,CBE,S09,synthetic,388,1100,0.7649183809833578,real_osm_road_node,independent Coimbatore hypothetical bins; demand scale0.9 assumption,Coimbatore,0.0,9169302099,True,3498.066452653597,111.32280947500588,557.3771232013834,0,2080.1535706382747,1,True,False
11447042331,76.943427,10.9893248,078,CBE,S09,synthetic,389,240,0.6925558578178191,real_osm_road_node,independent Coimbatore hypothetical bins; demand scale0.9 assumption,Coimbatore,0.0,11447042331,True,3340.2943420678,258.8014699252405,241.4004488270641,1,1868.2074042181332,1,True,False
12381407147,76.9434578,10.9848407,078,CBE,S09,synthetic,390,660,0.6062776695426256,real_osm_road_node,independent Coimbatore hypothetical bins; demand scale0.9 assumption,Coimbatore,0.0,12381407147,True,3800.492125084319,293.2401932662561,483.0037455260431,1,1763.7875402427749,1,True,False
2168314059,76.9368728,10.9866588,079,CBE,S09,synthetic,391,1100,1.2587719659733838,real_osm_road_node,independent Coimbatore hypothetical bins; demand scale0.9 assumption,Coimbatore,0.0,2168314059,True,3937.123268770672,84.8786635790623,9.824794678570854,7,1095.3038683828158,1,True,False
2168314065,76.936112,10.9868123,079,CBE,S09,synthetic,392,1100,0.760517499140841,real_osm_road_node,independent Coimbatore hypothetical bins; demand scale0.9 assumption,Coimbatore,0.0,2168314065,True,3966.9676552887754,84.8786635790623,74.69895297710795,7,1021.6820580383638,1,True,False
4937900147,76.9358782,10.9841632,079,CBE,S09,synthetic,393,1100,1.1400722837304045,real_osm_road_node,independent Coimbatore hypothetical bins; demand scale0.9 assumption,Coimbatore,0.0,4937900147,True,4230.653527801689,87.65708124157928,299.8732729883412,7,933.5956740685924,1,True,False
5564755184,76.9362085,10.9834412,079,CBE,S09,synthetic,394,1100,1.5195532467172224,real_osm_road_node,independent Coimbatore hypothetical bins; demand scale0.9 assumption,Coimbatore,0.0,5564755184,True,4281.599164355719,87.65708124157928,364.7655025521521,5,958.1161991571818,1,True,False
9169302106,76.9396751,10.9861827,079,CBE,S09,synthetic,395,240,0.9230594543988624,real_osm_road_node,independent Coimbatore hypothetical bins; demand scale0.9 assumption,Coimbatore,0.0,9169302106,True,3832.5366279386553,310.8135174032778,226.54390212718133,8,1379.602085087262,1,True,False
1482661721,76.9497631,10.9851723,080,CBE,S09,synthetic,396,1100,0.8383114757048306,real_osm_road_node,independent Coimbatore hypothetical bins; demand scale0.9 assumption,Coimbatore,0.0,1482661721,True,3578.038620988508,309.9999117802104,1000.191263998421,0,2451.9260804283344,1,True,False
3781594857,76.9469293,10.9850631,080,CBE,S09,synthetic,397,660,1.0385081655347204,real_osm_road_node,independent Coimbatore hypothetical bins; demand scale0.9 assumption,Coimbatore,0.0,3781594857,True,3659.402452561225,136.57606092920048,730.9037831906855,0,2143.058412111481,1,True,False
3814126208,76.9470247,10.9820086,080,CBE,S09,synthetic,398,1100,0.920825272611137,real_osm_road_node,independent Coimbatore hypothetical bins; demand scale0.9 assumption,Coimbatore,0.0,3814126208,True,3985.440962123269,338.08722023733634,964.6123049623318,0,2136.097783005185,1,True,False
9179375391,76.9557683,10.9890161,080,CBE,S09,synthetic,399,660,1.0140176279051971,real_osm_road_node,independent Coimbatore hypothetical bins; demand scale0.9 assumption,Coimbatore,0.0,9179375391,True,3089.430660002349,124.3879412857788,653.7075683777718,0,2412.101403217024,1,True,False
12543210750,76.9459478,10.985827,080,CBE,S09,synthetic,400,1100,1.079032809668844,real_osm_road_node,independent Coimbatore hypothetical bins; demand scale0.9 assumption,Coimbatore,0.0,12543210750,True,3608.0273695541223,111.32280947500588,595.021266360852,0,2049.548148612532,1,True,False
1474815488,76.9567889,10.994597,081,CBE,S09,synthetic,401,1100,1.62,real_osm_road_node,independent Coimbatore hypothetical bins; demand scale0.9 assumption,Coimbatore,0.0,1474815488,True,2471.219353975842,432.5271030022973,100.7869293160686,3,2694.238639264456,1,True,False
1482456104,76.9521092,10.9986871,081,CBE,S09,synthetic,402,660,1.62,real_osm_road_node,independent Coimbatore hypothetical bins; demand scale0.9 assumption,Coimbatore,0.0,1482456104,True,2053.9557423822184,206.6863314993341,519.3819698454537,0,2279.461430643584,1,True,False
5660769948,76.9554433,10.9900936,081,CBE,S09,synthetic,403,660,1.62,real_osm_road_node,independent Coimbatore hypothetical bins; demand scale0.9 assumption,Coimbatore,0.0,5660769948,True,2969.871406275506,124.3879412857788,578.6631540887286,0,2523.564755230379,1,True,False
9179375388,76.9584722,10.9908425,081,CBE,S09,synthetic,404,660,1.2194276913893063,real_osm_road_node,independent Coimbatore hypothetical bins; demand scale0.9 assumption,Coimbatore,0.0,9179375388,True,2901.0419730100944,153.61890409206617,356.82646289168184,2,2381.0130969522666,1,True,False
12381407268,76.9580203,10.9895277,081,CBE,S09,synthetic,405,660,0.8101884967625274,real_osm_road_node,independent Coimbatore hypothetical bins; demand scale0.9 assumption,Coimbatore,0.0,12381407268,True,3042.209664071176,153.61890409206617,508.5196569926042,0,2293.6709691391065,1,True,False
247406494,76.9607405,10.9943935,082,CBE,S09,synthetic,406,660,0.9439904623421408,real_osm_road_node,independent Coimbatore hypothetical bins; demand scale0.9 assumption,Coimbatore,0.0,247406494,True,2549.179090849263,260.6315105373818,178.41421707265317,7,2595.808656857227,1,True,False
1474802940,76.9610988,10.9894511,082,CBE,S09,synthetic,407,660,0.7452453449486559,real_osm_road_node,independent Coimbatore hypothetical bins; demand scale0.9 assumption,Coimbatore,0.0,1474802940,True,3095.5692979916184,325.775142018656,543.9321008839837,0,2095.2234355385517,1,True,False
3781193157,76.9611032,10.9967219,082,CBE,S09,synthetic,408,660,0.4842422413912268,real_osm_road_node,independent Coimbatore hypothetical bins; demand scale0.9 assumption,Coimbatore,0.0,3781193157,True,2306.4005685532784,260.6315105373818,119.83140155929188,7,2504.531314368283,1,True,False
9827276705,76.9637001,11.0017197,082,CBE,S09,synthetic,409,660,0.7713923900334213,real_osm_road_node,independent Coimbatore hypothetical bins; demand scale0.9 assumption,Coimbatore,0.0,9827276705,True,1885.5688084051608,41.200723227484325,501.7929180361904,0,2051.0131395651265,1,True,True
12381676438,76.9674425,10.993484,082,CBE,S09,synthetic,410,1100,0.8711668652985503,real_osm_road_node,independent Coimbatore hypothetical bins; demand scale0.9 assumption,Coimbatore,0.0,12381676438,True,2887.310829208809,182.88009306127296,125.95462525350317,5,2266.1157352035,1,True,False
5658524157,76.9734994,11.0010995,083,CBE,S09,synthetic,411,660,1.1757165113215613,real_osm_road_node,independent Coimbatore hypothetical bins; demand scale0.9 assumption,Coimbatore,0.0,5658524157,True,2603.839060656536,553.1754829949897,271.6075597183568,4,1667.7912988638304,1,True,False
11372932030,76.9809366,10.995473,083,CBE,S09,synthetic,412,1100,0.7707686529705071,real_osm_road_node,independent Coimbatore hypothetical bins; demand scale0.9 assumption,Coimbatore,0.0,11372932030,True,3626.4888953475374,423.3459740733292,371.9276030839383,2,1760.876346514153,1,True,False
11524969000,76.9653167,11.0041325,083,CBE,S09,synthetic,413,660,1.1583220429312453,real_osm_road_node,independent Coimbatore hypothetical bins; demand scale0.9 assumption,Coimbatore,0.0,11524969000,True,1750.1443640969765,320.1233598020275,465.06668602654247,1,1886.300761079952,1,True,True
12375046874,76.9903909,10.9986402,083,CBE,S09,synthetic,414,660,1.094140792117129,real_osm_road_node,independent Coimbatore hypothetical bins; demand scale0.9 assumption,Coimbatore,0.0,12375046874,True,4281.6326752259065,288.89550463223054,266.54639328313493,3,1465.857210618181,1,True,False
12381676457,76.9691108,10.9936086,083,CBE,S09,synthetic,415,660,1.1680054594000813,real_osm_road_node,independent Coimbatore hypothetical bins; demand scale0.9 assumption,Coimbatore,0.0,12381676457,True,2959.878013367432,182.88009306127296,271.37634851685846,2,2252.15516726314,1,True,False
2162392150,76.9729028,10.987212,084,CBE,S09,synthetic,416,660,1.62,real_osm_road_node,independent Coimbatore hypothetical bins; demand scale0.9 assumption,Coimbatore,0.0,2162392150,True,3782.7561208359457,476.650603946681,1040.8955954222529,0,1528.0528504859897,1,True,False
9033732990,76.9772431,10.9836881,084,CBE,S09,synthetic,417,660,0.9147250952722072,real_osm_road_node,independent Coimbatore hypothetical bins; demand scale0.9 assumption,Coimbatore,0.0,9033732990,True,4362.843214763739,167.50417712116845,1327.7893207213413,0,1264.9524285942816,1,True,False
11478318784,76.9775888,10.9859637,084,CBE,S09,synthetic,418,1100,0.8278343620823552,real_osm_road_node,independent Coimbatore hypothetical bins; demand scale0.9 assumption,Coimbatore,0.0,11478318784,True,4172.907383091718,59.46085819596841,1075.6437567645926,0,1509.6226782456083,1,True,False
12381676715,76.978132,10.985992,084,CBE,S09,synthetic,419,660,1.1069642741441823,real_osm_road_node,independent Coimbatore hypothetical bins; demand scale0.9 assumption,Coimbatore,0.0,12381676715,True,4204.417003871352,59.46085819596841,1074.4448040595466,0,1536.8010570361396,1,True,False
12381676950,76.9656609,10.9753601,084,CBE,S09,synthetic,420,660,0.6831153891371083,real_osm_road_node,independent Coimbatore hypothetical bins; demand scale0.9 assumption,Coimbatore,0.0,12381676950,True,4731.94831042145,270.96948930538605,1298.4542869163065,0,627.9424434969086,1,True,False
1423799278,76.9990092,10.9648992,085,CBE,S09,synthetic,421,660,1.4514158780369966,real_osm_road_node,independent Coimbatore hypothetical bins; demand scale0.9 assumption,Coimbatore,0.0,1423799278,True,7453.266102945457,274.23686604654904,1048.651722286261,0,1361.4471084181043,1,True,False
2173340023,76.9835776,10.9635691,085,CBE,S09,synthetic,422,1100,0.7861673429625065,real_osm_road_node,independent Coimbatore hypothetical bins; demand scale0.9 assumption,Coimbatore,0.0,2173340023,True,6650.424313636368,593.2810568926232,707.7235616816033,0,1539.224058526686,1,True,False
4894886025,77.0020597,10.9619031,085,CBE,S09,synthetic,423,660,1.241519440208662,real_osm_road_node,independent Coimbatore hypothetical bins; demand scale0.9 assumption,Coimbatore,0.0,4894886025,True,7922.095325504031,281.2034293032169,1333.3790287276152,0,1820.7000134130712,1,True,False
12384146854,77.001461,10.964375,085,CBE,S09,synthetic,424,660,1.0196329423935673,real_osm_road_node,independent Coimbatore hypothetical bins; demand scale0.9 assumption,Coimbatore,0.0,12384146854,True,7669.651400713778,274.23686604654904,1293.8899290951963,0,1559.5980829153782,1,True,False
13465449792,76.9711905,10.9642347,085,CBE,S09,synthetic,425,660,1.23014440990318,real_osm_road_node,independent Coimbatore hypothetical bins; demand scale0.9 assumption,Coimbatore,0.0,13465449792,True,6081.629641417624,210.5071583122449,979.8634823237464,0,873.9310370455527,1,True,False
3814094058,76.9738137,10.9829987,086,CBE,S09,synthetic,426,660,0.8148959812244033,real_osm_road_node,independent Coimbatore hypothetical bins; demand scale0.9 assumption,Coimbatore,0.0,3814094058,True,4241.772811719579,105.65911505689722,1461.5933842425898,0,1075.1589960504186,1,True,False
9033751797,76.9675876,10.984174,086,CBE,S09,synthetic,427,660,1.1894998943786934,real_osm_road_node,independent Coimbatore hypothetical bins; demand scale0.9 assumption,Coimbatore,0.0,9033751797,True,3849.2467298105967,612.6043983698833,1135.22172697297,0,1265.084727478129,1,True,False
11760678883,76.9643099,10.9796826,086,CBE,S09,synthetic,428,1100,1.1507136966580227,real_osm_road_node,independent Coimbatore hypothetical bins; demand scale0.9 assumption,Coimbatore,0.0,11760678883,True,4230.5015457747495,500.49785232941593,1520.814215501492,0,1021.0530982982984,1,True,False
11760970084,76.9746523,10.9825238,086,CBE,S09,synthetic,429,660,1.2557946660508503,real_osm_road_node,independent Coimbatore hypothetical bins; demand scale0.9 assumption,Coimbatore,0.0,11760970084,True,4331.36441979191,105.65911505689722,1490.0408130535802,0,1043.582351646142,1,True,False
11760970087,76.9762437,10.9825404,086,CBE,S09,synthetic,430,660,0.8612048644362403,real_osm_road_node,independent Coimbatore hypothetical bins; demand scale0.9 assumption,Coimbatore,0.0,11760970087,True,4414.941852432711,167.50417712116845,1461.2609143523352,0,1103.6740366665883,1,True,False
5563554934,76.945138,10.9790475,087,CBE,S09,synthetic,431,660,0.7319152189814602,real_osm_road_node,independent Coimbatore hypothetical bins; demand scale0.9 assumption,Coimbatore,0.0,5563554934,True,4356.219643457602,387.10702246026256,1142.6180396976663,0,1967.42536388468,1,True,False
9234409863,76.9373685,10.966327,087,CBE,S09,synthetic,432,660,1.0258696379434546,real_osm_road_node,independent Coimbatore hypothetical bins; demand scale0.9 assumption,Coimbatore,0.0,9234409863,True,5962.053877815571,530.130296329421,843.4258807149912,0,1394.298224025866,1,True,False
11050793904,76.9501998,10.9689309,087,CBE,S09,synthetic,433,660,1.0048059541491,real_osm_road_node,independent Coimbatore hypothetical bins; demand scale0.9 assumption,Coimbatore,0.0,11050793904,True,5357.787199692445,403.3338141541107,293.8234080248224,1,957.2179437371911,1,True,False
11434548355,76.9557692,10.9633205,087,CBE,S09,synthetic,434,1100,0.8618262781268545,real_osm_road_node,independent Coimbatore hypothetical bins; demand scale0.9 assumption,Coimbatore,72.0432837753164,9933411230,True,5946.650029854744,3.7540469856091976,98.09501384048106,2,359.3132966525233,1,True,False
11434548357,76.9557998,10.9633359,087,CBE,S09,synthetic,435,660,1.0317341919768246,real_osm_road_node,independent Coimbatore hypothetical bins; demand scale0.9 assumption,Coimbatore,75.01141232055016,9933411230,True,5944.93667765734,3.7540469856091976,96.96659636460755,2,356.326677643166,1,True,False
1993615773,76.9541574,10.9584121,088,CBE,S09,synthetic,436,1100,0.634197329771159,real_osm_road_node,independent Coimbatore hypothetical bins; demand scale0.9 assumption,Coimbatore,0.0,1993615773,True,6494.913641467587,266.2054925777577,264.7340932416424,1,512.2067429466987,1,True,False
2173294025,76.9487171,10.9631735,088,CBE,S09,synthetic,437,660,0.877300908117506,real_osm_road_node,independent Coimbatore hypothetical bins; demand scale0.9 assumption,Coimbatore,0.0,2173294025,True,6012.906915623986,223.4323064586404,538.2348256301115,0,308.07476389120217,1,True,False
2173294076,76.9498417,10.9653024,088,CBE,S09,synthetic,438,660,1.463200575294635,real_osm_road_node,independent Coimbatore hypothetical bins; demand scale0.9 assumption,Coimbatore,0.0,2173294076,True,5763.088000476743,265.68061360462394,285.32731304120585,1,553.884269322425,1,True,False
11061157676,76.9507099,10.9627249,088,CBE,S09,synthetic,439,660,0.7723841327068609,real_osm_road_node,independent Coimbatore hypothetical bins; demand scale0.9 assumption,Coimbatore,0.0,11061157676,True,6038.492667484842,223.4323064586404,477.8972390484823,1,293.2261363235464,1,True,False
12384113089,76.9417246,10.9642212,088,CBE,S09,synthetic,440,660,1.0582501321872164,real_osm_road_node,independent Coimbatore hypothetical bins; demand scale0.9 assumption,Coimbatore,0.0,12384113089,True,6045.002849697522,530.130296329421,325.08217706193994,1,864.7055955928026,1,True,False
5176111971,76.9164976,10.9496463,089,CBE,S09,synthetic,441,1100,0.6948591792756895,real_osm_road_node,independent Coimbatore hypothetical bins; demand scale0.9 assumption,Coimbatore,0.0,5176111971,True,8611.850315750953,232.20179823777823,2069.7105230319285,0,276.7495993152878,1,True,False
5655136510,76.9191705,10.9605421,089,CBE,S09,synthetic,442,660,0.8112907436157969,real_osm_road_node,independent Coimbatore hypothetical bins; demand scale0.9 assumption,Coimbatore,0.0,5655136510,True,7424.225827837134,539.1197298217369,2228.8487601626503,0,1377.1067364950857,1,True,False
9651185146,76.9166672,10.9475541,089,CBE,S09,synthetic,443,660,0.6859916117441724,real_osm_road_node,independent Coimbatore hypothetical bins; demand scale0.9 assumption,Coimbatore,0.0,9651185146,True,8805.342479028357,232.20179823777823,2047.788759413303,0,262.76831289162163,1,True,False
11507941084,76.9198917,10.9526874,089,CBE,S09,synthetic,444,1100,0.9519681523510248,real_osm_road_node,independent Coimbatore hypothetical bins; demand scale0.9 assumption,Coimbatore,0.0,11507941084,True,8135.499191789824,500.8655405445538,1760.90341529303,0,750.6813848196081,1,True,False
12384112907,76.9240859,10.9609376,089,CBE,S09,synthetic,445,1100,0.8171773539347842,real_osm_road_node,independent Coimbatore hypothetical bins; demand scale0.9 assumption,Coimbatore,0.0,12384112907,True,7111.127501638788,539.1197298217369,1863.3303391266184,0,1703.9396397425787,1,True,False
5171515169,76.9361308,10.9474379,090,CBE,S09,synthetic,446,660,0.7869086654378387,real_osm_road_node,independent Coimbatore hypothetical bins; demand scale0.9 assumption,Coimbatore,0.0,5171515169,True,8005.986863501216,173.28688611508102,127.79097898257218,3,379.7265654913092,1,True,False
5171515200,76.9310429,10.9487471,090,CBE,S09,synthetic,447,660,0.9444654093005046,real_osm_road_node,independent Coimbatore hypothetical bins; demand scale0.9 assumption,Coimbatore,0.0,5171515200,True,8035.220445849385,558.5948684949036,476.7080418924881,1,947.9012385463268,1,True,False
5171515348,76.9272597,10.9453533,090,CBE,S09,synthetic,448,660,0.7449604331671182,real_osm_road_node,independent Coimbatore hypothetical bins; demand scale0.9 assumption,Coimbatore,0.0,5171515348,True,8533.530817460161,539.6322190889476,946.9293479039396,0,819.228806492689,1,True,False
5171562264,76.9349502,10.9449707,090,CBE,S09,synthetic,449,660,1.0074728533598702,real_osm_road_node,independent Coimbatore hypothetical bins; demand scale0.9 assumption,Coimbatore,0.0,5171562264,True,8304.99536755966,291.7132030399492,298.9094685481512,3,461.25191412556126,1,True,False
9651195720,76.9300081,10.9413016,090,CBE,S09,synthetic,450,660,0.7351974530953832,real_osm_road_node,independent Coimbatore hypothetical bins; demand scale0.9 assumption,Coimbatore,0.0,9651195720,True,8854.567267549992,539.6322190889476,972.0247741613604,0,358.0894934869221,1,True,False
4510562637,76.9460562,10.9319184,091,CBE,S09,synthetic,451,660,0.7021859317474793,real_osm_road_node,independent Coimbatore hypothetical bins; demand scale0.9 assumption,Coimbatore,0.0,4510562637,True,9498.147289679588,456.96559715361417,1782.927991405393,0,1578.3358759463931,1,True,False
8436369663,76.9372421,10.946321,091,CBE,S09,synthetic,452,1100,0.5475086467511124,real_osm_road_node,independent Coimbatore hypothetical bins; demand scale0.9 assumption,Coimbatore,0.0,8436369663,True,8094.492521603903,173.28688611508102,17.47412215426034,3,220.1004064118045,1,True,False
9056063665,76.9420897,10.9461364,091,CBE,S09,synthetic,453,1100,0.5412736996145457,real_osm_road_node,independent Coimbatore hypothetical bins; demand scale0.9 assumption,Coimbatore,0.0,9056063665,True,7998.692264248534,215.3115531443154,475.2626111076518,1,288.2924921054977,1,True,False
9676698864,76.9432693,10.9288401,091,CBE,S09,synthetic,454,1100,1.2026422831406998,real_osm_road_node,independent Coimbatore hypothetical bins; demand scale0.9 assumption,Coimbatore,0.0,9676698864,True,9875.883404708751,456.96559715361417,1969.7864219176224,0,1363.3758463446602,1,True,False
13521670823,76.9438448,10.9470194,091,CBE,S09,synthetic,455,660,0.6133394198646572,real_osm_road_node,independent Coimbatore hypothetical bins; demand scale0.9 assumption,Coimbatore,0.0,13521670823,True,7868.227280286056,215.3115531443154,679.3295174272133,0,496.345520198622,1,True,False
9790041340,76.955888,10.9332037,092,CBE,S09,synthetic,456,1100,1.1906312386916904,real_osm_road_node,independent Coimbatore hypothetical bins; demand scale0.9 assumption,Coimbatore,0.0,9790041340,True,9295.489409890984,545.3697272187756,1942.9745793788052,0,2198.054667558865,1,True,False
9790075257,76.955876,10.9421759,092,CBE,S09,synthetic,457,240,0.8779414675659425,real_osm_road_node,independent Coimbatore hypothetical bins; demand scale0.9 assumption,Coimbatore,0.0,9790075257,True,8297.82547262974,317.6975944756521,964.9666162988368,0,1820.1948273527023,1,True,False
10559229767,76.9599564,10.9360561,092,CBE,S09,synthetic,458,660,0.6987599029285901,real_osm_road_node,independent Coimbatore hypothetical bins; demand scale0.9 assumption,Coimbatore,0.0,10559229767,True,8989.768891530837,493.3115950939437,1750.8482763388645,0,2436.68313010091,1,True,False
11052498538,76.958934,10.9448095,092,CBE,S09,synthetic,459,660,0.6742179752570227,real_osm_road_node,independent Coimbatore hypothetical bins; demand scale0.9 assumption,Coimbatore,0.0,11052498538,True,8012.285200084789,443.46600203727775,859.9113823683523,0,1895.6945776413384,1,True,False
11477726744,76.9574063,10.9397347,092,CBE,S09,synthetic,460,660,0.6716370357667082,real_osm_road_node,independent Coimbatore hypothetical bins; demand scale0.9 assumption,Coimbatore,0.0,11477726744,True,8571.064126676165,317.6975944756521,1271.3110635259109,0,2039.6809752926013,1,True,False
2173293707,76.9643662,10.9522405,093,CBE,S09,synthetic,461,660,1.0808175937177995,real_osm_road_node,independent Coimbatore hypothetical bins; demand scale0.9 assumption,Coimbatore,0.0,2173293707,True,7239.331689515765,255.31864048380248,922.1533968417808,0,1163.0943676062568,1,True,False
2173293924,76.9563695,10.959418,093,CBE,S09,synthetic,462,660,0.8336086213314797,real_osm_road_node,independent Coimbatore hypothetical bins; demand scale0.9 assumption,Coimbatore,0.0,2173293924,True,6380.890100735366,266.2054925777577,451.9253354075239,1,405.1871220462176,1,True,False
3781623474,76.9581632,10.9543259,093,CBE,S09,synthetic,463,660,1.0182208803940584,real_osm_road_node,independent Coimbatore hypothetical bins; demand scale0.9 assumption,Coimbatore,0.0,3781623474,True,6951.590831804633,120.6014558744266,479.4514677125911,3,848.4206556487784,1,True,False
5653181193,76.9572671,10.9536901,093,CBE,S09,synthetic,464,1100,0.6602769587125014,real_osm_road_node,independent Coimbatore hypothetical bins; demand scale0.9 assumption,Coimbatore,0.0,5653181193,True,7019.327778420614,120.6014558744266,374.7090697564276,5,933.8058784811608,1,True,False
12384113296,76.9621933,10.9530864,093,CBE,S09,synthetic,465,240,0.6680353811366513,real_osm_road_node,independent Coimbatore hypothetical bins; demand scale0.9 assumption,Coimbatore,0.0,12384113296,True,7118.918544269568,255.31864048380248,914.8040291021044,0,1005.3187309224696,1,True,False
2173293773,76.96616,10.9551343,094,CBE,S09,synthetic,466,1100,0.5298194907445287,real_osm_road_node,independent Coimbatore hypothetical bins; demand scale0.9 assumption,Coimbatore,0.0,2173293773,True,6949.540871511242,156.6285130858378,727.2260379454435,0,985.71157742363,1,True,False
2173293981,76.9710338,10.961488,094,CBE,S09,synthetic,467,240,1.1055594601464354,real_osm_road_node,independent Coimbatore hypothetical bins; demand scale0.9 assumption,Coimbatore,0.0,2173293981,True,6371.239604552178,93.85307347267144,691.593819365527,0,1162.1551641976548,1,True,False
2173339710,76.9725211,10.9495723,094,CBE,S09,synthetic,468,660,0.8232562503492794,real_osm_road_node,independent Coimbatore hypothetical bins; demand scale0.9 assumption,Coimbatore,0.0,2173339710,True,7694.986179722015,461.0606043838578,462.1536628514952,1,1908.493915972737,1,True,False
4889038773,76.9665255,10.9537654,094,CBE,S09,synthetic,469,660,0.6507210417626049,real_osm_road_node,independent Coimbatore hypothetical bins; demand scale0.9 assumption,Coimbatore,0.0,4889038773,True,7106.234481216016,156.6285130858378,670.8994094226462,0,1129.8143734140074,1,True,False
9931013714,76.9710835,10.9623349,094,CBE,S09,synthetic,470,240,0.9325328695133468,real_osm_road_node,independent Coimbatore hypothetical bins; demand scale0.9 assumption,Coimbatore,0.0,9931013714,True,6281.818598286447,93.85307347267144,779.1300366468168,0,1084.0570003597918,1,True,False
2168299214,76.9694526,10.9726684,095,CBE,S09,synthetic,471,1100,1.1049159149015486,real_osm_road_node,independent Coimbatore hypothetical bins; demand scale0.9 assumption,Coimbatore,0.0,2168299214,True,5128.499738545494,510.3771641649428,1551.2920642351232,0,172.84425733476053,1,True,False
2173379753,76.9736437,10.9669811,095,CBE,S09,synthetic,472,660,0.6692318774304812,real_osm_road_node,independent Coimbatore hypothetical bins; demand scale0.9 assumption,Coimbatore,0.0,2173379753,True,5872.045037341916,405.2693648912614,1262.2525018573338,0,597.9127147435702,1,True,False
5563292688,76.9647057,10.9731,095,CBE,S09,synthetic,473,660,0.9070924600182706,real_osm_road_node,independent Coimbatore hypothetical bins; demand scale0.9 assumption,Coimbatore,0.0,5563292688,True,4955.4983448610665,270.96948930538605,1082.3713219376848,0,686.3946087235458,1,True,False
12917445940,76.9619413,10.9746526,095,CBE,S09,synthetic,474,1100,0.8579127795783011,real_osm_road_node,independent Coimbatore hypothetical bins; demand scale0.9 assumption,Coimbatore,0.0,12917445940,True,4734.275700183923,36.18694817135919,931.8478923042924,0,1000.9786880311464,1,True,False
12917446000,76.9621012,10.9743662,095,CBE,S09,synthetic,475,660,1.62,real_osm_road_node,independent Coimbatore hypothetical bins; demand scale0.9 assumption,Coimbatore,7.732482383129156,12917445957,True,4768.289545885881,36.18694817135919,923.0502810860858,0,979.13577039274,1,True,False
2173339916,76.9788243,10.9600778,096,CBE,S09,synthetic,476,660,0.5257793764000722,real_osm_road_node,independent Coimbatore hypothetical bins; demand scale0.9 assumption,Coimbatore,0.0,2173339916,True,6789.509571772123,447.9645069684669,798.1829206269217,0,1512.2409422739393,1,True,False
9696758855,76.9767326,10.9497913,096,CBE,S09,synthetic,477,1100,0.6360624943937491,real_osm_road_node,independent Coimbatore hypothetical bins; demand scale0.9 assumption,Coimbatore,0.0,9696758855,True,7793.5145629023855,222.6657354509856,624.1501300242186,0,2237.608407871432,1,True,False
9696758862,76.9778694,10.9475373,096,CBE,S09,synthetic,478,660,0.4886673697553595,real_osm_road_node,independent Coimbatore hypothetical bins; demand scale0.9 assumption,Coimbatore,0.0,9696758862,True,8069.644851493314,278.62312661537925,892.234882179856,0,2490.315938815796,1,True,False
10036282189,76.9729382,10.9544861,096,CBE,S09,synthetic,479,660,0.6866738134875309,real_osm_road_node,independent Coimbatore hypothetical bins; demand scale0.9 assumption,Coimbatore,0.0,10036282189,True,7177.091034733037,225.7591698436679,87.12392133367855,2,1601.713344679234,1,True,False
10254705014,76.9734685,10.9617197,096,CBE,S09,synthetic,480,660,0.3690965331947306,real_osm_road_node,independent Coimbatore hypothetical bins; demand scale0.9 assumption,Coimbatore,0.0,10254705014,True,6421.130579285069,267.394835201957,679.9416865999887,0,1172.629380433922,1,True,False
9790099163,76.9695549,10.939711,097,CBE,S09,synthetic,481,660,0.7751938602982505,real_osm_road_node,independent Coimbatore hypothetical bins; demand scale0.9 assumption,Coimbatore,0.0,9790099163,True,8702.414842752512,82.2317842948713,1589.6117830908438,0,2660.8316983606123,1,True,False
9790099177,76.9695871,10.9389684,097,CBE,S09,synthetic,482,660,0.7710525942937204,real_osm_road_node,independent Coimbatore hypothetical bins; demand scale0.9 assumption,Coimbatore,0.0,9790099177,True,8784.363253683454,82.2317842948713,1669.2499828629484,0,2738.4373589175,1,True,False
9790188526,76.9767481,10.9396479,097,CBE,S09,synthetic,483,660,1.146343018208947,real_osm_road_node,independent Coimbatore hypothetical bins; demand scale0.9 assumption,Coimbatore,0.0,9790188526,True,8878.45017284114,52.63379326003017,1622.5672148669746,0,3050.3055336484467,1,True,False
9790188528,76.9772022,10.9398059,097,CBE,S09,synthetic,484,660,1.1013075139952266,real_osm_road_node,independent Coimbatore hypothetical bins; demand scale0.9 assumption,Coimbatore,0.0,9790188528,True,8874.395673183464,52.63379326003017,1620.281819310716,0,3065.608586825518,1,True,False
12453306962,76.9707731,10.9419203,097,CBE,S09,synthetic,485,660,0.9322377235135726,real_osm_road_node,independent Coimbatore hypothetical bins; demand scale0.9 assumption,Coimbatore,0.0,12453306962,True,8485.149939028879,278.3528251829332,1324.6645798255258,0,2493.606586697282,1,True,False
2173339653,76.9812706,10.947519,098,CBE,S09,synthetic,486,660,0.96874306318603,real_osm_road_node,independent Coimbatore hypothetical bins; demand scale0.9 assumption,Coimbatore,0.0,2173339653,True,8190.066201033923,371.84652578657216,1166.3968432127087,0,2786.6455216231366,1,True,False
2173339771,76.9770425,10.9517805,098,CBE,S09,synthetic,487,1100,0.6463554617871919,real_osm_road_node,independent Coimbatore hypothetical bins; demand scale0.9 assumption,Coimbatore,0.0,2173339771,True,7592.583490958999,222.6657354509856,525.9810960002555,0,2140.728895638183,1,True,False
2173339830,76.9798627,10.9534384,098,CBE,S09,synthetic,488,1100,0.6328830198065929,real_osm_road_node,independent Coimbatore hypothetical bins; demand scale0.9 assumption,Coimbatore,0.0,2173339830,True,7519.179317246427,358.7510455897924,775.1916667442704,0,2231.162567642064,1,True,False
4889021225,76.9777555,10.9561689,098,CBE,S09,synthetic,489,240,1.0590723201705574,real_osm_road_node,independent Coimbatore hypothetical bins; demand scale0.9 assumption,Coimbatore,0.0,4889021225,True,7155.172344392704,379.901539605888,511.6966385595255,0,1870.014169959809,1,True,False
11052354430,76.9749073,10.9538713,098,CBE,S09,synthetic,490,1100,0.9087341796605422,real_osm_road_node,independent Coimbatore hypothetical bins; demand scale0.9 assumption,Coimbatore,0.0,11052354430,True,7301.581609072216,225.7591698436679,245.814907387709,2,1821.800640539336,1,True,False
2173379669,76.992058,10.9588346,099,CBE,S09,synthetic,491,1100,0.5525243026836104,real_osm_road_node,independent Coimbatore hypothetical bins; demand scale0.9 assumption,Coimbatore,0.0,2173379669,True,7563.602083647976,437.99803110162406,428.1348972546649,1,1817.4592541113043,1,True,False
8434227217,76.995787,10.957387,099,CBE,S09,synthetic,492,240,1.228309744258637,real_osm_road_node,independent Coimbatore hypothetical bins; demand scale0.9 assumption,Coimbatore,0.0,8434227217,True,7918.128481099679,437.99803110162406,827.2336306838982,0,2017.330176780771,1,True,False
9832301885,76.9856019,10.9585936,099,CBE,S09,synthetic,493,660,0.7711546068469411,real_osm_road_node,independent Coimbatore hypothetical bins; demand scale0.9 assumption,Coimbatore,0.0,9832301885,True,7243.795710033524,470.1069068269911,602.0353618628393,0,1977.858021727113,1,True,False
11052194930,76.9977073,10.9623006,099,CBE,S09,synthetic,494,660,0.6173245507612188,real_osm_road_node,independent Coimbatore hypothetical bins; demand scale0.9 assumption,Coimbatore,0.0,11052194930,True,7592.73737805852,320.7980688181975,857.9626075948337,0,1557.685256106383,1,True,False
12622977239,76.989044,10.9560467,099,CBE,S09,synthetic,495,660,1.017633833900646,real_osm_road_node,independent Coimbatore hypothetical bins; demand scale0.9 assumption,Coimbatore,0.0,12622977239,True,7668.410447371362,451.3375402469397,669.0849783103478,0,2152.688478360919,1,True,False
5353864077,76.9920507,10.946535,100,CBE,S09,synthetic,496,1100,0.6291564046780292,real_osm_road_node,independent Coimbatore hypothetical bins; demand scale0.9 assumption,Coimbatore,0.0,5353864077,True,8758.036253737195,331.50981395878364,1731.9659714699665,0,3178.217804123668,1,True,False
5671200242,76.9829212,10.9321381,100,CBE,S09,synthetic,497,1100,1.0910427318118507,real_osm_road_node,independent Coimbatore hypothetical bins; demand scale0.9 assumption,Coimbatore,0.0,5671200242,True,9868.535018758404,1042.1273341056242,2640.730484284904,0,3085.9582150136944,1,True,False
9252525854,76.9949046,10.9455225,100,CBE,S09,synthetic,498,660,0.8480103705112819,real_osm_road_node,independent Coimbatore hypothetical bins; demand scale0.9 assumption,Coimbatore,0.0,9252525854,True,9002.096786377251,331.50981395878364,1908.6927934085395,0,3304.050763595623,1,True,False
11050447141,76.9920152,10.9502943,100,CBE,S09,synthetic,499,660,0.715643786014831,real_osm_road_node,independent Coimbatore hypothetical bins; demand scale0.9 assumption,Coimbatore,0.0,11050447141,True,8385.409140264132,415.928113809262,1320.5892903817423,0,2762.326944789151,1,True,False
12912712087,76.9824634,10.9415468,100,CBE,S09,synthetic,500,660,0.8770600007059906,real_osm_road_node,independent Coimbatore hypothetical bins; demand scale0.9 assumption,Coimbatore,0.0,12912712087,True,8859.517292432969,606.5909837782172,1723.393039661711,0,3306.214733447845,1,True,False
