osm_feature_id,osm_node_id,geometry_origin,longitude,latitude,poi_type,name,source_id,data_origin,city_id,zone_id,nearest_hypothetical_bin_m,coverage_origin,city_name
n/244513191,244513191.0,node,76.9653051,11.1016316,college,"Sri Ramakrishna Engineering College, vatamalaipalayam, coimbatore",S09,real,CBE,002,1772.287325006056,"proxy: straight-line distance to synthetic bins, not resident walking access",Coimbatore
n/246761183,246761183.0,node,76.9554227,11.0157841,theatre,Central Theater,S09,real,CBE,069,450.7327714742196,"proxy: straight-line distance to synthetic bins, not resident walking access",Coimbatore
n/247177690,247177690.0,node,76.9412411,11.0820675,police,Thudiyalur Police Station,S09,real,CBE,002,702.6560191206846,"proxy: straight-line distance to synthetic bins, not resident walking access",Coimbatore
n/247177822,247177822.0,node,76.9637445,11.1005451,hospital,SREC Health Center,S09,real,CBE,002,1633.8474961052084,"proxy: straight-line distance to synthetic bins, not resident walking access",Coimbatore
n/247177826,247177826.0,node,76.9642735,11.1008789,college,SREC BSC block,S09,real,CBE,002,1675.3519890245848,"proxy: straight-line distance to synthetic bins, not resident walking access",Coimbatore
n/247177878,247177878.0,node,76.9661302,11.1005848,college,"SREC EEEE,ECE Lab",S09,real,CBE,002,1675.3701102365794,"proxy: straight-line distance to synthetic bins, not resident walking access",Coimbatore
n/247177879,247177879.0,node,76.9664263,11.1017133,restaurant,SREC Canteen,S09,real,CBE,002,1804.2795389061328,"proxy: straight-line distance to synthetic bins, not resident walking access",Coimbatore
n/247177880,247177880.0,node,76.9657051,11.1022191,college,Sri Ramakrishna Engineering college Main Block,S09,real,CBE,002,1843.5990972813477,"proxy: straight-line distance to synthetic bins, not resident walking access",Coimbatore
n/279428204,279428204.0,node,76.956139,10.9369672,college,Krishna Engineering College,S09,real,CBE,092,336.0657641989129,"proxy: straight-line distance to synthetic bins, not resident walking access",Coimbatore
n/282873365,282873365.0,node,76.9780253,11.0234529,restaurant,SRI AARVEE CANTEEN,S09,real,CBE,048,311.33946631173507,"proxy: straight-line distance to synthetic bins, not resident walking access",Coimbatore
n/282874142,282874142.0,node,76.9780502,11.0223964,college,Sri Ramakrishna Arts and Science College for Womens,S09,real,CBE,048,232.61900644250392,"proxy: straight-line distance to synthetic bins, not resident walking access",Coimbatore
n/285883979,285883979.0,node,76.9590823,10.9378137,college,sri krishna arts and science college,S09,real,CBE,092,216.6625660532486,"proxy: straight-line distance to synthetic bins, not resident walking access",Coimbatore
n/288361644,288361644.0,node,77.0372922,11.0139136,level_crossing,,S09,real,CBE,055,247.40023977858135,"proxy: straight-line distance to synthetic bins, not resident walking access",Coimbatore
n/295979267,295979267.0,node,76.9969377,11.020842,place_of_worship,Asthamsa Varadar Anjaneyar Kovil,S09,real,CBE,050,171.88602520112173,"proxy: straight-line distance to synthetic bins, not resident walking access",Coimbatore
n/295987842,295987842.0,node,76.975865,11.0159476,college,Government Women's Polytechnic College,S09,real,CBE,067,398.5594402104949,"proxy: straight-line distance to synthetic bins, not resident walking access",Coimbatore
n/296492201,296492201.0,node,77.003192,11.0326064,level_crossing,,S09,real,CBE,026,610.916732271041,"proxy: straight-line distance to synthetic bins, not resident walking access",Coimbatore
n/308450121,308450121.0,node,77.0002779,11.0223257,fuel,,S09,real,CBE,052,287.0299121940426,"proxy: straight-line distance to synthetic bins, not resident walking access",Coimbatore
n/308450122,308450122.0,node,76.998212,11.0219188,fuel,Bharath Petroleum,S09,real,CBE,052,69.79622834498645,"proxy: straight-line distance to synthetic bins, not resident walking access",Coimbatore
n/308452786,308452786.0,node,76.9658004,11.0161481,parking,,S09,real,CBE,067,221.25628656167777,"proxy: straight-line distance to synthetic bins, not resident walking access",Coimbatore
n/308453245,308453245.0,node,76.9418801,11.0784089,fuel,Hindusthan Petroleum,S09,real,CBE,001,612.1752752875115,"proxy: straight-line distance to synthetic bins, not resident walking access",Coimbatore
n/308453273,308453273.0,node,76.9514438,11.0275851,fuel,ARC Bharat Petroleum,S09,real,CBE,069,127.13415605022048,"proxy: straight-line distance to synthetic bins, not resident walking access",Coimbatore
n/308453382,308453382.0,node,76.9711837,11.0163701,restaurant,Adyar Ananda Bhavan,S09,real,CBE,067,235.52300400595755,"proxy: straight-line distance to synthetic bins, not resident walking access",Coimbatore
n/321420716,321420716.0,node,77.0090525,11.090002,school,Vimal Jothi Convent School,S09,real,CBE,004,289.4318678498266,"proxy: straight-line distance to synthetic bins, not resident walking access",Coimbatore
n/321420720,321420720.0,node,77.0042231,11.08003,fuel,HP,S09,real,CBE,004,591.0460396044439,"proxy: straight-line distance to synthetic bins, not resident walking access",Coimbatore
n/321420726,321420726.0,node,77.0040591,11.0787956,supermarket,Reliance Fresh,S09,real,CBE,004,530.1194785732405,"proxy: straight-line distance to synthetic bins, not resident walking access",Coimbatore
n/321420756,321420756.0,node,76.9826001,11.0415163,bank,Karur Vysya Bank,S09,real,CBE,019,414.5178571804319,"proxy: straight-line distance to synthetic bins, not resident walking access",Coimbatore
n/321420762,321420762.0,node,76.9805839,11.039519,fuel,Indian Oil,S09,real,CBE,019,314.7201904140266,"proxy: straight-line distance to synthetic bins, not resident walking access",Coimbatore
n/321420767,321420767.0,node,76.9708723,11.0213634,hospital,Ellen Multispeciality Hospital,S09,real,CBE,048,102.9478573113708,"proxy: straight-line distance to synthetic bins, not resident walking access",Coimbatore
n/321420772,321420772.0,node,76.9710726,11.0201233,hospital,GP Hospital,S09,real,CBE,048,41.06814096090631,"proxy: straight-line distance to synthetic bins, not resident walking access",Coimbatore
n/321420778,321420778.0,node,76.9676319,11.0153511,fuel,HP,S09,real,CBE,067,94.547677204881,"proxy: straight-line distance to synthetic bins, not resident walking access",Coimbatore
n/321420789,321420789.0,node,76.9673432,11.012646,fuel,BP,S09,real,CBE,067,174.45741587294026,"proxy: straight-line distance to synthetic bins, not resident walking access",Coimbatore
n/321420801,321420801.0,node,76.9667545,11.0113022,bank,Punjab National Bank,S09,real,CBE,067,186.55786441491168,"proxy: straight-line distance to synthetic bins, not resident walking access",Coimbatore
n/321420807,321420807.0,node,76.9672054,11.0112887,bank,Punjab National Bank,S09,real,CBE,067,138.03044448659278,"proxy: straight-line distance to synthetic bins, not resident walking access",Coimbatore
n/321420833,321420833.0,node,76.9671438,11.0110912,clinic,Arunn Surgery,S09,real,CBE,067,149.89012020865638,"proxy: straight-line distance to synthetic bins, not resident walking access",Coimbatore
n/330069938,330069938.0,node,76.9474178,11.0049837,school,Corporation Boys High School,S09,real,CBE,072,110.33359013085992,"proxy: straight-line distance to synthetic bins, not resident walking access",Coimbatore
n/330069956,330069956.0,node,76.9494051,11.0056048,school,Corporaton School for Deaf,S09,real,CBE,072,206.1277852878636,"proxy: straight-line distance to synthetic bins, not resident walking access",Coimbatore
n/330069961,330069961.0,node,76.9454998,11.0095838,place_of_worship,Kamatchiamman Temple,S09,real,CBE,071,286.7627650465233,"proxy: straight-line distance to synthetic bins, not resident walking access",Coimbatore
n/330069964,330069964.0,node,76.950568,11.0106209,post_office,Head Post Office,S09,real,CBE,071,236.6350968857556,"proxy: straight-line distance to synthetic bins, not resident walking access",Coimbatore
n/330069972,330069972.0,node,76.9486042,11.0106805,school,Vidya Vriksha Play School,S09,real,CBE,071,179.84911428645196,"proxy: straight-line distance to synthetic bins, not resident walking access",Coimbatore
n/330069974,330069974.0,node,76.942949,11.0130484,school,Bishop Ubagarm's Primary School,S09,real,CBE,071,29.748728809721925,"proxy: straight-line distance to synthetic bins, not resident walking access",Coimbatore
n/330069977,330069977.0,node,76.9444254,11.0143296,supermarket,Uzhavar Sandhai,S09,real,CBE,071,186.86974996183756,"proxy: straight-line distance to synthetic bins, not resident walking access",Coimbatore
n/330069980,330069980.0,node,76.9513725,11.0028292,hospital,Saravana Dental Care Hospital,S09,real,CBE,072,187.4626937799764,"proxy: straight-line distance to synthetic bins, not resident walking access",Coimbatore
n/330070075,330070075.0,node,76.9578034,11.0089752,hospital,Senthil Hospital,S09,real,CBE,069,236.2433297559608,"proxy: straight-line distance to synthetic bins, not resident walking access",Coimbatore
n/330070077,330070077.0,node,76.9619316,11.0095256,hospital,Dr. S. G. Rajarathinam Hospital,S09,real,CBE,067,447.8642323188131,"proxy: straight-line distance to synthetic bins, not resident walking access",Coimbatore
n/330070078,330070078.0,node,76.9641166,11.0077787,school,Kattur Municipal Elementary School,S09,real,CBE,067,424.18428800063526,"proxy: straight-line distance to synthetic bins, not resident walking access",Coimbatore
n/330070079,330070079.0,node,76.9667366,11.0087589,supermarket,Sunday Market,S09,real,CBE,083,357.1304879065436,"proxy: straight-line distance to synthetic bins, not resident walking access",Coimbatore
n/337516320,337516320.0,node,76.9615688,10.9977025,restaurant,Sri Angannan Briyani Hotel,S09,real,CBE,082,119.83140155929188,"proxy: straight-line distance to synthetic bins, not resident walking access",Coimbatore
n/337578514,337578514.0,node,76.9724885,11.0063593,school,Stanes Higher Secondary School,S09,real,CBE,083,361.0754065589838,"proxy: straight-line distance to synthetic bins, not resident walking access",Coimbatore
n/337586474,337586474.0,node,76.9710202,10.9950498,bank,HDFC Bank,S09,real,CBE,083,262.64868340005825,"proxy: straight-line distance to synthetic bins, not resident walking access",Coimbatore
n/337586486,337586486.0,node,76.9711401,10.9950806,atm,HDFC Bank,S09,real,CBE,083,275.18210199325824,"proxy: straight-line distance to synthetic bins, not resident walking access",Coimbatore
n/337600020,337600020.0,node,76.9654687,11.0113377,bank,Indian Bank,S09,real,CBE,067,326.2454211441727,"proxy: straight-line distance to synthetic bins, not resident walking access",Coimbatore
n/337604253,337604253.0,node,76.9715023,11.0004227,hospital,"K. G. Hospital, Coimbatore",S09,real,CBE,083,230.7804686806304,"proxy: straight-line distance to synthetic bins, not resident walking access",Coimbatore
n/343436818,343436818.0,node,76.9579425,11.0115779,school,Kikani Higher Secondary School,S09,real,CBE,069,53.43974597313533,"proxy: straight-line distance to synthetic bins, not resident walking access",Coimbatore
n/343436821,343436821.0,node,76.955239,11.0165542,hospital,Sengaliappan Nursing Home,S09,real,CBE,069,403.1672874946814,"proxy: straight-line distance to synthetic bins, not resident walking access",Coimbatore
n/343437123,343437123.0,node,76.9539019,11.0143859,cinema,Maruti Theatre,S09,real,CBE,071,341.8090386051936,"proxy: straight-line distance to synthetic bins, not resident walking access",Coimbatore
n/343438055,343438055.0,node,76.9616315,11.0136837,school,Corporation Elementary School,S09,real,CBE,067,298.5949803618595,"proxy: straight-line distance to synthetic bins, not resident walking access",Coimbatore
n/346037148,346037148.0,node,76.9469568,11.0102989,school,RS Puram Corporation Girls High School,S09,real,CBE,071,200.8492293294176,"proxy: straight-line distance to synthetic bins, not resident walking access",Coimbatore
n/472267689,472267689.0,node,77.0323044,11.0012615,atm,,S09,real,CBE,059,78.9158118251797,"proxy: straight-line distance to synthetic bins, not resident walking access",Coimbatore
n/472267693,472267693.0,node,77.0151073,10.9980906,post_box,,S09,real,CBE,060,260.593561468425,"proxy: straight-line distance to synthetic bins, not resident walking access",Coimbatore
n/472267695,472267695.0,node,77.0055029,10.9961974,bank,Coimbature Stock Exchange,S09,real,CBE,061,191.57340542654316,"proxy: straight-line distance to synthetic bins, not resident walking access",Coimbatore
n/472267696,472267696.0,node,77.0007315,10.9969355,atm,State Bank of India,S09,real,CBE,063,48.37693902612139,"proxy: straight-line distance to synthetic bins, not resident walking access",Coimbatore
n/472267698,472267698.0,node,76.9872444,10.9980044,atm,,S09,real,CBE,083,51.57588488663738,"proxy: straight-line distance to synthetic bins, not resident walking access",Coimbatore
n/472267699,472267699.0,node,76.9834532,10.998095,atm,,S09,real,CBE,083,368.29305213917576,"proxy: straight-line distance to synthetic bins, not resident walking access",Coimbatore
n/472267840,472267840.0,node,76.9691697,11.0013862,fuel,,S09,real,CBE,083,474.3244553423792,"proxy: straight-line distance to synthetic bins, not resident walking access",Coimbatore
n/619724588,619724588.0,node,76.9961928,10.9968852,atm,,S09,real,CBE,063,215.24121597047315,"proxy: straight-line distance to synthetic bins, not resident walking access",Coimbatore
n/619724601,619724601.0,node,76.9943348,11.021151,atm,,S09,real,CBE,050,265.28048496881627,"proxy: straight-line distance to synthetic bins, not resident walking access",Coimbatore
n/619724602,619724602.0,node,77.006414,11.0242576,atm,,S09,real,CBE,052,514.8095811606395,"proxy: straight-line distance to synthetic bins, not resident walking access",Coimbatore
n/619724610,619724610.0,node,77.0163456,11.0256161,atm,,S09,real,CBE,026,567.7378663359556,"proxy: straight-line distance to synthetic bins, not resident walking access",Coimbatore
n/728342534,728342534.0,node,76.9858831,11.0129816,atm,State Bank of India,S09,real,CBE,049,309.71029902292884,"proxy: straight-line distance to synthetic bins, not resident walking access",Coimbatore
n/729610889,729610889.0,node,76.9826814,11.0414867,atm,,S09,real,CBE,019,410.7290847760778,"proxy: straight-line distance to synthetic bins, not resident walking access",Coimbatore
n/729616609,729616609.0,node,76.9816972,11.0408776,school,CMS Matriculation Higher Secondary School,S09,real,CBE,019,365.7242369158631,"proxy: straight-line distance to synthetic bins, not resident walking access",Coimbatore
n/729617491,729617491.0,node,76.9823079,11.0409388,bank,Indian Bank,S09,real,CBE,019,354.838023133904,"proxy: straight-line distance to synthetic bins, not resident walking access",Coimbatore
n/729617687,729617687.0,node,76.9823368,11.0409322,atm,,S09,real,CBE,019,353.5924829706487,"proxy: straight-line distance to synthetic bins, not resident walking access",Coimbatore
n/729656664,729656664.0,node,76.9846892,11.0436679,bar,,S09,real,CBE,019,476.3869345402181,"proxy: straight-line distance to synthetic bins, not resident walking access",Coimbatore
n/729656812,729656812.0,node,76.9846355,11.0435205,restaurant,,S09,real,CBE,019,471.0493834556359,"proxy: straight-line distance to synthetic bins, not resident walking access",Coimbatore
n/729657841,729657841.0,node,76.9817062,11.0404877,bank,South Indian Bank,S09,real,CBE,019,325.24644551320665,"proxy: straight-line distance to synthetic bins, not resident walking access",Coimbatore
n/802129824,802129824.0,node,76.9959871,11.0359682,buffer_stop,,S09,real,CBE,028,593.7651453977148,"proxy: straight-line distance to synthetic bins, not resident walking access",Coimbatore
n/802370501,802370501.0,node,76.9686043,11.0171625,restaurant,Anandhas,S09,real,CBE,048,315.5520799310476,"proxy: straight-line distance to synthetic bins, not resident walking access",Coimbatore
n/802528003,802528003.0,node,76.962482,11.0121503,restaurant,Delhi Sweet,S09,real,CBE,067,386.8188170558587,"proxy: straight-line distance to synthetic bins, not resident walking access",Coimbatore
n/803091648,803091648.0,node,76.995705,10.9969296,hospital,Bala Hospital,S09,real,CBE,065,227.5363764452453,"proxy: straight-line distance to synthetic bins, not resident walking access",Coimbatore
n/803271951,803271951.0,node,76.9675763,10.9978634,bank,State Bank of India,S09,real,CBE,083,484.729891750882,"proxy: straight-line distance to synthetic bins, not resident walking access",Coimbatore
n/803271976,803271976.0,node,76.9681824,10.9952707,police,,S09,real,CBE,083,210.02869663853383,"proxy: straight-line distance to synthetic bins, not resident walking access",Coimbatore
n/803272013,803272013.0,node,76.9677805,10.9990022,police,District Police Office,S09,real,CBE,083,537.8807961310293,"proxy: straight-line distance to synthetic bins, not resident walking access",Coimbatore
n/803272028,803272028.0,node,76.968379,10.9986469,cinema,Shanti,S09,real,CBE,083,563.1165618685816,"proxy: straight-line distance to synthetic bins, not resident walking access",Coimbatore
n/803272040,803272040.0,node,76.9685972,10.995267,bank,Bank of Baroda,S09,real,CBE,083,191.8720575044184,"proxy: straight-line distance to synthetic bins, not resident walking access",Coimbatore
n/803389784,803389784.0,node,76.9820619,11.0138918,school,Mani Higher Secondary School,S09,real,CBE,049,155.27249331460808,"proxy: straight-line distance to synthetic bins, not resident walking access",Coimbatore
n/803389822,803389822.0,node,76.962227,11.0120468,post_box,,S09,real,CBE,067,362.3768152209878,"proxy: straight-line distance to synthetic bins, not resident walking access",Coimbatore
n/803389908,803389908.0,node,76.9759689,11.0058177,supermarket,Sathyam Grand,S09,real,CBE,066,297.4371539088216,"proxy: straight-line distance to synthetic bins, not resident walking access",Coimbatore
n/803667690,803667690.0,node,76.9778523,11.0068188,college,GTTI,S09,real,CBE,066,297.4834135352731,"proxy: straight-line distance to synthetic bins, not resident walking access",Coimbatore
n/803667709,803667709.0,node,76.9820694,11.0108923,fuel,Ramsons Petrol Station,S09,real,CBE,049,410.7806528559352,"proxy: straight-line distance to synthetic bins, not resident walking access",Coimbatore
n/803667755,803667755.0,node,76.9566829,11.006464,cinema,Archana,S09,real,CBE,070,460.7615098591632,"proxy: straight-line distance to synthetic bins, not resident walking access",Coimbatore
n/803667793,803667793.0,node,76.9757218,11.0063312,fuel,,S09,real,CBE,083,237.00761788573283,"proxy: straight-line distance to synthetic bins, not resident walking access",Coimbatore
n/803684691,803684691.0,node,76.9750386,11.0052257,post_office,,S09,real,CBE,083,337.108259123809,"proxy: straight-line distance to synthetic bins, not resident walking access",Coimbatore
n/827363742,827363742.0,node,76.9747032,10.9966368,parking,,S09,real,CBE,083,510.9605414291272,"proxy: straight-line distance to synthetic bins, not resident walking access",Coimbatore
n/832763979,832763979.0,node,76.9580749,11.01713,cafe,Coffe Day,S09,real,CBE,068,201.39021404416349,"proxy: straight-line distance to synthetic bins, not resident walking access",Coimbatore
n/832773963,832773963.0,node,76.9579314,11.0170651,supermarket,Spencers,S09,real,CBE,068,208.69651463696425,"proxy: straight-line distance to synthetic bins, not resident walking access",Coimbatore
n/832776936,832776936.0,node,76.9603231,11.0187962,pharmacy,Apollo,S09,real,CBE,068,252.41682049857985,"proxy: straight-line distance to synthetic bins, not resident walking access",Coimbatore
n/832779637,832779637.0,node,76.9604883,11.018058,hospital,"Kongunad Hospital, Coimbatore",S09,real,CBE,068,287.3593252686305,"proxy: straight-line distance to synthetic bins, not resident walking access",Coimbatore
n/832779865,832779865.0,node,76.9604642,11.01843,hospital,Sheela Clinic,S09,real,CBE,068,273.3784681013949,"proxy: straight-line distance to synthetic bins, not resident walking access",Coimbatore
n/832780614,832780614.0,node,76.9618837,11.0186,restaurant,Venu,S09,real,CBE,068,210.29261463723049,"proxy: straight-line distance to synthetic bins, not resident walking access",Coimbatore
n/832781258,832781258.0,node,76.9614682,11.0181324,taxi,,S09,real,CBE,068,207.00780673107693,"proxy: straight-line distance to synthetic bins, not resident walking access",Coimbatore
n/832782206,832782206.0,node,76.9640509,11.0190234,cinema,Kerpagam Complex,S09,real,CBE,068,242.98336456935735,"proxy: straight-line distance to synthetic bins, not resident walking access",Coimbatore
n/832795022,832795022.0,node,76.9681587,11.016231,restaurant,Subbu Mess,S09,real,CBE,067,207.51758699200843,"proxy: straight-line distance to synthetic bins, not resident walking access",Coimbatore
n/838919294,838919294.0,node,76.9754253,10.9953806,atm,,S09,real,CBE,083,602.5198002162685,"proxy: straight-line distance to synthetic bins, not resident walking access",Coimbatore
n/838919298,838919298.0,node,76.9757862,10.9954301,fuel,Indian Oil,S09,real,CBE,083,563.0035795668671,"proxy: straight-line distance to synthetic bins, not resident walking access",Coimbatore
n/915179711,915179711.0,node,76.9522422,11.036691,level_crossing,,S09,real,CBE,018,148.97187860307116,"proxy: straight-line distance to synthetic bins, not resident walking access",Coimbatore
n/942754044,942754044.0,node,76.9975014,11.0391993,fire_station,Ganapathy FireStation,S09,real,CBE,025,390.803231252591,"proxy: straight-line distance to synthetic bins, not resident walking access",Coimbatore
n/942754558,942754558.0,node,76.9850922,11.0442658,supermarket,Nilgiris Supermarket,S09,real,CBE,019,489.8448213004696,"proxy: straight-line distance to synthetic bins, not resident walking access",Coimbatore
n/942767266,942767266.0,node,76.9786341,10.9346185,college,Rathinam College of Arts & Science,S09,real,CBE,097,543.1382890682493,"proxy: straight-line distance to synthetic bins, not resident walking access",Coimbatore
n/1036770302,1036770302.0,node,76.9831738,11.0412733,telephone,,S09,real,CBE,020,388.149841662414,"proxy: straight-line distance to synthetic bins, not resident walking access",Coimbatore
n/1037059908,1037059908.0,node,76.9864839,11.0135185,cafe,RV Bakery,S09,real,CBE,049,229.44575465676823,"proxy: straight-line distance to synthetic bins, not resident walking access",Coimbatore
n/1037062397,1037062397.0,node,76.9868809,11.0138661,cafe,RV Bakery,S09,real,CBE,049,180.7585638658609,"proxy: straight-line distance to synthetic bins, not resident walking access",Coimbatore
n/1037065113,1037065113.0,node,76.9866502,11.0138871,bar,TASMAC,S09,real,CBE,049,205.79408164700948,"proxy: straight-line distance to synthetic bins, not resident walking access",Coimbatore
n/1037066718,1037066718.0,node,76.9858804,11.0135029,atm,,S09,real,CBE,049,287.4734799197394,"proxy: straight-line distance to synthetic bins, not resident walking access",Coimbatore
n/1037067250,1037067250.0,node,76.9713884,11.016383,restaurant,Anjappar,S09,real,CBE,067,218.70370702666983,"proxy: straight-line distance to synthetic bins, not resident walking access",Coimbatore
n/1037070107,1037070107.0,node,76.9823129,11.0409149,cafe,Aiswarya Bakery,S09,real,CBE,019,352.1393998993944,"proxy: straight-line distance to synthetic bins, not resident walking access",Coimbatore
n/1037070457,1037070457.0,node,76.982219,11.0405531,restaurant,Papu's Restarunt,S09,real,CBE,020,314.89948080229686,"proxy: straight-line distance to synthetic bins, not resident walking access",Coimbatore
n/1037284073,1037284073.0,node,76.9876731,11.0145705,parking,Airtel,S09,real,CBE,049,114.327135004148,"proxy: straight-line distance to synthetic bins, not resident walking access",Coimbatore
n/1037991897,1037991897.0,node,77.0015752,11.0282367,place_of_worship,Mosque,S09,real,CBE,027,189.9263644136407,"proxy: straight-line distance to synthetic bins, not resident walking access",Coimbatore
n/1037993874,1037993874.0,node,77.0007242,11.0396229,car_repair,,S09,real,CBE,026,41.90166203191431,"proxy: straight-line distance to synthetic bins, not resident walking access",Coimbatore
n/1037993879,1037993879.0,node,77.0014232,11.0402109,motorcycle_repair,Karthi's two wheeler workshop,S09,real,CBE,025,19.600294488511462,"proxy: straight-line distance to synthetic bins, not resident walking access",Coimbatore
n/1039492931,1039492931.0,node,76.9793069,11.0386942,department_store,Departmental Store,S09,real,CBE,020,262.2703812274397,"proxy: straight-line distance to synthetic bins, not resident walking access",Coimbatore
n/1039492938,1039492938.0,node,76.9789074,11.0376719,greengrocer,Subasudhan Vegetable Shop,S09,real,CBE,020,180.97302828841228,"proxy: straight-line distance to synthetic bins, not resident walking access",Coimbatore
n/1039492945,1039492945.0,node,76.9797411,11.0390444,atm,,S09,real,CBE,019,323.11654287817805,"proxy: straight-line distance to synthetic bins, not resident walking access",Coimbatore
n/1039492954,1039492954.0,node,76.9793194,11.0387173,Pan Shop,,S09,real,CBE,020,264.7823820907022,"proxy: straight-line distance to synthetic bins, not resident walking access",Coimbatore
n/1039492959,1039492959.0,node,76.9796977,11.0390299,atm,,S09,real,CBE,019,318.2718433157804,"proxy: straight-line distance to synthetic bins, not resident walking access",Coimbatore
n/1039492964,1039492964.0,node,76.9820258,11.0406613,atm,,S09,real,CBE,019,331.76195762345066,"proxy: straight-line distance to synthetic bins, not resident walking access",Coimbatore
n/1039492966,1039492966.0,node,76.9805138,11.0394275,hardware,Hardware Shop,S09,real,CBE,019,314.8425097087788,"proxy: straight-line distance to synthetic bins, not resident walking access",Coimbatore
n/1039492978,1039492978.0,node,76.9797003,11.0390001,restaurant,Velu Restaruents,S09,real,CBE,019,316.70562556476466,"proxy: straight-line distance to synthetic bins, not resident walking access",Coimbatore
n/1039492980,1039492980.0,node,76.9825394,11.040721,chemist,Vijay Phramacy,S09,real,CBE,020,327.4424327818133,"proxy: straight-line distance to synthetic bins, not resident walking access",Coimbatore
n/1039493004,1039493004.0,node,76.9804078,11.0393707,seafood,Kumari Seafoods,S09,real,CBE,019,320.86138972557666,"proxy: straight-line distance to synthetic bins, not resident walking access",Coimbatore
n/1039493005,1039493005.0,node,76.9804676,11.039397,restaurant,Thai Unavagam,S09,real,CBE,019,317.0532671297105,"proxy: straight-line distance to synthetic bins, not resident walking access",Coimbatore
n/1039493006,1039493006.0,node,76.9788912,11.037624,telephone,,S09,real,CBE,020,178.55367587566826,"proxy: straight-line distance to synthetic bins, not resident walking access",Coimbatore
n/1039493026,1039493026.0,node,76.9788671,11.0375822,restaurant,KR Restarunt,S09,real,CBE,020,175.47502964387846,"proxy: straight-line distance to synthetic bins, not resident walking access",Coimbatore
n/1039493031,1039493031.0,node,76.9795216,11.0389158,place_of_worship,Ganapathi Koil (Small),S09,real,CBE,019,295.2550856187049,"proxy: straight-line distance to synthetic bins, not resident walking access",Coimbatore
n/1039493036,1039493036.0,node,76.979517,11.0390101,hospital,"Surya Hospital, Coimbatore",S09,real,CBE,019,300.7206914515606,"proxy: straight-line distance to synthetic bins, not resident walking access",Coimbatore
n/1039511715,1039511715.0,node,76.9781063,11.0357027,place_of_worship,Koil,S09,real,CBE,030,132.05127176606908,"proxy: straight-line distance to synthetic bins, not resident walking access",Coimbatore
n/1039511738,1039511738.0,node,76.9786795,11.0369636,Pan Shop,,S09,real,CBE,030,163.23288444981426,"proxy: straight-line distance to synthetic bins, not resident walking access",Coimbatore
n/1039511740,1039511740.0,node,76.9791144,11.032805,atm,,S09,real,CBE,029,207.2779782976343,"proxy: straight-line distance to synthetic bins, not resident walking access",Coimbatore
n/1039511760,1039511760.0,node,76.9784073,11.0360464,restaurant,KR Restarunt,S09,real,CBE,029,165.1379403675693,"proxy: straight-line distance to synthetic bins, not resident walking access",Coimbatore
n/1039511773,1039511773.0,node,76.9782912,11.0355192,cafe,,S09,real,CBE,029,107.92700894478368,"proxy: straight-line distance to synthetic bins, not resident walking access",Coimbatore
n/1039518331,1039518331.0,node,76.9787451,11.0254152,atm,State Bank of India,S09,real,CBE,048,470.4854712696464,"proxy: straight-line distance to synthetic bins, not resident walking access",Coimbatore
n/1039537376,1039537376.0,node,76.9851419,11.018749,place_of_worship,Koil,S09,real,CBE,049,195.37743765571136,"proxy: straight-line distance to synthetic bins, not resident walking access",Coimbatore
n/1039593504,1039593504.0,node,76.9819973,11.0403712,cafe,Coffee world,S09,real,CBE,020,301.996824593172,"proxy: straight-line distance to synthetic bins, not resident walking access",Coimbatore
n/1039593516,1039593516.0,node,76.9810736,11.0399209,cafe,,S09,real,CBE,019,307.19342705212466,"proxy: straight-line distance to synthetic bins, not resident walking access",Coimbatore
n/1039593519,1039593519.0,node,76.9793103,11.0388037,shoes,Shoe Shop,S09,real,CBE,020,269.16100363050504,"proxy: straight-line distance to synthetic bins, not resident walking access",Coimbatore
n/1039593544,1039593544.0,node,76.9825885,11.0407664,Fruits,Fruits Shop,S09,real,CBE,020,331.91103499001645,"proxy: straight-line distance to synthetic bins, not resident walking access",Coimbatore
n/1039593554,1039593554.0,node,76.9824576,11.0418607,restaurant,Restaurent,S09,real,CBE,019,453.7873377166053,"proxy: straight-line distance to synthetic bins, not resident walking access",Coimbatore
n/1039593557,1039593557.0,node,76.9827356,11.0413513,tailor,,S09,real,CBE,019,395.5164690855892,"proxy: straight-line distance to synthetic bins, not resident walking access",Coimbatore
n/1039593585,1039593585.0,node,76.9792515,11.0387661,chemist,Pharmacy,S09,real,CBE,020,261.5070314202386,"proxy: straight-line distance to synthetic bins, not resident walking access",Coimbatore
n/1039593590,1039593590.0,node,76.9821129,11.0407408,kindergarten,Daffodils Play School,S09,real,CBE,019,337.79472641761026,"proxy: straight-line distance to synthetic bins, not resident walking access",Coimbatore
n/1039593602,1039593602.0,node,76.9810407,11.039955,dentist,,S09,real,CBE,019,312.391907641737,"proxy: straight-line distance to synthetic bins, not resident walking access",Coimbatore
n/1039593632,1039593632.0,node,76.9826694,11.0408298,confectionery,Lala Sweet Shop,S09,real,CBE,020,338.23343187496226,"proxy: straight-line distance to synthetic bins, not resident walking access",Coimbatore
n/1039593636,1039593636.0,node,76.9790837,11.0374961,biergarten,TASMAC,S09,real,CBE,020,198.5687775355489,"proxy: straight-line distance to synthetic bins, not resident walking access",Coimbatore
n/1039593638,1039593638.0,node,76.9825484,11.0416791,internet_cafe,,S09,real,CBE,019,432.8982604419359,"proxy: straight-line distance to synthetic bins, not resident walking access",Coimbatore
n/1039593641,1039593641.0,node,76.9827079,11.0417393,hardware,Tuxmo Punp Sets,S09,real,CBE,019,438.5248956869447,"proxy: straight-line distance to synthetic bins, not resident walking access",Coimbatore
n/1039593644,1039593644.0,node,76.9799109,11.039036,biergarten,TASMAC,S09,real,CBE,019,338.3110711692042,"proxy: straight-line distance to synthetic bins, not resident walking access",Coimbatore
n/1039593678,1039593678.0,node,76.9826462,11.0408122,department_store,Departmental Store,S09,real,CBE,020,336.45793521160243,"proxy: straight-line distance to synthetic bins, not resident walking access",Coimbatore
n/1039593683,1039593683.0,node,76.9827156,11.0413712,travel_agency,Travels,S09,real,CBE,019,397.7984588101695,"proxy: straight-line distance to synthetic bins, not resident walking access",Coimbatore
n/1039593704,1039593704.0,node,76.9791006,11.0375434,restaurant,Restaurent,S09,real,CBE,020,200.6317517335836,"proxy: straight-line distance to synthetic bins, not resident walking access",Coimbatore
n/1039593709,1039593709.0,node,76.9821683,11.0405153,bakery,KR Bakery,S09,real,CBE,020,312.1229269306072,"proxy: straight-line distance to synthetic bins, not resident walking access",Coimbatore
n/1039593735,1039593735.0,node,76.9791116,11.0375903,seafood,Fish Stall,S09,real,CBE,020,202.1793142236296,"proxy: straight-line distance to synthetic bins, not resident walking access",Coimbatore
n/1039593739,1039593739.0,node,76.9826129,11.040781,clothes,Textiles,S09,real,CBE,020,333.29172217927504,"proxy: straight-line distance to synthetic bins, not resident walking access",Coimbatore
n/1039687972,1039687972.0,node,76.9853369,11.0122698,bank,IndusInd Bank,S09,real,CBE,066,313.9824331918269,"proxy: straight-line distance to synthetic bins, not resident walking access",Coimbatore
n/1039687978,1039687978.0,node,76.9860287,11.0127386,parking,,S09,real,CBE,066,305.9710013396362,"proxy: straight-line distance to synthetic bins, not resident walking access",Coimbatore
n/1039687983,1039687983.0,node,76.9884371,11.0148867,telephone,,S09,real,CBE,066,100.95434213522098,"proxy: straight-line distance to synthetic bins, not resident walking access",Coimbatore
n/1039687997,1039687997.0,node,76.9882634,11.0150373,car_parts,,S09,real,CBE,049,120.6861235062227,"proxy: straight-line distance to synthetic bins, not resident walking access",Coimbatore
n/1039687999,1039687999.0,node,76.9882229,11.015006,computer,,S09,real,CBE,049,118.50913433384024,"proxy: straight-line distance to synthetic bins, not resident walking access",Coimbatore
n/1039688001,1039688001.0,node,76.9860808,11.012733,cafe,,S09,real,CBE,066,301.17503265809097,"proxy: straight-line distance to synthetic bins, not resident walking access",Coimbatore
n/1039688004,1039688004.0,node,76.9884834,11.0149293,cafe,,S09,real,CBE,066,105.27470062124095,"proxy: straight-line distance to synthetic bins, not resident walking access",Coimbatore
n/1039707350,1039707350.0,node,76.9870621,11.013986,copyshop,Xerox Shop,S09,real,CBE,049,160.52353617703878,"proxy: straight-line distance to synthetic bins, not resident walking access",Coimbatore
n/1039707357,1039707357.0,node,76.9856669,11.0133183,waste_basket,,S09,real,CBE,049,273.57188508725125,"proxy: straight-line distance to synthetic bins, not resident walking access",Coimbatore
n/1039707359,1039707359.0,node,76.9872358,11.0140769,toilets,,S09,real,CBE,049,141.9504334984952,"proxy: straight-line distance to synthetic bins, not resident walking access",Coimbatore
n/1039707376,1039707376.0,node,76.9869724,11.0139349,restaurant,Ganesh Mess,S09,real,CBE,049,170.39560557357132,"proxy: straight-line distance to synthetic bins, not resident walking access",Coimbatore
n/1039707382,1039707382.0,node,76.9856235,11.0134007,waste_basket,,S09,real,CBE,049,265.488796264661,"proxy: straight-line distance to synthetic bins, not resident walking access",Coimbatore
n/1039716898,1039716898.0,node,76.9827417,11.041294,waste_basket,,S09,real,CBE,019,389.1579710950164,"proxy: straight-line distance to synthetic bins, not resident walking access",Coimbatore
n/1039716902,1039716902.0,node,76.9823073,11.0409112,copyshop,Xerox and Computer Centre,S09,real,CBE,019,351.84090247834354,"proxy: straight-line distance to synthetic bins, not resident walking access",Coimbatore
n/1039716907,1039716907.0,node,76.9823012,11.0409231,restaurant,Veg Hotel,S09,real,CBE,019,353.25284874311404,"proxy: straight-line distance to synthetic bins, not resident walking access",Coimbatore
n/1039716922,1039716922.0,node,76.9823026,11.0409153,furniture,Furniture Shop,S09,real,CBE,019,352.37643677501995,"proxy: straight-line distance to synthetic bins, not resident walking access",Coimbatore
n/1039722102,1039722102.0,node,76.9782433,11.0361867,shoes,Footware Shop,S09,real,CBE,030,175.33450523086137,"proxy: straight-line distance to synthetic bins, not resident walking access",Coimbatore
n/1039722104,1039722104.0,node,76.9782213,11.0361911,clothes,Textiles,S09,real,CBE,030,173.49321099334972,"proxy: straight-line distance to synthetic bins, not resident walking access",Coimbatore
n/1039722105,1039722105.0,node,76.9780147,11.0360159,confectionery,Lala Sweet Shop,S09,real,CBE,030,168.11875692909146,"proxy: straight-line distance to synthetic bins, not resident walking access",Coimbatore
n/1051328308,1051328308.0,node,76.9615341,10.9890037,police,Ukkadam Police Station(B2),S09,real,CBE,082,68.65922322989887,"proxy: straight-line distance to synthetic bins, not resident walking access",Coimbatore
n/1051328344,1051328344.0,node,76.9683463,11.0155688,police,Womens Police Station,S09,real,CBE,067,146.91951470434526,"proxy: straight-line distance to synthetic bins, not resident walking access",Coimbatore
n/1051328360,1051328360.0,node,76.968307,11.0153033,police,Kattor Police Station,S09,real,CBE,067,121.4352529296673,"proxy: straight-line distance to synthetic bins, not resident walking access",Coimbatore
n/1051328381,1051328381.0,node,76.9666408,10.9953978,train_station_entrance,Coimbatore Junction Back Entrance,S09,real,CBE,082,229.14917073458096,"proxy: straight-line distance to synthetic bins, not resident walking access",Coimbatore
n/1051328428,1051328428.0,node,76.9540004,10.9560967,hospital,Vasan eye Care Hospital,S09,real,CBE,093,256.73301287774404,"proxy: straight-line distance to synthetic bins, not resident walking access",Coimbatore
n/1063682658,1063682658.0,node,76.9782191,11.0362691,cafe,Lakshi Iyengar Bakery,S09,real,CBE,030,166.52511642184209,"proxy: straight-line distance to synthetic bins, not resident walking access",Coimbatore
n/1067569703,1067569703.0,node,76.9694349,10.9923947,switch,,S09,real,CBE,082,138.8924948217096,"proxy: straight-line distance to synthetic bins, not resident walking access",Coimbatore
n/1072328782,1072328782.0,node,76.9700043,11.0164165,cafe,Avin Milk Shop and Store,S09,real,CBE,067,267.40045430805066,"proxy: straight-line distance to synthetic bins, not resident walking access",Coimbatore
n/1074852415,1074852415.0,node,76.9851591,11.0125461,convenience,Artfull Homes,S09,real,CBE,049,278.3769771402106,"proxy: straight-line distance to synthetic bins, not resident walking access",Coimbatore
n/1181540865,1181540865.0,node,76.9501478,11.0609545,level_crossing,,S09,real,CBE,013,495.20742929783546,"proxy: straight-line distance to synthetic bins, not resident walking access",Coimbatore
n/1181544139,1181544139.0,node,76.9485467,11.079351,level_crossing,,S09,real,CBE,002,777.8347631652658,"proxy: straight-line distance to synthetic bins, not resident walking access",Coimbatore
n/1202171362,1202171362.0,node,76.9779997,11.0069288,college,Goethe Institute,S09,real,CBE,066,289.38051727716135,"proxy: straight-line distance to synthetic bins, not resident walking access",Coimbatore
n/1241752418,1241752418.0,node,76.9652365,11.011236,bank,City Union Bank,S09,real,CBE,067,352.36943961549446,"proxy: straight-line distance to synthetic bins, not resident walking access",Coimbatore
n/1298295874,1298295874.0,node,76.9541249,11.0070121,cinema,,S09,real,CBE,071,352.7775079322942,"proxy: straight-line distance to synthetic bins, not resident walking access",Coimbatore
n/1298297993,1298297993.0,node,76.9562988,11.000328,nightclub,,S09,real,CBE,070,82.44975339022876,"proxy: straight-line distance to synthetic bins, not resident walking access",Coimbatore
n/1314013924,1314013924.0,node,76.9692491,11.0057376,restaurant,Boomerang Ice Creams,S09,real,CBE,083,465.06668602654247,"proxy: straight-line distance to synthetic bins, not resident walking access",Coimbatore
n/1314015797,1314015797.0,node,76.9679214,11.0169245,restaurant,Bon Bon Ice Creams,S09,real,CBE,067,265.9173194704689,"proxy: straight-line distance to synthetic bins, not resident walking access",Coimbatore
n/1314032284,1314032284.0,node,76.9508118,11.0068841,restaurant,Bon Bon Ice Creams,S09,real,CBE,072,62.7530107464188,"proxy: straight-line distance to synthetic bins, not resident walking access",Coimbatore
n/1323172469,1323172469.0,node,77.0211213,11.0069592,place_of_worship,,S09,real,CBE,053,342.0440667368833,"proxy: straight-line distance to synthetic bins, not resident walking access",Coimbatore
n/1336397219,1336397219.0,node,77.0104411,11.0266201,car,mahindra showroom,S09,real,CBE,026,424.1020524277606,"proxy: straight-line distance to synthetic bins, not resident walking access",Coimbatore
n/1423799171,1423799171.0,node,76.9850266,10.9576624,level_crossing,,S09,real,CBE,099,120.70340234145569,"proxy: straight-line distance to synthetic bins, not resident walking access",Coimbatore
n/1423799191,1423799191.0,node,76.9873062,10.9606083,switch,,S09,real,CBE,099,290.5115440963912,"proxy: straight-line distance to synthetic bins, not resident walking access",Coimbatore
n/1423799194,1423799194.0,node,76.9874635,10.9610486,switch,,S09,real,CBE,099,339.3952365957267,"proxy: straight-line distance to synthetic bins, not resident walking access",Coimbatore
n/1423799199,1423799199.0,node,76.9879689,10.961838,switch,,S09,real,CBE,099,442.4928451218639,"proxy: straight-line distance to synthetic bins, not resident walking access",Coimbatore
n/1423889255,1423889255.0,node,76.9876527,10.9515083,level_crossing,,S09,real,CBE,100,495.484986416775,"proxy: straight-line distance to synthetic bins, not resident walking access",Coimbatore
n/1423889339,1423889339.0,node,76.9864739,10.9591249,switch,,S09,real,CBE,099,111.99463684959746,"proxy: straight-line distance to synthetic bins, not resident walking access",Coimbatore
n/1423889351,1423889351.0,node,76.9880923,10.9618658,switch,,S09,real,CBE,099,452.9691213910072,"proxy: straight-line distance to synthetic bins, not resident walking access",Coimbatore
n/1423889362,1423889362.0,node,76.9881345,10.9619325,switch,,S09,real,CBE,099,461.6402488576419,"proxy: straight-line distance to synthetic bins, not resident walking access",Coimbatore
n/1423924088,1423924088.0,node,76.9558235,11.0170951,switch,,S09,real,CBE,068,315.7028589072908,"proxy: straight-line distance to synthetic bins, not resident walking access",Coimbatore
n/1423924142,1423924142.0,node,76.9555082,11.0184221,switch,,S09,real,CBE,068,280.5509581728885,"proxy: straight-line distance to synthetic bins, not resident walking access",Coimbatore
n/1423924151,1423924151.0,node,76.9549213,11.0209012,switch,,S09,real,CBE,068,173.6254138892941,"proxy: straight-line distance to synthetic bins, not resident walking access",Coimbatore
n/1423924157,1423924157.0,node,76.9549202,11.0215878,level_crossing,,S09,real,CBE,068,126.05495322525012,"proxy: straight-line distance to synthetic bins, not resident walking access",Coimbatore
n/1423924173,1423924173.0,node,76.9536595,11.0234325,switch,,S09,real,CBE,068,107.89150496457336,"proxy: straight-line distance to synthetic bins, not resident walking access",Coimbatore
n/1423924183,1423924183.0,node,76.9535659,11.0238083,switch,,S09,real,CBE,068,117.72252368615725,"proxy: straight-line distance to synthetic bins, not resident walking access",Coimbatore
n/1423924195,1423924195.0,node,76.9535383,11.0255366,buffer_stop,,S09,real,CBE,068,237.2564375659723,"proxy: straight-line distance to synthetic bins, not resident walking access",Coimbatore
n/1423924217,1423924217.0,node,76.9543387,11.0274396,buffer_stop,,S09,real,CBE,068,309.69964237447306,"proxy: straight-line distance to synthetic bins, not resident walking access",Coimbatore
n/1423924218,1423924218.0,node,76.9541425,11.0276388,switch,,S09,real,CBE,068,291.58508001182776,"proxy: straight-line distance to synthetic bins, not resident walking access",Coimbatore
n/1423948022,1423948022.0,node,77.0073136,11.0188398,hospital,PSG Hospitals,S09,real,CBE,052,516.1241417886398,"proxy: straight-line distance to synthetic bins, not resident walking access",Coimbatore
n/1425221954,1425221954.0,node,76.9424098,11.0255643,restaurant,Sree Annapoorna,S09,real,CBE,069,505.7087284816716,"proxy: straight-line distance to synthetic bins, not resident walking access",Coimbatore
n/1425221963,1425221963.0,node,76.945785,11.0260064,hairdresser,,S09,real,CBE,069,380.6377990672584,"proxy: straight-line distance to synthetic bins, not resident walking access",Coimbatore
n/1425221965,1425221965.0,node,76.9435373,11.025601,bank,Axis Bank,S09,real,CBE,069,461.9087369393595,"proxy: straight-line distance to synthetic bins, not resident walking access",Coimbatore
n/1425221969,1425221969.0,node,76.9499384,11.026167,hospital,K T V R Group Hospital,S09,real,CBE,069,239.62968623974604,"proxy: straight-line distance to synthetic bins, not resident walking access",Coimbatore
n/1425221972,1425221972.0,node,76.9424961,11.0261026,cafe,K R Bakes,S09,real,CBE,044,461.19382916080457,"proxy: straight-line distance to synthetic bins, not resident walking access",Coimbatore
n/1425221975,1425221975.0,node,76.9459943,11.0259906,atm,,S09,real,CBE,069,374.74521289835207,"proxy: straight-line distance to synthetic bins, not resident walking access",Coimbatore
n/1425221979,1425221979.0,node,76.9459728,11.0261381,convenience,,S09,real,CBE,069,391.2308770817298,"proxy: straight-line distance to synthetic bins, not resident walking access",Coimbatore
n/1425221980,1425221980.0,node,76.9459674,11.0265961,jewelry,VRK Jewellery,S09,real,CBE,069,441.4528264266468,"proxy: straight-line distance to synthetic bins, not resident walking access",Coimbatore
n/1425221981,1425221981.0,node,76.9460157,11.0258853,bank,City Union Bank,S09,real,CBE,069,362.8750731598506,"proxy: straight-line distance to synthetic bins, not resident walking access",Coimbatore
n/1425227567,1425227567.0,node,76.9503268,11.0340331,alcohol,Tasmac,S09,real,CBE,045,326.3135814719615,"proxy: straight-line distance to synthetic bins, not resident walking access",Coimbatore
n/1464264311,1464264311.0,node,76.9992745,10.9974403,restaurant,RHR Restaurant,S09,real,CBE,063,66.43139347559513,"proxy: straight-line distance to synthetic bins, not resident walking access",Coimbatore
n/1464278670,1464278670.0,node,76.9468885,11.0275718,atm,,S09,real,CBE,045,402.254005069118,"proxy: straight-line distance to synthetic bins, not resident walking access",Coimbatore
n/1464278678,1464278678.0,node,76.935793,11.0256509,confectionery,K R Bakes,S09,real,CBE,043,50.28250131610525,"proxy: straight-line distance to synthetic bins, not resident walking access",Coimbatore
n/1464278693,1464278693.0,node,76.9502466,11.027735,place_of_worship,Saibaba Temple,S09,real,CBE,045,64.47061549883182,"proxy: straight-line distance to synthetic bins, not resident walking access",Coimbatore
n/1464278695,1464278695.0,node,76.9534223,11.0192445,restaurant,Annapoorna,S09,real,CBE,069,261.4403362793868,"proxy: straight-line distance to synthetic bins, not resident walking access",Coimbatore
n/1464278735,1464278735.0,node,76.951033,11.0277881,restaurant,K R Restaurant,S09,real,CBE,045,78.03750476154114,"proxy: straight-line distance to synthetic bins, not resident walking access",Coimbatore
n/1464278741,1464278741.0,node,76.9508116,11.0270612,bicycle_parking,Arun two wheeler parking,S09,real,CBE,045,136.87511542747256,"proxy: straight-line distance to synthetic bins, not resident walking access",Coimbatore
n/1464278745,1464278745.0,node,76.9457056,11.0266793,bank,State Bank of India,S09,real,CBE,045,455.2939476736945,"proxy: straight-line distance to synthetic bins, not resident walking access",Coimbatore
n/1464278747,1464278747.0,node,76.9481215,11.0149429,library,District Central Library,S09,real,CBE,071,275.1821142521432,"proxy: straight-line distance to synthetic bins, not resident walking access",Coimbatore
n/1464278749,1464278749.0,node,76.9514053,11.0283116,car,Anamalais Chevrolet,S09,real,CBE,069,98.84665898809163,"proxy: straight-line distance to synthetic bins, not resident walking access",Coimbatore
n/1464278756,1464278756.0,node,76.9462662,11.024897,bench,,S09,real,CBE,069,250.8634985806666,"proxy: straight-line distance to synthetic bins, not resident walking access",Coimbatore
n/1464278758,1464278758.0,node,76.9444308,11.0257662,school,V V Vani Vidhyalaya,S09,real,CBE,069,414.14160346453946,"proxy: straight-line distance to synthetic bins, not resident walking access",Coimbatore
n/1464278765,1464278765.0,node,76.9521993,11.0282431,car,Anamalais Toyota,S09,real,CBE,069,185.4720228151868,"proxy: straight-line distance to synthetic bins, not resident walking access",Coimbatore
n/1464278779,1464278779.0,node,76.9458703,11.0270149,jewelry,Amman Jewellery,S09,real,CBE,045,488.8200952108763,"proxy: straight-line distance to synthetic bins, not resident walking access",Coimbatore
n/1464278789,1464278789.0,node,76.9543844,11.0149404,hospital,Coimbatore Bone and Joint Foundation (P) Ltd.,S09,real,CBE,071,420.89943072676914,"proxy: straight-line distance to synthetic bins, not resident walking access",Coimbatore
n/1464278790,1464278790.0,node,76.9473732,11.0266771,bank,State Bank of India,S09,real,CBE,069,384.2384239178546,"proxy: straight-line distance to synthetic bins, not resident walking access",Coimbatore
n/1464278810,1464278810.0,node,76.9462072,11.024381,clothes,Loom World,S09,real,CBE,069,195.25722428921773,"proxy: straight-line distance to synthetic bins, not resident walking access",Coimbatore
n/1464278812,1464278812.0,node,76.9470038,11.0268899,atm,,S09,real,CBE,069,411.3310074636511,"proxy: straight-line distance to synthetic bins, not resident walking access",Coimbatore
n/1464278818,1464278818.0,node,76.9569345,11.0189624,restaurant,Achi mess,S09,real,CBE,068,118.53210843177985,"proxy: straight-line distance to synthetic bins, not resident walking access",Coimbatore
n/1464278820,1464278820.0,node,76.9482725,11.0234569,school,Ramalinga Chettiar School (Govt Aided),S09,real,CBE,069,211.602909812516,"proxy: straight-line distance to synthetic bins, not resident walking access",Coimbatore
n/1464278843,1464278843.0,node,76.9463172,11.0250365,place_of_worship,Siddhi Vinayagar Temple,S09,real,CBE,069,265.6836815574772,"proxy: straight-line distance to synthetic bins, not resident walking access",Coimbatore
n/1464278852,1464278852.0,node,76.9445302,11.0265689,restaurant,All Seasons restaurant,S09,real,CBE,044,485.71224327520713,"proxy: straight-line distance to synthetic bins, not resident walking access",Coimbatore
n/1464278864,1464278864.0,node,76.9508487,11.0274948,cafe,K R Bakes,S09,real,CBE,045,92.74205556010244,"proxy: straight-line distance to synthetic bins, not resident walking access",Coimbatore
n/1464278887,1464278887.0,node,76.9509923,11.0282431,car,Hindusthan Motors,S09,real,CBE,045,53.57656585191302,"proxy: straight-line distance to synthetic bins, not resident walking access",Coimbatore
n/1464278890,1464278890.0,node,76.9463252,11.0235622,school,Angappa Hr. Sec. School (CBSE),S09,real,CBE,069,103.86171571802834,"proxy: straight-line distance to synthetic bins, not resident walking access",Coimbatore
n/1464303912,1464303912.0,node,77.0005346,10.9973948,bank,Bank of India,S09,real,CBE,063,58.80064548201537,"proxy: straight-line distance to synthetic bins, not resident walking access",Coimbatore
n/1464320984,1464320984.0,node,77.0002939,10.9968874,place_of_worship,Sri Ayyappa temple,S09,real,CBE,063,65.47869306582278,"proxy: straight-line distance to synthetic bins, not resident walking access",Coimbatore
n/1464770518,1464770518.0,node,76.9375954,11.0209331,confectionery,,S09,real,CBE,074,434.4373906925193,"proxy: straight-line distance to synthetic bins, not resident walking access",Coimbatore
n/1464770544,1464770544.0,node,76.9475317,11.0095371,cafe,Cafe Coffee Day,S09,real,CBE,072,271.4631712501359,"proxy: straight-line distance to synthetic bins, not resident walking access",Coimbatore
n/1464770604,1464770604.0,node,76.9503161,11.0298208,school,Amrit Special needs school,S09,real,CBE,045,173.86108321859322,"proxy: straight-line distance to synthetic bins, not resident walking access",Coimbatore
n/1466682700,1466682700.0,node,76.9682086,11.0170148,clothes,Mahaveers,S09,real,CBE,067,286.69392149318514,"proxy: straight-line distance to synthetic bins, not resident walking access",Coimbatore
n/1466683915,1466683915.0,node,76.965624,11.0169216,parking,Crooscut Road paid parking,S09,real,CBE,067,284.1041715488479,"proxy: straight-line distance to synthetic bins, not resident walking access",Coimbatore
n/1466781750,1466781750.0,node,76.9653103,11.0164583,restaurant,Annapoorna Gowrishankar,S09,real,CBE,067,258.42673118003137,"proxy: straight-line distance to synthetic bins, not resident walking access",Coimbatore
n/1466783571,1466783571.0,node,76.9651657,11.0169793,jewelry,Lakshmi jewellery,S09,real,CBE,067,233.7481018711206,"proxy: straight-line distance to synthetic bins, not resident walking access",Coimbatore
n/1466785157,1466785157.0,node,76.9656697,11.0172955,restaurant,Aryaas,S09,real,CBE,068,289.6558702999026,"proxy: straight-line distance to synthetic bins, not resident walking access",Coimbatore
n/1466785379,1466785379.0,node,76.965557,11.0172902,bakery,Aryaas bakery,S09,real,CBE,068,277.3329313010344,"proxy: straight-line distance to synthetic bins, not resident walking access",Coimbatore
n/1466790634,1466790634.0,node,76.960139,11.0168427,supermarket,Giriyaas,S09,real,CBE,067,316.9220651943619,"proxy: straight-line distance to synthetic bins, not resident walking access",Coimbatore
n/1466793475,1466793475.0,node,76.9593879,11.0167953,jewelry,Karpagam Jewellery,S09,real,CBE,067,281.4048600466151,"proxy: straight-line distance to synthetic bins, not resident walking access",Coimbatore
n/1466833913,1466833913.0,node,76.9679442,11.0169427,jewelry,karpagam jewellery,S09,real,CBE,067,268.6303314487141,"proxy: straight-line distance to synthetic bins, not resident walking access",Coimbatore
n/1466917416,1466917416.0,node,76.9736427,11.01649,restaurant,Alapenos,S09,real,CBE,067,176.98261522434723,"proxy: straight-line distance to synthetic bins, not resident walking access",Coimbatore
n/1466917421,1466917421.0,node,76.9457374,11.0492291,car_repair,Hyundai Service Centre,S09,real,CBE,017,89.70621921315373,"proxy: straight-line distance to synthetic bins, not resident walking access",Coimbatore
n/1466917426,1466917426.0,node,76.9461953,11.0499869,car_repair,Kongu Car Service,S09,real,CBE,017,68.56062288561851,"proxy: straight-line distance to synthetic bins, not resident walking access",Coimbatore
n/1466917429,1466917429.0,node,76.9458891,11.0521017,restaurant,Lalitas (Veg),S09,real,CBE,015,144.6989965837635,"proxy: straight-line distance to synthetic bins, not resident walking access",Coimbatore
n/1466917431,1466917431.0,node,76.9509745,11.0318419,car,Maruti Showroom,S09,real,CBE,045,157.40598874015717,"proxy: straight-line distance to synthetic bins, not resident walking access",Coimbatore
n/1466917433,1466917433.0,node,76.9469608,11.0456549,restaurant,Perl Ayyappas (Veg),S09,real,CBE,017,35.611038074885435,"proxy: straight-line distance to synthetic bins, not resident walking access",Coimbatore
n/1466917438,1466917438.0,node,76.9503434,11.0355732,car,Volkswagen Coimbatore,S09,real,CBE,033,185.6543559887344,"proxy: straight-line distance to synthetic bins, not resident walking access",Coimbatore
n/1466917439,1466917439.0,node,76.9517175,11.0337824,hospital,"Womens Medical Centre, Coimbatore",S09,real,CBE,045,195.76237642527337,"proxy: straight-line distance to synthetic bins, not resident walking access",Coimbatore
n/1467928823,1467928823.0,node,76.971581,11.0163173,restaurant,Rayappas,S09,real,CBE,067,210.6287116063839,"proxy: straight-line distance to synthetic bins, not resident walking access",Coimbatore
n/1467928826,1467928826.0,node,76.9915849,10.9979294,clothes,Mega Mart,S09,real,CBE,083,152.37506861078404,"proxy: straight-line distance to synthetic bins, not resident walking access",Coimbatore
n/1467928831,1467928831.0,node,76.9808936,11.0130368,bank,Corporation Bank,S09,real,CBE,083,310.80914970308027,"proxy: straight-line distance to synthetic bins, not resident walking access",Coimbatore
n/1467928833,1467928833.0,node,76.9764591,10.9990379,place_of_worship,Sri Saradambal temple,S09,real,CBE,066,395.83358444913694,"proxy: straight-line distance to synthetic bins, not resident walking access",Coimbatore
n/1467928835,1467928835.0,node,76.9926261,10.9973601,restaurant,Aruljothi,S09,real,CBE,065,282.4055706103651,"proxy: straight-line distance to synthetic bins, not resident walking access",Coimbatore
n/1467928836,1467928836.0,node,76.9879637,10.9984087,restaurant,Little Italy,S09,real,CBE,083,63.87722700671606,"proxy: straight-line distance to synthetic bins, not resident walking access",Coimbatore
n/1467928839,1467928839.0,node,76.9799441,10.9997961,hospital,Masonic Medical Centre For Children,S09,real,CBE,066,490.4339521424773,"proxy: straight-line distance to synthetic bins, not resident walking access",Coimbatore
n/1467928843,1467928843.0,node,76.9888812,10.9981505,hairdresser,Pretty queen,S09,real,CBE,083,115.21201544208571,"proxy: straight-line distance to synthetic bins, not resident walking access",Coimbatore
n/1467928846,1467928846.0,node,76.9775409,10.9956861,supermarket,Shri Kannan Departmental Store,S09,real,CBE,083,371.9276030839383,"proxy: straight-line distance to synthetic bins, not resident walking access",Coimbatore
n/1467928849,1467928849.0,node,76.981296,11.0027213,place_of_worship,Sri Selva Vinayaka temple,S09,real,CBE,066,335.4745768019529,"proxy: straight-line distance to synthetic bins, not resident walking access",Coimbatore
n/1468078948,1468078948.0,node,76.9376421,11.0253397,supermarket,Reliance Fresh,S09,real,CBE,069,254.06435170237287,"proxy: straight-line distance to synthetic bins, not resident walking access",Coimbatore
n/1468078981,1468078981.0,node,76.9513408,11.0303174,restaurant,Venu Briyani shop,S09,real,CBE,045,182.04056419946068,"proxy: straight-line distance to synthetic bins, not resident walking access",Coimbatore
n/1468078997,1468078997.0,node,76.9511194,11.0260408,atm,State Bank of India,S09,real,CBE,069,187.2494059518532,"proxy: straight-line distance to synthetic bins, not resident walking access",Coimbatore
n/1468079029,1468079029.0,node,76.9044758,11.0275625,confectionery,A1 chips and sweets,S09,real,CBE,037,59.31646908392358,"proxy: straight-line distance to synthetic bins, not resident walking access",Coimbatore
n/1468079045,1468079045.0,node,76.9410332,11.0255509,clothes,Mega Mart,S09,real,CBE,069,448.50647544680487,"proxy: straight-line distance to synthetic bins, not resident walking access",Coimbatore
n/1468079047,1468079047.0,node,76.9013,11.0237978,grave_yard,Maharani Avenue Graveyard,S09,real,CBE,038,261.2682404084645,"proxy: straight-line distance to synthetic bins, not resident walking access",Coimbatore
n/1468079082,1468079082.0,node,76.9504649,11.0268622,restaurant,Arun IceCream,S09,real,CBE,069,154.70792164992525,"proxy: straight-line distance to synthetic bins, not resident walking access",Coimbatore
n/1468079125,1468079125.0,node,76.9510067,11.0266779,restaurant,Aaryas,S09,real,CBE,069,183.515916960094,"proxy: straight-line distance to synthetic bins, not resident walking access",Coimbatore
n/1468079158,1468079158.0,node,76.9448591,11.0264568,hospital,Somu medicals,S09,real,CBE,069,459.2958169950671,"proxy: straight-line distance to synthetic bins, not resident walking access",Coimbatore
n/1468079182,1468079182.0,node,76.9508511,11.0288736,motorcycle,Chandra Honda,S09,real,CBE,045,77.84106551778125,"proxy: straight-line distance to synthetic bins, not resident walking access",Coimbatore
n/1468079184,1468079184.0,node,76.9443924,11.0265516,hospital,Akila Medicals,S09,real,CBE,044,490.9544519144472,"proxy: straight-line distance to synthetic bins, not resident walking access",Coimbatore
n/1468079188,1468079188.0,node,76.9486678,11.0269939,bank,Bank of Baroda,S09,real,CBE,045,244.5988807542596,"proxy: straight-line distance to synthetic bins, not resident walking access",Coimbatore
n/1468079201,1468079201.0,node,76.9467956,11.0266569,bank,Indian Bank,S09,real,CBE,069,442.2589408804995,"proxy: straight-line distance to synthetic bins, not resident walking access",Coimbatore
n/1468079219,1468079219.0,node,76.9517848,11.0286051,cafe,,S09,real,CBE,045,145.2637296195008,"proxy: straight-line distance to synthetic bins, not resident walking access",Coimbatore
n/1468079275,1468079275.0,node,76.9438147,11.026036,fast_food,Domino's,S09,real,CBE,069,477.8273000616932,"proxy: straight-line distance to synthetic bins, not resident walking access",Coimbatore
n/1468079304,1468079304.0,node,76.9470623,11.0261714,bank,Bank of Baroda,S09,real,CBE,069,394.7814691142053,"proxy: straight-line distance to synthetic bins, not resident walking access",Coimbatore
n/1468079337,1468079337.0,node,76.9454903,11.026922,cafe,NSR Bakery,S09,real,CBE,045,486.55467828255945,"proxy: straight-line distance to synthetic bins, not resident walking access",Coimbatore
n/1468079424,1468079424.0,node,76.9508994,11.0284682,gift,Kairali arts and crafts,S09,real,CBE,045,49.11964629721337,"proxy: straight-line distance to synthetic bins, not resident walking access",Coimbatore
n/1468079439,1468079439.0,node,76.9420339,11.0260965,bank,Karur Vysya Bank,S09,real,CBE,044,434.1020004887856,"proxy: straight-line distance to synthetic bins, not resident walking access",Coimbatore
n/1468079460,1468079460.0,node,76.9447303,11.0263725,confectionery,Sri Krishna Sweets,S09,real,CBE,069,456.5964583258532,"proxy: straight-line distance to synthetic bins, not resident walking access",Coimbatore
n/1468079470,1468079470.0,node,76.9064338,11.0258302,restaurant,Aaryas,S09,real,CBE,036,294.76407243599283,"proxy: straight-line distance to synthetic bins, not resident walking access",Coimbatore
n/1468079541,1468079541.0,node,76.9399972,11.0254766,bank,Indian Overseas Bank,S09,real,CBE,069,442.9246028218258,"proxy: straight-line distance to synthetic bins, not resident walking access",Coimbatore
n/1468079545,1468079545.0,node,76.9063324,11.0263334,car_repair,,S09,real,CBE,036,270.9576605828413,"proxy: straight-line distance to synthetic bins, not resident walking access",Coimbatore
n/1468079548,1468079548.0,node,76.9462056,11.0227815,cafe,Balaji bakery,S09,real,CBE,069,37.63626510936619,"proxy: straight-line distance to synthetic bins, not resident walking access",Coimbatore
n/1468079553,1468079553.0,node,76.9372845,11.0256249,hospital,Dr.U.S.Prakash's Clinic,S09,real,CBE,043,210.2966385653043,"proxy: straight-line distance to synthetic bins, not resident walking access",Coimbatore
n/1468079564,1468079564.0,node,76.9464023,11.0231755,cafe,Ragam bakery,S09,real,CBE,069,60.26378165029871,"proxy: straight-line distance to synthetic bins, not resident walking access",Coimbatore
n/1468093970,1468093970.0,node,76.949156,11.0002656,alcohol,TASMAC,S09,real,CBE,072,118.35352116308653,"proxy: straight-line distance to synthetic bins, not resident walking access",Coimbatore
n/1468324392,1468324392.0,node,76.9961608,10.995979,place_of_worship,,S09,real,CBE,065,164.86380404056965,"proxy: straight-line distance to synthetic bins, not resident walking access",Coimbatore
n/1468324401,1468324401.0,node,76.9956529,10.9977371,car,Used cars sales,S09,real,CBE,063,155.26108932851204,"proxy: straight-line distance to synthetic bins, not resident walking access",Coimbatore
n/1468324404,1468324404.0,node,76.9895644,11.016745,restaurant,Leiden Restaurant,S09,real,CBE,049,202.29816362300627,"proxy: straight-line distance to synthetic bins, not resident walking access",Coimbatore
n/1468324407,1468324407.0,node,76.9958156,10.9969439,florist,Nila Malaragam,S09,real,CBE,065,221.19457082971044,"proxy: straight-line distance to synthetic bins, not resident walking access",Coimbatore
n/1468324413,1468324413.0,node,76.9961653,10.9962112,restaurant,Hot chips,S09,real,CBE,063,188.69772010470143,"proxy: straight-line distance to synthetic bins, not resident walking access",Coimbatore
n/1468324416,1468324416.0,node,76.9901759,11.0177033,restaurant,Hotel Arunachala,S09,real,CBE,028,181.00137507542345,"proxy: straight-line distance to synthetic bins, not resident walking access",Coimbatore
n/1468324420,1468324420.0,node,76.9959292,10.9969511,convenience,Sither Stores,S09,real,CBE,063,215.9862981301549,"proxy: straight-line distance to synthetic bins, not resident walking access",Coimbatore
n/1468324423,1468324423.0,node,76.9954894,10.9974408,hairdresser,Saranya Beauty Parlor,S09,real,CBE,064,191.8526716992346,"proxy: straight-line distance to synthetic bins, not resident walking access",Coimbatore
n/1468324424,1468324424.0,node,76.9994698,10.9974277,supermarket,Spencer's daily,S09,real,CBE,063,52.02400348401893,"proxy: straight-line distance to synthetic bins, not resident walking access",Coimbatore
n/1468324426,1468324426.0,node,77.0010333,10.9969185,atm,ICICI Bank,S09,real,CBE,063,16.783178309292715,"proxy: straight-line distance to synthetic bins, not resident walking access",Coimbatore
n/1468324428,1468324428.0,node,76.9966347,10.9963455,post_office,Post office,S09,real,CBE,063,193.2378277508697,"proxy: straight-line distance to synthetic bins, not resident walking access",Coimbatore
n/1468324430,1468324430.0,node,76.9972542,10.9969158,confectionery,Nellai lala Sweets,S09,real,CBE,063,219.68421486973685,"proxy: straight-line distance to synthetic bins, not resident walking access",Coimbatore
n/1468324436,1468324436.0,node,76.9940329,10.9972817,seafood,Fish monger,S09,real,CBE,065,325.6999342372761,"proxy: straight-line distance to synthetic bins, not resident walking access",Coimbatore
n/1468324437,1468324437.0,node,76.9952716,10.9974795,yes,Pazhamudhir Cholai,S09,real,CBE,064,204.57297771589023,"proxy: straight-line distance to synthetic bins, not resident walking access",Coimbatore
n/1468324438,1468324438.0,node,77.0008135,10.9969248,pharmacy,Prakash medicals,S09,real,CBE,063,39.666966708394256,"proxy: straight-line distance to synthetic bins, not resident walking access",Coimbatore
n/1468324439,1468324439.0,node,76.9997836,10.9974277,restaurant,Bon Bon,S09,real,CBE,063,45.577832621352286,"proxy: straight-line distance to synthetic bins, not resident walking access",Coimbatore
n/1468324448,1468324448.0,node,76.9999043,10.9971433,convenience,Murugan stores,S09,real,CBE,063,25.062108047844525,"proxy: straight-line distance to synthetic bins, not resident walking access",Coimbatore
n/1468324450,1468324450.0,node,76.9960835,10.9966865,clothes,Reebok,S09,real,CBE,063,239.2980710564064,"proxy: straight-line distance to synthetic bins, not resident walking access",Coimbatore
n/1468324451,1468324451.0,node,77.001191,10.9969136,supermarket,Krishna Pazhamudir Nilayam,S09,real,CBE,063,8.211879035083108,"proxy: straight-line distance to synthetic bins, not resident walking access",Coimbatore
n/1468324458,1468324458.0,node,77.0004901,10.9969419,atm,Karur Vysya Bank,S09,real,CBE,063,74.60472959500093,"proxy: straight-line distance to synthetic bins, not resident walking access",Coimbatore
n/1468324461,1468324461.0,node,77.0003871,10.9972171,pharmacy,Revathi medicals,S09,real,CBE,063,70.76037706238081,"proxy: straight-line distance to synthetic bins, not resident walking access",Coimbatore
n/1468324462,1468324462.0,node,76.9960634,10.9963218,supermarket,Reliance Fresh,S09,real,CBE,065,204.0338568365466,"proxy: straight-line distance to synthetic bins, not resident walking access",Coimbatore
n/1469101395,1469101395.0,node,76.997422,11.0825506,hospital,KG Eye Hospital,S09,real,CBE,004,763.4803387407177,"proxy: straight-line distance to synthetic bins, not resident walking access",Coimbatore
n/1469107407,1469107407.0,node,76.9889277,11.075597,college,Kumaraguru College of Technology,S09,real,CBE,004,819.598331257117,"proxy: straight-line distance to synthetic bins, not resident walking access",Coimbatore
n/1469109274,1469109274.0,node,76.9974565,11.0835993,college,KG College of Arts and Science,S09,real,CBE,004,735.8062417398618,"proxy: straight-line distance to synthetic bins, not resident walking access",Coimbatore
n/1469134231,1469134231.0,node,76.9863632,11.0781993,atm,Karur Vysya Bank,S09,real,CBE,004,889.2465337084371,"proxy: straight-line distance to synthetic bins, not resident walking access",Coimbatore
n/1469134380,1469134380.0,node,76.986331,11.0782046,bank,Karur Vysya Bank,S09,real,CBE,004,890.7051609919212,"proxy: straight-line distance to synthetic bins, not resident walking access",Coimbatore
n/1469135381,1469135381.0,node,76.9900218,11.0806736,place_of_worship,Ganesh Temple,S09,real,CBE,004,476.60463652954,"proxy: straight-line distance to synthetic bins, not resident walking access",Coimbatore
n/1469140130,1469140130.0,node,76.9672686,11.0135289,atm,,S09,real,CBE,067,124.65453306899356,"proxy: straight-line distance to synthetic bins, not resident walking access",Coimbatore
n/1469149130,1469149130.0,node,76.9856071,11.0441103,hospital,"Shree Siva Hospital, Ganapathy,",S09,real,CBE,020,440.4637194224323,"proxy: straight-line distance to synthetic bins, not resident walking access",Coimbatore
n/1469149959,1469149959.0,node,76.998578,11.0829794,school,SeaSkills Maritime Academy,S09,real,CBE,004,870.4983956788739,"proxy: straight-line distance to synthetic bins, not resident walking access",Coimbatore
n/1469151232,1469151232.0,node,76.9982883,11.0801445,atm,,S09,real,CBE,004,968.0700977560998,"proxy: straight-line distance to synthetic bins, not resident walking access",Coimbatore
n/1469151440,1469151440.0,node,76.9978323,11.0816449,bank,Canara Bank,S09,real,CBE,004,843.4835125228635,"proxy: straight-line distance to synthetic bins, not resident walking access",Coimbatore
n/1469156895,1469156895.0,node,76.9417185,11.0804041,bakery,Krishna Bakery,S09,real,CBE,002,649.3121976643505,"proxy: straight-line distance to synthetic bins, not resident walking access",Coimbatore
n/1470337788,1470337788.0,node,76.9830066,10.9983509,post_office,Redfields Post Office,S09,real,CBE,083,390.6059757353676,"proxy: straight-line distance to synthetic bins, not resident walking access",Coimbatore
n/1470399498,1470399498.0,node,76.9713472,10.9994514,supermarket,,S09,real,CBE,083,297.6386380948325,"proxy: straight-line distance to synthetic bins, not resident walking access",Coimbatore
n/1470399506,1470399506.0,node,76.9710254,10.9983403,supermarket,Cheran Towers,S09,real,CBE,083,407.816317315019,"proxy: straight-line distance to synthetic bins, not resident walking access",Coimbatore
n/1470399520,1470399520.0,node,76.9710763,11.0006257,pharmacy,,S09,real,CBE,083,269.99739318775306,"proxy: straight-line distance to synthetic bins, not resident walking access",Coimbatore
n/1470399532,1470399532.0,node,76.9759311,11.0054466,fast_food,Gangotree,S09,real,CBE,066,270.95670645668673,"proxy: straight-line distance to synthetic bins, not resident walking access",Coimbatore
n/1470399545,1470399545.0,node,76.9752928,11.0060416,fuel,,S09,real,CBE,083,259.5605087959566,"proxy: straight-line distance to synthetic bins, not resident walking access",Coimbatore
n/1470399556,1470399556.0,node,76.9712185,11.0001255,restaurant,Annapoorna People's park,S09,real,CBE,083,271.6075597183568,"proxy: straight-line distance to synthetic bins, not resident walking access",Coimbatore
n/1470427876,1470427876.0,node,76.9755368,11.0032402,kiosk,,S09,real,CBE,083,250.82578548623405,"proxy: straight-line distance to synthetic bins, not resident walking access",Coimbatore
n/1470427879,1470427879.0,node,76.983672,11.0040801,bank,State Bank of India,S09,real,CBE,066,351.7505235204867,"proxy: straight-line distance to synthetic bins, not resident walking access",Coimbatore
n/1470427881,1470427881.0,node,76.9753786,11.003227,supermarket,,S09,real,CBE,083,267.96410025281443,"proxy: straight-line distance to synthetic bins, not resident walking access",Coimbatore
n/1470427900,1470427900.0,node,76.9749386,11.0031744,bank,HDFC Bank,S09,real,CBE,083,278.2855667409436,"proxy: straight-line distance to synthetic bins, not resident walking access",Coimbatore
n/1470427948,1470427948.0,node,76.9834681,11.0040617,atm,State Bank of India,S09,real,CBE,066,371.24780051602846,"proxy: straight-line distance to synthetic bins, not resident walking access",Coimbatore
n/1470432052,1470432052.0,node,76.982127,11.0033929,kiosk,,S09,real,CBE,066,315.88786472586173,"proxy: straight-line distance to synthetic bins, not resident walking access",Coimbatore
n/1470432053,1470432053.0,node,76.9804104,10.9991855,car,Tafe Access Limited,S09,real,CBE,066,414.7385854589879,"proxy: straight-line distance to synthetic bins, not resident walking access",Coimbatore
n/1470432055,1470432055.0,node,76.9713177,11.001692,police,"C2- Race Course Police Station, Coimbatore",S09,real,CBE,083,247.3183313795603,"proxy: straight-line distance to synthetic bins, not resident walking access",Coimbatore
n/1470432058,1470432058.0,node,76.9822316,11.0027663,cafe,Barista,S09,real,CBE,083,378.006497888307,"proxy: straight-line distance to synthetic bins, not resident walking access",Coimbatore
n/1470545645,1470545645.0,node,76.9528836,11.0500591,school,Amrita Vidhyalayam (Matriculation),S09,real,CBE,018,311.29387143272123,"proxy: straight-line distance to synthetic bins, not resident walking access",Coimbatore
n/1470545651,1470545651.0,node,76.9514805,11.0328479,car_repair,Autozone - TATA Authorised Service Centre,S09,real,CBE,045,144.4130739451198,"proxy: straight-line distance to synthetic bins, not resident walking access",Coimbatore
n/1470545663,1470545663.0,node,76.9505924,11.0318178,bank,Indian Overseas Bank,S09,real,CBE,045,199.25124406439,"proxy: straight-line distance to synthetic bins, not resident walking access",Coimbatore
n/1470545666,1470545666.0,node,76.9508925,11.032135,motorcycle,Lotus Agency,S09,real,CBE,045,167.7705441544987,"proxy: straight-line distance to synthetic bins, not resident walking access",Coimbatore
n/1470545671,1470545671.0,node,76.9463258,11.048063,school,Ramasamy Matriculation School,S09,real,CBE,017,204.91107819778568,"proxy: straight-line distance to synthetic bins, not resident walking access",Coimbatore
n/1470545679,1470545679.0,node,76.9505924,11.0317831,atm,,S09,real,CBE,045,199.5112427457591,"proxy: straight-line distance to synthetic bins, not resident walking access",Coimbatore
n/1470545682,1470545682.0,node,76.9476993,11.0438159,atm,,S09,real,CBE,033,186.99299159443297,"proxy: straight-line distance to synthetic bins, not resident walking access",Coimbatore
n/1470545684,1470545684.0,node,76.9462783,11.0506264,atm,,S09,real,CBE,017,102.32117168064804,"proxy: straight-line distance to synthetic bins, not resident walking access",Coimbatore
n/1470545690,1470545690.0,node,76.9465616,11.0506994,atm,,S09,real,CBE,018,131.80360414161757,"proxy: straight-line distance to synthetic bins, not resident walking access",Coimbatore
n/1470738327,1470738327.0,node,76.9483963,11.0599857,college,Kongunadu arts and science college,S09,real,CBE,013,462.7872332713608,"proxy: straight-line distance to synthetic bins, not resident walking access",Coimbatore
n/1470738328,1470738328.0,node,76.9169992,11.0661062,school,Yuvabharathi CBSE School,S09,real,CBE,016,965.818911173306,"proxy: straight-line distance to synthetic bins, not resident walking access",Coimbatore
n/1471781749,1471781749.0,node,76.9664348,11.0172896,clothes,Leelas,S09,real,CBE,068,302.1898417630859,"proxy: straight-line distance to synthetic bins, not resident walking access",Coimbatore
n/1471790247,1471790247.0,node,76.9658182,11.0173107,clothes,sridevi,S09,real,CBE,068,305.971253037495,"proxy: straight-line distance to synthetic bins, not resident walking access",Coimbatore
n/1471790281,1471790281.0,node,76.96441,11.0172073,clothes,PSR,S09,real,CBE,068,151.65291573125526,"proxy: straight-line distance to synthetic bins, not resident walking access",Coimbatore
n/1471790402,1471790402.0,node,76.9652753,11.0170325,jewelry,Lakshmi jewellery,S09,real,CBE,067,245.5388343343058,"proxy: straight-line distance to synthetic bins, not resident walking access",Coimbatore
n/1471790530,1471790530.0,node,76.9651669,11.0170304,jewelry,selva gold covering,S09,real,CBE,067,233.6973265258461,"proxy: straight-line distance to synthetic bins, not resident walking access",Coimbatore
n/1471791253,1471791253.0,node,76.9605557,11.0193222,clothes,PSR new showroom,S09,real,CBE,068,280.3182216451284,"proxy: straight-line distance to synthetic bins, not resident walking access",Coimbatore
n/1471791399,1471791399.0,node,76.9603411,11.0193537,pharmacy,arya vaidhya salai,S09,real,CBE,068,257.7227380352693,"proxy: straight-line distance to synthetic bins, not resident walking access",Coimbatore
n/1471792349,1471792349.0,node,76.9604519,11.0173144,clothes,shobika,S09,real,CBE,068,282.963185407336,"proxy: straight-line distance to synthetic bins, not resident walking access",Coimbatore
n/1471853466,1471853466.0,node,76.9522405,11.0289877,car_wash,Anamallis GM Car Service Center,S09,real,CBE,045,138.78447603046604,"proxy: straight-line distance to synthetic bins, not resident walking access",Coimbatore
n/1471854713,1471854713.0,node,76.9515967,11.0266348,police,C-3 Saibaba Colony Police Station,S09,real,CBE,069,215.9554834673182,"proxy: straight-line distance to synthetic bins, not resident walking access",Coimbatore
n/1471862691,1471862691.0,node,76.9515029,11.0225375,school,Avinashilingam Vocational Training Institute,S09,real,CBE,069,129.5007635074697,"proxy: straight-line distance to synthetic bins, not resident walking access",Coimbatore
n/1471863202,1471863202.0,node,76.9523462,11.0217902,fuel,HP Petrol Bunk,S09,real,CBE,069,5.853897597353816,"proxy: straight-line distance to synthetic bins, not resident walking access",Coimbatore
n/1471863285,1471863285.0,node,76.9524414,11.0216235,fuel,BP Petrol Bunk,S09,real,CBE,069,15.346343870434517,"proxy: straight-line distance to synthetic bins, not resident walking access",Coimbatore
n/1471863353,1471863353.0,node,76.9578674,11.017993,place_of_worship,Mar Thomas Syrian Church,S09,real,CBE,068,107.10841200712686,"proxy: straight-line distance to synthetic bins, not resident walking access",Coimbatore
n/1471863397,1471863397.0,node,76.9579777,11.0176933,atm,ICICI Bank,S09,real,CBE,068,139.05040998477588,"proxy: straight-line distance to synthetic bins, not resident walking access",Coimbatore
n/1472189080,1472189080.0,node,76.9779929,11.0237436,atm,,S09,real,CBE,048,338.6009636735864,"proxy: straight-line distance to synthetic bins, not resident walking access",Coimbatore
n/1472189593,1472189593.0,node,76.9767729,11.0244052,school,Ramakrishna Institute of Pharamedical Sciences,S09,real,CBE,048,481.65259619456407,"proxy: straight-line distance to synthetic bins, not resident walking access",Coimbatore
n/1472189838,1472189838.0,node,76.9762204,11.0243971,school,College of Pharamacy,S09,real,CBE,048,525.3069286308984,"proxy: straight-line distance to synthetic bins, not resident walking access",Coimbatore
n/1472192499,1472192499.0,node,76.9726262,11.0254581,hospital,Sai Shraddha Hospitality,S09,real,CBE,047,378.8651568377693,"proxy: straight-line distance to synthetic bins, not resident walking access",Coimbatore
n/1472193033,1472193033.0,node,76.9709709,11.021332,atm,State Bank of India,S09,real,CBE,048,100.13849353522656,"proxy: straight-line distance to synthetic bins, not resident walking access",Coimbatore
n/1472199156,1472199156.0,node,76.9674538,11.0144639,restaurant,Annapoorna Gowrishankar,S09,real,CBE,067,39.95053024537517,"proxy: straight-line distance to synthetic bins, not resident walking access",Coimbatore
n/1472199309,1472199309.0,node,76.9721699,11.0137917,prison,Coimbatore Central Jail,S09,real,CBE,067,373.6042653992866,"proxy: straight-line distance to synthetic bins, not resident walking access",Coimbatore
n/1472205012,1472205012.0,node,76.9609421,11.0129282,school,Suburban Higher Secondary School,S09,real,CBE,067,209.92345272056912,"proxy: straight-line distance to synthetic bins, not resident walking access",Coimbatore
n/1472205751,1472205751.0,node,76.958268,11.0154056,school,North Coimbatore Corporation Higher Secondary School,S09,real,CBE,067,290.7850615131892,"proxy: straight-line distance to synthetic bins, not resident walking access",Coimbatore
n/1472211166,1472211166.0,node,76.9436875,11.0145684,place_of_worship,Murugan Temple,S09,real,CBE,074,165.57723212718872,"proxy: straight-line distance to synthetic bins, not resident walking access",Coimbatore
n/1472211318,1472211318.0,node,76.9437894,11.0144183,hospital,Vega ENT Hospitals,S09,real,CBE,071,154.25336470324766,"proxy: straight-line distance to synthetic bins, not resident walking access",Coimbatore
n/1472211741,1472211741.0,node,76.9449521,11.0142906,hospital,Sitalakshmi Hospital,S09,real,CBE,071,163.91853864575685,"proxy: straight-line distance to synthetic bins, not resident walking access",Coimbatore
n/1472212062,1472212062.0,node,76.9475002,11.0147975,hospital,Manonmani Hospital,S09,real,CBE,071,216.21083429566144,"proxy: straight-line distance to synthetic bins, not resident walking access",Coimbatore
n/1472212557,1472212557.0,node,76.9487649,11.0148238,clinic,Balaji Nursing Home,S09,real,CBE,071,337.350109390776,"proxy: straight-line distance to synthetic bins, not resident walking access",Coimbatore
n/1472212892,1472212892.0,node,76.949178,11.015145,bank,Syndicate Bank,S09,real,CBE,074,384.4778252157339,"proxy: straight-line distance to synthetic bins, not resident walking access",Coimbatore
n/1472213670,1472213670.0,node,76.9493657,11.0147422,bank,HDFC Bank,S09,real,CBE,071,358.96988587863547,"proxy: straight-line distance to synthetic bins, not resident walking access",Coimbatore
n/1472215145,1472215145.0,node,76.9498136,11.0152003,hospital,Preetam's Cardio Care,S09,real,CBE,074,428.1321328373704,"proxy: straight-line distance to synthetic bins, not resident walking access",Coimbatore
n/1472215560,1472215560.0,node,76.9519379,11.0152582,clinic,Kumaran Clinic,S09,real,CBE,071,404.7654789920445,"proxy: straight-line distance to synthetic bins, not resident walking access",Coimbatore
n/1472216490,1472216490.0,node,76.9508764,11.0100628,theatre,kalaiarangam,S09,real,CBE,071,246.58549255333497,"proxy: straight-line distance to synthetic bins, not resident walking access",Coimbatore
n/1472216491,1472216491.0,node,76.9501279,11.0095746,restaurant,Peking,S09,real,CBE,072,251.33242501946864,"proxy: straight-line distance to synthetic bins, not resident walking access",Coimbatore
n/1472216492,1472216492.0,node,76.9503693,11.0095879,clothes,Brocade,S09,real,CBE,072,244.9480434181604,"proxy: straight-line distance to synthetic bins, not resident walking access",Coimbatore
n/1472216493,1472216493.0,node,76.9501269,11.0099817,clothes,DanielHechter,S09,real,CBE,072,294.064132864057,"proxy: straight-line distance to synthetic bins, not resident walking access",Coimbatore
n/1472216494,1472216494.0,node,76.9503052,11.0100389,clothes,Crocodile,S09,real,CBE,072,295.088522795955,"proxy: straight-line distance to synthetic bins, not resident walking access",Coimbatore
n/1472230495,1472230495.0,node,76.9505028,11.0091583,hifi,P. & R.R. Sons - Multi Brand Watch Outlet,S09,real,CBE,072,195.309280467889,"proxy: straight-line distance to synthetic bins, not resident walking access",Coimbatore
n/1472230496,1472230496.0,node,76.9504284,11.0080828,atm,,S09,real,CBE,072,88.92292887360128,"proxy: straight-line distance to synthetic bins, not resident walking access",Coimbatore
n/1472230498,1472230498.0,node,76.9503748,11.0083883,bank,State Bank of India,S09,real,CBE,072,120.45127129616355,"proxy: straight-line distance to synthetic bins, not resident walking access",Coimbatore
n/1472230499,1472230499.0,node,76.951028,11.0090551,hifi,CATMOSS,S09,real,CBE,071,178.92730109816864,"proxy: straight-line distance to synthetic bins, not resident walking access",Coimbatore
n/1472230500,1472230500.0,node,76.9510283,11.0087816,shoes,Metro,S09,real,CBE,071,148.75312974829214,"proxy: straight-line distance to synthetic bins, not resident walking access",Coimbatore
n/1472230508,1472230508.0,node,76.9505786,11.008562,bank,State Bank of India,S09,real,CBE,072,129.4283139277447,"proxy: straight-line distance to synthetic bins, not resident walking access",Coimbatore
n/1472230510,1472230510.0,node,76.9508404,11.0089248,clothes,Bombay Dyeing,S09,real,CBE,071,164.33557399065015,"proxy: straight-line distance to synthetic bins, not resident walking access",Coimbatore
n/1472230513,1472230513.0,node,76.9507267,11.0080002,shoes,Woodland,S09,real,CBE,072,65.28644536845825,"proxy: straight-line distance to synthetic bins, not resident walking access",Coimbatore
n/1472230514,1472230514.0,node,76.9505426,11.0090278,watches,Titan World,S09,real,CBE,072,180.25780381624625,"proxy: straight-line distance to synthetic bins, not resident walking access",Coimbatore
n/1472230516,1472230516.0,node,76.9501164,11.0097609,atm,,S09,real,CBE,072,271.1827186363622,"proxy: straight-line distance to synthetic bins, not resident walking access",Coimbatore
n/1472230522,1472230522.0,node,76.9503293,11.0097731,hospital,Rasi Hospital,S09,real,CBE,072,265.8849578584453,"proxy: straight-line distance to synthetic bins, not resident walking access",Coimbatore
n/1472230524,1472230524.0,node,76.9510389,11.0085602,bakery,Aroma bakery,S09,real,CBE,071,124.47120507500443,"proxy: straight-line distance to synthetic bins, not resident walking access",Coimbatore
n/1472230527,1472230527.0,node,76.9504929,11.0087727,bakery,Ayyar & Co Pure Veg Bakery & Cake Shop,S09,real,CBE,072,154.46365688583822,"proxy: straight-line distance to synthetic bins, not resident walking access",Coimbatore
n/1472230529,1472230529.0,node,76.9506101,11.0083882,bank,Tamilnad Mercantile Bank Limited,S09,real,CBE,072,110.0441011506186,"proxy: straight-line distance to synthetic bins, not resident walking access",Coimbatore
n/1472230531,1472230531.0,node,76.9502917,11.0089111,clothes,SKC-Sri Krishna Collection cloth store,S09,real,CBE,072,176.4495649345154,"proxy: straight-line distance to synthetic bins, not resident walking access",Coimbatore
n/1472230537,1472230537.0,node,76.9507983,11.0093535,jewelry,Tanishq,S09,real,CBE,071,211.94976062869827,"proxy: straight-line distance to synthetic bins, not resident walking access",Coimbatore
n/1472230540,1472230540.0,node,76.9506846,11.0097345,bakery,Aroma Bakery,S09,real,CBE,071,254.9790046353711,"proxy: straight-line distance to synthetic bins, not resident walking access",Coimbatore
n/1472231431,1472231431.0,node,76.9508844,11.0084988,hifi,BASICS LIFE,S09,real,CBE,071,117.04309196318688,"proxy: straight-line distance to synthetic bins, not resident walking access",Coimbatore
n/1472231440,1472231440.0,node,76.9510775,11.0083777,pharmacy,,S09,real,CBE,071,105.0295738907,"proxy: straight-line distance to synthetic bins, not resident walking access",Coimbatore
n/1472237759,1472237759.0,node,76.9509568,11.0078372,clothes,VANDHANA,S09,real,CBE,071,43.98600790740102,"proxy: straight-line distance to synthetic bins, not resident walking access",Coimbatore
n/1472237760,1472237760.0,node,76.9509759,11.0075826,hifi,BRIGHT FOOTWEAR,S09,real,CBE,071,16.826022883447763,"proxy: straight-line distance to synthetic bins, not resident walking access",Coimbatore
n/1472237761,1472237761.0,node,76.9511418,11.0081881,clothes,INDIGO NATION,S09,real,CBE,071,86.13343111495088,"proxy: straight-line distance to synthetic bins, not resident walking access",Coimbatore
n/1472237762,1472237762.0,node,76.9507503,11.0070824,hifi,ZIMSON-watch showroom,S09,real,CBE,072,43.77502379952511,"proxy: straight-line distance to synthetic bins, not resident walking access",Coimbatore
n/1472237763,1472237763.0,node,76.9505732,11.007214,hifi,WALK-A-WAY-footwears,S09,real,CBE,072,45.37666158080236,"proxy: straight-line distance to synthetic bins, not resident walking access",Coimbatore
n/1472237764,1472237764.0,node,76.9511901,11.0079406,clothes,JOHN PLAYERS,S09,real,CBE,071,62.6905867275626,"proxy: straight-line distance to synthetic bins, not resident walking access",Coimbatore
n/1472237765,1472237765.0,node,76.9507503,11.007372,bakery,K.R.S BAKERY,S09,real,CBE,072,19.94370500479739,"proxy: straight-line distance to synthetic bins, not resident walking access",Coimbatore
n/1472237766,1472237766.0,node,76.9512534,11.0077385,restaurant,SUGAM HOTELS,S09,real,CBE,071,49.18054364738567,"proxy: straight-line distance to synthetic bins, not resident walking access",Coimbatore
n/1472237767,1472237767.0,node,76.9512706,11.0085515,restaurant,ANANDHAS,S09,real,CBE,071,128.6956464711302,"proxy: straight-line distance to synthetic bins, not resident walking access",Coimbatore
n/1472237768,1472237768.0,node,76.950938,11.0080723,clothes,MILOU,S09,real,CBE,071,69.83005111938249,"proxy: straight-line distance to synthetic bins, not resident walking access",Coimbatore
n/1472237769,1472237769.0,node,76.9505732,11.0069823,bank,Standard Chartered,S09,real,CBE,072,63.29215956947551,"proxy: straight-line distance to synthetic bins, not resident walking access",Coimbatore
n/1472237770,1472237770.0,node,76.950922,11.0082829,hifi,LENS AND FRAMES,S09,real,CBE,071,93.09812837412836,"proxy: straight-line distance to synthetic bins, not resident walking access",Coimbatore
n/1472617902,1472617902.0,node,76.9511148,11.007139,jewelry,ZAVERI,S09,real,CBE,071,39.73268225303532,"proxy: straight-line distance to synthetic bins, not resident walking access",Coimbatore
n/1472617903,1472617903.0,node,76.9511041,11.0073391,hifi,HIDESIGN,S09,real,CBE,071,23.21096416118032,"proxy: straight-line distance to synthetic bins, not resident walking access",Coimbatore
n/1472617905,1472617905.0,node,76.9513299,11.0070126,supermarket,PAZHAMUDIR NILAYAM,S09,real,CBE,071,65.34954676335451,"proxy: straight-line distance to synthetic bins, not resident walking access",Coimbatore
n/1472618252,1472618252.0,node,76.9513508,11.0067493,clothes,LEE & WRANGLER,S09,real,CBE,071,89.96355536198048,"proxy: straight-line distance to synthetic bins, not resident walking access",Coimbatore
n/1472618253,1472618253.0,node,76.9511475,11.0068225,fast_food,HOTCHIPS,S09,real,CBE,071,72.89474652726098,"proxy: straight-line distance to synthetic bins, not resident walking access",Coimbatore
n/1472618254,1472618254.0,node,76.9506427,11.006802,gift,ODYSSEY,S09,real,CBE,072,76.90268082949655,"proxy: straight-line distance to synthetic bins, not resident walking access",Coimbatore
n/1472618255,1472618255.0,node,76.9508036,11.0065492,place_of_worship,RathnaVinayagar Temple,S09,real,CBE,072,99.50501554690209,"proxy: straight-line distance to synthetic bins, not resident walking access",Coimbatore
n/1472619292,1472619292.0,node,76.9513186,11.0056646,confectionery,Sri Krishna Sweets,S09,real,CBE,072,19.351856250958903,"proxy: straight-line distance to synthetic bins, not resident walking access",Coimbatore
n/1472619293,1472619293.0,node,76.9513969,11.0063886,bank,Indian Overseas Bank,S09,real,CBE,071,99.86752462558223,"proxy: straight-line distance to synthetic bins, not resident walking access",Coimbatore
n/1472619294,1472619294.0,node,76.9516839,11.0069705,restaurant,ANNAPOORNA,S09,real,CBE,071,98.53665934919212,"proxy: straight-line distance to synthetic bins, not resident walking access",Coimbatore
n/1472619295,1472619295.0,node,76.9512038,11.0062406,clothes,RAMRAJ COTTONS,S09,real,CBE,071,83.2794422657937,"proxy: straight-line distance to synthetic bins, not resident walking access",Coimbatore
n/1472619296,1472619296.0,node,76.9516544,11.006526,clothes,Puma,S09,real,CBE,071,121.17837008271714,"proxy: straight-line distance to synthetic bins, not resident walking access",Coimbatore
n/1472619297,1472619297.0,node,76.9512011,11.0065592,fast_food,A1 CHIPS,S09,real,CBE,071,102.364900849911,"proxy: straight-line distance to synthetic bins, not resident walking access",Coimbatore
n/1472619298,1472619298.0,node,76.9515252,11.0057572,shoes,Bata,S09,real,CBE,072,39.15688004949155,"proxy: straight-line distance to synthetic bins, not resident walking access",Coimbatore
n/1472619299,1472619299.0,node,76.9509109,11.0058963,restaurant,AARYAS,S09,real,CBE,072,60.75483474541763,"proxy: straight-line distance to synthetic bins, not resident walking access",Coimbatore
n/1472619300,1472619300.0,node,76.9511716,11.0063886,atm,Indian Overseas Bank,S09,real,CBE,071,99.955075981064,"proxy: straight-line distance to synthetic bins, not resident walking access",Coimbatore
n/1472619301,1472619301.0,node,76.9508895,11.006149,hifi,FAST TRACK,S09,real,CBE,072,84.67148021397354,"proxy: straight-line distance to synthetic bins, not resident walking access",Coimbatore
n/1472619302,1472619302.0,node,76.9513401,11.0058436,hifi,@HOME,S09,real,CBE,072,39.277282116006965,"proxy: straight-line distance to synthetic bins, not resident walking access",Coimbatore
n/1472619303,1472619303.0,node,76.9514179,11.0061153,clothes,BENWOODS,S09,real,CBE,071,70.3716622092856,"proxy: straight-line distance to synthetic bins, not resident walking access",Coimbatore
n/1472619304,1472619304.0,node,76.950986,11.0055593,confectionery,AGARWAL SWEETS PALACE,S09,real,CBE,072,33.77583983059357,"proxy: straight-line distance to synthetic bins, not resident walking access",Coimbatore
n/1472620153,1472620153.0,node,76.9513723,11.0052538,clothes,United Colors of Benetton,S09,real,CBE,072,27.97700563617521,"proxy: straight-line distance to synthetic bins, not resident walking access",Coimbatore
n/1472620585,1472620585.0,node,76.9514903,11.004801,hifi,iPLANET-APPLE store,S09,real,CBE,072,79.63861246032045,"proxy: straight-line distance to synthetic bins, not resident walking access",Coimbatore
n/1472620586,1472620586.0,node,76.9511041,11.0048431,clothes,CO-OPTEX,S09,real,CBE,072,74.57848054283855,"proxy: straight-line distance to synthetic bins, not resident walking access",Coimbatore
n/1472620587,1472620587.0,node,76.9510858,11.0050827,atm,Indian Bank,S09,real,CBE,072,50.40351256064577,"proxy: straight-line distance to synthetic bins, not resident walking access",Coimbatore
n/1472620588,1472620588.0,node,76.9507929,11.0050959,bank,Indian Bank,S09,real,CBE,072,69.6193433999872,"proxy: straight-line distance to synthetic bins, not resident walking access",Coimbatore
n/1472620589,1472620589.0,node,76.9511041,11.005296,bank,ICICI Bank,S09,real,CBE,072,29.562963061115813,"proxy: straight-line distance to synthetic bins, not resident walking access",Coimbatore
n/1472620619,1472620619.0,node,76.9515868,11.0040638,clothes,JACK & JILL,S09,real,CBE,072,157.05059828978733,"proxy: straight-line distance to synthetic bins, not resident walking access",Coimbatore
n/1472620620,1472620620.0,node,76.951619,11.0038847,pharmacy,Araya Vaidya Pharmacy,S09,real,CBE,072,147.57838989663358,"proxy: straight-line distance to synthetic bins, not resident walking access",Coimbatore
n/1472620621,1472620621.0,node,76.9516083,11.0042112,clothes,WEEKENDER,S09,real,CBE,072,146.01542196281414,"proxy: straight-line distance to synthetic bins, not resident walking access",Coimbatore
n/1472703561,1472703561.0,node,76.9511362,11.0032844,gift,Archies,S09,real,CBE,072,197.74338231134288,"proxy: straight-line distance to synthetic bins, not resident walking access",Coimbatore
n/1472703562,1472703562.0,node,76.9512328,11.0038637,bank,ING,S09,real,CBE,072,180.28667014091667,"proxy: straight-line distance to synthetic bins, not resident walking access",Coimbatore
n/1472703564,1472703564.0,node,76.951383,11.0033266,restaurant,Pizza Hut,S09,real,CBE,072,170.37469171437724,"proxy: straight-line distance to synthetic bins, not resident walking access",Coimbatore
n/1472703565,1472703565.0,node,76.9514152,11.0025894,bank,Karnataka Bank,S09,real,CBE,072,196.22428283941736,"proxy: straight-line distance to synthetic bins, not resident walking access",Coimbatore
n/1472703568,1472703568.0,node,76.9511684,11.0042533,clothes,Allen Solly,S09,real,CBE,072,137.701727379763,"proxy: straight-line distance to synthetic bins, not resident walking access",Coimbatore
n/1472703570,1472703570.0,node,76.9519624,11.0035688,bank,State Bank of India,S09,real,CBE,072,105.29541951121956,"proxy: straight-line distance to synthetic bins, not resident walking access",Coimbatore
n/1472703571,1472703571.0,node,76.9512006,11.0040638,clothes,Peter England,S09,real,CBE,072,158.33505831292658,"proxy: straight-line distance to synthetic bins, not resident walking access",Coimbatore
n/1472703572,1472703572.0,node,76.9514474,11.0023261,bank,Bank of India,S09,real,CBE,072,210.6720130527503,"proxy: straight-line distance to synthetic bins, not resident walking access",Coimbatore
n/1472703574,1472703574.0,node,76.9517371,11.0035583,atm,,S09,real,CBE,072,129.90176005378146,"proxy: straight-line distance to synthetic bins, not resident walking access",Coimbatore
n/1472704068,1472704068.0,node,76.9522628,11.0023155,parking,,S09,real,CBE,072,154.42041960991077,"proxy: straight-line distance to synthetic bins, not resident walking access",Coimbatore
n/1472707364,1472707364.0,node,76.9514903,11.0020944,bank,Axis Bank,S09,real,CBE,072,224.67343360441004,"proxy: straight-line distance to synthetic bins, not resident walking access",Coimbatore
n/1472707365,1472707365.0,node,76.9509753,11.0106459,clothes,THE MEN AND WOMEN,S09,real,CBE,071,197.0484421446836,"proxy: straight-line distance to synthetic bins, not resident walking access",Coimbatore
n/1472707367,1472707367.0,node,76.9522413,11.0108671,clothes,ABILASHA,S09,real,CBE,071,88.9444063162218,"proxy: straight-line distance to synthetic bins, not resident walking access",Coimbatore
n/1472707376,1472707376.0,node,76.9533949,11.0105303,restaurant,THAT'S Y FOOD,S09,real,CBE,071,158.67477270748762,"proxy: straight-line distance to synthetic bins, not resident walking access",Coimbatore
n/1472707377,1472707377.0,node,76.9532713,11.0111093,bank,Kotak Mahindra Bank,S09,real,CBE,071,105.07648242943424,"proxy: straight-line distance to synthetic bins, not resident walking access",Coimbatore
n/1472707378,1472707378.0,node,76.951383,11.0102773,clothes,BORN BABES,S09,real,CBE,071,191.94250016615928,"proxy: straight-line distance to synthetic bins, not resident walking access",Coimbatore
n/1472707380,1472707380.0,node,76.9514259,11.0107618,car,JKK CAR SALES,S09,real,CBE,071,149.9438949883308,"proxy: straight-line distance to synthetic bins, not resident walking access",Coimbatore
n/1472707387,1472707387.0,node,76.9544601,11.0106881,restaurant,COCKARACO,S09,real,CBE,071,241.3157152050881,"proxy: straight-line distance to synthetic bins, not resident walking access",Coimbatore
n/1473802675,1473802675.0,node,76.9670354,11.0205449,clothes,KALYAN SILKS,S09,real,CBE,068,418.7870809760449,"proxy: straight-line distance to synthetic bins, not resident walking access",Coimbatore
n/1473802677,1473802677.0,node,76.9671534,11.0204502,alcohol,TASMAC,S09,real,CBE,068,405.7110566251659,"proxy: straight-line distance to synthetic bins, not resident walking access",Coimbatore
n/1473802687,1473802687.0,node,76.9669549,11.0204554,jewelry,Kalyan Jewellers,S09,real,CBE,068,427.4095916718008,"proxy: straight-line distance to synthetic bins, not resident walking access",Coimbatore
n/1473802689,1473802689.0,node,76.9685696,11.0203291,place_of_worship,,S09,real,CBE,048,251.1802654167573,"proxy: straight-line distance to synthetic bins, not resident walking access",Coimbatore
n/1473802690,1473802690.0,node,76.9627012,11.0191127,supermarket,VIVEK'S,S09,real,CBE,068,228.51109420189505,"proxy: straight-line distance to synthetic bins, not resident walking access",Coimbatore
n/1473802692,1473802692.0,node,76.9634197,11.0198446,hifi,BEA-BHARATH ELECTRONICS AND APPLIANCES,S09,real,CBE,068,309.6101765836867,"proxy: straight-line distance to synthetic bins, not resident walking access",Coimbatore
n/1473802693,1473802693.0,node,76.9663219,11.0198499,bank,HDFC Bank,S09,real,CBE,068,473.19938809458944,"proxy: straight-line distance to synthetic bins, not resident walking access",Coimbatore
n/1473802701,1473802701.0,node,76.964042,11.0199394,motorcycle,JAYAKRISHNA BAJAJ,S09,real,CBE,068,335.9067219009662,"proxy: straight-line distance to synthetic bins, not resident walking access",Coimbatore
n/1473802703,1473802703.0,node,76.9641976,11.0194813,atm,South Indian Bank,S09,real,CBE,068,295.48288242362725,"proxy: straight-line distance to synthetic bins, not resident walking access",Coimbatore
n/1473802706,1473802706.0,node,76.9629675,11.0192162,atm,,S09,real,CBE,068,237.22784167808828,"proxy: straight-line distance to synthetic bins, not resident walking access",Coimbatore
n/1473802709,1473802709.0,node,76.9623039,11.0190601,bank,Syndicate Bank,S09,real,CBE,068,233.7173700495519,"proxy: straight-line distance to synthetic bins, not resident walking access",Coimbatore
n/1473802712,1473802712.0,node,76.9635166,11.0193391,hospital,City Hospital,S09,real,CBE,068,256.32582315368586,"proxy: straight-line distance to synthetic bins, not resident walking access",Coimbatore
n/1473802717,1473802717.0,node,76.9688485,11.0207714,pharmacy,Chinnaiah Medicals,S09,real,CBE,048,223.59252189455376,"proxy: straight-line distance to synthetic bins, not resident walking access",Coimbatore
n/1473802718,1473802718.0,node,76.9676147,11.0205449,supermarket,KAMALA STORES,S09,real,CBE,048,355.50296476157604,"proxy: straight-line distance to synthetic bins, not resident walking access",Coimbatore
n/1473802720,1473802720.0,node,76.9642351,11.0199815,clothes,MEGAMART,S09,real,CBE,068,347.7463133286583,"proxy: straight-line distance to synthetic bins, not resident walking access",Coimbatore
n/1473802721,1473802721.0,node,76.9618855,11.01896,supermarket,VIVEK'S,S09,real,CBE,068,243.34887899324588,"proxy: straight-line distance to synthetic bins, not resident walking access",Coimbatore
n/1473802723,1473802723.0,node,76.9643424,11.0194866,bank,South Indian Bank,S09,real,CBE,068,303.17604918103456,"proxy: straight-line distance to synthetic bins, not resident walking access",Coimbatore
n/1473802733,1473802733.0,node,76.966338,11.0203554,pharmacy,Pasumai Pharmacy,S09,real,CBE,068,494.9030955294383,"proxy: straight-line distance to synthetic bins, not resident walking access",Coimbatore
n/1473802736,1473802736.0,node,76.966161,11.0197709,atm,HDFC Bank,S09,real,CBE,068,454.1745181019875,"proxy: straight-line distance to synthetic bins, not resident walking access",Coimbatore
n/1473802738,1473802738.0,node,76.9661395,11.0203185,confectionery,NELLAI LALA SWEETS,S09,real,CBE,068,494.4789661860833,"proxy: straight-line distance to synthetic bins, not resident walking access",Coimbatore
n/1473802741,1473802741.0,node,76.962084,11.0190021,hospital,Bethel Hospital,S09,real,CBE,068,237.1324292060912,"proxy: straight-line distance to synthetic bins, not resident walking access",Coimbatore
n/1473814196,1473814196.0,node,76.9662468,11.0057722,bicycle_rental,,S09,real,CBE,083,207.9512137294168,"proxy: straight-line distance to synthetic bins, not resident walking access",Coimbatore
n/1473821562,1473821562.0,node,76.9501321,11.010177,jewelry,ORRA,S09,real,CBE,071,302.59845443999785,"proxy: straight-line distance to synthetic bins, not resident walking access",Coimbatore
n/1473821563,1473821563.0,node,76.9493971,11.0102981,clothes,NALLI SILKS,S09,real,CBE,071,269.0593567834473,"proxy: straight-line distance to synthetic bins, not resident walking access",Coimbatore
n/1473821565,1473821565.0,node,76.9492845,11.0102928,music,MUSIC GALLERY,S09,real,CBE,071,260.7757630197025,"proxy: straight-line distance to synthetic bins, not resident walking access",Coimbatore
n/1473821566,1473821566.0,node,76.9492845,11.0100559,clothes,Pepe Jeans,S09,real,CBE,071,280.2273614331837,"proxy: straight-line distance to synthetic bins, not resident walking access",Coimbatore
n/1473821567,1473821567.0,node,76.9499229,11.0103982,clothes,COLOR PLUS,S09,real,CBE,071,306.43617957021496,"proxy: straight-line distance to synthetic bins, not resident walking access",Coimbatore
n/1473821569,1473821569.0,node,76.9495152,11.0103192,clothes,United Colors of Benetton,S09,real,CBE,071,276.91927686557534,"proxy: straight-line distance to synthetic bins, not resident walking access",Coimbatore
n/1473821572,1473821572.0,node,76.9500784,11.0103876,toys,JUS BORN,S09,real,CBE,071,295.9978465374052,"proxy: straight-line distance to synthetic bins, not resident walking access",Coimbatore
n/1473821573,1473821573.0,node,76.9491557,11.0102718,hifi,CITIZEN,S09,real,CBE,071,252.94482436132603,"proxy: straight-line distance to synthetic bins, not resident walking access",Coimbatore
n/1473821575,1473821575.0,node,76.9496225,11.010077,restaurant,HOTEL CHERAN,S09,real,CBE,071,303.7740912398934,"proxy: straight-line distance to synthetic bins, not resident walking access",Coimbatore
n/1473821576,1473821576.0,node,76.9496171,11.0103613,clothes,MAPLE,S09,real,CBE,071,282.31986773573203,"proxy: straight-line distance to synthetic bins, not resident walking access",Coimbatore
n/1473821578,1473821578.0,node,76.9488714,11.00994,hifi,RICH LOOK,S09,real,CBE,071,264.3155312948125,"proxy: straight-line distance to synthetic bins, not resident walking access",Coimbatore
n/1473821579,1473821579.0,node,76.9494722,11.0100454,clothes,K-LONGUE,S09,real,CBE,071,294.74814203568144,"proxy: straight-line distance to synthetic bins, not resident walking access",Coimbatore
n/1473821582,1473821582.0,node,76.9497888,11.0103771,clothes,STING,S09,real,CBE,071,295.95832187498576,"proxy: straight-line distance to synthetic bins, not resident walking access",Coimbatore
n/1473821584,1473821584.0,node,76.9500248,11.010177,clothes,RAYMOND,S09,real,CBE,071,312.57620794478703,"proxy: straight-line distance to synthetic bins, not resident walking access",Coimbatore
n/1473821585,1473821585.0,node,76.9762286,10.9987853,toilets,,S09,real,CBE,066,393.1235522611585,"proxy: straight-line distance to synthetic bins, not resident walking access",Coimbatore
n/1473821586,1473821586.0,node,76.9490967,11.0099822,hifi,SHAPES,S09,real,CBE,071,273.9868679346003,"proxy: straight-line distance to synthetic bins, not resident walking access",Coimbatore
n/1473821587,1473821587.0,node,76.9489787,11.0102349,fast_food,AGARWAL SWEET PALACE,S09,real,CBE,071,243.8471642087992,"proxy: straight-line distance to synthetic bins, not resident walking access",Coimbatore
n/1473821588,1473821588.0,node,76.9502018,11.0104298,hifi,TITAN EYE+,S09,real,CBE,071,281.90006197881115,"proxy: straight-line distance to synthetic bins, not resident walking access",Coimbatore
n/1473821589,1473821589.0,node,76.94885,11.0102086,bakery,K.R.S BAKERY,S09,real,CBE,071,237.99778336570057,"proxy: straight-line distance to synthetic bins, not resident walking access",Coimbatore
n/1473825625,1473825625.0,node,76.9449769,11.0095504,supermarket,Nilgiri's,S09,real,CBE,071,264.89628789130427,"proxy: straight-line distance to synthetic bins, not resident walking access",Coimbatore
n/1473825626,1473825626.0,node,76.9469188,11.0099295,hifi,UPBEAT,S09,real,CBE,071,240.66560385931928,"proxy: straight-line distance to synthetic bins, not resident walking access",Coimbatore
n/1473825635,1473825635.0,node,76.9474767,11.0099822,clothes,MASKELIN,S09,real,CBE,071,222.6307687707013,"proxy: straight-line distance to synthetic bins, not resident walking access",Coimbatore
n/1473825638,1473825638.0,node,76.9452719,11.0095714,place_of_worship,Annapoorni Temple,S09,real,CBE,071,275.7744396695687,"proxy: straight-line distance to synthetic bins, not resident walking access",Coimbatore
n/1473825640,1473825640.0,node,76.9486139,11.0102086,clothes,GILLI WORLD,S09,real,CBE,071,224.5309882406434,"proxy: straight-line distance to synthetic bins, not resident walking access",Coimbatore
n/1473825641,1473825641.0,node,76.9473929,11.0095002,clothes,Shresht,S09,real,CBE,072,276.53666867478034,"proxy: straight-line distance to synthetic bins, not resident walking access",Coimbatore
n/1473825647,1473825647.0,node,76.9459629,11.0092786,clothes,Fabindia,S09,real,CBE,072,342.9671167925644,"proxy: straight-line distance to synthetic bins, not resident walking access",Coimbatore
n/1473825650,1473825650.0,node,76.9469939,11.0095978,clothes,GAMMA FASHION,S09,real,CBE,072,273.4671960973119,"proxy: straight-line distance to synthetic bins, not resident walking access",Coimbatore
n/1473825655,1473825655.0,node,76.9471763,11.0099506,hifi,ADIDAS,S09,real,CBE,071,230.84977459979171,"proxy: straight-line distance to synthetic bins, not resident walking access",Coimbatore
n/1473825657,1473825657.0,node,76.9481204,11.0101085,shoes,Bata,S09,real,CBE,071,214.89867211048116,"proxy: straight-line distance to synthetic bins, not resident walking access",Coimbatore
n/1473825659,1473825659.0,node,76.948387,11.0101483,bank,Canara Bank,S09,real,CBE,071,219.89928652241596,"proxy: straight-line distance to synthetic bins, not resident walking access",Coimbatore
n/1473825661,1473825661.0,node,76.9441479,11.0094398,fuel,Indian Oil,S09,real,CBE,073,260.3276385496159,"proxy: straight-line distance to synthetic bins, not resident walking access",Coimbatore
n/1473830517,1473830517.0,node,76.9501053,11.0109879,shoes,Woodland,S09,real,CBE,071,268.5555140091811,"proxy: straight-line distance to synthetic bins, not resident walking access",Coimbatore
n/1473830522,1473830522.0,node,76.950234,11.010593,hospital,Arasu Medicals,S09,real,CBE,071,270.6151047120149,"proxy: straight-line distance to synthetic bins, not resident walking access",Coimbatore
n/1473830523,1473830523.0,node,76.9496753,11.0134549,hospital,The Eye Foundaton,S09,real,CBE,071,276.37714159339225,"proxy: straight-line distance to synthetic bins, not resident walking access",Coimbatore
n/1473830524,1473830524.0,node,76.9500784,11.0111669,fuel,,S09,real,CBE,071,266.8262063241251,"proxy: straight-line distance to synthetic bins, not resident walking access",Coimbatore
n/1473830525,1473830525.0,node,76.9501643,11.0108563,clothes,Peter England,S09,real,CBE,071,266.7065562718288,"proxy: straight-line distance to synthetic bins, not resident walking access",Coimbatore
n/1473830527,1473830527.0,node,76.9500141,11.0131995,clothes,Reebok,S09,real,CBE,071,293.19589444422513,"proxy: straight-line distance to synthetic bins, not resident walking access",Coimbatore
n/1473830537,1473830537.0,node,76.9500248,11.0114724,hifi,PLANET FASHION,S09,real,CBE,071,268.1554480955994,"proxy: straight-line distance to synthetic bins, not resident walking access",Coimbatore
n/1473830539,1473830539.0,node,76.9499121,11.0149793,restaurant,RICH FOODS,S09,real,CBE,071,414.46627650327497,"proxy: straight-line distance to synthetic bins, not resident walking access",Coimbatore
n/1473830541,1473830541.0,node,76.9500194,11.0116514,clothes,NAIDU HALL,S09,real,CBE,071,264.0585686094153,"proxy: straight-line distance to synthetic bins, not resident walking access",Coimbatore
n/1473830542,1473830542.0,node,76.9502125,11.0107141,clothes,SCULLERS,S09,real,CBE,071,267.3387064765083,"proxy: straight-line distance to synthetic bins, not resident walking access",Coimbatore
n/1473830547,1473830547.0,node,76.9501213,11.0129415,fast_food,Damro,S09,real,CBE,071,292.20369536866565,"proxy: straight-line distance to synthetic bins, not resident walking access",Coimbatore
n/1473830549,1473830549.0,node,76.9496546,11.0121253,fast_food,BOOMERANG,S09,real,CBE,071,222.04326723619187,"proxy: straight-line distance to synthetic bins, not resident walking access",Coimbatore
n/1474328820,1474328820.0,node,77.0037211,11.0784165,fast_food,Jyothi Bakery,S09,real,CBE,004,508.5204121052465,"proxy: straight-line distance to synthetic bins, not resident walking access",Coimbatore
n/1474328934,1474328934.0,node,77.0033617,11.0786745,fast_food,AR Bakes,S09,real,CBE,004,552.8316313073306,"proxy: straight-line distance to synthetic bins, not resident walking access",Coimbatore
n/1474329375,1474329375.0,node,77.0019574,11.0767083,place_of_worship,Karivaradharaja Perumal Temple,S09,real,CBE,010,507.2712977439272,"proxy: straight-line distance to synthetic bins, not resident walking access",Coimbatore
n/1474330371,1474330371.0,node,77.0023705,11.076324,atm,,S09,real,CBE,010,447.0308457803296,"proxy: straight-line distance to synthetic bins, not resident walking access",Coimbatore
n/1474348707,1474348707.0,node,77.0017133,11.0763477,school,Saravanampatty Elementary School,S09,real,CBE,010,512.3295869406118,"proxy: straight-line distance to synthetic bins, not resident walking access",Coimbatore
n/1474349444,1474349444.0,node,77.0023866,11.0757923,restaurant,Four Seasons,S09,real,CBE,010,420.37436079479016,"proxy: straight-line distance to synthetic bins, not resident walking access",Coimbatore
n/1474350853,1474350853.0,node,77.0027116,11.0747296,police,Saravanampatti Police Station,S09,real,CBE,010,357.0865167176124,"proxy: straight-line distance to synthetic bins, not resident walking access",Coimbatore
n/1474352272,1474352272.0,node,77.0017777,11.0738286,restaurant,Guru Amudhas,S09,real,CBE,010,461.29897169211137,"proxy: straight-line distance to synthetic bins, not resident walking access",Coimbatore
n/1474354792,1474354792.0,node,77.0003213,11.0654053,fast_food,Ragam Bakery,S09,real,CBE,010,336.3533411538816,"proxy: straight-line distance to synthetic bins, not resident walking access",Coimbatore
n/1474358051,1474358051.0,node,77.0015685,11.0685456,place_of_worship,Arulmigu Badhrakali Amman Temple,S09,real,CBE,010,169.76655260720807,"proxy: straight-line distance to synthetic bins, not resident walking access",Coimbatore
n/1474359043,1474359043.0,node,77.0023034,11.0686667,restaurant,Hotel Aryaas,S09,real,CBE,010,91.1607524797292,"proxy: straight-line distance to synthetic bins, not resident walking access",Coimbatore
n/1474360031,1474360031.0,node,77.0001282,11.0645682,atm,,S09,real,CBE,011,308.5001844007976,"proxy: straight-line distance to synthetic bins, not resident walking access",Coimbatore
n/1474361313,1474361313.0,node,76.9999511,11.062457,car,Ramani Nissan,S09,real,CBE,010,185.6487110239232,"proxy: straight-line distance to synthetic bins, not resident walking access",Coimbatore
n/1474366515,1474366515.0,node,76.9970853,11.058952,atm,,S09,real,CBE,021,79.1723578914227,"proxy: straight-line distance to synthetic bins, not resident walking access",Coimbatore
n/1474366521,1474366521.0,node,76.9971831,11.0591244,atm,,S09,real,CBE,021,57.30845058480569,"proxy: straight-line distance to synthetic bins, not resident walking access",Coimbatore
n/1474371347,1474371347.0,node,76.9939054,11.0530119,fuel,Bharat Petroleum Retail Outlet,S09,real,CBE,021,198.77240893886128,"proxy: straight-line distance to synthetic bins, not resident walking access",Coimbatore
n/1474374092,1474374092.0,node,76.9924402,11.0519614,fuel,Bharat Petroleum,S09,real,CBE,003,38.46395188335573,"proxy: straight-line distance to synthetic bins, not resident walking access",Coimbatore
n/1474375262,1474375262.0,node,76.992171,11.0517919,fuel,Indian Oil,S09,real,CBE,003,55.27225714389968,"proxy: straight-line distance to synthetic bins, not resident walking access",Coimbatore
n/1474413414,1474413414.0,node,76.9664663,10.9943793,hospital,Moses Eye Hospital,S09,real,CBE,082,145.5930846434725,"proxy: straight-line distance to synthetic bins, not resident walking access",Coimbatore
n/1474413446,1474413446.0,node,76.9667618,10.9944026,supermarket,MADHEENA SUPER MARKET,S09,real,CBE,082,125.95462525350317,"proxy: straight-line distance to synthetic bins, not resident walking access",Coimbatore
n/1474427075,1474427075.0,node,76.9667107,10.9952612,parking,Railway Station Parking,S09,real,CBE,082,212.26726550252383,"proxy: straight-line distance to synthetic bins, not resident walking access",Coimbatore
n/1474427078,1474427078.0,node,76.9666916,10.9946611,atm,South Indian Bank,S09,real,CBE,082,153.9354555761031,"proxy: straight-line distance to synthetic bins, not resident walking access",Coimbatore
n/1474451333,1474451333.0,node,76.9685357,10.9957344,clothes,Co-optex,S09,real,CBE,083,243.4417817509837,"proxy: straight-line distance to synthetic bins, not resident walking access",Coimbatore
n/1474451334,1474451334.0,node,76.9680636,10.9975037,restaurant,RHR restaurant,S09,real,CBE,083,445.8733862909157,"proxy: straight-line distance to synthetic bins, not resident walking access",Coimbatore
n/1474451335,1474451335.0,node,76.9688334,10.9950603,fast_food,Tiffin center,S09,real,CBE,083,163.4443688691071,"proxy: straight-line distance to synthetic bins, not resident walking access",Coimbatore
n/1474451343,1474451343.0,node,76.9777866,10.9992467,hifi,Snap Fitness one,S09,real,CBE,066,503.22791184845727,"proxy: straight-line distance to synthetic bins, not resident walking access",Coimbatore
n/1474451352,1474451352.0,node,76.9681095,10.9996522,fast_food,C S Meals,S09,real,CBE,083,533.4964497436519,"proxy: straight-line distance to synthetic bins, not resident walking access",Coimbatore
n/1474451361,1474451361.0,node,76.9680799,10.9950865,post_office,,S09,real,CBE,083,190.4895804475052,"proxy: straight-line distance to synthetic bins, not resident walking access",Coimbatore
n/1474451365,1474451365.0,node,76.968206,10.9988726,restaurant,Bon bon ice creams,S09,real,CBE,083,584.6314725587636,"proxy: straight-line distance to synthetic bins, not resident walking access",Coimbatore
n/1474451366,1474451366.0,node,76.9712903,10.9996733,greengrocer,Pazhamudhir cholai,S09,real,CBE,083,288.45066835651727,"proxy: straight-line distance to synthetic bins, not resident walking access",Coimbatore
n/1474451368,1474451368.0,node,76.974764,10.9951464,gift,Shreshta gift shop,S09,real,CBE,083,640.9367292618551,"proxy: straight-line distance to synthetic bins, not resident walking access",Coimbatore
n/1474451371,1474451371.0,node,76.9756194,10.9935069,hospital,Thayarammal poly clinic,S09,real,CBE,083,620.5873816648917,"proxy: straight-line distance to synthetic bins, not resident walking access",Coimbatore
n/1474451376,1474451376.0,node,76.9673756,11.002655,place_of_worship,Koniamaan temple,S09,real,CBE,083,278.1478464648957,"proxy: straight-line distance to synthetic bins, not resident walking access",Coimbatore
n/1474490978,1474490978.0,node,76.9634175,10.9941795,restaurant,Guru Hotel,S09,real,CBE,082,293.57401317361706,"proxy: straight-line distance to synthetic bins, not resident walking access",Coimbatore
n/1474490982,1474490982.0,node,76.9598587,10.99545,hifi,,S09,real,CBE,082,151.50061225280646,"proxy: straight-line distance to synthetic bins, not resident walking access",Coimbatore
n/1474490983,1474490983.0,node,76.963401,10.9938098,restaurant,Annapoorna,S09,real,CBE,082,297.89789149571646,"proxy: straight-line distance to synthetic bins, not resident walking access",Coimbatore
n/1474490989,1474490989.0,node,76.9632932,10.9938083,books,Cheran book house,S09,real,CBE,082,286.44350592824526,"proxy: straight-line distance to synthetic bins, not resident walking access",Coimbatore
n/1474490993,1474490993.0,node,76.9633732,10.9938515,bakery,Priya juice and bakes,S09,real,CBE,082,293.9564366115202,"proxy: straight-line distance to synthetic bins, not resident walking access",Coimbatore
n/1474490995,1474490995.0,node,76.9648609,10.9945514,school,Presentation convent,S09,real,CBE,082,305.9034500405233,"proxy: straight-line distance to synthetic bins, not resident walking access",Coimbatore
n/1474490996,1474490996.0,node,76.9689115,11.0022717,place_of_worship,CLS Church,S09,real,CBE,083,443.5937024683031,"proxy: straight-line distance to synthetic bins, not resident walking access",Coimbatore
n/1474490997,1474490997.0,node,76.9600117,10.9953044,place_of_worship,Amman temple,S09,real,CBE,082,128.4602640177559,"proxy: straight-line distance to synthetic bins, not resident walking access",Coimbatore
n/1474490998,1474490998.0,node,76.9637561,10.9947013,parking,,S09,real,CBE,082,331.3835366831874,"proxy: straight-line distance to synthetic bins, not resident walking access",Coimbatore
n/1474491002,1474491002.0,node,76.9592901,10.9941072,jewelry,Sri Kumaran Thanga maaligai,S09,real,CBE,081,161.6733971319974,"proxy: straight-line distance to synthetic bins, not resident walking access",Coimbatore
n/1474491003,1474491003.0,node,76.9616129,10.9950235,books,,S09,real,CBE,082,118.11652812039316,"proxy: straight-line distance to synthetic bins, not resident walking access",Coimbatore
n/1474491004,1474491004.0,node,76.9594403,10.9953684,convenience,Bison,S09,real,CBE,082,178.41421707265317,"proxy: straight-line distance to synthetic bins, not resident walking access",Coimbatore
n/1474491006,1474491006.0,node,76.9637999,10.9941388,books,A.A Book gallery,S09,real,CBE,082,335.60233285614635,"proxy: straight-line distance to synthetic bins, not resident walking access",Coimbatore
n/1474491011,1474491011.0,node,76.9592767,10.9945706,bank,Karur Vysya Bank,S09,real,CBE,081,161.20006148384255,"proxy: straight-line distance to synthetic bins, not resident walking access",Coimbatore
n/1474491012,1474491012.0,node,76.9593062,10.9942994,clothes,The Chennai Silks,S09,real,CBE,081,157.12565544858128,"proxy: straight-line distance to synthetic bins, not resident walking access",Coimbatore
n/1474491013,1474491013.0,node,76.9596629,10.994489,hifi,Titan Showroom,S09,real,CBE,082,118.26311915667048,"proxy: straight-line distance to synthetic bins, not resident walking access",Coimbatore
n/1474491017,1474491017.0,node,76.9603415,10.995558,library,Jain Library,S09,real,CBE,082,136.0145317021342,"proxy: straight-line distance to synthetic bins, not resident walking access",Coimbatore
n/1474491018,1474491018.0,node,76.9679644,11.0003341,books,CLS Book shop,S09,real,CBE,083,490.6733340692505,"proxy: straight-line distance to synthetic bins, not resident walking access",Coimbatore
n/1474491020,1474491020.0,node,76.9626778,10.9942113,toilets,,S09,real,CBE,082,212.71974296949855,"proxy: straight-line distance to synthetic bins, not resident walking access",Coimbatore
n/1474491022,1474491022.0,node,76.9594805,10.9951762,clothes,Calcutta Bazaar,S09,real,CBE,082,162.687533197426,"proxy: straight-line distance to synthetic bins, not resident walking access",Coimbatore
n/1474491024,1474491024.0,node,76.9601082,10.9955422,school,corporation Girls High school,S09,real,CBE,082,144.66294208593015,"proxy: straight-line distance to synthetic bins, not resident walking access",Coimbatore
n/1474491025,1474491025.0,node,76.959333,10.9944337,clothes,Sri Ganapathy Silks,S09,real,CBE,081,153.9151744639493,"proxy: straight-line distance to synthetic bins, not resident walking access",Coimbatore
n/1474491027,1474491027.0,node,76.9597836,10.99436,clothes,Ramraj Cottons;Shoba,S09,real,CBE,082,104.66242184735307,"proxy: straight-line distance to synthetic bins, not resident walking access",Coimbatore
n/1474491029,1474491029.0,node,76.9658375,10.9945881,school,St.Michaels School,S09,real,CBE,082,213.77558441526517,"proxy: straight-line distance to synthetic bins, not resident walking access",Coimbatore
n/1474518415,1474518415.0,node,76.9971414,10.9976249,school,Trinity Boys High school,S09,real,CBE,063,142.26773281074333,"proxy: straight-line distance to synthetic bins, not resident walking access",Coimbatore
n/1474518420,1474518420.0,node,77.0021341,10.9966817,restaurant,Valar Chicken,S09,real,CBE,062,110.4805469283796,"proxy: straight-line distance to synthetic bins, not resident walking access",Coimbatore
n/1474518427,1474518427.0,node,76.9920214,10.9974843,seafood,,S09,real,CBE,065,219.36093200876647,"proxy: straight-line distance to synthetic bins, not resident walking access",Coimbatore
n/1474518431,1474518431.0,node,76.9860827,11.0116134,restaurant,My Place Restaurant,S09,real,CBE,066,374.28100164641467,"proxy: straight-line distance to synthetic bins, not resident walking access",Coimbatore
n/1474518432,1474518432.0,node,76.9538586,10.9925695,greengrocer,Town hall market,S09,real,CBE,081,324.0919481116956,"proxy: straight-line distance to synthetic bins, not resident walking access",Coimbatore
n/1474518434,1474518434.0,node,76.9592713,10.9931883,clothes,Beauty dresses,S09,real,CBE,081,208.73232750200043,"proxy: straight-line distance to synthetic bins, not resident walking access",Coimbatore
n/1474518436,1474518436.0,node,76.9863269,11.0123899,restaurant,Anandhaas,S09,real,CBE,066,298.2099849853416,"proxy: straight-line distance to synthetic bins, not resident walking access",Coimbatore
n/1474518438,1474518438.0,node,76.9905727,11.0091964,school,Corporation girls high school,S09,real,CBE,066,163.75373388203437,"proxy: straight-line distance to synthetic bins, not resident walking access",Coimbatore
n/1474518439,1474518439.0,node,76.9956179,10.9969617,pharmacy,Dheepmeena pharmacy,S09,real,CBE,065,228.6022243535581,"proxy: straight-line distance to synthetic bins, not resident walking access",Coimbatore
n/1474518440,1474518440.0,node,76.9922008,10.9978197,bakery,Iyengar bakery,S09,real,CBE,083,217.6694528551108,"proxy: straight-line distance to synthetic bins, not resident walking access",Coimbatore
n/1474518442,1474518442.0,node,76.9584667,10.9931646,place_of_worship,Mosque,S09,real,CBE,081,242.3786594430332,"proxy: straight-line distance to synthetic bins, not resident walking access",Coimbatore
n/1474518443,1474518443.0,node,76.997871,10.9975827,police,Ramanathapuram police station,S09,real,CBE,063,193.42674976285795,"proxy: straight-line distance to synthetic bins, not resident walking access",Coimbatore
n/1474518445,1474518445.0,node,76.9862396,11.0124743,hospital,Vasan Eye Care Hospital,S09,real,CBE,066,300.7014683886587,"proxy: straight-line distance to synthetic bins, not resident walking access",Coimbatore
n/1474518446,1474518446.0,node,76.9568198,10.9929724,jewelry,Sri Swarnambigai jewellers,S09,real,CBE,081,179.76609668636206,"proxy: straight-line distance to synthetic bins, not resident walking access",Coimbatore
n/1474518448,1474518448.0,node,76.9893791,11.009415,hospital,Coimbatore Kidney Centre,S09,real,CBE,066,62.2285358832992,"proxy: straight-line distance to synthetic bins, not resident walking access",Coimbatore
n/1474518449,1474518449.0,node,76.9590889,10.9931751,clothes,Kuttiappa silks,S09,real,CBE,081,225.304481309094,"proxy: straight-line distance to synthetic bins, not resident walking access",Coimbatore
n/1474518452,1474518452.0,node,76.9922547,10.9974298,clothes,Ashika readymades,S09,real,CBE,065,243.7997394953797,"proxy: straight-line distance to synthetic bins, not resident walking access",Coimbatore
n/1474518453,1474518453.0,node,76.9921608,10.9974263,clothes,Cinderella,S09,real,CBE,065,235.5107914386257,"proxy: straight-line distance to synthetic bins, not resident walking access",Coimbatore
n/1474518454,1474518454.0,node,76.992587,10.9978934,florist,,S09,real,CBE,064,253.87325523867685,"proxy: straight-line distance to synthetic bins, not resident walking access",Coimbatore
n/1474518458,1474518458.0,node,76.9906773,10.9982884,place_of_worship,,S09,real,CBE,083,49.949384311232805,"proxy: straight-line distance to synthetic bins, not resident walking access",Coimbatore
n/1474726858,1474726858.0,node,76.9639944,10.9944145,school,St.Fathima's School,S09,real,CBE,082,355.685139177099,"proxy: straight-line distance to synthetic bins, not resident walking access",Coimbatore
n/1474730759,1474730759.0,node,76.9652202,10.9941327,bank,Tamilnad Mercantile Bank Limited,S09,real,CBE,082,253.29630752072205,"proxy: straight-line distance to synthetic bins, not resident walking access",Coimbatore
n/1474730760,1474730760.0,node,76.9639356,10.9940248,books,Higginbotham's,S09,real,CBE,082,351.6244446109986,"proxy: straight-line distance to synthetic bins, not resident walking access",Coimbatore
n/1474730761,1474730761.0,node,76.9640378,10.9940195,cinema,CARNATIC THEATRE,S09,real,CBE,082,362.7890509918874,"proxy: straight-line distance to synthetic bins, not resident walking access",Coimbatore
n/1474730773,1474730773.0,node,76.9653597,10.9941222,fuel,,S09,real,CBE,082,238.36508264035692,"proxy: straight-line distance to synthetic bins, not resident walking access",Coimbatore
n/1474730774,1474730774.0,node,76.9651478,10.9941354,atm,,S09,real,CBE,082,260.9778960842958,"proxy: straight-line distance to synthetic bins, not resident walking access",Coimbatore
n/1474730775,1474730775.0,node,76.9637249,10.9936861,place_of_worship,Koniamman Temple,S09,real,CBE,082,335.47584380942936,"proxy: straight-line distance to synthetic bins, not resident walking access",Coimbatore
n/1474737096,1474737096.0,node,76.9635454,10.9941611,restaurant,METRO PARK-INN,S09,real,CBE,082,307.6744911513212,"proxy: straight-line distance to synthetic bins, not resident walking access",Coimbatore
n/1474737098,1474737098.0,node,76.9636082,10.9943355,clothes,VIMAL'S SUITING,S09,real,CBE,082,313.52844860883584,"proxy: straight-line distance to synthetic bins, not resident walking access",Coimbatore
n/1474742087,1474742087.0,node,76.960867,10.9936377,bakery,AROMA BAKERY,S09,real,CBE,082,84.75220908355591,"proxy: straight-line distance to synthetic bins, not resident walking access",Coimbatore
n/1474742090,1474742090.0,node,76.9617628,10.993693,atm,State Bank of India,S09,real,CBE,082,135.98948097869018,"proxy: straight-line distance to synthetic bins, not resident walking access",Coimbatore
n/1474801639,1474801639.0,node,76.9606784,10.9918423,cinema,NASS THEATRE,S09,real,CBE,082,265.3144878575676,"proxy: straight-line distance to synthetic bins, not resident walking access",Coimbatore
n/1474802929,1474802929.0,node,76.9602009,10.989333,greengrocer,Market,S09,real,CBE,081,99.0151324897044,"proxy: straight-line distance to synthetic bins, not resident walking access",Coimbatore
n/1474802998,1474802998.0,node,76.9607655,10.9902815,place_of_worship,Amman Temple,S09,real,CBE,082,98.83027693085933,"proxy: straight-line distance to synthetic bins, not resident walking access",Coimbatore
n/1474803270,1474803270.0,node,76.9577091,10.9925427,atm,Syndicate Bank,S09,real,CBE,081,205.76395001066084,"proxy: straight-line distance to synthetic bins, not resident walking access",Coimbatore
n/1474803271,1474803271.0,node,76.9591307,10.9924847,police,B1 POLICE STATION,S09,real,CBE,081,195.42093099492055,"proxy: straight-line distance to synthetic bins, not resident walking access",Coimbatore
n/1474803272,1474803272.0,node,76.9590529,10.9927638,place_of_worship,JAIN TEMPLE,S09,real,CBE,081,221.8347313018296,"proxy: straight-line distance to synthetic bins, not resident walking access",Coimbatore
n/1474803273,1474803273.0,node,76.9603672,10.9915553,place_of_worship,gujarati gopalan temple,S09,real,CBE,082,221.64398425362907,"proxy: straight-line distance to synthetic bins, not resident walking access",Coimbatore
n/1474803274,1474803274.0,node,76.9578433,10.9925558,school,VASAVI VIDYALAYA,S09,real,CBE,081,201.6285828129897,"proxy: straight-line distance to synthetic bins, not resident walking access",Coimbatore
n/1474803275,1474803275.0,node,76.9579398,10.9923347,bakery,AROMA BAKERY,S09,real,CBE,081,175.04395293765907,"proxy: straight-line distance to synthetic bins, not resident walking access",Coimbatore
n/1474803276,1474803276.0,node,76.9544552,10.9881375,bank,Syndicate Bank,S09,real,CBE,080,173.35059801778402,"proxy: straight-line distance to synthetic bins, not resident walking access",Coimbatore
n/1474803277,1474803277.0,node,76.9598791,10.9922978,pharmacy,Ganesh Medicals,S09,real,CBE,081,222.64943365480173,"proxy: straight-line distance to synthetic bins, not resident walking access",Coimbatore
n/1474803280,1474803280.0,node,76.9571378,10.9921661,place_of_worship,Kanika Vysial Temple,S09,real,CBE,081,206.68462111180932,"proxy: straight-line distance to synthetic bins, not resident walking access",Coimbatore
n/1474803281,1474803281.0,node,76.9574812,10.9925321,bank,ORIENTAL BANK,S09,real,CBE,081,216.0451201135784,"proxy: straight-line distance to synthetic bins, not resident walking access",Coimbatore
n/1474811252,1474811252.0,node,76.9596028,10.9933721,hifi,KHADIM'S,S09,real,CBE,081,168.03138616531052,"proxy: straight-line distance to synthetic bins, not resident walking access",Coimbatore
n/1474811254,1474811254.0,node,76.9596162,10.9954258,confectionery,NELLAI LALA,S09,real,CBE,082,167.76850819792378,"proxy: straight-line distance to synthetic bins, not resident walking access",Coimbatore
n/1474811261,1474811261.0,node,76.9598308,10.9937012,clothes,POTHYS,S09,real,CBE,082,125.51520588463494,"proxy: straight-line distance to synthetic bins, not resident walking access",Coimbatore
n/1474811277,1474811277.0,node,76.959289,10.9946622,bank,Karur Vysya Bank,S09,real,CBE,081,161.42125829828262,"proxy: straight-line distance to synthetic bins, not resident walking access",Coimbatore
n/1474811286,1474811286.0,node,76.9592916,10.9947517,atm,Indian Overseas Bank,S09,real,CBE,081,163.25885297983336,"proxy: straight-line distance to synthetic bins, not resident walking access",Coimbatore
n/1474815474,1474815474.0,node,76.9585809,10.9958892,parking,,S09,real,CBE,081,242.49979658514252,"proxy: straight-line distance to synthetic bins, not resident walking access",Coimbatore
n/1474815489,1474815489.0,node,76.9582268,10.9954047,greengrocer,GROCERY MARKET,S09,real,CBE,081,180.7992315015948,"proxy: straight-line distance to synthetic bins, not resident walking access",Coimbatore
n/1474815494,1474815494.0,node,76.9571614,10.9935863,greengrocer,THIYAKI KUMARAN VEGETABLE MARKET,S09,real,CBE,081,118.99949894361852,"proxy: straight-line distance to synthetic bins, not resident walking access",Coimbatore
n/1474815496,1474815496.0,node,76.9588705,10.994994,atm,,S09,real,CBE,081,214.9308949125221,"proxy: straight-line distance to synthetic bins, not resident walking access",Coimbatore
n/1474815510,1474815510.0,node,76.9587874,10.9949413,bank,CSB Bank,S09,real,CBE,081,221.7474031835411,"proxy: straight-line distance to synthetic bins, not resident walking access",Coimbatore
n/1474818073,1474818073.0,node,76.9575938,10.9950414,restaurant,ANNAPOORNA,S09,real,CBE,081,100.7869293160686,"proxy: straight-line distance to synthetic bins, not resident walking access",Coimbatore
n/1474818077,1474818077.0,node,76.9559577,10.9948439,jewelry,KIRTHILALS,S09,real,CBE,081,94.87371138476328,"proxy: straight-line distance to synthetic bins, not resident walking access",Coimbatore
n/1474818078,1474818078.0,node,76.9559389,10.9944358,clothes,NALLI SILKS,S09,real,CBE,081,94.60761572342452,"proxy: straight-line distance to synthetic bins, not resident walking access",Coimbatore
n/1474818079,1474818079.0,node,76.9561535,10.9948465,jewelry,D.A.R PARADISE,S09,real,CBE,081,74.73811203998639,"proxy: straight-line distance to synthetic bins, not resident walking access",Coimbatore
n/1474818961,1474818961.0,node,76.9576072,10.9979324,place_of_worship,Jain Temple,S09,real,CBE,082,379.69143970729874,"proxy: straight-line distance to synthetic bins, not resident walking access",Coimbatore
n/1474818962,1474818962.0,node,76.9602814,10.9963631,clothes,CHENNAI SILKS,S09,real,CBE,082,98.2084265401996,"proxy: straight-line distance to synthetic bins, not resident walking access",Coimbatore
n/1474818966,1474818966.0,node,76.9589565,10.9963105,place_of_worship,Krishna Temple,S09,real,CBE,081,239.0230798458906,"proxy: straight-line distance to synthetic bins, not resident walking access",Coimbatore
n/1474818981,1474818981.0,node,76.9588814,10.9966895,confectionery,NELLAI LALA,S09,real,CBE,081,242.8849169918927,"proxy: straight-line distance to synthetic bins, not resident walking access",Coimbatore
n/1474819093,1474819093.0,node,76.9629691,10.9943509,fuel,,S09,real,CBE,082,243.6495202840167,"proxy: straight-line distance to synthetic bins, not resident walking access",Coimbatore
n/1474872826,1474872826.0,node,76.9906547,10.9977221,confectionery,A1 chips,S09,real,CBE,065,105.587897471884,"proxy: straight-line distance to synthetic bins, not resident walking access",Coimbatore
n/1474872827,1474872827.0,node,76.9893896,10.9982425,doityourself,Alagendiran Auto parts,S09,real,CBE,083,117.96340637008352,"proxy: straight-line distance to synthetic bins, not resident walking access",Coimbatore
n/1474872828,1474872828.0,node,76.9891482,10.9982057,bakery,Sri Santosh bakery,S09,real,CBE,083,144.09246797344696,"proxy: straight-line distance to synthetic bins, not resident walking access",Coimbatore
n/1474872829,1474872829.0,node,76.9937206,10.9948602,place_of_worship,Lakshmi Narasimha temple,S09,real,CBE,065,330.9381077778324,"proxy: straight-line distance to synthetic bins, not resident walking access",Coimbatore
n/1474872830,1474872830.0,node,76.9893923,10.9978977,hospital,Clinic - Dr.Rajashree,S09,real,CBE,065,136.61244918568954,"proxy: straight-line distance to synthetic bins, not resident walking access",Coimbatore
n/1474872831,1474872831.0,node,76.9856131,10.9981635,butcher,Suguna chicken,S09,real,CBE,083,136.3406694368855,"proxy: straight-line distance to synthetic bins, not resident walking access",Coimbatore
n/1474872833,1474872833.0,node,76.9844758,10.9955885,school,Bishop Ambrose College,S09,real,CBE,065,137.66137948016777,"proxy: straight-line distance to synthetic bins, not resident walking access",Coimbatore
n/1474872836,1474872836.0,node,76.99024,10.997788,greengrocer,Amman pazhamudhir nilayam,S09,real,CBE,065,95.71528224104723,"proxy: straight-line distance to synthetic bins, not resident walking access",Coimbatore
n/1474872837,1474872837.0,node,76.9929569,10.9967839,place_of_worship,Ganesh temple,S09,real,CBE,065,347.63525554471914,"proxy: straight-line distance to synthetic bins, not resident walking access",Coimbatore
n/1474872838,1474872838.0,node,76.9867132,10.998013,convenience,Steel house,S09,real,CBE,083,23.86928113422729,"proxy: straight-line distance to synthetic bins, not resident walking access",Coimbatore
n/1474872839,1474872839.0,node,76.9883167,10.9982109,confectionery,Sri Krishna Sweets,S09,real,CBE,083,63.44779456433938,"proxy: straight-line distance to synthetic bins, not resident walking access",Coimbatore
n/1474876595,1474876595.0,node,76.9660718,11.0173165,convenience,Selvasingh stores,S09,real,CBE,068,317.4174600079472,"proxy: straight-line distance to synthetic bins, not resident walking access",Coimbatore
n/1474876596,1474876596.0,node,76.9676704,11.0169374,clothes,Mahaveers,S09,real,CBE,067,259.80156676726307,"proxy: straight-line distance to synthetic bins, not resident walking access",Coimbatore
n/1474876597,1474876597.0,node,76.9727344,11.0164319,electronics,Sony,S09,real,CBE,067,154.41653296417385,"proxy: straight-line distance to synthetic bins, not resident walking access",Coimbatore
n/1474876600,1474876600.0,node,76.9722195,11.0163792,bakery,Anjali Bakes,S09,real,CBE,067,170.56449465440917,"proxy: straight-line distance to synthetic bins, not resident walking access",Coimbatore
n/1474876603,1474876603.0,node,76.9772727,11.0180431,place_of_worship,Srinivasa perumal temple,S09,real,CBE,067,184.94939469585825,"proxy: straight-line distance to synthetic bins, not resident walking access",Coimbatore
n/1474876604,1474876604.0,node,76.9658143,11.017327,jewelry,Joyalukkas,S09,real,CBE,068,305.7071752183037,"proxy: straight-line distance to synthetic bins, not resident walking access",Coimbatore
n/1474876605,1474876605.0,node,76.9642694,11.0172323,hifi,IAB,S09,real,CBE,068,136.69730262229484,"proxy: straight-line distance to synthetic bins, not resident walking access",Coimbatore
n/1474915578,1474915578.0,node,76.9482079,10.9380416,bakery,Bakery,S09,real,CBE,091,717.104952359643,"proxy: straight-line distance to synthetic bins, not resident walking access",Coimbatore
n/1474916874,1474916874.0,node,76.9359176,10.9448921,place_of_worship,Pillayar Temple,S09,real,CBE,090,106.11747194800505,"proxy: straight-line distance to synthetic bins, not resident walking access",Coimbatore
n/1474917902,1474917902.0,node,76.9373707,10.9462272,supermarket,Nilgiris Departmental Store,S09,real,CBE,091,17.47412215426034,"proxy: straight-line distance to synthetic bins, not resident walking access",Coimbatore
n/1474921995,1474921995.0,node,76.9370893,10.9464999,atm,,S09,real,CBE,091,25.899222158677176,"proxy: straight-line distance to synthetic bins, not resident walking access",Coimbatore
n/1474923291,1474923291.0,node,76.9369908,10.9414068,hospital,K. J. Hospital,S09,real,CBE,090,453.0172835190702,"proxy: straight-line distance to synthetic bins, not resident walking access",Coimbatore
n/1474924005,1474924005.0,node,76.9354632,10.9489142,pharmacy,Thulsi Pharmacy,S09,real,CBE,091,178.8904229103414,"proxy: straight-line distance to synthetic bins, not resident walking access",Coimbatore
n/1474928621,1474928621.0,node,76.9564045,10.9371249,college,Sri Krishna College of Engineering and Technology,S09,real,CBE,092,308.80446334297994,"proxy: straight-line distance to synthetic bins, not resident walking access",Coimbatore
n/1481294699,1481294699.0,node,76.9496654,11.0662045,level_crossing,,S09,real,CBE,014,218.0119958140869,"proxy: straight-line distance to synthetic bins, not resident walking access",Coimbatore
n/1481569987,1481569987.0,node,76.9658274,11.0313227,level_crossing,,S09,real,CBE,031,89.65351652596014,"proxy: straight-line distance to synthetic bins, not resident walking access",Coimbatore
n/1482717579,1482717579.0,node,76.9701007,11.0061218,clothes,,S09,real,CBE,083,567.3397452334187,"proxy: straight-line distance to synthetic bins, not resident walking access",Coimbatore
n/1656551396,1656551396.0,node,76.9837185,11.0811781,restaurant,Raghu restaurant,S09,real,CBE,003,782.8608540926443,"proxy: straight-line distance to synthetic bins, not resident walking access",Coimbatore
n/1680101789,1680101789.0,node,76.9738561,11.0246285,place_of_worship,Bethel City Cathedral,S09,real,CBE,048,412.1684627778746,"proxy: straight-line distance to synthetic bins, not resident walking access",Coimbatore
n/1680115320,1680115320.0,node,77.037,11.06413,fuel,,S09,real,CBE,008,126.161761197627,"proxy: straight-line distance to synthetic bins, not resident walking access",Coimbatore
n/1680126584,1680126584.0,node,77.0165627,11.0732798,fuel,,S09,real,CBE,005,221.21125221103824,"proxy: straight-line distance to synthetic bins, not resident walking access",Coimbatore
n/1680201898,1680201898.0,node,76.9762591,11.0314324,fuel,Bharat Petroleum,S09,real,CBE,030,256.1499394802965,"proxy: straight-line distance to synthetic bins, not resident walking access",Coimbatore
n/1680232798,1680232798.0,node,76.9354528,10.988383,police,,S09,real,CBE,076,155.00127302023853,"proxy: straight-line distance to synthetic bins, not resident walking access",Coimbatore
n/1680277854,1680277854.0,node,76.9296259,10.9831973,place_of_worship,,S09,real,CBE,076,298.9554862441525,"proxy: straight-line distance to synthetic bins, not resident walking access",Coimbatore
n/1681778019,1681778019.0,node,76.9669118,11.0092041,fuel,HP,S09,real,CBE,083,305.2922949013681,"proxy: straight-line distance to synthetic bins, not resident walking access",Coimbatore
n/1771099491,1771099491.0,node,76.9884288,11.066428,school,Kaumaram Sushila International Residential School,S09,real,CBE,003,201.59540440331247,"proxy: straight-line distance to synthetic bins, not resident walking access",Coimbatore
n/1802481233,1802481233.0,node,76.9607981,11.019224,clothes,PSR Silks,S09,real,CBE,068,305.2774626232817,"proxy: straight-line distance to synthetic bins, not resident walking access",Coimbatore
n/1810900599,1810900599.0,node,76.9715188,11.0263435,supermarket,Prasad,S09,real,CBE,047,421.32063532520505,"proxy: straight-line distance to synthetic bins, not resident walking access",Coimbatore
n/1828313742,1828313742.0,node,76.9828578,11.0600842,place_of_worship,Godhanda Ramar Temple,S09,real,CBE,003,180.2356972056585,"proxy: straight-line distance to synthetic bins, not resident walking access",Coimbatore
n/1913565236,1913565236.0,node,76.9731186,11.0241826,hospital,Ashwin Hospital,S09,real,CBE,048,317.6831812102239,"proxy: straight-line distance to synthetic bins, not resident walking access",Coimbatore
n/1913565274,1913565274.0,node,76.975725,11.030742,pharmacy,Apollo Pharma,S09,real,CBE,030,168.35312771394058,"proxy: straight-line distance to synthetic bins, not resident walking access",Coimbatore
n/1913566088,1913566088.0,node,76.978383,11.034999,pharmacy,Tulsi Pharmacy,S09,real,CBE,029,49.55313773312574,"proxy: straight-line distance to synthetic bins, not resident walking access",Coimbatore
n/1913572689,1913572689.0,node,76.996761,11.058112,bank,Corporation Bank,S09,real,CBE,021,178.13545682075534,"proxy: straight-line distance to synthetic bins, not resident walking access",Coimbatore
n/1913577470,1913577470.0,node,77.002329,11.075898,atm,Bank Atm,S09,real,CBE,010,430.6309205767547,"proxy: straight-line distance to synthetic bins, not resident walking access",Coimbatore
n/1913578166,1913578166.0,node,77.0024122,11.0796853,restaurant,Full Moon,S09,real,CBE,004,702.7934533859835,"proxy: straight-line distance to synthetic bins, not resident walking access",Coimbatore
n/1927272311,1927272311.0,node,76.9510317,10.9556754,Neelankavil,Louis.N.B,S09,real,CBE,088,456.5423442985749,"proxy: straight-line distance to synthetic bins, not resident walking access",Coimbatore
n/2017660110,2017660110.0,node,76.9977564,11.0008947,post_office,Krishnaswamy NagarPost Office,S09,real,CBE,064,91.39900508371528,"proxy: straight-line distance to synthetic bins, not resident walking access",Coimbatore
n/2017661235,2017661235.0,node,76.9986536,11.0016933,school,Krishnaswamy Nagar - Ganga Nagar Matriculation School,S09,real,CBE,064,104.96147141452,"proxy: straight-line distance to synthetic bins, not resident walking access",Coimbatore
n/2018158915,2018158915.0,node,77.000998,11.0007141,place_of_worship,Krishnaswamy Nagar Temple,S09,real,CBE,063,328.54450584507134,"proxy: straight-line distance to synthetic bins, not resident walking access",Coimbatore
n/2018173689,2018173689.0,node,77.0078741,11.0089386,place_of_worship,St. Xaviers Church,S09,real,CBE,051,211.10265613670325,"proxy: straight-line distance to synthetic bins, not resident walking access",Coimbatore
n/2018189945,2018189945.0,node,76.9850097,10.9987746,restaurant,Mayfield Hotel,S09,real,CBE,083,223.4276328302583,"proxy: straight-line distance to synthetic bins, not resident walking access",Coimbatore
n/2018200402,2018200402.0,node,76.9784265,11.0085739,hunting_stand,Coimbatore Rifle Club,S09,real,CBE,083,366.0190527489035,"proxy: straight-line distance to synthetic bins, not resident walking access",Coimbatore
n/2041493676,2041493676.0,node,76.9803708,11.0283824,cafe,Sri ram bakery,S09,real,CBE,048,136.66774027500395,"proxy: straight-line distance to synthetic bins, not resident walking access",Coimbatore
n/2064191602,2064191602.0,node,76.9833021,11.0524541,fuel,,S09,real,CBE,012,146.74167835406303,"proxy: straight-line distance to synthetic bins, not resident walking access",Coimbatore
n/2064199732,2064199732.0,node,77.0105435,11.0938959,place_of_worship,Karattumedu Temple,S09,real,CBE,004,343.55597870165826,"proxy: straight-line distance to synthetic bins, not resident walking access",Coimbatore
n/2064215371,2064215371.0,node,77.0145508,11.094675,fuel,,S09,real,CBE,005,194.9423031303153,"proxy: straight-line distance to synthetic bins, not resident walking access",Coimbatore
n/2071296043,2071296043.0,node,77.0283128,11.0404484,place_of_worship,ISKON Krishna Temple,S09,real,CBE,024,588.9947500821004,"proxy: straight-line distance to synthetic bins, not resident walking access",Coimbatore
n/2094501342,2094501342.0,node,76.9996907,11.0796225,ice_cream,Arun icecreams,S09,real,CBE,004,897.1814002940229,"proxy: straight-line distance to synthetic bins, not resident walking access",Coimbatore
n/2206625833,2206625833.0,node,76.9757669,11.0035115,library,JustBooksclc Library,S09,real,CBE,083,220.29024647939764,"proxy: straight-line distance to synthetic bins, not resident walking access",Coimbatore
n/2393587268,2393587268.0,node,76.962077,10.9895853,books,Old Book Market,S09,real,CBE,082,107.95271817999864,"proxy: straight-line distance to synthetic bins, not resident walking access",Coimbatore
n/2393648167,2393648167.0,node,76.9836718,11.0500734,pharmacy,,S09,real,CBE,012,246.5097057183289,"proxy: straight-line distance to synthetic bins, not resident walking access",Coimbatore
n/2400043268,2400043268.0,node,76.9876999,11.0463405,restaurant,Tuscanny Pizza,S09,real,CBE,020,413.1043297126979,"proxy: straight-line distance to synthetic bins, not resident walking access",Coimbatore
n/2400043295,2400043295.0,node,76.9911493,11.0512369,seafood,,S09,real,CBE,019,173.49536662041228,"proxy: straight-line distance to synthetic bins, not resident walking access",Coimbatore
n/2446858928,2446858928.0,node,76.9859096,11.0446103,restaurant,Andhra Ruchulu,S09,real,CBE,020,467.553537444089,"proxy: straight-line distance to synthetic bins, not resident walking access",Coimbatore
n/2446858929,2446858929.0,node,76.9856735,11.0443872,restaurant,A. R. Bakes,S09,real,CBE,020,460.78147317266655,"proxy: straight-line distance to synthetic bins, not resident walking access",Coimbatore
n/2465137262,2465137262.0,node,76.951039,11.0327016,restaurant,Adyar Ananda Bhavan,S09,real,CBE,045,173.09103224333268,"proxy: straight-line distance to synthetic bins, not resident walking access",Coimbatore
n/2537636108,2537636108.0,node,76.9640458,11.0185996,clothes,Naira,S09,real,CBE,068,202.18480178613305,"proxy: straight-line distance to synthetic bins, not resident walking access",Coimbatore
n/2537780271,2537780271.0,node,76.9902571,11.0663459,school,Kaumaram Prashanthi Academy,S09,real,CBE,011,310.6515653436101,"proxy: straight-line distance to synthetic bins, not resident walking access",Coimbatore
n/2966170577,2966170577.0,node,77.0488847,11.0109147,level_crossing,,S09,real,CBE,056,423.1920671272928,"proxy: straight-line distance to synthetic bins, not resident walking access",Coimbatore
n/3127128477,3127128477.0,node,76.9714462,10.9722701,place_of_worship,Shafiya Hayathul Islam Sunnath Jamath Masjith,S09,real,CBE,095,222.3440202307339,"proxy: straight-line distance to synthetic bins, not resident walking access",Coimbatore
n/3128692929,3128692929.0,node,76.9440165,11.0809152,library,Branch Library,S09,real,CBE,001,903.0944405310844,"proxy: straight-line distance to synthetic bins, not resident walking access",Coimbatore
n/3204361322,3204361322.0,node,76.9922666,10.9955292,place_of_worship,Dhanvantri Temple,S09,real,CBE,065,400.6267497714621,"proxy: straight-line distance to synthetic bins, not resident walking access",Coimbatore
n/3204361323,3204361323.0,node,76.9917076,10.995609,hospital,Arya Vaidya Pharmacy,S09,real,CBE,065,364.9378655531976,"proxy: straight-line distance to synthetic bins, not resident walking access",Coimbatore
n/3204361324,3204361324.0,node,76.9910088,10.9962368,parking,Arya vaidya pharmacy parking area,S09,real,CBE,065,274.34479343020774,"proxy: straight-line distance to synthetic bins, not resident walking access",Coimbatore
n/3204361327,3204361327.0,node,76.989681,10.9977401,studio,All India Radio Coimbatore,S09,real,CBE,065,126.2464937500108,"proxy: straight-line distance to synthetic bins, not resident walking access",Coimbatore
n/3204361347,3204361347.0,node,76.9888345,10.995902,place_of_worship,Amman Temple,S09,real,CBE,065,238.4412820060345,"proxy: straight-line distance to synthetic bins, not resident walking access",Coimbatore
n/3204361348,3204361348.0,node,76.9888059,10.9959691,library,Ramanathapuram Govt Library,S09,real,CBE,065,230.39953900539115,"proxy: straight-line distance to synthetic bins, not resident walking access",Coimbatore
n/3204628972,3204628972.0,node,76.9899355,10.997846,bank,State Bank of India,S09,real,CBE,065,100.98747164007696,"proxy: straight-line distance to synthetic bins, not resident walking access",Coimbatore
n/3302145144,3302145144.0,node,76.9377565,10.9457911,restaurant,Ooty's Restaurant,S09,real,CBE,091,81.23583645399404,"proxy: straight-line distance to synthetic bins, not resident walking access",Coimbatore
n/3302150430,3302150430.0,node,76.9318833,10.9460069,bank,HDFC Bank ATM,S09,real,CBE,090,316.76769289583564,"proxy: straight-line distance to synthetic bins, not resident walking access",Coimbatore
n/3302150431,3302150431.0,node,76.9349386,10.9486795,bank,Indian Overseas Bank,S09,real,CBE,090,189.3542911599688,"proxy: straight-line distance to synthetic bins, not resident walking access",Coimbatore
n/3302150432,3302150432.0,node,76.9347603,10.9487255,bank,ICICI Bank ATM,S09,real,CBE,090,206.73664890266025,"proxy: straight-line distance to synthetic bins, not resident walking access",Coimbatore
n/3302152187,3302152187.0,node,76.9353825,10.9483253,supermarket,Ganga General Stores,S09,real,CBE,090,127.79097898257218,"proxy: straight-line distance to synthetic bins, not resident walking access",Coimbatore
n/3302152188,3302152188.0,node,76.9373191,10.9462844,bank,State Bank of India ATM,S09,real,CBE,091,9.341166429270586,"proxy: straight-line distance to synthetic bins, not resident walking access",Coimbatore
n/3302152189,3302152189.0,node,76.9398618,10.9441632,bank,ATM,S09,real,CBE,091,327.07492452115423,"proxy: straight-line distance to synthetic bins, not resident walking access",Coimbatore
n/3302155211,3302155211.0,node,76.9381533,10.9420051,bank,Axis Bank ATM,S09,real,CBE,090,479.8621104523447,"proxy: straight-line distance to synthetic bins, not resident walking access",Coimbatore
n/3302155212,3302155212.0,node,76.9353684,10.9415731,bank,State Bank of India,S09,real,CBE,090,378.65113636083976,"proxy: straight-line distance to synthetic bins, not resident walking access",Coimbatore
n/3302155213,3302155213.0,node,76.9353456,10.9414625,pharmacy,Apollo Pharmacy,S09,real,CBE,090,390.5164587022924,"proxy: straight-line distance to synthetic bins, not resident walking access",Coimbatore
n/3302156487,3302156487.0,node,76.9355262,10.9448583,bank,State Bank of India,S09,real,CBE,090,64.18698626590218,"proxy: straight-line distance to synthetic bins, not resident walking access",Coimbatore
n/3302156488,3302156488.0,node,76.9333283,10.9474523,bank,Lakshmi Vilas Bank,S09,real,CBE,090,287.9979822278471,"proxy: straight-line distance to synthetic bins, not resident walking access",Coimbatore
n/3429753459,3429753459.0,node,77.044833,11.0034006,motorcycle,Star Bike Works,S09,real,CBE,058,98.02712305143817,"proxy: straight-line distance to synthetic bins, not resident walking access",Coimbatore
n/3429754962,3429754962.0,node,77.0459357,11.0015001,community_centre,,S09,real,CBE,058,154.74457205361173,"proxy: straight-line distance to synthetic bins, not resident walking access",Coimbatore
n/3429754964,3429754964.0,node,77.0448331,11.0015077,place_of_worship,,S09,real,CBE,058,165.6712687811556,"proxy: straight-line distance to synthetic bins, not resident walking access",Coimbatore
n/3429755036,3429755036.0,node,77.0489181,11.0029014,energy,,S09,real,CBE,058,370.7795341459003,"proxy: straight-line distance to synthetic bins, not resident walking access",Coimbatore
n/3429755037,3429755037.0,node,77.0448674,11.0030212,car_repair,,S09,real,CBE,058,74.83148759811878,"proxy: straight-line distance to synthetic bins, not resident walking access",Coimbatore
n/3429755041,3429755041.0,node,77.0448512,11.0032814,car_repair,,S09,real,CBE,058,88.58271458950573,"proxy: straight-line distance to synthetic bins, not resident walking access",Coimbatore
n/3448046126,3448046126.0,node,76.9265234,11.037972,hardware,,S09,real,CBE,042,353.80527054090027,"proxy: straight-line distance to synthetic bins, not resident walking access",Coimbatore
n/3571495701,3571495701.0,node,76.9754173,11.0305225,supermarket,Kannan Departmental Stores,S09,real,CBE,029,128.32559549740597,"proxy: straight-line distance to synthetic bins, not resident walking access",Coimbatore
n/3571694093,3571694093.0,node,76.9715748,11.0250344,police,Rathinapuri Police Station,S09,real,CBE,047,283.85165371882846,"proxy: straight-line distance to synthetic bins, not resident walking access",Coimbatore
n/3571694796,3571694796.0,node,76.9663954,11.0287149,townhall,Lala Mahal,S09,real,CBE,047,83.64432802991706,"proxy: straight-line distance to synthetic bins, not resident walking access",Coimbatore
n/3576255653,3576255653.0,node,77.0381478,11.0432551,supermarket,Premier Supermarket,S09,real,CBE,007,628.076437899903,"proxy: straight-line distance to synthetic bins, not resident walking access",Coimbatore
n/3576255654,3576255654.0,node,77.0380727,11.0432051,greengrocer,Veggie fresh,S09,real,CBE,007,637.049468066017,"proxy: straight-line distance to synthetic bins, not resident walking access",Coimbatore
n/3576258608,3576258608.0,node,77.0378794,11.0443625,greengrocer,Covai Veg and Fruits,S09,real,CBE,007,545.1064143910081,"proxy: straight-line distance to synthetic bins, not resident walking access",Coimbatore
n/3576344395,3576344395.0,node,76.9280387,11.0483035,greengrocer,Balaji Vegetables and Fruits,S09,real,CBE,034,260.6262752411246,"proxy: straight-line distance to synthetic bins, not resident walking access",Coimbatore
n/3623163884,3623163884.0,node,76.9058305,11.0267551,bus_station,Vadavalli Bus Stand,S09,real,CBE,037,226.04966785983143,"proxy: straight-line distance to synthetic bins, not resident walking access",Coimbatore
n/3624486823,3624486823.0,node,77.0018563,11.0277466,place_of_worship,Peelamedu Ayyappan Kovil,S09,real,CBE,026,196.39216539405257,"proxy: straight-line distance to synthetic bins, not resident walking access",Coimbatore
n/3781623526,3781623526.0,node,76.9543156,10.957713,hospital,"Vasan Eye Care Hospital, Kuniamuthoor",S09,real,CBE,093,79.25325993170722,"proxy: straight-line distance to synthetic bins, not resident walking access",Coimbatore
n/3841322157,3841322157.0,node,76.9870723,10.9602678,switch,,S09,real,CBE,099,245.25085690005636,"proxy: straight-line distance to synthetic bins, not resident walking access",Coimbatore
n/3891556867,3891556867.0,node,77.0455742,11.0042615,school,,S09,real,CBE,056,157.45835690211652,"proxy: straight-line distance to synthetic bins, not resident walking access",Coimbatore
n/3933476072,3933476072.0,node,76.9630341,10.9945526,place_of_worship,Tamil Evangelical Lutheran Church,S09,real,CBE,082,251.326009347484,"proxy: straight-line distance to synthetic bins, not resident walking access",Coimbatore
n/3935510641,3935510641.0,node,76.9833627,11.0420447,greengrocer,Pazhamudhir Nilayam,S09,real,CBE,019,475.15779290631326,"proxy: straight-line distance to synthetic bins, not resident walking access",Coimbatore
n/3935613631,3935613631.0,node,77.003617,11.0747052,library,Branch library,S09,real,CBE,010,258.5321579086961,"proxy: straight-line distance to synthetic bins, not resident walking access",Coimbatore
n/3961186619,3961186619.0,node,76.9422109,11.0819758,place_of_worship,Aravaan Temple,S09,real,CBE,002,781.3910340560763,"proxy: straight-line distance to synthetic bins, not resident walking access",Coimbatore
n/3961186620,3961186620.0,node,76.9421464,11.0817832,place_of_worship,Bala Vinayagar Temple,S09,real,CBE,002,763.7221646779831,"proxy: straight-line distance to synthetic bins, not resident walking access",Coimbatore
n/3961186621,3961186621.0,node,76.9424271,11.081799,place_of_worship,Bala anjaneyar Temple,S09,real,CBE,002,790.5172248197204,"proxy: straight-line distance to synthetic bins, not resident walking access",Coimbatore
n/3961274628,3961274628.0,node,76.9417232,11.0809794,greengrocer,Thudiyalur Daily Market,S09,real,CBE,002,678.1975953623129,"proxy: straight-line distance to synthetic bins, not resident walking access",Coimbatore
n/3961276290,3961276290.0,node,76.9415174,11.080961,food_court,Hotel Sathar Rowther,S09,real,CBE,002,657.5965973652382,"proxy: straight-line distance to synthetic bins, not resident walking access",Coimbatore
n/3961276291,3961276291.0,node,76.9413432,11.0814777,food_court,Hotel Saravana Bhavan,S09,real,CBE,002,672.0298224049949,"proxy: straight-line distance to synthetic bins, not resident walking access",Coimbatore
n/3961281698,3961281698.0,node,76.9419778,11.0776456,cinema,Murugan cinemas,S09,real,CBE,001,622.5980145249977,"proxy: straight-line distance to synthetic bins, not resident walking access",Coimbatore
n/3961281699,3961281699.0,node,76.9409426,11.0814333,fuel,Bharat Petroleum,S09,real,CBE,001,633.6213608775541,"proxy: straight-line distance to synthetic bins, not resident walking access",Coimbatore
n/3964515538,3964515538.0,node,76.962161,10.9977678,furniture,Elite Furniture Mart,S09,real,CBE,082,163.57949455732987,"proxy: straight-line distance to synthetic bins, not resident walking access",Coimbatore
n/3964515539,3964515539.0,node,76.9635551,11.0098975,furniture,Elite Furniture Mart,S09,real,CBE,067,563.7706637685649,"proxy: straight-line distance to synthetic bins, not resident walking access",Coimbatore
n/3999484792,3999484792.0,node,76.9008561,11.023021,place_of_worship,Vinayagar Kovil,S09,real,CBE,039,275.9892022127261,"proxy: straight-line distance to synthetic bins, not resident walking access",Coimbatore
n/4036175829,4036175829.0,node,76.9443642,11.0813252,post_office,Thudiyalur Post Office,S09,real,CBE,002,955.1733160534742,"proxy: straight-line distance to synthetic bins, not resident walking access",Coimbatore
n/4036183561,4036183561.0,node,76.9407907,11.0812968,atm,State Bank of India,S09,real,CBE,001,611.2926068754745,"proxy: straight-line distance to synthetic bins, not resident walking access",Coimbatore
n/4036184659,4036184659.0,node,76.9415383,11.0808927,mobile_phone,The Chennai Mobiles,S09,real,CBE,002,655.8760063412979,"proxy: straight-line distance to synthetic bins, not resident walking access",Coimbatore
n/4078010260,4078010260.0,node,76.9645144,11.000737,switch,,S09,real,CBE,083,140.50727936625245,"proxy: straight-line distance to synthetic bins, not resident walking access",Coimbatore
n/4078010268,4078010268.0,node,76.9561494,11.0162423,switch,,S09,real,CBE,069,362.56950121043474,"proxy: straight-line distance to synthetic bins, not resident walking access",Coimbatore
n/4078505365,4078505365.0,node,76.9824028,10.9989009,supermarket,Big Bazaar,S09,real,CBE,083,411.7184601757891,"proxy: straight-line distance to synthetic bins, not resident walking access",Coimbatore
n/4078505530,4078505530.0,node,76.9769123,11.0173902,clinic,Iswarya Fertility Test Tube Baby and Research Centre,S09,real,CBE,067,265.28589012309834,"proxy: straight-line distance to synthetic bins, not resident walking access",Coimbatore
n/4132229797,4132229797.0,node,76.9850759,11.0068704,atm,Syndicate Bank,S09,real,CBE,066,169.0075835907041,"proxy: straight-line distance to synthetic bins, not resident walking access",Coimbatore
n/4132349765,4132349765.0,node,76.9844573,11.0113887,restaurant,Hotel Zone,S09,real,CBE,066,348.9987492936153,"proxy: straight-line distance to synthetic bins, not resident walking access",Coimbatore
n/4134915053,4134915053.0,node,76.984613,11.0090849,bank,HDFC Bank,S09,real,CBE,066,394.6665358067647,"proxy: straight-line distance to synthetic bins, not resident walking access",Coimbatore
n/4134915318,4134915318.0,node,76.9843716,11.0089059,restaurant,Birds on Nest,S09,real,CBE,066,390.76048577471306,"proxy: straight-line distance to synthetic bins, not resident walking access",Coimbatore
n/4147251489,4147251489.0,node,76.9032392,11.0282137,hairdresser,Barani's Saloon,S09,real,CBE,037,104.15286091024808,"proxy: straight-line distance to synthetic bins, not resident walking access",Coimbatore
n/4164913048,4164913048.0,node,76.9748121,10.9881217,buffer_stop,,S09,real,CBE,084,231.7071906028776,"proxy: straight-line distance to synthetic bins, not resident walking access",Coimbatore
n/4164913068,4164913068.0,node,76.969944,10.9915869,switch,,S09,real,CBE,082,241.5004142581624,"proxy: straight-line distance to synthetic bins, not resident walking access",Coimbatore
n/4164913077,4164913077.0,node,76.9688236,10.9932142,switch,,S09,real,CBE,082,53.75383357420354,"proxy: straight-line distance to synthetic bins, not resident walking access",Coimbatore
n/4164913078,4164913078.0,node,76.968695,10.9936108,switch,,S09,real,CBE,083,45.4512443767473,"proxy: straight-line distance to synthetic bins, not resident walking access",Coimbatore
n/4164913079,4164913079.0,node,76.9683609,10.9940721,switch,,S09,real,CBE,082,96.68860821748552,"proxy: straight-line distance to synthetic bins, not resident walking access",Coimbatore
n/4164916509,4164916509.0,node,76.9678502,10.9950002,switch,,S09,real,CBE,082,173.5617867396653,"proxy: straight-line distance to synthetic bins, not resident walking access",Coimbatore
n/4164916511,4164916511.0,node,76.9679235,10.9947857,switch,,S09,real,CBE,082,153.30950475280727,"proxy: straight-line distance to synthetic bins, not resident walking access",Coimbatore
n/4164916515,4164916515.0,node,76.9674882,10.9952377,switch,,S09,real,CBE,082,194.0825865919098,"proxy: straight-line distance to synthetic bins, not resident walking access",Coimbatore
n/4164916526,4164916526.0,node,76.9668381,10.995601,switch,,S09,real,CBE,082,243.35102261846865,"proxy: straight-line distance to synthetic bins, not resident walking access",Coimbatore
n/4164916533,4164916533.0,node,76.9651858,10.9980615,buffer_stop,,S09,real,CBE,082,436.0853719565347,"proxy: straight-line distance to synthetic bins, not resident walking access",Coimbatore
n/4164916542,4164916542.0,node,76.9647537,11.0003518,switch,,S09,real,CBE,083,190.1718486370944,"proxy: straight-line distance to synthetic bins, not resident walking access",Coimbatore
n/4164916543,4164916543.0,node,76.9643632,11.000729,switch,,S09,real,CBE,082,131.40246456920963,"proxy: straight-line distance to synthetic bins, not resident walking access",Coimbatore
n/4164916545,4164916545.0,node,76.9640366,11.0014623,switch,,S09,real,CBE,082,46.51674686379428,"proxy: straight-line distance to synthetic bins, not resident walking access",Coimbatore
n/4185045390,4185045390.0,node,76.9642774,11.0149765,clinic,Clarity Imaging Centre,S09,real,CBE,067,269.0727923641035,"proxy: straight-line distance to synthetic bins, not resident walking access",Coimbatore
n/4191986836,4191986836.0,node,76.989969,11.0170272,travel_agency,Hindustan Travels,S09,real,CBE,049,183.20468299174317,"proxy: straight-line distance to synthetic bins, not resident walking access",Coimbatore
n/4203547389,4203547389.0,node,76.9103076,11.0234149,clinic,Microbiological Laboratory,S09,real,CBE,040,417.1193992085283,"proxy: straight-line distance to synthetic bins, not resident walking access",Coimbatore
n/4203547489,4203547489.0,node,76.9995924,11.022178,restaurant,,S09,real,CBE,052,211.9535799282802,"proxy: straight-line distance to synthetic bins, not resident walking access",Coimbatore
n/4224994193,4224994193.0,node,76.9059765,11.0247829,dentist,Sree Krishna,S09,real,CBE,039,380.5761042868257,"proxy: straight-line distance to synthetic bins, not resident walking access",Coimbatore
n/4229311789,4229311789.0,node,76.9488145,11.0122971,fast_food,Sandwich,S09,real,CBE,071,134.1110420937642,"proxy: straight-line distance to synthetic bins, not resident walking access",Coimbatore
n/4235045990,4235045990.0,node,76.9730421,10.994968,atm,,S09,real,CBE,083,455.2830051873349,"proxy: straight-line distance to synthetic bins, not resident walking access",Coimbatore
n/4235060189,4235060189.0,node,76.9602618,10.9916037,community_centre,Environment Conservation Group,S09,real,CBE,082,212.97646525048876,"proxy: straight-line distance to synthetic bins, not resident walking access",Coimbatore
n/4235060389,4235060389.0,node,76.9737163,10.9950366,atm,IDBI Bank,S09,real,CBE,083,527.6288283485809,"proxy: straight-line distance to synthetic bins, not resident walking access",Coimbatore
n/4235060589,4235060589.0,node,76.9717168,10.9948865,bank,Yes Bank,S09,real,CBE,083,318.0130454915159,"proxy: straight-line distance to synthetic bins, not resident walking access",Coimbatore
n/4235065498,4235065498.0,node,76.9609226,10.9953065,place_of_worship,5 Corner Mosque,S09,real,CBE,082,102.95074935706644,"proxy: straight-line distance to synthetic bins, not resident walking access",Coimbatore
n/4235065590,4235065590.0,node,76.9619466,10.9905053,place_of_worship,Mosque - Kerala Muslim Jamaat,S09,real,CBE,082,148.9654195438901,"proxy: straight-line distance to synthetic bins, not resident walking access",Coimbatore
n/4237207217,4237207217.0,node,76.9699637,11.0080824,social_centre,Officers Club,S09,real,CBE,067,413.6346276317464,"proxy: straight-line distance to synthetic bins, not resident walking access",Coimbatore
n/4240851701,4240851701.0,node,76.9021316,11.0249685,department_store,Day to Day,S09,real,CBE,039,322.9504377789164,"proxy: straight-line distance to synthetic bins, not resident walking access",Coimbatore
n/4258613289,4258613289.0,node,76.910828,11.0233164,department_store,Kovai Pazhamudir Nilayam,S09,real,CBE,040,392.8200684291693,"proxy: straight-line distance to synthetic bins, not resident walking access",Coimbatore
n/4259650392,4259650392.0,node,77.0328061,11.0018351,hospital,Ortho One,S09,real,CBE,059,73.64187824459101,"proxy: straight-line distance to synthetic bins, not resident walking access",Coimbatore
n/4264495536,4264495536.0,node,76.9419147,11.0809237,toilets,,S09,real,CBE,002,693.6998306735169,"proxy: straight-line distance to synthetic bins, not resident walking access",Coimbatore
n/4264495547,4264495547.0,node,76.9419123,11.0808663,toilets,Free Toilet,S09,real,CBE,002,690.5407896679122,"proxy: straight-line distance to synthetic bins, not resident walking access",Coimbatore
n/4268063853,4268063853.0,node,76.9766043,11.0362328,greengrocer,,S09,real,CBE,030,152.42159455488533,"proxy: straight-line distance to synthetic bins, not resident walking access",Coimbatore
n/4268063854,4268063854.0,node,76.9766888,11.0361209,greengrocer,,S09,real,CBE,030,159.53577939431491,"proxy: straight-line distance to synthetic bins, not resident walking access",Coimbatore
n/4270399789,4270399789.0,node,76.9682045,11.0028383,hardware,Jayachandra Bearings Pvt Ltd,S09,real,CBE,083,346.6073791837142,"proxy: straight-line distance to synthetic bins, not resident walking access",Coimbatore
n/4271855293,4271855293.0,node,77.0117906,11.0250245,bank,Dhanalaxmi Bank,S09,real,CBE,024,526.0124657458665,"proxy: straight-line distance to synthetic bins, not resident walking access",Coimbatore
n/4273581192,4273581192.0,node,76.9702877,11.0166623,bakery,Sri Prasana Lakshmi bakery,S09,real,CBE,067,298.8444942961486,"proxy: straight-line distance to synthetic bins, not resident walking access",Coimbatore
n/4273581391,4273581391.0,node,76.9606716,11.0064076,cafe,Avin Store,S09,real,CBE,070,566.6941378024176,"proxy: straight-line distance to synthetic bins, not resident walking access",Coimbatore
n/4273661190,4273661190.0,node,76.978713,11.0213678,bakery,Kings Bakers,S09,real,CBE,048,126.95254381921389,"proxy: straight-line distance to synthetic bins, not resident walking access",Coimbatore
n/4275430420,4275430420.0,node,76.9427442,11.0827084,hospital,Government Urban Primary Health Center,S09,real,CBE,002,875.7844025909662,"proxy: straight-line distance to synthetic bins, not resident walking access",Coimbatore
n/4275440919,4275440919.0,node,76.9428376,11.0833495,toilets,Corporation Toilet,S09,real,CBE,002,927.4830675437942,"proxy: straight-line distance to synthetic bins, not resident walking access",Coimbatore
n/4277722890,4277722890.0,node,76.9473198,11.0118502,cosmetics,Aishu's,S09,real,CBE,071,37.00143530811824,"proxy: straight-line distance to synthetic bins, not resident walking access",Coimbatore
n/4277722989,4277722989.0,node,76.9470525,11.0117772,department_store,Green Basket,S09,real,CBE,071,67.10467226094484,"proxy: straight-line distance to synthetic bins, not resident walking access",Coimbatore
n/4280076604,4280076604.0,node,76.9977962,11.0005867,convenience,Ration Shop,S09,real,CBE,064,125.71772793071796,"proxy: straight-line distance to synthetic bins, not resident walking access",Coimbatore
n/4280078504,4280078504.0,node,76.9969946,11.0003918,place_of_worship,Vazhampuri Vinayagar Temple,S09,real,CBE,064,165.48125063247258,"proxy: straight-line distance to synthetic bins, not resident walking access",Coimbatore
n/4280209191,4280209191.0,node,76.9986783,10.9970453,supermarket,Nilgiri's,S09,real,CBE,063,112.86934834552544,"proxy: straight-line distance to synthetic bins, not resident walking access",Coimbatore
n/4284081248,4284081248.0,node,76.9423273,11.0801631,bakery,Ragam Bakery,S09,real,CBE,001,701.0881310367848,"proxy: straight-line distance to synthetic bins, not resident walking access",Coimbatore
n/4284086363,4284086363.0,node,76.9424989,11.0801279,computer,,S09,real,CBE,001,717.4748346692988,"proxy: straight-line distance to synthetic bins, not resident walking access",Coimbatore
n/4287911991,4287911991.0,node,76.988451,11.0115878,car_repair,Fiat Service Station (CAI),S09,real,CBE,066,201.2839194612066,"proxy: straight-line distance to synthetic bins, not resident walking access",Coimbatore
n/4288509871,4288509871.0,node,76.9343155,11.0103722,university,TNAU Play Ground,S09,real,CBE,074,602.0555195244685,"proxy: straight-line distance to synthetic bins, not resident walking access",Coimbatore
n/4288509873,4288509873.0,node,76.9367436,11.0133678,bank,State Bank of India,S09,real,CBE,074,461.27115687036365,"proxy: straight-line distance to synthetic bins, not resident walking access",Coimbatore
n/4288600146,4288600146.0,node,76.9444445,11.009435,fast_food,Pizza Paradise,S09,real,CBE,071,263.1442852207105,"proxy: straight-line distance to synthetic bins, not resident walking access",Coimbatore
n/4292832669,4292832669.0,node,76.9568487,11.0005915,place_of_worship,New Sowdeshwari Amman Temple,S09,real,CBE,070,89.21192240294548,"proxy: straight-line distance to synthetic bins, not resident walking access",Coimbatore
n/4292832670,4292832670.0,node,76.961149,11.0056432,place_of_worship,CHURCH,S09,real,CBE,070,485.2393161708784,"proxy: straight-line distance to synthetic bins, not resident walking access",Coimbatore
n/4292856089,4292856089.0,node,76.9558525,11.007819,theatre,Shanmuga Theater,S09,real,CBE,070,405.1443490594752,"proxy: straight-line distance to synthetic bins, not resident walking access",Coimbatore
n/4292857667,4292857667.0,node,76.9554741,11.0049401,marketplace,FLOWER MARKET,S09,real,CBE,072,261.68110048362746,"proxy: straight-line distance to synthetic bins, not resident walking access",Coimbatore
n/4315800697,4315800697.0,node,76.9539881,11.0153158,hospital,Aravind Eye Hospital (City Centre),S09,real,CBE,071,439.3212695443959,"proxy: straight-line distance to synthetic bins, not resident walking access",Coimbatore
n/4316688218,4316688218.0,node,76.9042641,11.0287553,post_office,Vadavalli Sub Post Office,S09,real,CBE,037,136.1987849590019,"proxy: straight-line distance to synthetic bins, not resident walking access",Coimbatore
n/4316688505,4316688505.0,node,76.9353566,11.0110881,post_office,Post Office - Lawley Road,S09,real,CBE,074,560.8284985905939,"proxy: straight-line distance to synthetic bins, not resident walking access",Coimbatore
n/4316719596,4316719596.0,node,76.9321644,11.0137174,childcare,Agricultural University - Nursery,S09,real,CBE,074,250.7403899332046,"proxy: straight-line distance to synthetic bins, not resident walking access",Coimbatore
n/4320846090,4320846090.0,node,76.9758799,11.0553277,place_of_worship,working ofdice,S09,real,CBE,012,698.015307383022,"proxy: straight-line distance to synthetic bins, not resident walking access",Coimbatore
n/4327632289,4327632289.0,node,76.8881942,11.0229236,restaurant,Parambaryam,S09,real,CBE,039,1071.8405051589532,"proxy: straight-line distance to synthetic bins, not resident walking access",Coimbatore
n/4329521391,4329521391.0,node,76.901891,11.0286067,bank,ICICI Bank,S09,real,CBE,037,251.0099248854076,"proxy: straight-line distance to synthetic bins, not resident walking access",Coimbatore
n/4329521392,4329521392.0,node,76.9018882,11.0285165,atm,ICICI Bank,S09,real,CBE,037,246.8801200577866,"proxy: straight-line distance to synthetic bins, not resident walking access",Coimbatore
n/4329534690,4329534690.0,node,76.9106167,11.0132832,bank,Co-operative Credit Society (e-centre),S09,real,CBE,040,466.8204380370528,"proxy: straight-line distance to synthetic bins, not resident walking access",Coimbatore
n/4329536290,4329536290.0,node,76.9016464,11.0284528,bakery,Anjali Bakery,S09,real,CBE,037,268.3874470116066,"proxy: straight-line distance to synthetic bins, not resident walking access",Coimbatore
n/4329536291,4329536291.0,node,76.9018624,11.0287438,atm,City Union Bank,S09,real,CBE,037,261.00856669241483,"proxy: straight-line distance to synthetic bins, not resident walking access",Coimbatore
n/4332602994,4332602994.0,node,76.9759499,11.0192898,bakery,JAYA BAKERS,S09,real,CBE,048,272.0976727320141,"proxy: straight-line distance to synthetic bins, not resident walking access",Coimbatore
n/4338401492,4338401492.0,node,76.9934538,10.9923913,electronics,RK Systems,S09,real,CBE,065,246.7507566536984,"proxy: straight-line distance to synthetic bins, not resident walking access",Coimbatore
n/4338438493,4338438493.0,node,76.9934918,10.9923903,clinic,Acupuncture Home,S09,real,CBE,065,249.54456331176567,"proxy: straight-line distance to synthetic bins, not resident walking access",Coimbatore
n/4339374028,4339374028.0,node,76.9435572,11.0844296,crematorium,Crematorium,S09,real,CBE,002,1057.0197720680385,"proxy: straight-line distance to synthetic bins, not resident walking access",Coimbatore
n/4339377301,4339377301.0,node,76.91343,11.0574171,fuel,Gas Station,S09,real,CBE,016,401.5449658544287,"proxy: straight-line distance to synthetic bins, not resident walking access",Coimbatore
n/4341285025,4341285025.0,node,76.978312,11.0342408,dentist,BM Dental Clinic,S09,real,CBE,030,37.14740418786784,"proxy: straight-line distance to synthetic bins, not resident walking access",Coimbatore
n/4354539834,4354539834.0,node,76.9473361,11.0120938,money_lender,Sri Nithyakalyani Chit Funds Private Ltd,S09,real,CBE,071,33.925695362484966,"proxy: straight-line distance to synthetic bins, not resident walking access",Coimbatore
n/4356098790,4356098790.0,node,76.9500524,11.0061313,restaurant,Siruvani,S09,real,CBE,072,152.38503105070106,"proxy: straight-line distance to synthetic bins, not resident walking access",Coimbatore
n/4358577289,4358577289.0,node,76.9515678,11.0102759,furniture,,S09,real,CBE,071,180.2371073575001,"proxy: straight-line distance to synthetic bins, not resident walking access",Coimbatore
n/4373086692,4373086692.0,node,76.9488568,11.014841,pharmacy,,S09,real,CBE,071,342.9285605348574,"proxy: straight-line distance to synthetic bins, not resident walking access",Coimbatore
n/4373090593,4373090593.0,node,76.9491827,11.0149091,atm,Corporation Bank,S09,real,CBE,071,365.0341185110283,"proxy: straight-line distance to synthetic bins, not resident walking access",Coimbatore
n/4375571289,4375571289.0,node,77.0369506,11.0627549,bakery,Kurinji Bakes & Restaurant,S09,real,CBE,008,187.3014217101955,"proxy: straight-line distance to synthetic bins, not resident walking access",Coimbatore
n/4379089190,4379089190.0,node,76.954633,11.0139732,electronics,Bosch,S09,real,CBE,071,350.0133798216481,"proxy: straight-line distance to synthetic bins, not resident walking access",Coimbatore
n/4379089191,4379089191.0,node,77.0118515,11.0250309,laundry,,S09,real,CBE,024,523.5859205713641,"proxy: straight-line distance to synthetic bins, not resident walking access",Coimbatore
n/4379089490,4379089490.0,node,76.9061453,11.0255152,supermarket,,S09,real,CBE,038,331.739709063143,"proxy: straight-line distance to synthetic bins, not resident walking access",Coimbatore
n/4379089792,4379089792.0,node,76.906045,11.0258512,pharmacy,,S09,real,CBE,038,298.94075636351675,"proxy: straight-line distance to synthetic bins, not resident walking access",Coimbatore
n/4379089793,4379089793.0,node,76.9543624,11.0140006,hospital,"Lotus Eye Care Hospital, Coimbatore",S09,real,CBE,071,333.15395413373847,"proxy: straight-line distance to synthetic bins, not resident walking access",Coimbatore
n/4379089794,4379089794.0,node,76.9506658,11.01004,furniture,Nilgiri Furniture World,S09,real,CBE,071,265.05053923209675,"proxy: straight-line distance to synthetic bins, not resident walking access",Coimbatore
n/4379109690,4379109690.0,node,76.9062314,11.0259109,atm,HDFC Bank,S09,real,CBE,036,306.2765266734979,"proxy: straight-line distance to synthetic bins, not resident walking access",Coimbatore
n/4379170290,4379170290.0,node,76.9545117,11.0136634,books,,S09,real,CBE,071,316.0511566039817,"proxy: straight-line distance to synthetic bins, not resident walking access",Coimbatore
n/4379170291,4379170291.0,node,77.0116823,11.0250059,atm,Dhanlaxmi Bank,S09,real,CBE,024,531.2738682205465,"proxy: straight-line distance to synthetic bins, not resident walking access",Coimbatore
n/4379170292,4379170292.0,node,77.0117139,11.0250104,clothes,,S09,real,CBE,024,529.8143564562818,"proxy: straight-line distance to synthetic bins, not resident walking access",Coimbatore
n/4379178489,4379178489.0,node,76.9099736,11.0234571,atm,South Indian Bank,S09,real,CBE,040,433.91038526763066,"proxy: straight-line distance to synthetic bins, not resident walking access",Coimbatore
n/4379178789,4379178789.0,node,76.9062543,11.0260321,supermarket,Nilgiri's,S09,real,CBE,036,296.3194353135977,"proxy: straight-line distance to synthetic bins, not resident walking access",Coimbatore
n/4379178989,4379178989.0,node,76.9063686,11.0255585,atm,State Bank of India,S09,real,CBE,036,320.4196654423586,"proxy: straight-line distance to synthetic bins, not resident walking access",Coimbatore
n/4379179689,4379179689.0,node,76.9543058,11.0139535,furniture,,S09,real,CBE,071,325.2340105445448,"proxy: straight-line distance to synthetic bins, not resident walking access",Coimbatore
n/4379180089,4379180089.0,node,77.0124106,11.0246693,restaurant,,S09,real,CBE,024,550.9830705036394,"proxy: straight-line distance to synthetic bins, not resident walking access",Coimbatore
n/4391392491,4391392491.0,node,77.0113685,11.0249124,photo,,S09,real,CBE,024,551.843837001494,"proxy: straight-line distance to synthetic bins, not resident walking access",Coimbatore
n/4391415689,4391415689.0,node,76.9881268,11.0144617,clothes,,S09,real,CBE,066,69.29722408026578,"proxy: straight-line distance to synthetic bins, not resident walking access",Coimbatore
n/4391415789,4391415789.0,node,76.9016732,11.0249031,jewelry,,S09,real,CBE,038,272.7259854302587,"proxy: straight-line distance to synthetic bins, not resident walking access",Coimbatore
n/4391415889,4391415889.0,node,76.950625,11.0082677,clothes,,S09,real,CBE,072,96.88856874751863,"proxy: straight-line distance to synthetic bins, not resident walking access",Coimbatore
n/4402075589,4402075589.0,node,76.9990529,11.0098575,place_of_worship,Raja Ganapathy,S09,real,CBE,050,447.96222955492505,"proxy: straight-line distance to synthetic bins, not resident walking access",Coimbatore
n/4402079981,4402079981.0,node,76.9857304,11.0053001,yes,Station Canteen,S09,real,CBE,066,92.5660483400152,"proxy: straight-line distance to synthetic bins, not resident walking access",Coimbatore
n/4402079982,4402079982.0,node,76.9879176,11.0051924,hospital,ECHS,S09,real,CBE,066,195.40312562561644,"proxy: straight-line distance to synthetic bins, not resident walking access",Coimbatore
n/4402079983,4402079983.0,node,76.9876533,11.0053321,hospital,ECHS Polyclinic,S09,real,CBE,066,162.71602671369013,"proxy: straight-line distance to synthetic bins, not resident walking access",Coimbatore
n/4402392298,4402392298.0,node,76.9930152,11.0042329,place_of_worship,Puliakulam Vinayaka Temple,S09,real,CBE,066,153.6049046762288,"proxy: straight-line distance to synthetic bins, not resident walking access",Coimbatore
n/4402543215,4402543215.0,node,76.9435711,11.0826071,place_of_worship,Temple,S09,real,CBE,002,943.956557522065,"proxy: straight-line distance to synthetic bins, not resident walking access",Coimbatore
n/4405255689,4405255689.0,node,76.9973447,11.0224079,clothes,,S09,real,CBE,027,39.36970473386808,"proxy: straight-line distance to synthetic bins, not resident walking access",Coimbatore
n/4405255789,4405255789.0,node,76.9022222,11.0252977,atm,,S09,real,CBE,038,313.16094730324136,"proxy: straight-line distance to synthetic bins, not resident walking access",Coimbatore
n/4405258290,4405258290.0,node,76.9181459,11.02043,fuel,HP,S09,real,CBE,041,241.5043889899732,"proxy: straight-line distance to synthetic bins, not resident walking access",Coimbatore
n/4405634703,4405634703.0,node,76.9176168,11.0213717,car_repair,,S09,real,CBE,036,245.7261155552293,"proxy: straight-line distance to synthetic bins, not resident walking access",Coimbatore
n/4405699489,4405699489.0,node,76.9172574,11.0213824,bakery,,S09,real,CBE,036,236.1526596316324,"proxy: straight-line distance to synthetic bins, not resident walking access",Coimbatore
n/4407111789,4407111789.0,node,76.9566183,11.0249824,bookmaker,,S09,real,CBE,068,236.2110297882901,"proxy: straight-line distance to synthetic bins, not resident walking access",Coimbatore
n/4407829092,4407829092.0,node,76.9564023,11.0248424,hospital,,S09,real,CBE,068,231.5795692460627,"proxy: straight-line distance to synthetic bins, not resident walking access",Coimbatore
n/4421640990,4421640990.0,node,76.9055811,11.0247244,hospital,Baalaje Hospital,S09,real,CBE,039,362.5385738696535,"proxy: straight-line distance to synthetic bins, not resident walking access",Coimbatore
n/4423012490,4423012490.0,node,77.0195057,11.0314993,post_office,,S09,real,CBE,024,312.2548853310128,"proxy: straight-line distance to synthetic bins, not resident walking access",Coimbatore
n/4426138044,4426138044.0,node,76.9438015,11.0827376,place_of_worship,,S09,real,CBE,002,972.9467453555498,"proxy: straight-line distance to synthetic bins, not resident walking access",Coimbatore
n/4426138045,4426138045.0,node,76.9437532,11.0826406,place_of_worship,sadachiamman temple,S09,real,CBE,002,962.7493227092564,"proxy: straight-line distance to synthetic bins, not resident walking access",Coimbatore
n/4426169970,4426169970.0,node,76.9416706,11.0801641,taxi,Thudiyalur Auto Stand,S09,real,CBE,001,634.0968640316272,"proxy: straight-line distance to synthetic bins, not resident walking access",Coimbatore
n/4426171975,4426171975.0,node,76.9409348,11.0782349,hospital,"Sri Lakshmi Hospital, Coimbatore",S09,real,CBE,001,507.8995162944038,"proxy: straight-line distance to synthetic bins, not resident walking access",Coimbatore
n/4426177988,4426177988.0,node,76.9415044,11.0773772,electronics,Reliance Digital Express Mini,S09,real,CBE,001,573.8602944959539,"proxy: straight-line distance to synthetic bins, not resident walking access",Coimbatore
n/4426180467,4426180467.0,node,76.9438706,11.06477,bank,Repco Bank,S09,real,CBE,014,389.9461873461758,"proxy: straight-line distance to synthetic bins, not resident walking access",Coimbatore
n/4428935398,4428935398.0,node,76.8974318,11.0285867,bank,,S09,real,CBE,037,451.789109153978,"proxy: straight-line distance to synthetic bins, not resident walking access",Coimbatore
n/4428943992,4428943992.0,node,76.9472389,11.0098536,bicycle,,S09,real,CBE,071,240.0383382773365,"proxy: straight-line distance to synthetic bins, not resident walking access",Coimbatore
n/4428948994,4428948994.0,node,76.947335,11.0098828,hairdresser,Toni & Guy,S09,real,CBE,071,235.20168932626385,"proxy: straight-line distance to synthetic bins, not resident walking access",Coimbatore
n/4428948995,4428948995.0,node,76.9506435,11.0082021,bakery,,S09,real,CBE,072,89.3724056218021,"proxy: straight-line distance to synthetic bins, not resident walking access",Coimbatore
n/4428976989,4428976989.0,node,76.8974935,11.0285939,atm,,S09,real,CBE,037,449.7089695814373,"proxy: straight-line distance to synthetic bins, not resident walking access",Coimbatore
n/4432729289,4432729289.0,node,76.9700185,11.0063314,toys,,S09,real,CBE,083,568.5974418254364,"proxy: straight-line distance to synthetic bins, not resident walking access",Coimbatore
n/4436411991,4436411991.0,node,76.9448811,11.0594336,restaurant,,S09,real,CBE,013,211.78020745628976,"proxy: straight-line distance to synthetic bins, not resident walking access",Coimbatore
n/4436457189,4436457189.0,node,76.9550568,11.0788289,bakery,,S09,real,CBE,002,594.4568645986382,"proxy: straight-line distance to synthetic bins, not resident walking access",Coimbatore
n/4445038490,4445038490.0,node,76.9385853,11.0207755,place_of_worship,vinayaga temple,S09,real,CBE,069,400.5078417727081,"proxy: straight-line distance to synthetic bins, not resident walking access",Coimbatore
n/4445057790,4445057790.0,node,76.9351837,11.0172007,school,ece department,S09,real,CBE,074,267.6269782528262,"proxy: straight-line distance to synthetic bins, not resident walking access",Coimbatore
n/4445057791,4445057791.0,node,76.9383163,11.020079,cafe,breeze,S09,real,CBE,069,337.1177048840465,"proxy: straight-line distance to synthetic bins, not resident walking access",Coimbatore
n/4445059689,4445059689.0,node,76.9397882,11.017423,place_of_worship,vinayaga temple,S09,real,CBE,074,32.43442877507926,"proxy: straight-line distance to synthetic bins, not resident walking access",Coimbatore
n/4450449989,4450449989.0,node,76.963933,10.9875675,police,,S09,real,CBE,086,373.3716748672136,"proxy: straight-line distance to synthetic bins, not resident walking access",Coimbatore
n/4456065693,4456065693.0,node,76.9060609,11.0247777,bank,Union Bank,S09,real,CBE,039,386.5207107773141,"proxy: straight-line distance to synthetic bins, not resident walking access",Coimbatore
n/4456066790,4456066790.0,node,76.9006914,11.0248747,greengrocer,,S09,real,CBE,039,165.41885391693117,"proxy: straight-line distance to synthetic bins, not resident walking access",Coimbatore
n/4456093790,4456093790.0,node,76.9017732,11.025204,greengrocer,,S09,real,CBE,038,285.83348464691244,"proxy: straight-line distance to synthetic bins, not resident walking access",Coimbatore
n/4456100789,4456100789.0,node,76.9700236,11.0062423,car_parts,,S09,real,CBE,083,564.9579523061618,"proxy: straight-line distance to synthetic bins, not resident walking access",Coimbatore
n/4456100791,4456100791.0,node,76.9008472,11.0251192,atm,,S09,real,CBE,038,184.2716417632757,"proxy: straight-line distance to synthetic bins, not resident walking access",Coimbatore
n/4456100889,4456100889.0,node,76.9700235,11.0061773,car_parts,,S09,real,CBE,083,562.0150750987889,"proxy: straight-line distance to synthetic bins, not resident walking access",Coimbatore
n/4456101289,4456101289.0,node,76.9062153,11.0259882,atm,Axis Bank,S09,real,CBE,036,302.611373927688,"proxy: straight-line distance to synthetic bins, not resident walking access",Coimbatore
n/4463666490,4463666490.0,node,76.9482085,11.0096192,mobile_phone,,S09,real,CBE,072,269.7505666310376,"proxy: straight-line distance to synthetic bins, not resident walking access",Coimbatore
n/4463705590,4463705590.0,node,76.9545598,11.0107208,car,,S09,real,CBE,071,249.6786380119503,"proxy: straight-line distance to synthetic bins, not resident walking access",Coimbatore
n/4470920289,4470920289.0,node,76.9563626,11.008577,clinic,,S09,real,CBE,069,305.42555862410006,"proxy: straight-line distance to synthetic bins, not resident walking access",Coimbatore
n/4472726820,4472726820.0,node,76.9489909,11.0148532,hospital,Vijaya Hospitals,S09,real,CBE,071,350.1516599747274,"proxy: straight-line distance to synthetic bins, not resident walking access",Coimbatore
n/4479014898,4479014898.0,node,76.9483376,11.0027425,confectionery,,S09,real,CBE,072,68.34189500520313,"proxy: straight-line distance to synthetic bins, not resident walking access",Coimbatore
n/4483279189,4483279189.0,node,76.9481534,11.0026647,place_of_worship,,S09,real,CBE,073,62.56591567828883,"proxy: straight-line distance to synthetic bins, not resident walking access",Coimbatore
n/4492369890,4492369890.0,node,76.959407,10.9943756,jewelry,,S09,real,CBE,081,145.77558811182064,"proxy: straight-line distance to synthetic bins, not resident walking access",Coimbatore
n/4497872391,4497872391.0,node,76.8926297,11.027528,place_of_worship,,S09,real,CBE,038,454.8276728799391,"proxy: straight-line distance to synthetic bins, not resident walking access",Coimbatore
n/4510168491,4510168491.0,node,76.9147912,11.0219737,fuel,Bharat Petroleum,S09,real,CBE,041,291.2592992911904,"proxy: straight-line distance to synthetic bins, not resident walking access",Coimbatore
n/4510178590,4510178590.0,node,76.9150747,11.0216613,bakery,,S09,real,CBE,041,289.6856678384128,"proxy: straight-line distance to synthetic bins, not resident walking access",Coimbatore
n/4510192689,4510192689.0,node,76.9148968,11.0219222,atm,Indian Overseas Bank,S09,real,CBE,041,285.36895101846426,"proxy: straight-line distance to synthetic bins, not resident walking access",Coimbatore
n/4510663590,4510663590.0,node,76.9475939,11.0265248,hospital,"Shri Hari Hospital, Coimbatore",S09,real,CBE,069,371.3587991607376,"proxy: straight-line distance to synthetic bins, not resident walking access",Coimbatore
n/4512893172,4512893172.0,node,76.9947602,11.0338077,switch,,S09,real,CBE,027,453.9829260997611,"proxy: straight-line distance to synthetic bins, not resident walking access",Coimbatore
n/4512893177,4512893177.0,node,77.0032084,11.0325678,level_crossing,,S09,real,CBE,026,606.6926300617005,"proxy: straight-line distance to synthetic bins, not resident walking access",Coimbatore
n/4512893920,4512893920.0,node,77.0372611,11.0138754,level_crossing,,S09,real,CBE,054,252.34671359198296,"proxy: straight-line distance to synthetic bins, not resident walking access",Coimbatore
n/4512893925,4512893925.0,node,77.0391191,11.0124691,station,Singanallur,S09,real,CBE,055,115.08990589619182,"proxy: straight-line distance to synthetic bins, not resident walking access",Coimbatore
n/4512893938,4512893938.0,node,77.0488913,11.0108693,level_crossing,,S09,real,CBE,056,428.1725758954781,"proxy: straight-line distance to synthetic bins, not resident walking access",Coimbatore
n/4517337518,4517337518.0,node,76.9474069,11.0118654,cosmetics,,S09,real,CBE,071,27.747810601455228,"proxy: straight-line distance to synthetic bins, not resident walking access",Coimbatore
n/4517355604,4517355604.0,node,76.97052,11.008244,atm,State Bank of India,S09,real,CBE,067,426.2606330704788,"proxy: straight-line distance to synthetic bins, not resident walking access",Coimbatore
n/4518093567,4518093567.0,node,77.0527527,11.0108877,crossing,,S09,real,CBE,056,184.58600021937252,"proxy: straight-line distance to synthetic bins, not resident walking access",Coimbatore
n/4518093568,4518093568.0,node,77.0527111,11.0108378,crossing,,S09,real,CBE,056,191.69644567314916,"proxy: straight-line distance to synthetic bins, not resident walking access",Coimbatore
n/4518093583,4518093583.0,node,77.0457407,11.0108976,crossing,,S09,real,CBE,056,450.1488272597092,"proxy: straight-line distance to synthetic bins, not resident walking access",Coimbatore
n/4518093584,4518093584.0,node,77.0457447,11.0109331,crossing,,S09,real,CBE,056,446.4512145847176,"proxy: straight-line distance to synthetic bins, not resident walking access",Coimbatore
n/4518094341,4518094341.0,node,76.9931989,11.0340492,switch,,S09,real,CBE,028,549.8554837339677,"proxy: straight-line distance to synthetic bins, not resident walking access",Coimbatore
n/4518094342,4518094342.0,node,76.993351,11.0340723,switch,,S09,real,CBE,026,543.2462780788892,"proxy: straight-line distance to synthetic bins, not resident walking access",Coimbatore
n/4518094343,4518094343.0,node,76.9872667,11.0332281,buffer_stop,,S09,real,CBE,028,365.3775692201986,"proxy: straight-line distance to synthetic bins, not resident walking access",Coimbatore
n/4518094357,4518094357.0,node,77.0008392,11.0358736,buffer_stop,,S09,real,CBE,026,442.9773164049848,"proxy: straight-line distance to synthetic bins, not resident walking access",Coimbatore
n/4518094360,4518094360.0,node,76.9973631,11.0344613,level_crossing,,S09,real,CBE,026,532.413455063409,"proxy: straight-line distance to synthetic bins, not resident walking access",Coimbatore
n/4518094361,4518094361.0,node,77.0008204,11.035925,buffer_stop,,S09,real,CBE,026,437.3890105821469,"proxy: straight-line distance to synthetic bins, not resident walking access",Coimbatore
n/4518094362,4518094362.0,node,76.9997338,11.0354666,level_crossing,,S09,real,CBE,026,507.20304794140526,"proxy: straight-line distance to synthetic bins, not resident walking access",Coimbatore
n/4518094363,4518094363.0,node,76.9985446,11.0349772,level_crossing,,S09,real,CBE,026,605.1259079608812,"proxy: straight-line distance to synthetic bins, not resident walking access",Coimbatore
n/4518094365,4518094365.0,node,76.9973483,11.0344981,level_crossing,,S09,real,CBE,026,535.827479780136,"proxy: straight-line distance to synthetic bins, not resident walking access",Coimbatore
n/4518094367,4518094367.0,node,76.9969902,11.0343046,switch,,S09,real,CBE,026,504.8808356742355,"proxy: straight-line distance to synthetic bins, not resident walking access",Coimbatore
n/4518094368,4518094368.0,node,76.9967368,11.0341701,switch,,S09,real,CBE,026,484.53575582284526,"proxy: straight-line distance to synthetic bins, not resident walking access",Coimbatore
n/4518094369,4518094369.0,node,77.0008674,11.0358342,buffer_stop,,S09,real,CBE,026,447.2134954197828,"proxy: straight-line distance to synthetic bins, not resident walking access",Coimbatore
n/4518094371,4518094371.0,node,76.9985684,11.0348963,level_crossing,,S09,real,CBE,026,602.4027830463779,"proxy: straight-line distance to synthetic bins, not resident walking access",Coimbatore
n/4518094372,4518094372.0,node,76.9973698,11.0344218,level_crossing,,S09,real,CBE,026,528.4620252993853,"proxy: straight-line distance to synthetic bins, not resident walking access",Coimbatore
n/4518094381,4518094381.0,node,76.9970667,11.035151,level_crossing,,S09,real,CBE,026,598.0553693199113,"proxy: straight-line distance to synthetic bins, not resident walking access",Coimbatore
n/4518094382,4518094382.0,node,76.9982495,11.0356328,level_crossing,,S09,real,CBE,026,557.9239842897126,"proxy: straight-line distance to synthetic bins, not resident walking access",Coimbatore
n/4518094384,4518094384.0,node,77.0005522,11.0365779,buffer_stop,,S09,real,CBE,026,368.0927392823429,"proxy: straight-line distance to synthetic bins, not resident walking access",Coimbatore
n/4518094385,4518094385.0,node,77.0005368,11.0366174,buffer_stop,,S09,real,CBE,026,363.9998773856814,"proxy: straight-line distance to synthetic bins, not resident walking access",Coimbatore
n/4518094387,4518094387.0,node,76.9982448,11.0356696,level_crossing,,S09,real,CBE,026,554.784057984654,"proxy: straight-line distance to synthetic bins, not resident walking access",Coimbatore
n/4518094388,4518094388.0,node,76.997052,11.0351902,level_crossing,,S09,real,CBE,026,601.9624680517384,"proxy: straight-line distance to synthetic bins, not resident walking access",Coimbatore
n/4518094390,4518094390.0,node,76.9966382,11.0349799,switch,,S09,real,CBE,026,571.2302186884249,"proxy: straight-line distance to synthetic bins, not resident walking access",Coimbatore
n/4518094391,4518094391.0,node,77.0005784,11.0365344,buffer_stop,,S09,real,CBE,026,372.486523111004,"proxy: straight-line distance to synthetic bins, not resident walking access",Coimbatore
n/4518094392,4518094392.0,node,76.9994746,11.0360903,level_crossing,,S09,real,CBE,026,451.0392373236941,"proxy: straight-line distance to synthetic bins, not resident walking access",Coimbatore
n/4518094393,4518094393.0,node,76.9982717,11.0355985,level_crossing,,S09,real,CBE,026,559.8177337491308,"proxy: straight-line distance to synthetic bins, not resident walking access",Coimbatore
n/4518094394,4518094394.0,node,76.9970902,11.0351141,level_crossing,,S09,real,CBE,026,594.6140077133861,"proxy: straight-line distance to synthetic bins, not resident walking access",Coimbatore
n/4518094396,4518094396.0,node,76.99637,11.0348259,switch,,S09,real,CBE,026,550.9503374711348,"proxy: straight-line distance to synthetic bins, not resident walking access",Coimbatore
n/4518094401,4518094401.0,node,76.9939339,11.0340698,switch,,S09,real,CBE,026,513.0302092776,"proxy: straight-line distance to synthetic bins, not resident walking access",Coimbatore
n/4518094402,4518094402.0,node,76.9936348,11.0340812,switch,,S09,real,CBE,026,528.7776255562134,"proxy: straight-line distance to synthetic bins, not resident walking access",Coimbatore
n/4518094404,4518094404.0,node,77.0014803,11.0377086,buffer_stop,,S09,real,CBE,026,241.87069142121695,"proxy: straight-line distance to synthetic bins, not resident walking access",Coimbatore
n/4518094405,4518094405.0,node,77.000356,11.0372657,level_crossing,,S09,real,CBE,026,297.316413339154,"proxy: straight-line distance to synthetic bins, not resident walking access",Coimbatore
n/4518094407,4518094407.0,node,76.997976,11.036287,level_crossing,,S09,real,CBE,026,517.2373572545863,"proxy: straight-line distance to synthetic bins, not resident walking access",Coimbatore
n/4518094409,4518094409.0,node,76.9968011,11.0358328,level_crossing,,S09,real,CBE,026,641.5836783285433,"proxy: straight-line distance to synthetic bins, not resident walking access",Coimbatore
n/4518094411,4518094411.0,node,77.0014467,11.0377875,buffer_stop,,S09,real,CBE,026,235.68536131096664,"proxy: straight-line distance to synthetic bins, not resident walking access",Coimbatore
n/4518094412,4518094412.0,node,77.0003243,11.0373425,level_crossing,,S09,real,CBE,026,289.9548213787646,"proxy: straight-line distance to synthetic bins, not resident walking access",Coimbatore
n/4518094413,4518094413.0,node,76.9991536,11.0368626,level_crossing,,S09,real,CBE,026,390.1514616465472,"proxy: straight-line distance to synthetic bins, not resident walking access",Coimbatore
n/4518094415,4518094415.0,node,76.996777,11.0358973,level_crossing,,S09,real,CBE,026,638.5378528317912,"proxy: straight-line distance to synthetic bins, not resident walking access",Coimbatore
n/4518094416,4518094416.0,node,76.9961748,11.035663,switch,,S09,real,CBE,026,631.5241249013653,"proxy: straight-line distance to synthetic bins, not resident walking access",Coimbatore
n/4518094432,4518094432.0,node,76.9932187,11.0341436,switch,,S09,real,CBE,026,557.526753937501,"proxy: straight-line distance to synthetic bins, not resident walking access",Coimbatore
n/4518094433,4518094433.0,node,76.9960877,11.035796,buffer_stop,,S09,real,CBE,026,614.6096204974866,"proxy: straight-line distance to synthetic bins, not resident walking access",Coimbatore
n/4518094437,4518094437.0,node,76.9961118,11.0357499,buffer_stop,,S09,real,CBE,026,619.9730534429901,"proxy: straight-line distance to synthetic bins, not resident walking access",Coimbatore
n/4518094440,4518094440.0,node,76.9932338,11.0343744,switch,,S09,real,CBE,026,578.5196164801275,"proxy: straight-line distance to synthetic bins, not resident walking access",Coimbatore
n/4518094443,4518094443.0,node,76.9960595,11.0358539,buffer_stop,,S09,real,CBE,026,608.0525266933695,"proxy: straight-line distance to synthetic bins, not resident walking access",Coimbatore
n/4518094447,4518094447.0,node,76.992814,11.034323,switch,,S09,real,CBE,028,580.7800274926452,"proxy: straight-line distance to synthetic bins, not resident walking access",Coimbatore
n/4518094451,4518094451.0,node,76.9922012,11.0342967,switch,,S09,real,CBE,028,575.8462601191212,"proxy: straight-line distance to synthetic bins, not resident walking access",Coimbatore
n/4518094452,4518094452.0,node,76.9916406,11.0343388,switch,,S09,real,CBE,028,570.8330643403664,"proxy: straight-line distance to synthetic bins, not resident walking access",Coimbatore
n/4518094455,4518094455.0,node,76.9960394,11.0358842,buffer_stop,,S09,real,CBE,028,604.187650683676,"proxy: straight-line distance to synthetic bins, not resident walking access",Coimbatore
n/4518094477,4518094477.0,node,76.9925519,11.0343612,switch,,S09,real,CBE,028,572.2963707608137,"proxy: straight-line distance to synthetic bins, not resident walking access",Coimbatore
n/4522156364,4522156364.0,node,76.9938158,11.0340014,switch,,S09,real,CBE,026,511.83719223066953,"proxy: straight-line distance to synthetic bins, not resident walking access",Coimbatore
n/4522156553,4522156553.0,node,77.0026693,11.0327303,switch,,S09,real,CBE,026,646.1768702969433,"proxy: straight-line distance to synthetic bins, not resident walking access",Coimbatore
n/4522156570,4522156570.0,node,76.9943657,11.0339242,switch,,S09,real,CBE,026,479.8522514591503,"proxy: straight-line distance to synthetic bins, not resident walking access",Coimbatore
n/4522156572,4522156572.0,node,76.994825,11.0338969,switch,,S09,real,CBE,026,461.590392527483,"proxy: straight-line distance to synthetic bins, not resident walking access",Coimbatore
n/4522156573,4522156573.0,node,76.9951389,11.0338712,switch,,S09,real,CBE,026,451.1480346882837,"proxy: straight-line distance to synthetic bins, not resident walking access",Coimbatore
n/4522156584,4522156584.0,node,76.9981578,11.0337162,switch,,S09,real,CBE,026,467.201727422577,"proxy: straight-line distance to synthetic bins, not resident walking access",Coimbatore
n/4522157406,4522157406.0,node,77.0030717,11.0325833,switch,,S09,real,CBE,026,618.8643447585949,"proxy: straight-line distance to synthetic bins, not resident walking access",Coimbatore
n/4522157409,4522157409.0,node,77.0018244,11.0326711,switch,,S09,real,CBE,027,567.3056297489525,"proxy: straight-line distance to synthetic bins, not resident walking access",Coimbatore
n/4522157424,4522157424.0,node,77.0023742,11.0328172,switch,,S09,real,CBE,026,625.0802658411438,"proxy: straight-line distance to synthetic bins, not resident walking access",Coimbatore
n/4522157451,4522157451.0,node,77.0071727,11.03198,crossing,,S09,real,CBE,026,348.3663868089817,"proxy: straight-line distance to synthetic bins, not resident walking access",Coimbatore
n/4522157452,4522157452.0,node,77.0071352,11.0320708,crossing,,S09,real,CBE,026,358.55565192950496,"proxy: straight-line distance to synthetic bins, not resident walking access",Coimbatore
n/4522157455,4522157455.0,node,77.0039361,11.0324531,switch,,S09,real,CBE,026,541.6777725380073,"proxy: straight-line distance to synthetic bins, not resident walking access",Coimbatore
n/4522157456,4522157456.0,node,77.0033555,11.0325779,switch,,S09,real,CBE,026,595.79830284454,"proxy: straight-line distance to synthetic bins, not resident walking access",Coimbatore
n/4522157457,4522157457.0,node,77.0030332,11.0326337,switch,,S09,real,CBE,026,625.7263481743233,"proxy: straight-line distance to synthetic bins, not resident walking access",Coimbatore
n/4522157494,4522157494.0,node,77.0029254,11.0329922,buffer_stop,,S09,real,CBE,026,661.4544692143203,"proxy: straight-line distance to synthetic bins, not resident walking access",Coimbatore
n/4522282410,4522282410.0,node,77.0331434,10.9953667,level_crossing,,S09,real,CBE,061,146.58671195039378,"proxy: straight-line distance to synthetic bins, not resident walking access",Coimbatore
n/4522282475,4522282475.0,node,76.9910998,11.0341789,level_crossing,,S09,real,CBE,028,594.1813733281218,"proxy: straight-line distance to synthetic bins, not resident walking access",Coimbatore
n/4522282476,4522282476.0,node,76.9911362,11.034236,level_crossing,,S09,real,CBE,028,587.3607403391692,"proxy: straight-line distance to synthetic bins, not resident walking access",Coimbatore
n/4522282604,4522282604.0,node,77.0004239,11.032976,stop,Peelamedu,S09,real,CBE,026,482.8172206286048,"proxy: straight-line distance to synthetic bins, not resident walking access",Coimbatore
n/4522329251,4522329251.0,node,76.9558121,11.0296672,level_crossing,,S09,real,CBE,068,113.44031164248808,"proxy: straight-line distance to synthetic bins, not resident walking access",Coimbatore
n/4522329252,4522329252.0,node,76.9557843,11.0297772,level_crossing,,S09,real,CBE,032,105.10297293032608,"proxy: straight-line distance to synthetic bins, not resident walking access",Coimbatore
n/4522329272,4522329272.0,node,76.9597584,11.0315003,level_crossing,,S09,real,CBE,046,78.39576587177231,"proxy: straight-line distance to synthetic bins, not resident walking access",Coimbatore
n/4522329274,4522329274.0,node,76.9597557,11.0315477,level_crossing,,S09,real,CBE,032,76.99578980976491,"proxy: straight-line distance to synthetic bins, not resident walking access",Coimbatore
n/4522329279,4522329279.0,node,76.9658345,11.0312742,level_crossing,,S09,real,CBE,047,86.28289946311315,"proxy: straight-line distance to synthetic bins, not resident walking access",Coimbatore
n/4522329286,4522329286.0,node,76.9716689,11.0287149,level_crossing,,S09,real,CBE,031,329.1554281929219,"proxy: straight-line distance to synthetic bins, not resident walking access",Coimbatore
n/4522336615,4522336615.0,node,76.9716876,11.0287506,level_crossing,,S09,real,CBE,031,325.46232804499755,"proxy: straight-line distance to synthetic bins, not resident walking access",Coimbatore
n/4522414951,4522414951.0,node,76.9534467,11.0242179,switch,,S09,real,CBE,069,142.6578381349593,"proxy: straight-line distance to synthetic bins, not resident walking access",Coimbatore
n/4522414954,4522414954.0,node,76.9533178,11.0254643,switch,,S09,real,CBE,068,217.9681855642996,"proxy: straight-line distance to synthetic bins, not resident walking access",Coimbatore
n/4523102005,4523102005.0,node,76.9492455,11.07144,crossing,,S09,real,CBE,014,107.02302315430258,"proxy: straight-line distance to synthetic bins, not resident walking access",Coimbatore
n/4523434362,4523434362.0,node,76.9535839,11.02355,switch,,S09,real,CBE,069,115.96622501664103,"proxy: straight-line distance to synthetic bins, not resident walking access",Coimbatore
n/4523434364,4523434364.0,node,76.9555753,11.0172875,switch,,S09,real,CBE,069,324.25659477374325,"proxy: straight-line distance to synthetic bins, not resident walking access",Coimbatore
n/4523434365,4523434365.0,node,76.9553943,11.0176798,switch,,S09,real,CBE,069,319.41213212604424,"proxy: straight-line distance to synthetic bins, not resident walking access",Coimbatore
n/4523434376,4523434376.0,node,76.9536884,11.0228084,switch,,S09,real,CBE,069,125.99156832047456,"proxy: straight-line distance to synthetic bins, not resident walking access",Coimbatore
n/4523434377,4523434377.0,node,76.9536026,11.0232099,switch,,S09,real,CBE,069,116.94735563399996,"proxy: straight-line distance to synthetic bins, not resident walking access",Coimbatore
n/4523434996,4523434996.0,node,76.9537005,11.0224016,switch,,S09,real,CBE,069,154.68892016523307,"proxy: straight-line distance to synthetic bins, not resident walking access",Coimbatore
n/4523435004,4523435004.0,node,76.956329,11.0157328,switch,,S09,real,CBE,069,400.95138014881655,"proxy: straight-line distance to synthetic bins, not resident walking access",Coimbatore
n/4523435006,4523435006.0,node,76.9558476,11.0166635,buffer_stop,,S09,real,CBE,069,346.8190888852275,"proxy: straight-line distance to synthetic bins, not resident walking access",Coimbatore
n/4523435008,4523435008.0,node,76.9555512,11.0172296,switch,,S09,real,CBE,069,330.0803222798824,"proxy: straight-line distance to synthetic bins, not resident walking access",Coimbatore
n/4523435020,4523435020.0,node,76.9564363,11.015409,switch,,S09,real,CBE,069,397.2997141637172,"proxy: straight-line distance to synthetic bins, not resident walking access",Coimbatore
n/4523435021,4523435021.0,node,76.9566737,11.0149272,buffer_stop,,S09,real,CBE,069,341.9451237722561,"proxy: straight-line distance to synthetic bins, not resident walking access",Coimbatore
n/4523435022,4523435022.0,node,76.9559146,11.0166253,switch,,S09,real,CBE,069,344.9881496798883,"proxy: straight-line distance to synthetic bins, not resident walking access",Coimbatore
n/4523435045,4523435045.0,node,76.9556706,11.0177381,switch,,S09,real,CBE,068,289.55028923518427,"proxy: straight-line distance to synthetic bins, not resident walking access",Coimbatore
n/4523435046,4523435046.0,node,76.95551,11.0180424,crossing,,S09,real,CBE,068,292.006357342289,"proxy: straight-line distance to synthetic bins, not resident walking access",Coimbatore
n/4523435051,4523435051.0,node,76.9557215,11.0183356,station,Coimbatore North,S09,real,CBE,068,260.1260137266913,"proxy: straight-line distance to synthetic bins, not resident walking access",Coimbatore
n/4523435056,4523435056.0,node,76.9538292,11.0229137,switch,,S09,real,CBE,068,106.72934454182828,"proxy: straight-line distance to synthetic bins, not resident walking access",Coimbatore
n/4523435063,4523435063.0,node,76.9533759,11.0243116,switch,,S09,real,CBE,069,154.1079336432366,"proxy: straight-line distance to synthetic bins, not resident walking access",Coimbatore
n/4523435064,4523435064.0,node,76.9532458,11.0251199,switch,,S09,real,CBE,069,193.22640115424548,"proxy: straight-line distance to synthetic bins, not resident walking access",Coimbatore
n/4523435065,4523435065.0,node,76.9532418,11.0255082,switch,,S09,real,CBE,069,213.65065973813043,"proxy: straight-line distance to synthetic bins, not resident walking access",Coimbatore
n/4523439620,4523439620.0,node,76.955743,11.017027,switch,,S09,real,CBE,069,327.2863834042601,"proxy: straight-line distance to synthetic bins, not resident walking access",Coimbatore
n/4523458112,4523458112.0,node,76.9544052,11.0274538,buffer_stop,,S09,real,CBE,068,306.7618257557487,"proxy: straight-line distance to synthetic bins, not resident walking access",Coimbatore
n/4523458113,4523458113.0,node,76.9551128,11.02324,switch,,S09,real,CBE,068,55.61736625758584,"proxy: straight-line distance to synthetic bins, not resident walking access",Coimbatore
n/4523506099,4523506099.0,node,76.9680783,10.9947408,switch,,S09,real,CBE,083,155.4457358999146,"proxy: straight-line distance to synthetic bins, not resident walking access",Coimbatore
n/4523506134,4523506134.0,node,76.9643009,11.0010114,switch,,S09,real,CBE,082,102.24095914963247,"proxy: straight-line distance to synthetic bins, not resident walking access",Coimbatore
n/4523506135,4523506135.0,node,76.9641487,11.0013852,switch,,S09,real,CBE,083,61.43199429499351,"proxy: straight-line distance to synthetic bins, not resident walking access",Coimbatore
n/4523506139,4523506139.0,node,76.963671,11.0021642,switch,,S09,real,CBE,070,49.27934763194,"proxy: straight-line distance to synthetic bins, not resident walking access",Coimbatore
n/4523506140,4523506140.0,node,76.9634639,11.0026459,switch,,S09,real,CBE,083,105.67121677491232,"proxy: straight-line distance to synthetic bins, not resident walking access",Coimbatore
n/4524907059,4524907059.0,node,76.9642513,11.000994,switch,,S09,real,CBE,082,100.37894485684218,"proxy: straight-line distance to synthetic bins, not resident walking access",Coimbatore
n/4524907071,4524907071.0,node,76.9678457,10.995079,crossing,,S09,real,CBE,083,181.88138284384385,"proxy: straight-line distance to synthetic bins, not resident walking access",Coimbatore
n/4524907080,4524907080.0,node,76.9655191,10.997321,buffer_stop,,S09,real,CBE,082,473.7123460432586,"proxy: straight-line distance to synthetic bins, not resident walking access",Coimbatore
n/4524907085,4524907085.0,node,76.9634389,11.0011286,buffer_stop,,S09,real,CBE,082,58.57659228113635,"proxy: straight-line distance to synthetic bins, not resident walking access",Coimbatore
n/4524907088,4524907088.0,node,76.9665031,10.9958742,switch,,S09,real,CBE,082,283.6736417948154,"proxy: straight-line distance to synthetic bins, not resident walking access",Coimbatore
n/4524915589,4524915589.0,node,76.9634974,11.0011473,buffer_stop,,S09,real,CBE,082,58.22974584228466,"proxy: straight-line distance to synthetic bins, not resident walking access",Coimbatore
n/4524915591,4524915591.0,node,76.9638513,11.0009411,buffer_stop,,S09,real,CBE,082,87.710377195693,"proxy: straight-line distance to synthetic bins, not resident walking access",Coimbatore
n/4524915592,4524915592.0,node,76.963729,11.0010367,buffer_stop,,S09,real,CBE,082,75.62867468728352,"proxy: straight-line distance to synthetic bins, not resident walking access",Coimbatore
n/4524915593,4524915593.0,node,76.963696,11.0010168,buffer_stop,,S09,real,CBE,082,77.76557021508417,"proxy: straight-line distance to synthetic bins, not resident walking access",Coimbatore
n/4524915595,4524915595.0,node,76.9637091,11.0008876,buffer_stop,,S09,real,CBE,082,92.06338166553444,"proxy: straight-line distance to synthetic bins, not resident walking access",Coimbatore
n/4524915605,4524915605.0,node,76.9670761,10.9954179,switch,,S09,real,CBE,082,217.67075580010015,"proxy: straight-line distance to synthetic bins, not resident walking access",Coimbatore
n/4524915608,4524915608.0,node,76.9672653,10.9953309,switch,,S09,real,CBE,082,205.2453478919367,"proxy: straight-line distance to synthetic bins, not resident walking access",Coimbatore
n/4524915609,4524915609.0,node,76.9674636,10.9951516,switch,,S09,real,CBE,082,184.50714312978545,"proxy: straight-line distance to synthetic bins, not resident walking access",Coimbatore
n/4524915611,4524915611.0,node,76.9667817,10.9958159,switch,,S09,real,CBE,082,267.9074644501917,"proxy: straight-line distance to synthetic bins, not resident walking access",Coimbatore
n/4524915613,4524915613.0,node,76.9669608,10.9956811,switch,,S09,real,CBE,082,248.71071443301489,"proxy: straight-line distance to synthetic bins, not resident walking access",Coimbatore
n/4571552072,4571552072.0,node,76.9304803,11.0354039,hospital,Bethesda Hospital,S09,real,CBE,043,93.7244684184442,"proxy: straight-line distance to synthetic bins, not resident walking access",Coimbatore
n/4571573811,4571573811.0,node,76.929457,11.0335068,hospital,"Kiruba Hospital, Koilmedu,Coimbatore",S09,real,CBE,043,268.37532691004964,"proxy: straight-line distance to synthetic bins, not resident walking access",Coimbatore
n/4571630628,4571630628.0,node,76.9381049,10.9865003,place_of_worship,Vigneshwara Temple,S09,real,CBE,079,135.81682856101702,"proxy: straight-line distance to synthetic bins, not resident walking access",Coimbatore
n/4571630629,4571630629.0,node,76.9394757,10.9850947,place_of_worship,Church,S09,real,CBE,079,122.32499322484652,"proxy: straight-line distance to synthetic bins, not resident walking access",Coimbatore
n/4571630631,4571630631.0,node,76.940596,10.9879248,place_of_worship,Bathrakaliamman Temple,S09,real,CBE,079,124.66092801854538,"proxy: straight-line distance to synthetic bins, not resident walking access",Coimbatore
n/4571630632,4571630632.0,node,76.9353868,10.9862506,place_of_worship,Amman Temple,S09,real,CBE,076,100.72491312254049,"proxy: straight-line distance to synthetic bins, not resident walking access",Coimbatore
n/4571630633,4571630633.0,node,76.9384267,10.9877006,place_of_worship,Temple,S09,real,CBE,079,205.267826923724,"proxy: straight-line distance to synthetic bins, not resident walking access",Coimbatore
n/4571630634,4571630634.0,node,76.9377131,10.9880299,bank,Tamilnad Mercantile Bank Limited,S09,real,CBE,077,177.32979734846614,"proxy: straight-line distance to synthetic bins, not resident walking access",Coimbatore
n/4571630635,4571630635.0,node,76.9377631,10.9877987,bank,Canara Bank,S09,real,CBE,079,159.29306621232257,"proxy: straight-line distance to synthetic bins, not resident walking access",Coimbatore
n/4571630636,4571630636.0,node,76.9367498,10.9877076,restaurant,,S09,real,CBE,079,116.80687549657502,"proxy: straight-line distance to synthetic bins, not resident walking access",Coimbatore
n/4571630638,4571630638.0,node,76.9367641,10.9873924,fast_food,Pani Puri,S09,real,CBE,079,82.0245546818091,"proxy: straight-line distance to synthetic bins, not resident walking access",Coimbatore
n/4571630640,4571630640.0,node,76.9269808,10.9839599,restaurant,Hotel Anjanas,S09,real,CBE,076,303.03446082854384,"proxy: straight-line distance to synthetic bins, not resident walking access",Coimbatore
n/4571630641,4571630641.0,node,76.9363951,10.987608,cinema,Ram Theatre,S09,real,CBE,079,93.31038455493646,"proxy: straight-line distance to synthetic bins, not resident walking access",Coimbatore
n/4571630642,4571630642.0,node,76.9370638,10.9878758,fast_food,Sri Krishna Chips,S09,real,CBE,079,136.24789591257385,"proxy: straight-line distance to synthetic bins, not resident walking access",Coimbatore
n/4571630643,4571630643.0,node,76.9369225,10.987912,supermarket,Subham,S09,real,CBE,079,138.7500218941886,"proxy: straight-line distance to synthetic bins, not resident walking access",Coimbatore
n/4571630644,4571630644.0,node,76.9367498,10.9873504,supermarket,Segar Store,S09,real,CBE,079,77.68518288411843,"proxy: straight-line distance to synthetic bins, not resident walking access",Coimbatore
n/4571630646,4571630646.0,node,76.9367569,10.9876236,supermarket,Sri Murugan Store,S09,real,CBE,079,107.48666537750265,"proxy: straight-line distance to synthetic bins, not resident walking access",Coimbatore
n/4571630647,4571630647.0,node,76.9368069,10.9879528,fast_food,Anuraj Bakary,S09,real,CBE,079,143.33851250729438,"proxy: straight-line distance to synthetic bins, not resident walking access",Coimbatore
n/4571630648,4571630648.0,node,76.9368925,10.9881139,fast_food,C.A.Prabha Bakary,S09,real,CBE,077,160.99456342549635,"proxy: straight-line distance to synthetic bins, not resident walking access",Coimbatore
n/4571630649,4571630649.0,node,76.9379558,10.9877637,bank,Karur Vysya Bank,S09,real,CBE,079,170.1650201389023,"proxy: straight-line distance to synthetic bins, not resident walking access",Coimbatore
n/4571630650,4571630650.0,node,76.938284,10.9877006,supermarket,Oviyas,S09,real,CBE,079,192.55968504962536,"proxy: straight-line distance to synthetic bins, not resident walking access",Coimbatore
n/4575378691,4575378691.0,node,76.8986263,11.024346,atm,,S09,real,CBE,039,84.80199532811194,"proxy: straight-line distance to synthetic bins, not resident walking access",Coimbatore
n/4575378692,4575378692.0,node,76.9536,11.0138739,confectionery,,S09,real,CBE,071,276.367524702944,"proxy: straight-line distance to synthetic bins, not resident walking access",Coimbatore
n/4575477590,4575477590.0,node,76.9535094,11.0138643,atm,,S09,real,CBE,071,271.1313596609638,"proxy: straight-line distance to synthetic bins, not resident walking access",Coimbatore
n/4575507891,4575507891.0,node,76.9537158,11.0138863,restaurant,,S09,real,CBE,071,283.44162840015133,"proxy: straight-line distance to synthetic bins, not resident walking access",Coimbatore
n/4575565289,4575565289.0,node,76.9534236,11.0138556,bank,IndusInd Bank,S09,real,CBE,071,266.4609588199642,"proxy: straight-line distance to synthetic bins, not resident walking access",Coimbatore
n/4575565290,4575565290.0,node,76.9910351,10.9979678,tyres,,S09,real,CBE,083,102.4330134529426,"proxy: straight-line distance to synthetic bins, not resident walking access",Coimbatore
n/4579647890,4579647890.0,node,76.9063683,11.0284001,greengrocer,,S09,real,CBE,036,246.15942270677496,"proxy: straight-line distance to synthetic bins, not resident walking access",Coimbatore
n/4583580499,4583580499.0,node,76.9397613,11.0200213,atm,ICICI Bank,S09,real,CBE,069,304.5664712618237,"proxy: straight-line distance to synthetic bins, not resident walking access",Coimbatore
n/4583580500,4583580500.0,node,76.9397549,11.0199244,restaurant,,S09,real,CBE,069,293.8251887284128,"proxy: straight-line distance to synthetic bins, not resident walking access",Coimbatore
n/4586532590,4586532590.0,node,76.972021,11.0163037,cafe,,S09,real,CBE,067,186.67201396848904,"proxy: straight-line distance to synthetic bins, not resident walking access",Coimbatore
n/4588846069,4588846069.0,node,76.9354424,11.0127557,fountain,,S09,real,CBE,074,405.226543649712,"proxy: straight-line distance to synthetic bins, not resident walking access",Coimbatore
n/4590779993,4590779993.0,node,76.905231,11.0268647,greengrocer,,S09,real,CBE,038,161.8092810963244,"proxy: straight-line distance to synthetic bins, not resident walking access",Coimbatore
n/4594346689,4594346689.0,node,77.0109984,11.0071149,bus_station,ESI Bus Stop,S09,real,CBE,051,185.59008776604557,"proxy: straight-line distance to synthetic bins, not resident walking access",Coimbatore
n/4594365762,4594365762.0,node,77.009605,11.0093239,school,Annai Velankanni Matriculation Higher Secondary School,S09,real,CBE,051,147.80307357809934,"proxy: straight-line distance to synthetic bins, not resident walking access",Coimbatore
n/4603303687,4603303687.0,node,77.0084546,11.0077268,place_of_worship,Annai Velankanni Chapel,S09,real,CBE,051,123.12615100652982,"proxy: straight-line distance to synthetic bins, not resident walking access",Coimbatore
n/4603303688,4603303688.0,node,77.0024216,11.0093491,hospital,G R Hospital,S09,real,CBE,050,540.8986985966918,"proxy: straight-line distance to synthetic bins, not resident walking access",Coimbatore
n/4603677918,4603677918.0,node,76.9429566,11.0817606,toilets,Corporation Ladies Toilet,S09,real,CBE,002,838.0338032676614,"proxy: straight-line distance to synthetic bins, not resident walking access",Coimbatore
n/4605646594,4605646594.0,node,76.8958753,11.0288633,cosmetics,,S09,real,CBE,037,338.2472500305498,"proxy: straight-line distance to synthetic bins, not resident walking access",Coimbatore
n/4618130390,4618130390.0,node,76.915302,11.0277257,pet,,S09,real,CBE,036,200.10860658192385,"proxy: straight-line distance to synthetic bins, not resident walking access",Coimbatore
n/4632113894,4632113894.0,node,76.9860551,11.0127599,bank,,S09,real,CBE,066,302.3361135677804,"proxy: straight-line distance to synthetic bins, not resident walking access",Coimbatore
n/4652747989,4652747989.0,node,76.9678805,11.0537189,toilets,,S09,real,CBE,012,209.3373494334164,"proxy: straight-line distance to synthetic bins, not resident walking access",Coimbatore
n/4690463592,4690463592.0,node,77.0025825,11.0228034,cafe,,S09,real,CBE,052,337.8093529108181,"proxy: straight-line distance to synthetic bins, not resident walking access",Coimbatore
n/4692289495,4692289495.0,node,76.9511705,11.0101323,optician,,S09,real,CBE,071,219.09012827354923,"proxy: straight-line distance to synthetic bins, not resident walking access",Coimbatore
n/4696520294,4696520294.0,node,77.0283994,11.001921,atm,,S09,real,CBE,060,127.12070699002926,"proxy: straight-line distance to synthetic bins, not resident walking access",Coimbatore
n/4703147672,4703147672.0,node,76.9362691,11.0080012,hospital,TNAU Hospital,S09,real,CBE,074,914.527581563811,"proxy: straight-line distance to synthetic bins, not resident walking access",Coimbatore
n/4711668397,4711668397.0,node,76.9509903,11.0081712,bakery,,S09,real,CBE,071,81.11815708703296,"proxy: straight-line distance to synthetic bins, not resident walking access",Coimbatore
n/4727144592,4727144592.0,node,76.9169139,11.0213201,restaurant,,S09,real,CBE,041,240.92856696965364,"proxy: straight-line distance to synthetic bins, not resident walking access",Coimbatore
n/4739783337,4739783337.0,node,76.8958119,11.0288936,bank,Indian Overseas Bank,S09,real,CBE,037,331.5571931517743,"proxy: straight-line distance to synthetic bins, not resident walking access",Coimbatore
n/4739790083,4739790083.0,node,76.8790518,11.038113,university,Bharathiyar University Complex,S09,real,CBE,038,922.553189577011,"proxy: straight-line distance to synthetic bins, not resident walking access",Coimbatore
n/4766016191,4766016191.0,node,76.905704,11.0265108,place_of_worship,,S09,real,CBE,038,226.1626927472075,"proxy: straight-line distance to synthetic bins, not resident walking access",Coimbatore
n/4782892723,4782892723.0,node,76.9627263,10.9940859,art,,S09,real,CBE,082,219.71546236102708,"proxy: straight-line distance to synthetic bins, not resident walking access",Coimbatore
n/4799120032,4799120032.0,node,76.9530353,11.008565,restaurant,Adyar Ananda Bhavan,S09,real,CBE,071,262.63054813811607,"proxy: straight-line distance to synthetic bins, not resident walking access",Coimbatore
n/4799154418,4799154418.0,node,76.9433364,11.0119442,restaurant,Adyar Ananda Bhavan,S09,real,CBE,071,88.04276426948788,"proxy: straight-line distance to synthetic bins, not resident walking access",Coimbatore
n/4799176116,4799176116.0,node,76.967546,11.0149522,restaurant,Adyar Ananda Bhavan,S09,real,CBE,067,55.70273139879721,"proxy: straight-line distance to synthetic bins, not resident walking access",Coimbatore
n/4808812461,4808812461.0,node,76.9483205,11.0058786,sports,,S09,real,CBE,072,247.29207580011857,"proxy: straight-line distance to synthetic bins, not resident walking access",Coimbatore
n/4815778337,4815778337.0,node,76.9516784,11.0151259,clinic,,S09,real,CBE,071,395.5304763130875,"proxy: straight-line distance to synthetic bins, not resident walking access",Coimbatore
n/4815793432,4815793432.0,node,76.9501279,11.0138042,bar,,S09,real,CBE,071,339.11781040202936,"proxy: straight-line distance to synthetic bins, not resident walking access",Coimbatore
n/4815793435,4815793435.0,node,76.9029956,11.0283603,bakery,,S09,real,CBE,037,134.80887949880534,"proxy: straight-line distance to synthetic bins, not resident walking access",Coimbatore
n/4825348621,4825348621.0,node,77.003366,11.087657,hospital,,S09,real,CBE,004,962.743826678651,"proxy: straight-line distance to synthetic bins, not resident walking access",Coimbatore
n/4832945721,4832945721.0,node,76.9910571,11.0181758,bakery,,S09,real,CBE,050,249.97355181296504,"proxy: straight-line distance to synthetic bins, not resident walking access",Coimbatore
n/4837892724,4837892724.0,node,76.9056357,11.0271589,place_of_worship,,S09,real,CBE,037,191.5163969951794,"proxy: straight-line distance to synthetic bins, not resident walking access",Coimbatore
n/4878918908,4878918908.0,node,76.9551197,11.0115433,hardware,Ramu hardwares,S09,real,CBE,069,266.6330298909035,"proxy: straight-line distance to synthetic bins, not resident walking access",Coimbatore
n/4878919828,4878919828.0,node,76.9551299,11.0116395,interior_decoration,Decor point,S09,real,CBE,069,267.74501017475865,"proxy: straight-line distance to synthetic bins, not resident walking access",Coimbatore
n/4878920239,4878920239.0,node,76.9551221,11.0116043,furniture,Pankaj Plywoods,S09,real,CBE,069,267.7234746358992,"proxy: straight-line distance to synthetic bins, not resident walking access",Coimbatore
n/4878934410,4878934410.0,node,76.9475166,11.0473611,bank,Canara Bank,S09,real,CBE,018,216.4072824006097,"proxy: straight-line distance to synthetic bins, not resident walking access",Coimbatore
n/4878934411,4878934411.0,node,76.9550029,11.0139032,bank,,S09,real,CBE,069,373.2241229680129,"proxy: straight-line distance to synthetic bins, not resident walking access",Coimbatore
n/4878934413,4878934413.0,node,76.9560947,11.0037607,pharmacy,Sri Vaari pharmacy,S09,real,CBE,070,161.1439241063379,"proxy: straight-line distance to synthetic bins, not resident walking access",Coimbatore
n/4878934414,4878934414.0,node,76.9557815,11.0043615,bank,State Bank of India,S09,real,CBE,072,221.60890309220733,"proxy: straight-line distance to synthetic bins, not resident walking access",Coimbatore
n/4878934417,4878934417.0,node,76.9464769,10.9961789,place_of_worship,,S09,real,CBE,073,269.10362849306955,"proxy: straight-line distance to synthetic bins, not resident walking access",Coimbatore
n/4888969835,4888969835.0,node,76.9800662,10.9338941,college,Rathinam Technopark,S09,real,CBE,097,367.6617454626146,"proxy: straight-line distance to synthetic bins, not resident walking access",Coimbatore
n/4920061721,4920061721.0,node,76.9034919,11.0266188,bakery,,S09,real,CBE,038,115.59202846156045,"proxy: straight-line distance to synthetic bins, not resident walking access",Coimbatore
n/4925842501,4925842501.0,node,76.9735628,11.0164766,electronics,Luminous Power Technologies Pvt Ltd,S09,real,CBE,067,173.62093866107543,"proxy: straight-line distance to synthetic bins, not resident walking access",Coimbatore
n/4925842502,4925842502.0,node,76.9790553,11.0158318,electronics,Luminous UPS & Batteries,S09,real,CBE,049,384.579236501511,"proxy: straight-line distance to synthetic bins, not resident walking access",Coimbatore
n/4944444323,4944444323.0,node,76.9534164,11.0098981,copyshop,,S09,real,CBE,071,218.38018499858237,"proxy: straight-line distance to synthetic bins, not resident walking access",Coimbatore
n/4944455821,4944455821.0,node,76.9534287,11.0095801,clothes,,S09,real,CBE,071,250.4997541701064,"proxy: straight-line distance to synthetic bins, not resident walking access",Coimbatore
n/4961511851,4961511851.0,node,77.0000305,11.0327533,station,Peelamedu,S09,real,CBE,027,437.51018795954326,"proxy: straight-line distance to synthetic bins, not resident walking access",Coimbatore
n/5036993525,5036993525.0,node,76.9528507,11.0087419,cafe,,S09,real,CBE,071,255.5279690282616,"proxy: straight-line distance to synthetic bins, not resident walking access",Coimbatore
n/5071284303,5071284303.0,node,77.0479241,11.0057524,post_office,,S09,real,CBE,056,377.0272546295415,"proxy: straight-line distance to synthetic bins, not resident walking access",Coimbatore
n/5071285640,5071285640.0,node,77.0489187,11.0069001,post_box,,S09,real,CBE,056,245.46437017200623,"proxy: straight-line distance to synthetic bins, not resident walking access",Coimbatore
n/5104357826,5104357826.0,node,76.9893223,10.9547118,clinic,,S09,real,CBE,100,150.78778135758543,"proxy: straight-line distance to synthetic bins, not resident walking access",Coimbatore
n/5115363503,5115363503.0,node,76.9909064,11.0076244,post_box,,S09,real,CBE,066,313.68552316098726,"proxy: straight-line distance to synthetic bins, not resident walking access",Coimbatore
n/5124620322,5124620322.0,node,76.9886353,11.0465331,restaurant,,S09,real,CBE,020,317.635069724551,"proxy: straight-line distance to synthetic bins, not resident walking access",Coimbatore
n/5175693682,5175693682.0,node,76.9749552,11.049795,place_of_worship,Dhargua,S09,real,CBE,012,330.83123340267315,"proxy: straight-line distance to synthetic bins, not resident walking access",Coimbatore
n/5207523221,5207523221.0,node,76.9835586,11.0135296,beverages,,S09,real,CBE,049,94.05016478197264,"proxy: straight-line distance to synthetic bins, not resident walking access",Coimbatore
n/5210442034,5210442034.0,node,76.9460055,11.005848,cafe,Rajasthan Inji Tea Kadai,S09,real,CBE,072,38.61039386052131,"proxy: straight-line distance to synthetic bins, not resident walking access",Coimbatore
n/5210459101,5210459101.0,node,76.9457973,11.0058755,restaurant,Hotel Usthad,S09,real,CBE,072,31.82016623685385,"proxy: straight-line distance to synthetic bins, not resident walking access",Coimbatore
n/5211515904,5211515904.0,node,76.9400097,11.0098215,motorcycle_parking,,S09,real,CBE,074,500.10412621649806,"proxy: straight-line distance to synthetic bins, not resident walking access",Coimbatore
n/5211515905,5211515905.0,node,76.9378022,11.0093844,place_of_worship,,S09,real,CBE,074,722.3616542475098,"proxy: straight-line distance to synthetic bins, not resident walking access",Coimbatore
n/5212312247,5212312247.0,node,76.9416802,11.0071411,greengrocer,Nellai siva sakthi sites stores,S09,real,CBE,074,478.6951330982139,"proxy: straight-line distance to synthetic bins, not resident walking access",Coimbatore
n/5214653821,5214653821.0,node,76.9667159,11.0169263,gift,,S09,real,CBE,067,256.23248010542426,"proxy: straight-line distance to synthetic bins, not resident walking access",Coimbatore
n/5214653921,5214653921.0,node,76.9664185,11.0187963,mobile_phone,,S09,real,CBE,068,416.6415506353609,"proxy: straight-line distance to synthetic bins, not resident walking access",Coimbatore
n/5261374221,5261374221.0,node,76.9633014,11.0171496,clothes,S.M. Silks,S09,real,CBE,068,30.94088668008269,"proxy: straight-line distance to synthetic bins, not resident walking access",Coimbatore
n/5261380907,5261380907.0,node,76.9631707,11.0171511,jewelry,Kirtilals,S09,real,CBE,068,17.726681970298365,"proxy: straight-line distance to synthetic bins, not resident walking access",Coimbatore
n/5274739821,5274739821.0,node,76.9576465,11.00933,bakery,,S09,real,CBE,069,195.41345004366525,"proxy: straight-line distance to synthetic bins, not resident walking access",Coimbatore
n/5274739921,5274739921.0,node,76.9579603,11.0095508,bakery,,S09,real,CBE,069,177.2491033932328,"proxy: straight-line distance to synthetic bins, not resident walking access",Coimbatore
n/5281168121,5281168121.0,node,76.956196,11.0026468,bakery,,S09,real,CBE,070,37.93535834382205,"proxy: straight-line distance to synthetic bins, not resident walking access",Coimbatore
n/5296505771,5296505771.0,node,76.9622374,10.9940386,library,Library,S09,real,CBE,082,168.2682994467419,"proxy: straight-line distance to synthetic bins, not resident walking access",Coimbatore
n/5300436330,5300436330.0,node,76.9532082,10.9438828,atm,HDFC Bank,S09,real,CBE,092,347.4568576893685,"proxy: straight-line distance to synthetic bins, not resident walking access",Coimbatore
n/5300436490,5300436490.0,node,76.9533024,10.9440432,atm,State Bank of India,S09,real,CBE,092,349.05854915405456,"proxy: straight-line distance to synthetic bins, not resident walking access",Coimbatore
n/5305017914,5305017914.0,node,76.941513,11.0772626,mobile_phone,Airtel mini store,S09,real,CBE,001,576.4798035474455,"proxy: straight-line distance to synthetic bins, not resident walking access",Coimbatore
n/5305020606,5305020606.0,node,76.943884,11.0841664,food_court,National parotta stall,S09,real,CBE,002,1031.1423724206368,"proxy: straight-line distance to synthetic bins, not resident walking access",Coimbatore
n/5305020792,5305020792.0,node,76.943419,11.0808851,food_court,Nandhana Mess,S09,real,CBE,002,841.127103546112,"proxy: straight-line distance to synthetic bins, not resident walking access",Coimbatore
n/5305020793,5305020793.0,node,76.9403675,11.0812205,electrical,Electricity Bill payment centre,S09,real,CBE,001,569.4643709694017,"proxy: straight-line distance to synthetic bins, not resident walking access",Coimbatore
n/5305021037,5305021037.0,node,76.9427971,11.0808021,internet_cafe,Ctec computer center,S09,real,CBE,002,774.9282050918843,"proxy: straight-line distance to synthetic bins, not resident walking access",Coimbatore
n/5305021038,5305021038.0,node,76.9438286,11.0838704,alcohol,Tasmac Bar,S09,real,CBE,002,1047.2732532903108,"proxy: straight-line distance to synthetic bins, not resident walking access",Coimbatore
n/5311816156,5311816156.0,node,76.9446894,11.00785,cafe,Aasai Bakery,S09,real,CBE,073,276.5185340646793,"proxy: straight-line distance to synthetic bins, not resident walking access",Coimbatore
n/5311820591,5311820591.0,node,76.9450908,11.0078487,cafe,Aavin,S09,real,CBE,072,260.7043448071309,"proxy: straight-line distance to synthetic bins, not resident walking access",Coimbatore
n/5311829306,5311829306.0,node,76.944915,11.0076843,cafe,Aaradhana Bakery,S09,real,CBE,073,249.84089130421023,"proxy: straight-line distance to synthetic bins, not resident walking access",Coimbatore
n/5312920882,5312920882.0,node,76.9448483,11.0079231,place_of_worship,,S09,real,CBE,073,277.0887706243341,"proxy: straight-line distance to synthetic bins, not resident walking access",Coimbatore
n/5325733922,5325733922.0,node,76.9700392,11.016495,toilets,,S09,real,CBE,067,276.8365562737138,"proxy: straight-line distance to synthetic bins, not resident walking access",Coimbatore
n/5338396394,5338396394.0,node,76.9611682,10.9900566,atm,Axis Bank,S09,real,CBE,082,67.41660405069993,"proxy: straight-line distance to synthetic bins, not resident walking access",Coimbatore
n/5338396651,5338396651.0,node,76.9611954,10.9900284,atm,IndusInd Bank,S09,real,CBE,082,64.73556792133658,"proxy: straight-line distance to synthetic bins, not resident walking access",Coimbatore
n/5338398362,5338398362.0,node,76.9607735,10.9905526,pharmacy,Chitra pharmacy,S09,real,CBE,082,126.9443635319763,"proxy: straight-line distance to synthetic bins, not resident walking access",Coimbatore
n/5338398819,5338398819.0,node,76.9606882,10.9908907,mobile_phone,,S09,real,CBE,082,165.47086525677685,"proxy: straight-line distance to synthetic bins, not resident walking access",Coimbatore
n/5338398820,5338398820.0,node,76.9609217,10.9904686,bakery,Varna bakery,S09,real,CBE,082,114.22176816359692,"proxy: straight-line distance to synthetic bins, not resident walking access",Coimbatore
n/5338402543,5338402543.0,node,76.9601489,10.9922107,department_store,Hanifa traders,S09,real,CBE,082,237.7042030525556,"proxy: straight-line distance to synthetic bins, not resident walking access",Coimbatore
n/5338402544,5338402544.0,node,76.9501557,10.9923237,place_of_worship,,S09,real,CBE,080,334.3074217143566,"proxy: straight-line distance to synthetic bins, not resident walking access",Coimbatore
n/5338402545,5338402545.0,node,76.9389252,10.9879451,confectionery,Gokulam Sweets,S09,real,CBE,077,211.50767846181577,"proxy: straight-line distance to synthetic bins, not resident walking access",Coimbatore
n/5338402883,5338402883.0,node,76.960056,10.9917822,tyres,Raja tyres,S09,real,CBE,081,201.94028403824896,"proxy: straight-line distance to synthetic bins, not resident walking access",Coimbatore
n/5338402884,5338402884.0,node,76.9413226,10.988663,supermarket,Ideal Supermarket,S09,real,CBE,077,39.66656749813474,"proxy: straight-line distance to synthetic bins, not resident walking access",Coimbatore
n/5338402921,5338402921.0,node,76.9612049,10.9900153,atm,HDFC Bank,S09,real,CBE,082,63.487591037886496,"proxy: straight-line distance to synthetic bins, not resident walking access",Coimbatore
n/5338402922,5338402922.0,node,76.9593048,10.9921753,trade,Periyanayaki,S09,real,CBE,081,173.27714230556452,"proxy: straight-line distance to synthetic bins, not resident walking access",Coimbatore
n/5338403021,5338403021.0,node,76.9601055,10.9925331,clothes,,S09,real,CBE,082,217.21089158153003,"proxy: straight-line distance to synthetic bins, not resident walking access",Coimbatore
n/5338403022,5338403022.0,node,76.9297655,10.9842757,hospital,Telugupalayam Hospital,S09,real,CBE,076,200.16492106392928,"proxy: straight-line distance to synthetic bins, not resident walking access",Coimbatore
n/5338403644,5338403644.0,node,76.996724,10.9970139,restaurant,Hotel Sri Surya,S09,real,CBE,063,197.07706446940853,"proxy: straight-line distance to synthetic bins, not resident walking access",Coimbatore
n/5352514798,5352514798.0,node,76.9886998,10.9640914,station,Podanur Junction,S09,real,CBE,099,562.9368498210091,"proxy: straight-line distance to synthetic bins, not resident walking access",Coimbatore
n/5420294421,5420294421.0,node,76.9663798,11.0101816,travel_agency,,S09,real,CBE,067,269.58190906167204,"proxy: straight-line distance to synthetic bins, not resident walking access",Coimbatore
n/5434481622,5434481622.0,node,76.9061625,11.025421,atm,State Bank of India,S09,real,CBE,038,340.3038550393602,"proxy: straight-line distance to synthetic bins, not resident walking access",Coimbatore
n/5449561931,5449561931.0,node,76.9634018,11.0152399,parking,J & p car parking,S09,real,CBE,067,206.8293327481991,"proxy: straight-line distance to synthetic bins, not resident walking access",Coimbatore
n/5449562329,5449562329.0,node,76.9633579,11.0153299,beauty,New mani's saloon,S09,real,CBE,067,196.14163697622803,"proxy: straight-line distance to synthetic bins, not resident walking access",Coimbatore
n/5484246121,5484246121.0,node,76.9790826,11.0002569,clothes,,S09,real,CBE,066,417.2356663553452,"proxy: straight-line distance to synthetic bins, not resident walking access",Coimbatore
n/5491827234,5491827234.0,node,76.9553383,10.9379731,bench,krishna square,S09,real,CBE,092,298.4948937119804,"proxy: straight-line distance to synthetic bins, not resident walking access",Coimbatore
n/5491827264,5491827264.0,node,76.9562248,10.936684,college,EEE block,S09,real,CBE,092,361.3809591802863,"proxy: straight-line distance to synthetic bins, not resident walking access",Coimbatore
n/5491827265,5491827265.0,node,76.9566271,10.9366892,college,CSE/IT block,S09,real,CBE,092,347.53426452158,"proxy: straight-line distance to synthetic bins, not resident walking access",Coimbatore
n/5491827281,5491827281.0,node,76.9562731,10.9377321,college,ADMIN block,S09,real,CBE,092,253.83969667674364,"proxy: straight-line distance to synthetic bins, not resident walking access",Coimbatore
n/5491830721,5491830721.0,node,76.9557983,10.9363074,college,civil block,S09,real,CBE,092,343.51020200409965,"proxy: straight-line distance to synthetic bins, not resident walking access",Coimbatore
n/5491830738,5491830738.0,node,76.9566781,10.9387223,cafe,JMR cafe,S09,real,CBE,092,137.41608957818937,"proxy: straight-line distance to synthetic bins, not resident walking access",Coimbatore
n/5502384304,5502384304.0,node,76.9537018,10.9386561,parking_space,,S09,real,CBE,092,422.2186604650645,"proxy: straight-line distance to synthetic bins, not resident walking access",Coimbatore
n/5516401422,5516401422.0,node,76.9027902,11.0248278,atm,,S09,real,CBE,038,327.9148255489711,"proxy: straight-line distance to synthetic bins, not resident walking access",Coimbatore
n/5516412621,5516412621.0,node,76.9027098,11.0250024,restaurant,,S09,real,CBE,038,313.78455718175417,"proxy: straight-line distance to synthetic bins, not resident walking access",Coimbatore
n/5544898821,5544898821.0,node,76.901068,11.0285643,restaurant,Shree Anandhaas,S09,real,CBE,037,331.94970915514085,"proxy: straight-line distance to synthetic bins, not resident walking access",Coimbatore
n/5548324544,5548324544.0,node,76.9537818,10.9528636,supermarket,Kalpaka Supermarket,S09,real,CBE,093,391.8407412986391,"proxy: straight-line distance to synthetic bins, not resident walking access",Coimbatore
n/5585525916,5585525916.0,node,76.995132,11.0211893,restaurant,,S09,real,CBE,050,298.5105411861385,"proxy: straight-line distance to synthetic bins, not resident walking access",Coimbatore
n/5585526137,5585526137.0,node,77.0023692,11.023704,bank,Central Bank of India,S09,real,CBE,026,245.1677124353802,"proxy: straight-line distance to synthetic bins, not resident walking access",Coimbatore
n/5585526151,5585526151.0,node,76.9979308,10.9926022,bank,State Bank of India,S09,real,CBE,062,256.8579880355695,"proxy: straight-line distance to synthetic bins, not resident walking access",Coimbatore
n/5585526834,5585526834.0,node,76.9960437,10.9962625,greengrocer,Palanisamy rice mundy,S09,real,CBE,065,198.7400499364128,"proxy: straight-line distance to synthetic bins, not resident walking access",Coimbatore
n/5585527363,5585527363.0,node,76.9965369,10.9945314,place_of_worship,,S09,real,CBE,065,23.197749405867768,"proxy: straight-line distance to synthetic bins, not resident walking access",Coimbatore
n/5636559807,5636559807.0,node,76.9353836,11.0101473,computer,Sri Vignesh computers,S09,real,CBE,074,658.1915616228503,"proxy: straight-line distance to synthetic bins, not resident walking access",Coimbatore
n/5643922109,5643922109.0,node,76.9959744,10.9964967,supermarket,S.K. supermarket,S09,real,CBE,065,225.60034577304145,"proxy: straight-line distance to synthetic bins, not resident walking access",Coimbatore
n/5643926888,5643926888.0,node,77.0407173,11.0025063,fuel,Bharat Petroleum,S09,real,CBE,058,133.54872761113748,"proxy: straight-line distance to synthetic bins, not resident walking access",Coimbatore
n/5643926903,5643926903.0,node,77.0507674,11.0028004,bank,,S09,real,CBE,057,457.93667882511033,"proxy: straight-line distance to synthetic bins, not resident walking access",Coimbatore
n/5643927387,5643927387.0,node,77.0351769,11.0014276,bank,State Bank of India,S09,real,CBE,058,236.60468669070133,"proxy: straight-line distance to synthetic bins, not resident walking access",Coimbatore
n/5643927426,5643927426.0,node,76.9993022,10.9969428,hospital,Leo Ortho care Hospital,S09,real,CBE,063,45.49594597334312,"proxy: straight-line distance to synthetic bins, not resident walking access",Coimbatore
n/5643927427,5643927427.0,node,76.996084,10.9972849,place_of_worship,Holy Trinity Cathedral,S09,real,CBE,063,175.55696851159308,"proxy: straight-line distance to synthetic bins, not resident walking access",Coimbatore
n/5643927428,5643927428.0,node,76.9991115,10.9901417,restaurant,Hema's Kitchen,S09,real,CBE,062,276.137036060519,"proxy: straight-line distance to synthetic bins, not resident walking access",Coimbatore
n/5646145169,5646145169.0,node,77.0300998,11.0005813,jewelry,Kavitha Jewellers,S09,real,CBE,061,110.61601911489676,"proxy: straight-line distance to synthetic bins, not resident walking access",Coimbatore
n/5646145420,5646145420.0,node,77.0300022,11.0005395,interior_decoration,Reliance Home Curtains,S09,real,CBE,061,105.71405281235482,"proxy: straight-line distance to synthetic bins, not resident walking access",Coimbatore
n/5646146322,5646146322.0,node,77.0009164,10.9877327,fast_food,Subway,S09,real,CBE,062,306.9128290135764,"proxy: straight-line distance to synthetic bins, not resident walking access",Coimbatore
n/5676708721,5676708721.0,node,76.9425354,11.0830728,veterinary,,S09,real,CBE,002,882.5322077364447,"proxy: straight-line distance to synthetic bins, not resident walking access",Coimbatore
n/5714621622,5714621622.0,node,77.0234463,11.0158676,atm,ICICI Bank,S09,real,CBE,053,313.2540240426052,"proxy: straight-line distance to synthetic bins, not resident walking access",Coimbatore
n/5714621623,5714621623.0,node,77.0234747,11.0155606,car_repair,,S09,real,CBE,053,303.72967969051604,"proxy: straight-line distance to synthetic bins, not resident walking access",Coimbatore
n/5714624221,5714624221.0,node,77.0234625,11.0157574,atm,Axis Bank,S09,real,CBE,053,308.7942712386122,"proxy: straight-line distance to synthetic bins, not resident walking access",Coimbatore
n/5714624321,5714624321.0,node,77.0236808,11.0155497,supermarket,,S09,real,CBE,054,281.2575188030433,"proxy: straight-line distance to synthetic bins, not resident walking access",Coimbatore
n/5724054575,5724054575.0,node,76.9593964,11.0088739,mall,Brookefields Mall,S09,real,CBE,070,285.31704116978455,"proxy: straight-line distance to synthetic bins, not resident walking access",Coimbatore
n/5752357090,5752357090.0,node,76.970224,11.0032611,car,Audi Coimbatore,S09,real,CBE,083,430.5456433787001,"proxy: straight-line distance to synthetic bins, not resident walking access",Coimbatore
n/5774631561,5774631561.0,node,76.9582327,11.0242987,hospital,Eye Trust Hospital,S09,real,CBE,068,258.384646345698,"proxy: straight-line distance to synthetic bins, not resident walking access",Coimbatore
n/5802835356,5802835356.0,node,76.9676182,11.0151494,atm,Axis Bank,S09,real,CBE,067,76.21478039871465,"proxy: straight-line distance to synthetic bins, not resident walking access",Coimbatore
n/5802842854,5802842854.0,node,76.9632872,11.0164675,atm,Dhanlaxmi Bank,S09,real,CBE,067,72.66165098695835,"proxy: straight-line distance to synthetic bins, not resident walking access",Coimbatore
n/5802842955,5802842955.0,node,76.9643142,11.0171427,atm,Indian Overseas Bank,S09,real,CBE,068,140.66295721560022,"proxy: straight-line distance to synthetic bins, not resident walking access",Coimbatore
n/5802842956,5802842956.0,node,76.9633047,11.0167596,supermarket,,S09,real,CBE,067,45.90632810661724,"proxy: straight-line distance to synthetic bins, not resident walking access",Coimbatore
n/5808999659,5808999659.0,node,76.9772383,11.00661,supermarket,,S09,real,CBE,066,306.18509201212834,"proxy: straight-line distance to synthetic bins, not resident walking access",Coimbatore
n/5824962253,5824962253.0,node,76.9646084,11.013299,atm,ICICI Bank,S09,real,CBE,067,314.3717538175944,"proxy: straight-line distance to synthetic bins, not resident walking access",Coimbatore
n/5837579825,5837579825.0,node,77.0190105,11.021742,clinic,,S09,real,CBE,053,554.7154464471139,"proxy: straight-line distance to synthetic bins, not resident walking access",Coimbatore
n/5874714141,5874714141.0,node,76.9691084,10.9982256,restaurant,Geetha Cafe,S09,real,CBE,083,510.7963170127453,"proxy: straight-line distance to synthetic bins, not resident walking access",Coimbatore
n/5970940185,5970940185.0,node,76.9411896,11.0821749,police,,S09,real,CBE,002,706.0265940708844,"proxy: straight-line distance to synthetic bins, not resident walking access",Coimbatore
n/5978829297,5978829297.0,node,76.9417537,11.0787396,atm,,S09,real,CBE,001,602.189283163598,"proxy: straight-line distance to synthetic bins, not resident walking access",Coimbatore
n/5978829593,5978829593.0,node,76.9418242,11.0784754,atm,,S09,real,CBE,001,606.6598300866389,"proxy: straight-line distance to synthetic bins, not resident walking access",Coimbatore
n/5981485773,5981485773.0,node,76.9868191,10.9598334,switch,,S09,real,CBE,099,191.1050240577044,"proxy: straight-line distance to synthetic bins, not resident walking access",Coimbatore
n/5981485775,5981485775.0,node,76.9868626,10.959909,switch,,S09,real,CBE,099,200.4340244195108,"proxy: straight-line distance to synthetic bins, not resident walking access",Coimbatore
n/5981485776,5981485776.0,node,76.9870403,10.9599937,buffer_stop,,S09,real,CBE,099,220.72901187692827,"proxy: straight-line distance to synthetic bins, not resident walking access",Coimbatore
n/5981485778,5981485778.0,node,76.987501,10.9611144,switch,,S09,real,CBE,099,347.68097145836555,"proxy: straight-line distance to synthetic bins, not resident walking access",Coimbatore
n/5981485779,5981485779.0,node,76.9879158,10.9618585,switch,,S09,real,CBE,099,440.9791938647574,"proxy: straight-line distance to synthetic bins, not resident walking access",Coimbatore
n/5981491203,5981491203.0,node,76.9876914,10.9613574,switch,,S09,real,CBE,099,381.6757673486042,"proxy: straight-line distance to synthetic bins, not resident walking access",Coimbatore
n/5981491204,5981491204.0,node,76.9873913,10.9607499,switch,,S09,real,CBE,099,308.51156831318724,"proxy: straight-line distance to synthetic bins, not resident walking access",Coimbatore
n/5981491205,5981491205.0,node,76.9876458,10.9611899,switch,,S09,real,CBE,099,363.9154815259683,"proxy: straight-line distance to synthetic bins, not resident walking access",Coimbatore
n/5981491206,5981491206.0,node,76.988007,10.9619091,switch,,S09,real,CBE,099,451.3111197532001,"proxy: straight-line distance to synthetic bins, not resident walking access",Coimbatore
n/5981491207,5981491207.0,node,76.9883809,10.9624741,switch,,S09,real,CBE,099,525.9392902022884,"proxy: straight-line distance to synthetic bins, not resident walking access",Coimbatore
n/5981491210,5981491210.0,node,76.988425,10.9623322,switch,,S09,real,CBE,099,516.0731256835498,"proxy: straight-line distance to synthetic bins, not resident walking access",Coimbatore
n/5981491215,5981491215.0,node,76.9911685,10.967019,switch,,S09,real,CBE,085,885.1475686776155,"proxy: straight-line distance to synthetic bins, not resident walking access",Coimbatore
n/5981491221,5981491221.0,node,76.9905168,10.9655686,switch,,S09,real,CBE,085,763.8303506017314,"proxy: straight-line distance to synthetic bins, not resident walking access",Coimbatore
n/5981491222,5981491222.0,node,76.9909922,10.9665405,switch,,S09,real,CBE,085,860.4675116935425,"proxy: straight-line distance to synthetic bins, not resident walking access",Coimbatore
n/5981491226,5981491226.0,node,76.9904678,10.9645217,buffer_stop,,S09,real,CBE,085,652.7669016585543,"proxy: straight-line distance to synthetic bins, not resident walking access",Coimbatore
n/5981491227,5981491227.0,node,76.9893251,10.9634474,buffer_stop,,S09,real,CBE,099,591.3587618977826,"proxy: straight-line distance to synthetic bins, not resident walking access",Coimbatore
n/5981491240,5981491240.0,node,76.987281,10.9608498,buffer_stop,,S09,real,CBE,099,309.84282312624146,"proxy: straight-line distance to synthetic bins, not resident walking access",Coimbatore
n/5981491241,5981491241.0,node,76.991537,10.9683369,switch,,S09,real,CBE,085,901.065150198162,"proxy: straight-line distance to synthetic bins, not resident walking access",Coimbatore
n/5981491259,5981491259.0,node,76.9913963,10.9679059,switch,,S09,real,CBE,085,896.2630232898545,"proxy: straight-line distance to synthetic bins, not resident walking access",Coimbatore
n/5981491260,5981491260.0,node,76.9918167,10.9685365,switch,,S09,real,CBE,085,883.2801927044565,"proxy: straight-line distance to synthetic bins, not resident walking access",Coimbatore
n/5981491295,5981491295.0,node,76.9955912,10.9737839,buffer_stop,,S09,real,CBE,062,1051.5860487578798,"proxy: straight-line distance to synthetic bins, not resident walking access",Coimbatore
n/5981698088,5981698088.0,node,76.9686158,10.9938278,switch,,S09,real,CBE,083,59.29387994869834,"proxy: straight-line distance to synthetic bins, not resident walking access",Coimbatore
n/5981698110,5981698110.0,node,76.9641318,11.0005171,buffer_stop,,S09,real,CBE,082,141.16787259553786,"proxy: straight-line distance to synthetic bins, not resident walking access",Coimbatore
n/5981698111,5981698111.0,node,76.9647746,10.999439,switch,,S09,real,CBE,082,278.31751543621573,"proxy: straight-line distance to synthetic bins, not resident walking access",Coimbatore
n/5981698113,5981698113.0,node,76.9645451,10.9999538,switch,,S09,real,CBE,082,216.10077694070287,"proxy: straight-line distance to synthetic bins, not resident walking access",Coimbatore
n/5981698118,5981698118.0,node,76.9638149,11.0015093,buffer_stop,,S09,real,CBE,082,26.44411514448109,"proxy: straight-line distance to synthetic bins, not resident walking access",Coimbatore
n/5981698119,5981698119.0,node,76.9644369,11.0002765,switch,,S09,real,CBE,082,178.82797786357452,"proxy: straight-line distance to synthetic bins, not resident walking access",Coimbatore
n/5981698122,5981698122.0,node,76.9637549,11.001475,buffer_stop,,S09,real,CBE,082,27.72676366654873,"proxy: straight-line distance to synthetic bins, not resident walking access",Coimbatore
n/5981698126,5981698126.0,node,76.9637046,11.001449,buffer_stop,,S09,real,CBE,082,29.952524750774398,"proxy: straight-line distance to synthetic bins, not resident walking access",Coimbatore
n/5981698127,5981698127.0,node,76.9644889,11.0003371,switch,,S09,real,CBE,082,175.58841911102348,"proxy: straight-line distance to synthetic bins, not resident walking access",Coimbatore
n/5981698129,5981698129.0,node,76.9646654,10.9997567,switch,,S09,real,CBE,082,241.44844029944872,"proxy: straight-line distance to synthetic bins, not resident walking access",Coimbatore
n/5981698130,5981698130.0,node,76.9633715,11.0028143,switch,,S09,real,CBE,083,126.31369301736304,"proxy: straight-line distance to synthetic bins, not resident walking access",Coimbatore
n/5981698131,5981698131.0,node,76.9630342,11.0033251,switch,,S09,real,CBE,070,188.4450116599636,"proxy: straight-line distance to synthetic bins, not resident walking access",Coimbatore
n/5992813631,5992813631.0,node,76.9927747,11.0342055,switch,,S09,real,CBE,026,590.1944964088199,"proxy: straight-line distance to synthetic bins, not resident walking access",Coimbatore
n/6042990975,6042990975.0,node,76.9414293,11.0782775,bank,Indian Bank,S09,real,CBE,001,562.1052571991203,"proxy: straight-line distance to synthetic bins, not resident walking access",Coimbatore
n/6050367585,6050367585.0,node,76.9439203,11.0842753,waste_basket,,S09,real,CBE,002,1023.7535514334126,"proxy: straight-line distance to synthetic bins, not resident walking access",Coimbatore
n/6052089722,6052089722.0,node,76.941734,11.0806597,hairdresser,susila saloon,S09,real,CBE,002,662.8600983869596,"proxy: straight-line distance to synthetic bins, not resident walking access",Coimbatore
n/6110273268,6110273268.0,node,76.95994,11.00821,clothes,Lifestyle,S09,real,CBE,070,378.4291476741001,"proxy: straight-line distance to synthetic bins, not resident walking access",Coimbatore
n/6110273269,6110273269.0,node,76.9604445,11.0078526,yes,Roasted Sand,S09,real,CBE,070,441.35142978516905,"proxy: straight-line distance to synthetic bins, not resident walking access",Coimbatore
n/6110273270,6110273270.0,node,76.9599287,11.0084502,yes,Tomy Hilfiger Store,S09,real,CBE,070,355.1291810140996,"proxy: straight-line distance to synthetic bins, not resident walking access",Coimbatore
n/6110273271,6110273271.0,node,76.9598585,11.0085823,clothes,Puma,S09,real,CBE,070,338.6842816859002,"proxy: straight-line distance to synthetic bins, not resident walking access",Coimbatore
n/6110273272,6110273272.0,node,76.9596081,11.0085228,cosmetics,The Body Shop,S09,real,CBE,070,330.4753108065279,"proxy: straight-line distance to synthetic bins, not resident walking access",Coimbatore
n/6110273273,6110273273.0,node,76.9594792,11.0086829,watches,Zimson Watches,S09,real,CBE,070,308.2372688768043,"proxy: straight-line distance to synthetic bins, not resident walking access",Coimbatore
n/6110273274,6110273274.0,node,76.9590316,11.0092991,motorcycle,Sheriff Motors-Royal Enfield,S09,real,CBE,070,225.52029384208788,"proxy: straight-line distance to synthetic bins, not resident walking access",Coimbatore
n/6110273275,6110273275.0,node,76.9591776,11.0091483,clothes,RMKV Silks,S09,real,CBE,070,247.4164578244605,"proxy: straight-line distance to synthetic bins, not resident walking access",Coimbatore
n/6110273276,6110273276.0,node,76.95928,11.0090087,clothes,Nike,S09,real,CBE,070,266.2305962503116,"proxy: straight-line distance to synthetic bins, not resident walking access",Coimbatore
n/6110273277,6110273277.0,node,76.9594223,11.009085,optician,Vision Express,S09,real,CBE,070,266.30088758583,"proxy: straight-line distance to synthetic bins, not resident walking access",Coimbatore
n/6110273278,6110273278.0,node,76.9596878,11.0090496,clothes,Calvin Klein,S09,real,CBE,070,285.3793300669624,"proxy: straight-line distance to synthetic bins, not resident walking access",Coimbatore
n/6110273279,6110273279.0,node,76.9596404,11.0091669,yes,Tarangarts Golu Dolls,S09,real,CBE,070,271.8103045714794,"proxy: straight-line distance to synthetic bins, not resident walking access",Coimbatore
n/6110273280,6110273280.0,node,76.9594886,11.0092284,clothes,Reliance Trends,S09,real,CBE,070,256.7391135813828,"proxy: straight-line distance to synthetic bins, not resident walking access",Coimbatore
n/6110273281,6110273281.0,node,76.9588552,11.0095895,fast_food,McDonald's,S09,real,CBE,070,188.35132288537716,"proxy: straight-line distance to synthetic bins, not resident walking access",Coimbatore
n/6110273282,6110273282.0,node,76.9592042,11.0095504,clothes,Levi's,S09,real,CBE,070,209.9272644862092,"proxy: straight-line distance to synthetic bins, not resident walking access",Coimbatore
n/6110273283,6110273283.0,node,76.9591093,11.0099526,clothes,Allen Solly,S09,real,CBE,070,167.40808549855424,"proxy: straight-line distance to synthetic bins, not resident walking access",Coimbatore
n/6143848626,6143848626.0,node,76.8842763,11.0356329,telephone,BSNL Telephone Exchange,S09,real,CBE,038,622.321159742449,"proxy: straight-line distance to synthetic bins, not resident walking access",Coimbatore
n/6143848628,6143848628.0,node,76.863919,11.0434989,bus_station,மருதமலை பேருந்து நிலையம்,S09,real,CBE,038,2439.033839621045,"proxy: straight-line distance to synthetic bins, not resident walking access",Coimbatore
n/6144316491,6144316491.0,node,76.9059414,11.027921,bus_station,Vadavalli Bus Stand,S09,real,CBE,037,222.9308094733675,"proxy: straight-line distance to synthetic bins, not resident walking access",Coimbatore
n/6149508931,6149508931.0,node,76.9444456,11.0811149,food_court,saibaba mess,S09,real,CBE,002,954.7842743726844,"proxy: straight-line distance to synthetic bins, not resident walking access",Coimbatore
n/6149508932,6149508932.0,node,76.9441754,11.0812444,place_of_worship,,S09,real,CBE,002,932.6914936066828,"proxy: straight-line distance to synthetic bins, not resident walking access",Coimbatore
n/6149508933,6149508933.0,node,76.9443911,11.0812737,bakery,iswarya bakery,S09,real,CBE,002,955.7228329326782,"proxy: straight-line distance to synthetic bins, not resident walking access",Coimbatore
n/6152778258,6152778258.0,node,76.9441694,11.0810278,florist,,S09,real,CBE,001,923.1580687340796,"proxy: straight-line distance to synthetic bins, not resident walking access",Coimbatore
n/6152778264,6152778264.0,node,76.9440863,11.0817021,place_of_worship,,S09,real,CBE,002,944.463805278392,"proxy: straight-line distance to synthetic bins, not resident walking access",Coimbatore
n/6152785458,6152785458.0,node,76.9422815,11.0806097,motorcycle_parking,,S09,real,CBE,002,714.7759504796596,"proxy: straight-line distance to synthetic bins, not resident walking access",Coimbatore
n/6170609271,6170609271.0,node,76.9423697,11.0700073,bank,City Union Bank,S09,real,CBE,001,596.8834064885111,"proxy: straight-line distance to synthetic bins, not resident walking access",Coimbatore
n/6170626341,6170626341.0,node,76.9425352,11.0689506,bank,State Bank of India,S09,real,CBE,014,555.2041945784414,"proxy: straight-line distance to synthetic bins, not resident walking access",Coimbatore
n/6170638099,6170638099.0,node,76.9423798,11.0698336,bank,Bank of Baroda,S09,real,CBE,001,587.0395323335281,"proxy: straight-line distance to synthetic bins, not resident walking access",Coimbatore
n/6174509471,6174509471.0,node,76.9458676,11.0051914,fuel,HP petrol bunk,S09,real,CBE,073,45.33632770801424,"proxy: straight-line distance to synthetic bins, not resident walking access",Coimbatore
n/6174509724,6174509724.0,node,76.9457861,11.0053283,atm,State Bank of India,S09,real,CBE,073,28.93978854866667,"proxy: straight-line distance to synthetic bins, not resident walking access",Coimbatore
n/6174511986,6174511986.0,node,76.9524427,11.006907,atm,Oriental Bank of Commerce,S09,real,CBE,071,176.75809790920457,"proxy: straight-line distance to synthetic bins, not resident walking access",Coimbatore
n/6194292573,6194292573.0,node,76.9800281,11.0213539,post_office,India Post,S09,real,CBE,048,17.58771282010946,"proxy: straight-line distance to synthetic bins, not resident walking access",Coimbatore
n/6194302798,6194302798.0,node,76.9756422,11.0104526,bank,State Bank of India,S09,real,CBE,067,237.4372426126745,"proxy: straight-line distance to synthetic bins, not resident walking access",Coimbatore
n/6203327943,6203327943.0,node,76.9425679,11.0689956,atm,State Bank of India,S09,real,CBE,014,560.4917489460464,"proxy: straight-line distance to synthetic bins, not resident walking access",Coimbatore
n/6224087216,6224087216.0,node,76.9559575,11.0178852,parking,,S09,real,CBE,068,254.2210438241297,"proxy: straight-line distance to synthetic bins, not resident walking access",Coimbatore
n/6226211831,6226211831.0,node,76.9516596,11.027778,atm,State Bank of India,S09,real,CBE,069,137.2623343250326,"proxy: straight-line distance to synthetic bins, not resident walking access",Coimbatore
n/6241127402,6241127402.0,node,76.9963609,10.9972143,atm,Central Bank of India,S09,real,CBE,063,176.18521611817977,"proxy: straight-line distance to synthetic bins, not resident walking access",Coimbatore
n/6241147194,6241147194.0,node,76.9724171,11.0043231,bank,State Bank of India,S09,real,CBE,083,375.7491053349206,"proxy: straight-line distance to synthetic bins, not resident walking access",Coimbatore
n/6241152469,6241152469.0,node,76.9667546,11.0083413,atm,State Bank of India,S09,real,CBE,083,396.2974568388976,"proxy: straight-line distance to synthetic bins, not resident walking access",Coimbatore
n/6241349503,6241349503.0,node,76.9411244,11.07749,restaurant,Shree Alampata Hotel,S09,real,CBE,001,531.1703051364772,"proxy: straight-line distance to synthetic bins, not resident walking access",Coimbatore
n/6255342729,6255342729.0,node,76.9413649,11.0775692,pawnbroker,manappuram gold loan pvt ltd,S09,real,CBE,001,556.4626722632189,"proxy: straight-line distance to synthetic bins, not resident walking access",Coimbatore
n/6270756825,6270756825.0,node,76.9695741,11.0162782,atm,State Bank of India,S09,real,CBE,067,233.21738435648612,"proxy: straight-line distance to synthetic bins, not resident walking access",Coimbatore
n/6271072814,6271072814.0,node,77.0392984,11.0034152,social_facility,Shanthi Social Services Canteen,S09,real,CBE,055,167.95960427330516,"proxy: straight-line distance to synthetic bins, not resident walking access",Coimbatore
n/6271072816,6271072816.0,node,77.0393182,11.0029154,social_centre,Shanthi Social Service Pharmacy,S09,real,CBE,055,114.02986408265966,"proxy: straight-line distance to synthetic bins, not resident walking access",Coimbatore
n/6273279331,6273279331.0,node,76.9417125,11.0800445,motorcycle_parking,vcsm two wheeler stand,S09,real,CBE,001,633.5269408100514,"proxy: straight-line distance to synthetic bins, not resident walking access",Coimbatore
n/6273279332,6273279332.0,node,76.9417196,11.0798705,motorcycle_parking,sri ram two wheeler parking,S09,real,CBE,001,627.6862984358776,"proxy: straight-line distance to synthetic bins, not resident walking access",Coimbatore
n/6273309101,6273309101.0,node,76.8951596,11.0289056,greengrocer,thakur uzhavar angaadi,S09,real,CBE,038,296.1480493705073,"proxy: straight-line distance to synthetic bins, not resident walking access",Coimbatore
n/6287355853,6287355853.0,node,76.8788846,11.0379552,atm,State Bank of India,S09,real,CBE,038,912.0546032792593,"proxy: straight-line distance to synthetic bins, not resident walking access",Coimbatore
n/6287512750,6287512750.0,node,76.8792053,11.0376888,atm,,S09,real,CBE,038,872.7287042193612,"proxy: straight-line distance to synthetic bins, not resident walking access",Coimbatore
n/6317229035,6317229035.0,node,76.9369015,11.0224445,atm,,S09,real,CBE,069,340.09690425110387,"proxy: straight-line distance to synthetic bins, not resident walking access",Coimbatore
n/6317234290,6317234290.0,node,76.939759,11.0134637,atm,State Bank of India,S09,real,CBE,074,377.74065524763887,"proxy: straight-line distance to synthetic bins, not resident walking access",Coimbatore
n/6346387093,6346387093.0,node,76.9318399,11.0134636,atm,Syndicate Bank,S09,real,CBE,074,292.83818942069666,"proxy: straight-line distance to synthetic bins, not resident walking access",Coimbatore
n/6356067517,6356067517.0,node,77.0203214,11.0090324,cafe,,S09,real,CBE,053,345.9940600729829,"proxy: straight-line distance to synthetic bins, not resident walking access",Coimbatore
n/6356067518,6356067518.0,node,77.0240486,11.0092807,hospital,ESI Hospital,S09,real,CBE,053,272.64197766400866,"proxy: straight-line distance to synthetic bins, not resident walking access",Coimbatore
n/6357493685,6357493685.0,node,76.9607627,10.9913936,department_store,அம்மி தற்சார்பு சந்தை,S09,real,CBE,082,218.0227796164622,"proxy: straight-line distance to synthetic bins, not resident walking access",Coimbatore
n/6372238364,6372238364.0,node,76.9446737,11.0826654,drinking_water,,S09,real,CBE,002,1016.270135043707,"proxy: straight-line distance to synthetic bins, not resident walking access",Coimbatore
n/6376963590,6376963590.0,node,76.9511085,11.0268728,bakery,sri selvanayaki bakery,S09,real,CBE,069,167.16649074855394,"proxy: straight-line distance to synthetic bins, not resident walking access",Coimbatore
n/6376966194,6376966194.0,node,76.9510503,11.0268731,yes,kumaran agro service,S09,real,CBE,069,164.71842638525408,"proxy: straight-line distance to synthetic bins, not resident walking access",Coimbatore
n/6377240630,6377240630.0,node,76.9287921,11.0789668,toilets,,S09,real,CBE,001,627.4134359002521,"proxy: straight-line distance to synthetic bins, not resident walking access",Coimbatore
n/6380374395,6380374395.0,node,77.0490549,11.0021969,post_box,,S09,real,CBE,058,392.1600183978492,"proxy: straight-line distance to synthetic bins, not resident walking access",Coimbatore
n/6383583959,6383583959.0,node,76.9418856,11.0773217,atm,,S09,real,CBE,001,615.955480371561,"proxy: straight-line distance to synthetic bins, not resident walking access",Coimbatore
n/6383583960,6383583960.0,node,76.9418895,11.0773017,bank,Union Bank of India,S09,real,CBE,001,616.6564869038594,"proxy: straight-line distance to synthetic bins, not resident walking access",Coimbatore
n/6392070725,6392070725.0,node,76.942176,11.0801998,bakery,nila bakes,S09,real,CBE,001,686.9791748110738,"proxy: straight-line distance to synthetic bins, not resident walking access",Coimbatore
n/6392073947,6392073947.0,node,76.9413983,11.0803534,greengrocer,everfresh pazhamudhir nilayam,S09,real,CBE,001,615.141977300152,"proxy: straight-line distance to synthetic bins, not resident walking access",Coimbatore
n/6392075888,6392075888.0,node,76.9409445,11.0794799,hospital,bhagirathi hospital,S09,real,CBE,001,533.6657493707482,"proxy: straight-line distance to synthetic bins, not resident walking access",Coimbatore
n/6392076994,6392076994.0,node,76.941763,11.0731516,supermarket,Reliance Smart Bazaar,S09,real,CBE,001,710.9041296987714,"proxy: straight-line distance to synthetic bins, not resident walking access",Coimbatore
n/6392076995,6392076995.0,node,76.9420448,11.0711042,greengrocer,kovai pazhamudhir nilayam,S09,real,CBE,001,648.2560086251171,"proxy: straight-line distance to synthetic bins, not resident walking access",Coimbatore
n/6392119805,6392119805.0,node,76.892011,11.0303896,bank,Indian Overseas Bank,S09,real,CBE,037,253.4433615679551,"proxy: straight-line distance to synthetic bins, not resident walking access",Coimbatore
n/6392120750,6392120750.0,node,76.8844017,11.0355824,bank,Bank of India,S09,real,CBE,038,610.1978389193431,"proxy: straight-line distance to synthetic bins, not resident walking access",Coimbatore
n/6392349861,6392349861.0,node,76.9518174,11.0305865,parking,,S09,real,CBE,045,141.90112138519706,"proxy: straight-line distance to synthetic bins, not resident walking access",Coimbatore
n/6392349862,6392349862.0,node,76.951177,11.0307084,parking_entrance,,S09,real,CBE,045,190.45347693510612,"proxy: straight-line distance to synthetic bins, not resident walking access",Coimbatore
n/6403369699,6403369699.0,node,76.9512511,11.0253101,car,jeep,S09,real,CBE,069,106.2385571091268,"proxy: straight-line distance to synthetic bins, not resident walking access",Coimbatore
n/6403573764,6403573764.0,node,76.9594985,11.0088313,clothes,grasp,S09,real,CBE,070,294.78320148917874,"proxy: straight-line distance to synthetic bins, not resident walking access",Coimbatore
n/6403575020,6403575020.0,node,76.9596114,11.0089484,clothes,Classic Polo,S09,real,CBE,070,290.0095887379597,"proxy: straight-line distance to synthetic bins, not resident walking access",Coimbatore
n/6403590387,6403590387.0,node,76.9597238,11.0086869,mobile_phone,Xiaomi,S09,real,CBE,070,321.0428526164092,"proxy: straight-line distance to synthetic bins, not resident walking access",Coimbatore
n/6403593226,6403593226.0,node,76.9596835,11.008764,electronics,Apple Store,S09,real,CBE,070,311.4715210453498,"proxy: straight-line distance to synthetic bins, not resident walking access",Coimbatore
n/6404080200,6404080200.0,node,76.9417649,11.0791624,clothes,Reliance trendz,S09,real,CBE,001,611.4009319610819,"proxy: straight-line distance to synthetic bins, not resident walking access",Coimbatore
n/6404086032,6404086032.0,node,76.9427143,11.0807651,tea,Dev narayanan rajasthan ginger tea,S09,real,CBE,002,764.9985265439137,"proxy: straight-line distance to synthetic bins, not resident walking access",Coimbatore
n/6404086033,6404086033.0,node,76.9425517,11.080013,copyshop,photocopy shop,S09,real,CBE,001,718.9161851064409,"proxy: straight-line distance to synthetic bins, not resident walking access",Coimbatore
n/6404096353,6404096353.0,node,76.9426889,11.0802601,restaurant,Ravuthar biriyani hotel,S09,real,CBE,001,741.9061128691064,"proxy: straight-line distance to synthetic bins, not resident walking access",Coimbatore
n/6404096354,6404096354.0,node,76.9432463,11.0806218,restaurant,subanna biriyani,S09,real,CBE,001,812.889403671823,"proxy: straight-line distance to synthetic bins, not resident walking access",Coimbatore
n/6404096355,6404096355.0,node,76.9427166,11.0803127,pharmacy,thulasi pharmacy,S09,real,CBE,001,746.7219487977738,"proxy: straight-line distance to synthetic bins, not resident walking access",Coimbatore
n/6404096356,6404096356.0,node,76.943308,11.0803714,restaurant,lakshmi catering service,S09,real,CBE,001,809.8475334258217,"proxy: straight-line distance to synthetic bins, not resident walking access",Coimbatore
n/6407874943,6407874943.0,node,76.8960319,11.0288791,bank,Axis Bank,S09,real,CBE,037,346.92354813354314,"proxy: straight-line distance to synthetic bins, not resident walking access",Coimbatore
n/6408090913,6408090913.0,node,76.8614647,11.0441471,post_office,marudhamalai sub post office,S09,real,CBE,038,2685.663705959114,"proxy: straight-line distance to synthetic bins, not resident walking access",Coimbatore
n/6422099716,6422099716.0,node,76.9318636,11.0132845,atm,State Bank of India,S09,real,CBE,074,308.56238931199124,"proxy: straight-line distance to synthetic bins, not resident walking access",Coimbatore
n/6422275085,6422275085.0,node,76.864022,11.0431986,toilets,,S09,real,CBE,038,2410.099527699892,"proxy: straight-line distance to synthetic bins, not resident walking access",Coimbatore
n/6435713385,6435713385.0,node,77.0152871,11.0252977,motorcycle,,S09,real,CBE,024,534.2494015683051,"proxy: straight-line distance to synthetic bins, not resident walking access",Coimbatore
n/6436348985,6436348985.0,node,77.018377,11.0203396,pharmacy,,S09,real,CBE,052,386.6709944654216,"proxy: straight-line distance to synthetic bins, not resident walking access",Coimbatore
n/6436349185,6436349185.0,node,77.018616,11.0204018,convenience,,S09,real,CBE,053,400.3155845408991,"proxy: straight-line distance to synthetic bins, not resident walking access",Coimbatore
n/6436701885,6436701885.0,node,77.0182915,11.0206016,clinic,,S09,real,CBE,052,412.8844437259025,"proxy: straight-line distance to synthetic bins, not resident walking access",Coimbatore
n/6437517989,6437517989.0,node,76.9013437,11.0284731,mobile_phone,jio,S09,real,CBE,037,300.1777342243506,"proxy: straight-line distance to synthetic bins, not resident walking access",Coimbatore
n/6437517990,6437517990.0,node,76.9015387,11.0284624,mobile_phone,Airtel,S09,real,CBE,037,279.7548127441831,"proxy: straight-line distance to synthetic bins, not resident walking access",Coimbatore
n/6437532107,6437532107.0,node,76.9554359,11.0160099,parking_space,,S09,real,CBE,069,430.6631273398032,"proxy: straight-line distance to synthetic bins, not resident walking access",Coimbatore
n/6449725869,6449725869.0,node,76.9509934,11.0761696,fuel,,S09,real,CBE,014,485.1719077631605,"proxy: straight-line distance to synthetic bins, not resident walking access",Coimbatore
n/6450982170,6450982170.0,node,76.948285,11.0825064,halt,Thudiyalur,S09,real,CBE,002,706.0294545327204,"proxy: straight-line distance to synthetic bins, not resident walking access",Coimbatore
n/6460431436,6460431436.0,node,76.9335681,11.0393294,school,Angappa Matric School,S09,real,CBE,034,245.1607216998812,"proxy: straight-line distance to synthetic bins, not resident walking access",Coimbatore
n/6483712485,6483712485.0,node,77.015101,11.0364256,clinic,,S09,real,CBE,024,253.45656714094417,"proxy: straight-line distance to synthetic bins, not resident walking access",Coimbatore
n/6483712486,6483712486.0,node,77.0153197,11.0368301,restaurant,,S09,real,CBE,024,287.9322954207805,"proxy: straight-line distance to synthetic bins, not resident walking access",Coimbatore
n/6483712585,6483712585.0,node,77.0152088,11.0373277,convenience,,S09,real,CBE,024,344.24567689555494,"proxy: straight-line distance to synthetic bins, not resident walking access",Coimbatore
n/6532159085,6532159085.0,node,77.0424754,11.0419762,convenience,,S09,real,CBE,007,697.1432914617158,"proxy: straight-line distance to synthetic bins, not resident walking access",Coimbatore
n/6576815554,6576815554.0,node,76.9411123,11.0798727,motorcycle_parking,sri ram two wheeler parking,S09,real,CBE,001,565.4908633519669,"proxy: straight-line distance to synthetic bins, not resident walking access",Coimbatore
n/6578414774,6578414774.0,node,76.941229,11.0801757,motorcycle_parking,arunachala two wheeler parking,S09,real,CBE,001,590.1691571401933,"proxy: straight-line distance to synthetic bins, not resident walking access",Coimbatore
n/6578420906,6578420906.0,node,76.9419004,11.0788138,atm,UCO Bank,S09,real,CBE,001,619.202283140196,"proxy: straight-line distance to synthetic bins, not resident walking access",Coimbatore
n/6583081977,6583081977.0,node,76.946457,11.0517202,supermarket,,S09,real,CBE,018,197.94262885853817,"proxy: straight-line distance to synthetic bins, not resident walking access",Coimbatore
n/6583160867,6583160867.0,node,76.9449926,11.0595273,place_of_worship,Arulmigu Ellai Makaliamman Temple,S09,real,CBE,013,205.51148488534827,"proxy: straight-line distance to synthetic bins, not resident walking access",Coimbatore
n/6583174550,6583174550.0,node,76.9508362,11.0346884,electronics,LG,S09,real,CBE,045,271.3472112581116,"proxy: straight-line distance to synthetic bins, not resident walking access",Coimbatore
n/6583174551,6583174551.0,node,76.9503937,11.034816,car,Ramani Nissan,S09,real,CBE,033,264.17237650309386,"proxy: straight-line distance to synthetic bins, not resident walking access",Coimbatore
n/6583185743,6583185743.0,node,76.9507677,11.0268696,motorcycle,KTM,S09,real,CBE,069,156.54379555844454,"proxy: straight-line distance to synthetic bins, not resident walking access",Coimbatore
n/6587816273,6587816273.0,node,76.9414196,11.0799458,florist,,S09,real,CBE,001,599.729570377537,"proxy: straight-line distance to synthetic bins, not resident walking access",Coimbatore
n/6659691721,6659691721.0,node,76.9437954,11.0820236,kiosk,,S09,real,CBE,002,932.2985014192104,"proxy: straight-line distance to synthetic bins, not resident walking access",Coimbatore
n/6659715145,6659715145.0,node,76.9416387,11.0800986,kiosk,,S09,real,CBE,001,628.1685737380866,"proxy: straight-line distance to synthetic bins, not resident walking access",Coimbatore
n/6659715146,6659715146.0,node,76.9416917,11.080366,kiosk,,S09,real,CBE,002,644.9254817760947,"proxy: straight-line distance to synthetic bins, not resident walking access",Coimbatore
n/6659718391,6659718391.0,node,76.9444809,11.0812987,convenience,,S09,real,CBE,002,965.854371895588,"proxy: straight-line distance to synthetic bins, not resident walking access",Coimbatore
n/6659718392,6659718392.0,node,76.9437937,11.081434,convenience,,S09,real,CBE,002,902.9034052845228,"proxy: straight-line distance to synthetic bins, not resident walking access",Coimbatore
n/6675920337,6675920337.0,node,76.946288,11.082246,school,coimbatore corporation thudiyalur middle school (east),S09,real,CBE,002,891.304621939305,"proxy: straight-line distance to synthetic bins, not resident walking access",Coimbatore
n/6699605086,6699605086.0,node,76.9647773,11.0171561,clothes,,S09,real,CBE,068,191.28909231706064,"proxy: straight-line distance to synthetic bins, not resident walking access",Coimbatore
n/6699605087,6699605087.0,node,76.9646768,11.0171607,bank,Indian Overseas Bank,S09,real,CBE,068,180.34471440877647,"proxy: straight-line distance to synthetic bins, not resident walking access",Coimbatore
n/6699611385,6699611385.0,node,76.9665207,11.0170532,cafe,,S09,real,CBE,068,274.5172596661437,"proxy: straight-line distance to synthetic bins, not resident walking access",Coimbatore
n/6699611485,6699611485.0,node,76.9665055,11.0172323,clothes,Pothys,S09,real,CBE,068,294.14835382293285,"proxy: straight-line distance to synthetic bins, not resident walking access",Coimbatore
n/6699615185,6699615185.0,node,76.9647302,11.0171575,clothes,,S09,real,CBE,068,186.15494460988563,"proxy: straight-line distance to synthetic bins, not resident walking access",Coimbatore
n/6699617985,6699617985.0,node,76.9674361,11.0170127,cafe,,S09,real,CBE,068,263.5714708650472,"proxy: straight-line distance to synthetic bins, not resident walking access",Coimbatore
n/6699620785,6699620785.0,node,76.9680231,11.0170784,cafe,,S09,real,CBE,048,285.6575709514226,"proxy: straight-line distance to synthetic bins, not resident walking access",Coimbatore
n/6699620786,6699620786.0,node,76.9684458,11.0170181,confectionery,,S09,real,CBE,067,298.52202446167433,"proxy: straight-line distance to synthetic bins, not resident walking access",Coimbatore
n/6702302086,6702302086.0,node,76.963758,11.0140674,cafe,,S09,real,CBE,067,341.90701787619315,"proxy: straight-line distance to synthetic bins, not resident walking access",Coimbatore
n/6702317085,6702317085.0,node,76.9635804,11.0140483,clothes,,S09,real,CBE,067,339.99158580126874,"proxy: straight-line distance to synthetic bins, not resident walking access",Coimbatore
n/6720888863,6720888863.0,node,76.9446193,11.0813287,pawnbroker,mahalakshmi financiers,S09,real,CBE,002,981.1184001616652,"proxy: straight-line distance to synthetic bins, not resident walking access",Coimbatore
n/6737749095,6737749095.0,node,76.9846358,11.0195412,travel_agency,supaa travels,S09,real,CBE,049,249.24613860148355,"proxy: straight-line distance to synthetic bins, not resident walking access",Coimbatore
n/6744133774,6744133774.0,node,76.9457354,11.0831657,convenience,,S09,real,CBE,002,887.8832200827453,"proxy: straight-line distance to synthetic bins, not resident walking access",Coimbatore
n/6751968330,6751968330.0,node,76.9882182,11.0145146,clothes,suxus,S09,real,CBE,066,68.40547608163028,"proxy: straight-line distance to synthetic bins, not resident walking access",Coimbatore
n/6751971528,6751971528.0,node,77.0379491,11.0362604,supermarket,saravana stores,S09,real,CBE,023,246.62990418471415,"proxy: straight-line distance to synthetic bins, not resident walking access",Coimbatore
n/6815112597,6815112597.0,node,76.9473489,11.0471291,car,jaikrishna auto sales,S09,real,CBE,018,188.61785112512453,"proxy: straight-line distance to synthetic bins, not resident walking access",Coimbatore
n/6815119321,6815119321.0,node,76.944047,11.0603278,community_centre,B.M.N Kalyana mandapam,S09,real,CBE,014,111.0661193918256,"proxy: straight-line distance to synthetic bins, not resident walking access",Coimbatore
n/6872682991,6872682991.0,node,77.0133971,11.0378218,car_repair,,S09,real,CBE,024,481.5684051841199,"proxy: straight-line distance to synthetic bins, not resident walking access",Coimbatore
n/6886248450,6886248450.0,node,77.0244035,11.0093009,blood_bank,ESI Hospital Blood Bank,S09,real,CBE,053,237.9660188946391,"proxy: straight-line distance to synthetic bins, not resident walking access",Coimbatore
n/6886284641,6886284641.0,node,77.040368,11.0424465,blood_bank,Kovai Medical Centre and Hospital Blood Bank,S09,real,CBE,007,633.6170387706105,"proxy: straight-line distance to synthetic bins, not resident walking access",Coimbatore
n/6886497207,6886497207.0,node,76.9525404,11.0260479,blood_bank,Ganga Hospital Blood Bank,S09,real,CBE,069,205.71168571209589,"proxy: straight-line distance to synthetic bins, not resident walking access",Coimbatore
n/6886497208,6886497208.0,node,76.9605535,11.0180648,blood_bank,Kongu Nadu Hospital Private Limited Blood Bank,S09,real,CBE,068,292.0019687361301,"proxy: straight-line distance to synthetic bins, not resident walking access",Coimbatore
n/6886497215,6886497215.0,node,76.9606581,11.0185071,blood_bank,Sheela Hospitals Blood Bank,S09,real,CBE,068,292.5844698250748,"proxy: straight-line distance to synthetic bins, not resident walking access",Coimbatore
n/6886497224,6886497224.0,node,76.9532673,11.0148584,blood_bank,The Coimbatore Bio Medical Services Blood Bank,S09,real,CBE,071,366.728351484294,"proxy: straight-line distance to synthetic bins, not resident walking access",Coimbatore
n/6886497229,6886497229.0,node,76.9509217,11.0058505,blood_bank,Lions Club of Coimbatore Legend Blood Bank Research Centre,S09,real,CBE,072,56.28677964660032,"proxy: straight-line distance to synthetic bins, not resident walking access",Coimbatore
n/6886497234,6886497234.0,node,76.9605938,11.0061691,blood_bank,IMA Rotary Midtown Mahaveer Blood Bank,S09,real,CBE,070,562.2920414903397,"proxy: straight-line distance to synthetic bins, not resident walking access",Coimbatore
n/6886497241,6886497241.0,node,76.9708277,10.9957164,blood_bank,Coimbatore Medical College Hospital Blood Bank,S09,real,CBE,083,299.33278955461174,"proxy: straight-line distance to synthetic bins, not resident walking access",Coimbatore
n/6886497248,6886497248.0,node,76.9716378,11.0004991,hospital,KG Hospital Blood Bank,S09,real,CBE,083,214.05203875423177,"proxy: straight-line distance to synthetic bins, not resident walking access",Coimbatore
n/6886497253,6886497253.0,node,76.9808096,11.0121785,blood_bank,G. Kuppusamy Naidu Memorial Hospital Blood Bank,S09,real,CBE,083,372.3441615492147,"proxy: straight-line distance to synthetic bins, not resident walking access",Coimbatore
n/6886497254,6886497254.0,node,76.9760245,11.0235982,blood_bank,Ramakrishna Hospital Blood Bank,S09,real,CBE,048,490.8804943951532,"proxy: straight-line distance to synthetic bins, not resident walking access",Coimbatore
n/6886497259,6886497259.0,node,76.9843514,11.0242596,blood_bank,Swaasam Blood Bank (Run by Any time Blood Voluntary Association),S09,real,CBE,028,274.58710619876786,"proxy: straight-line distance to synthetic bins, not resident walking access",Coimbatore
n/6886497264,6886497264.0,node,77.0069428,11.0184957,hospital,PSG Hospital Blood Bank,S09,real,CBE,052,536.845897876319,"proxy: straight-line distance to synthetic bins, not resident walking access",Coimbatore
n/6888435355,6888435355.0,node,76.9392514,11.0753581,blood_bank,Ramana Gounder Medical Trust Hospital Blood Bank,S09,real,CBE,001,436.76717428568014,"proxy: straight-line distance to synthetic bins, not resident walking access",Coimbatore
n/6893280786,6893280786.0,node,76.9947839,11.0197281,blood_bank,Kuriji Hospital Blood Bank (A Unit of Vangal Amman Health Service Limited),S09,real,CBE,050,262.3271656394168,"proxy: straight-line distance to synthetic bins, not resident walking access",Coimbatore
n/6914767991,6914767991.0,node,76.9612328,11.0187223,hospital,Bethel Hospital Pvt. Ltd. - Coimbatore,S09,real,CBE,068,268.0561727885201,"proxy: straight-line distance to synthetic bins, not resident walking access",Coimbatore
n/6914767996,6914767996.0,node,77.0379131,11.0419411,hospital,"Park Hospital, Coimbatore",S09,real,CBE,007,619.1614409479558,"proxy: straight-line distance to synthetic bins, not resident walking access",Coimbatore
n/6914880547,6914880547.0,node,76.9019419,11.0291808,hospital,"Mouthi Hospital Vadavalli, Coimbatore",S09,real,CBE,037,281.3868232404687,"proxy: straight-line distance to synthetic bins, not resident walking access",Coimbatore
n/6914895660,6914895660.0,node,76.9494063,11.0120021,hospital,"Vikaram ENT Hospital, Coimbatore",S09,real,CBE,071,194.39671764750307,"proxy: straight-line distance to synthetic bins, not resident walking access",Coimbatore
n/6914896216,6914896216.0,node,76.9918562,10.998556,hospital,R. A. Hospital,S09,real,CBE,083,160.4402160650657,"proxy: straight-line distance to synthetic bins, not resident walking access",Coimbatore
n/6914911765,6914911765.0,node,76.9550228,10.9927872,hospital,Vasavi Hospital,S09,real,CBE,081,278.131730817312,"proxy: straight-line distance to synthetic bins, not resident walking access",Coimbatore
n/6914927152,6914927152.0,node,76.9152537,11.0218408,hospital,Vallalar Hospitals (Pvt) Ltd,S09,real,CBE,041,261.81319628070617,"proxy: straight-line distance to synthetic bins, not resident walking access",Coimbatore
n/6914937646,6914937646.0,node,76.9598213,10.9972817,hospital,Sri Ramana Hospital,S09,real,CBE,082,153.19734934822836,"proxy: straight-line distance to synthetic bins, not resident walking access",Coimbatore
n/6914937656,6914937656.0,node,76.9755752,10.9949528,clinic,Sri Rani Poly Clinic,S09,real,CBE,083,588.8672717384429,"proxy: straight-line distance to synthetic bins, not resident walking access",Coimbatore
n/6914937682,6914937682.0,node,76.9930659,11.0474918,hospital,"Sri Sakthi Hospital, Ganapathi, Coimbatore",S09,real,CBE,020,262.1294054638892,"proxy: straight-line distance to synthetic bins, not resident walking access",Coimbatore
n/6915000695,6915000695.0,node,76.9606769,11.0116059,clinic,"Sri Meru Nursing Home, Coimbatore",S09,real,CBE,067,229.66053990900775,"proxy: straight-line distance to synthetic bins, not resident walking access",Coimbatore
n/6915018746,6915018746.0,node,77.0017429,11.072535,clinic,Sri Loga Clinic,S09,real,CBE,010,406.9183299459524,"proxy: straight-line distance to synthetic bins, not resident walking access",Coimbatore
n/6915358911,6915358911.0,node,76.9574609,10.9627735,clinic,Mallika Nursing Home,S09,real,CBE,087,191.95394880266932,"proxy: straight-line distance to synthetic bins, not resident walking access",Coimbatore
n/6915464620,6915464620.0,node,76.9517022,11.0150799,hospital,Veeku Hospital,S09,real,CBE,071,389.9971192807859,"proxy: straight-line distance to synthetic bins, not resident walking access",Coimbatore
n/6917388569,6917388569.0,node,76.9985509,11.0631074,hospital,Pranav Clinic,S09,real,CBE,011,95.03503704712534,"proxy: straight-line distance to synthetic bins, not resident walking access",Coimbatore
n/6924503056,6924503056.0,node,76.9428317,11.069234,fast_food,Domino's,S09,real,CBE,014,558.1900278336761,"proxy: straight-line distance to synthetic bins, not resident walking access",Coimbatore
n/6926049956,6926049956.0,node,76.9556397,10.962127,hospital,Gowtham Hospital,S09,real,CBE,087,132.7968958810427,"proxy: straight-line distance to synthetic bins, not resident walking access",Coimbatore
n/6926055606,6926055606.0,node,77.0376261,11.0335424,hospital,"St Lukes Hospital, Coimbatore",S09,real,CBE,023,411.49715717105113,"proxy: straight-line distance to synthetic bins, not resident walking access",Coimbatore
n/6926369631,6926369631.0,node,76.9423118,11.0264336,hospital,Sri Guru Hospital Pvt Ltd,S09,real,CBE,044,419.7494309128832,"proxy: straight-line distance to synthetic bins, not resident walking access",Coimbatore
n/6926437444,6926437444.0,node,76.9477855,11.0418035,hospital,H. S. Hospital,S09,real,CBE,033,123.37811624692448,"proxy: straight-line distance to synthetic bins, not resident walking access",Coimbatore
n/6928304820,6928304820.0,node,76.9504979,11.0144375,hospital,Vedanayagam Hospital (P) Limited,S09,real,CBE,071,377.5131974536047,"proxy: straight-line distance to synthetic bins, not resident walking access",Coimbatore
n/6928594608,6928594608.0,node,77.0143291,10.9986666,hospital,VGM Hospital,S09,real,CBE,050,328.36219868051955,"proxy: straight-line distance to synthetic bins, not resident walking access",Coimbatore
n/6928752789,6928752789.0,node,77.0406497,11.0026291,hospital,Dr. Muthu's Ortho Centre-Coimbatore,S09,real,CBE,058,134.3584464946061,"proxy: straight-line distance to synthetic bins, not resident walking access",Coimbatore
n/6928817376,6928817376.0,node,76.9241157,11.0430968,hospital,Sree Abishek Hospitals,S09,real,CBE,016,514.9174720132389,"proxy: straight-line distance to synthetic bins, not resident walking access",Coimbatore
n/6928852611,6928852611.0,node,77.0164575,11.0560065,hospital,Sree Andal Hospital,S09,real,CBE,022,557.2048753947981,"proxy: straight-line distance to synthetic bins, not resident walking access",Coimbatore
n/6929292296,6929292296.0,node,76.9915813,10.9958401,hospital,The Arya Vaidya Chikitsalayam and Research Institue,S09,real,CBE,065,336.0077330802556,"proxy: straight-line distance to synthetic bins, not resident walking access",Coimbatore
n/6929951553,6929951553.0,node,76.9835246,11.041741,hospital,Kovai Ent Hospital and Research Centre,S09,real,CBE,020,444.3393563771984,"proxy: straight-line distance to synthetic bins, not resident walking access",Coimbatore
n/6929976817,6929976817.0,node,76.9788824,10.9589868,hospital,Koushikha Hospital,S09,real,CBE,096,120.86889264365642,"proxy: straight-line distance to synthetic bins, not resident walking access",Coimbatore
n/6932012014,6932012014.0,node,76.9793813,10.9946605,hospital,Richmond Hospital,S09,real,CBE,083,192.3099275198956,"proxy: straight-line distance to synthetic bins, not resident walking access",Coimbatore
n/6932159823,6932159823.0,node,76.932096,11.0290235,hospital,"Ranga Hospital, Velandipalayam",S09,real,CBE,042,136.50131640408364,"proxy: straight-line distance to synthetic bins, not resident walking access",Coimbatore
n/6932162502,6932162502.0,node,76.9445555,11.018513,hospital,Rao Hospital,S09,real,CBE,074,347.1452528992391,"proxy: straight-line distance to synthetic bins, not resident walking access",Coimbatore
n/6932200240,6932200240.0,node,76.9990446,11.017244,hospital,"Joseph Hospital, Coimbatore",S09,real,CBE,052,57.160181059774736,"proxy: straight-line distance to synthetic bins, not resident walking access",Coimbatore
n/6932203509,6932203509.0,node,77.0222618,11.01362,hospital,Ramvel Hospital,S09,real,CBE,053,86.29920237005979,"proxy: straight-line distance to synthetic bins, not resident walking access",Coimbatore
n/6933038573,6933038573.0,node,76.9642074,10.9943683,hospital,Immaculate Conception Convent Hospital,S09,real,CBE,082,366.90757449101073,"proxy: straight-line distance to synthetic bins, not resident walking access",Coimbatore
n/6933115102,6933115102.0,node,76.9761197,11.0321465,clinic,Paari Nursing Home,S09,real,CBE,030,296.41477776397284,"proxy: straight-line distance to synthetic bins, not resident walking access",Coimbatore
n/6933992416,6933992416.0,node,76.9898473,10.9553739,clinic,"S.M.Clinic, Podhanur, Coimbatore",S09,real,CBE,100,115.12141783333428,"proxy: straight-line distance to synthetic bins, not resident walking access",Coimbatore
n/6934018833,6934018833.0,node,76.9454058,11.0091245,hospital,"Vasan Eye Care Hospital, Coimbatore",S09,real,CBE,072,326.60972357821487,"proxy: straight-line distance to synthetic bins, not resident walking access",Coimbatore
n/6934039564,6934039564.0,node,77.0001926,10.9980729,clinic,Sri Durga Poly Clinic,S09,real,CBE,063,26.28514254608736,"proxy: straight-line distance to synthetic bins, not resident walking access",Coimbatore
n/6934126430,6934126430.0,node,76.9441089,11.0597504,clinic,Parthiban Nursing Home,S09,real,CBE,014,171.58883216311037,"proxy: straight-line distance to synthetic bins, not resident walking access",Coimbatore
n/6934150425,6934150425.0,node,76.9415045,11.0276019,clinic,Siloam Thomas Eye Hospital,S09,real,CBE,044,263.44809103352964,"proxy: straight-line distance to synthetic bins, not resident walking access",Coimbatore
n/6934246107,6934246107.0,node,76.9476856,11.0424742,hospital,"Krithika Hospital , Tiruppur",S09,real,CBE,033,105.82981666532456,"proxy: straight-line distance to synthetic bins, not resident walking access",Coimbatore
n/6934271130,6934271130.0,node,77.0401856,11.0406116,hospital,"Lotus Eye Care Hospital Ltd, Coimbatore",S09,real,CBE,007,644.7126946918579,"proxy: straight-line distance to synthetic bins, not resident walking access",Coimbatore
n/6934340596,6934340596.0,node,76.9756664,11.0168636,hospital,Nandha Hospital,S09,real,CBE,067,335.67248894909324,"proxy: straight-line distance to synthetic bins, not resident walking access",Coimbatore
n/6934340612,6934340612.0,node,76.9569379,10.994101,hospital,Nataraj Medical Care Center Private Limited,S09,real,CBE,081,57.23996955616363,"proxy: straight-line distance to synthetic bins, not resident walking access",Coimbatore
n/6934340734,6934340734.0,node,77.0082217,10.9962048,hospital,Ortho One Orthopaedic Speciality Center(A Unit Of Spine Arthroscopic and Joint Replacement Center Pvt Ltd),S09,real,CBE,061,190.7493334829411,"proxy: straight-line distance to synthetic bins, not resident walking access",Coimbatore
n/6934340771,6934340771.0,node,76.9477212,11.0427427,hospital,Padmavathy Hospital,S09,real,CBE,033,120.14400798786303,"proxy: straight-line distance to synthetic bins, not resident walking access",Coimbatore
n/6934424352,6934424352.0,node,76.9513442,11.002695,clinic,Shree Saravana Nursing Home,S09,real,CBE,072,196.9376630282773,"proxy: straight-line distance to synthetic bins, not resident walking access",Coimbatore
n/6934430447,6934430447.0,node,76.9470734,11.0265389,hospital,Vishnu Ent Hospital - Coimbatore,S09,real,CBE,069,420.3745102582321,"proxy: straight-line distance to synthetic bins, not resident walking access",Coimbatore
n/6934738477,6934738477.0,node,76.9625585,11.0190567,hospital,The Balakrishnan Hospital,S09,real,CBE,068,225.4348491374206,"proxy: straight-line distance to synthetic bins, not resident walking access",Coimbatore
n/6934957192,6934957192.0,node,76.9989473,11.0089711,clinic,Swathi Poly Clinic,S09,real,CBE,050,462.4655116817325,"proxy: straight-line distance to synthetic bins, not resident walking access",Coimbatore
n/6935186143,6935186143.0,node,76.961735,11.010795,clinic,Ponnammal Duraisamy Eye Clinic,S09,real,CBE,067,376.0284744284029,"proxy: straight-line distance to synthetic bins, not resident walking access",Coimbatore
n/6935188981,6935188981.0,node,76.9563907,10.963603,hospital,"Sangeetha Hospital, Coimbatore",S09,real,CBE,087,71.03469873349155,"proxy: straight-line distance to synthetic bins, not resident walking access",Coimbatore
n/6935272584,6935272584.0,node,76.9876988,10.9957861,clinic,Karthick Polyclinic,S09,real,CBE,065,227.82394463304607,"proxy: straight-line distance to synthetic bins, not resident walking access",Coimbatore
n/6936305098,6936305098.0,node,76.9352093,10.9446403,hospital,"Priya Hospital, Coimbatore",S09,real,CBE,090,46.24341272542272,"proxy: straight-line distance to synthetic bins, not resident walking access",Coimbatore
n/6936310680,6936310680.0,node,77.0176752,11.0261493,hospital,Sumith Hospital,S09,real,CBE,024,631.3781814245433,"proxy: straight-line distance to synthetic bins, not resident walking access",Coimbatore
n/6936339717,6936339717.0,node,77.0187333,11.0270299,hospital,"Rajah Hospital, Coimbatore",S09,real,CBE,024,529.6050562539461,"proxy: straight-line distance to synthetic bins, not resident walking access",Coimbatore
n/6936359924,6936359924.0,node,76.9617565,11.0174139,hospital,Lalitha Hospital,S09,real,CBE,068,144.13352765892128,"proxy: straight-line distance to synthetic bins, not resident walking access",Coimbatore
n/6936359961,6936359961.0,node,76.9947731,11.019682,hospital,"Hindusthan Hospital, Coimbatore",S09,real,CBE,050,258.11934955949044,"proxy: straight-line distance to synthetic bins, not resident walking access",Coimbatore
n/6936359967,6936359967.0,node,76.95132,11.0150812,hospital,"Kumaran Hospital, Coimbatore",S09,real,CBE,071,401.23267747174873,"proxy: straight-line distance to synthetic bins, not resident walking access",Coimbatore
n/6936443894,6936443894.0,node,76.9553728,11.0133673,hospital,"Sankara Eye Hospital, Coimbatore",S09,real,CBE,069,343.8849967131777,"proxy: straight-line distance to synthetic bins, not resident walking access",Coimbatore
n/6936582309,6936582309.0,node,76.9661131,11.0209812,clinic,"C.S.R. Nursing Home, Coimbatore",S09,real,CBE,068,522.9397562691709,"proxy: straight-line distance to synthetic bins, not resident walking access",Coimbatore
n/6936609173,6936609173.0,node,76.951316,11.0137122,hospital,Madurai Eye Center,S09,real,CBE,071,262.0018243599814,"proxy: straight-line distance to synthetic bins, not resident walking access",Coimbatore
n/6936663154,6936663154.0,node,76.9437897,11.0142295,hospital,Vega Ent Hospital,S09,real,CBE,071,135.56744723080004,"proxy: straight-line distance to synthetic bins, not resident walking access",Coimbatore
n/6936677079,6936677079.0,node,76.9614293,11.0143493,hospital,Spt Hospitals,S09,real,CBE,067,308.9922925008207,"proxy: straight-line distance to synthetic bins, not resident walking access",Coimbatore
n/6936695107,6936695107.0,node,76.9578948,11.0081878,hospital,Dr K Padmavathy Hospital,S09,real,CBE,070,323.9150399857341,"proxy: straight-line distance to synthetic bins, not resident walking access",Coimbatore
n/6936696197,6936696197.0,node,76.9420054,11.0706896,hospital,"V. G. Hospital, Thudiyalur",S09,real,CBE,001,613.2129015362935,"proxy: straight-line distance to synthetic bins, not resident walking access",Coimbatore
n/6936708011,6936708011.0,node,76.927958,11.036949,hospital,Sri Vishnu Priyaa Hospitals Pvt Ltd,S09,real,CBE,034,231.1119518212344,"proxy: straight-line distance to synthetic bins, not resident walking access",Coimbatore
n/6936708037,6936708037.0,node,76.9541618,10.9561995,hospital,Aparna Hospital,S09,real,CBE,093,244.78611140829173,"proxy: straight-line distance to synthetic bins, not resident walking access",Coimbatore
n/6936708084,6936708084.0,node,76.9358088,10.987562,hospital,Snekaram Multi Specality Hospital,S09,real,CBE,079,89.31717179480991,"proxy: straight-line distance to synthetic bins, not resident walking access",Coimbatore
n/6936794080,6936794080.0,node,76.9513019,11.0031531,hospital,"Maruthi Hospital, Coimbatore",S09,real,CBE,072,182.77006905305385,"proxy: straight-line distance to synthetic bins, not resident walking access",Coimbatore
n/6937401730,6937401730.0,node,76.9612482,11.0177943,hospital,Roselet Medical ObgandSurgical Centre,S09,real,CBE,068,210.39263324046357,"proxy: straight-line distance to synthetic bins, not resident walking access",Coimbatore
n/6937449595,6937449595.0,node,76.9529521,10.9909191,clinic,Karthic Nursing Home Pvt. Ltd.,S09,real,CBE,080,287.21723216757306,"proxy: straight-line distance to synthetic bins, not resident walking access",Coimbatore
n/6937477838,6937477838.0,node,76.9475555,11.0061296,clinic,K.M. Polyclinic,S09,real,CBE,072,204.27636226142852,"proxy: straight-line distance to synthetic bins, not resident walking access",Coimbatore
n/6937527640,6937527640.0,node,76.9525994,11.0060677,hospital,Sruti Hospitals,S09,real,CBE,072,156.88543842693514,"proxy: straight-line distance to synthetic bins, not resident walking access",Coimbatore
n/6961249585,6961249585.0,node,76.9817152,10.9970328,mobile_phone,Airtel,S09,real,CBE,083,192.4135498021638,"proxy: straight-line distance to synthetic bins, not resident walking access",Coimbatore
n/7011976787,7011976787.0,node,76.9450173,11.0583657,restaurant,,S09,real,CBE,015,330.09129025802844,"proxy: straight-line distance to synthetic bins, not resident walking access",Coimbatore
n/7011976894,7011976894.0,node,76.930835,11.0624679,wine,,S09,real,CBE,015,546.3408642979684,"proxy: straight-line distance to synthetic bins, not resident walking access",Coimbatore
n/7011978588,7011978588.0,node,76.9448844,11.0589076,atm,State Bank of India,S09,real,CBE,015,268.4227584437639,"proxy: straight-line distance to synthetic bins, not resident walking access",Coimbatore
n/7011997685,7011997685.0,node,76.9458078,11.0529533,restaurant,,S09,real,CBE,015,50.76635598989998,"proxy: straight-line distance to synthetic bins, not resident walking access",Coimbatore
n/7045329885,7045329885.0,node,76.9970065,11.0286273,dentist,,S09,real,CBE,027,126.30765279580626,"proxy: straight-line distance to synthetic bins, not resident walking access",Coimbatore
n/7083345789,7083345789.0,node,76.9860241,11.0125532,bank,State Bank of India,S09,real,CBE,066,316.1385136615931,"proxy: straight-line distance to synthetic bins, not resident walking access",Coimbatore
n/7111719485,7111719485.0,node,76.9494413,11.0084178,laundry,,S09,real,CBE,072,194.28209796984464,"proxy: straight-line distance to synthetic bins, not resident walking access",Coimbatore
n/7111734385,7111734385.0,node,76.9499427,11.0100388,restaurant,,S09,real,CBE,072,306.52016048519147,"proxy: straight-line distance to synthetic bins, not resident walking access",Coimbatore
n/7130268241,7130268241.0,node,77.0541174,11.0010493,yes,,S09,real,CBE,057,548.0703236656776,"proxy: straight-line distance to synthetic bins, not resident walking access",Coimbatore
n/7130280600,7130280600.0,node,77.0566673,11.0007651,prison,coimbatore jail,S09,real,CBE,057,316.9917934312452,"proxy: straight-line distance to synthetic bins, not resident walking access",Coimbatore
n/7135132101,7135132101.0,node,76.9670961,11.0150062,clothes,Supreme Men's Clothing,S09,real,CBE,067,39.86929142577031,"proxy: straight-line distance to synthetic bins, not resident walking access",Coimbatore
n/7177279520,7177279520.0,node,76.9418037,11.0781485,dairy,aavin,S09,real,CBE,001,602.4398766522091,"proxy: straight-line distance to synthetic bins, not resident walking access",Coimbatore
n/7178295473,7178295473.0,node,76.9414714,11.0789955,kiosk,sathya stores,S09,real,CBE,001,576.3002878082219,"proxy: straight-line distance to synthetic bins, not resident walking access",Coimbatore
n/7178295474,7178295474.0,node,76.941479,11.0790403,restaurant,Kanna biriyani center,S09,real,CBE,001,578.0706724318902,"proxy: straight-line distance to synthetic bins, not resident walking access",Coimbatore
n/7178295475,7178295475.0,node,76.9414212,11.0791604,restaurant,mani hotel,S09,real,CBE,001,574.6697217613746,"proxy: straight-line distance to synthetic bins, not resident walking access",Coimbatore
n/7178295476,7178295476.0,node,76.941483,11.0786532,bakery,sri saravana bakery,S09,real,CBE,001,571.622927433685,"proxy: straight-line distance to synthetic bins, not resident walking access",Coimbatore
n/7187495085,7187495085.0,node,76.9498519,10.9996009,alcohol,Tasmac,S09,real,CBE,073,49.00847279209965,"proxy: straight-line distance to synthetic bins, not resident walking access",Coimbatore
n/7210911318,7210911318.0,node,76.9856121,11.0450728,hospital,Shree Sivaa Hospital,S09,real,CBE,019,528.1523805412401,"proxy: straight-line distance to synthetic bins, not resident walking access",Coimbatore
n/7210920536,7210920536.0,node,76.911949,11.0246121,clinic,Aroghya Nursing Home,S09,real,CBE,040,325.2539127369487,"proxy: straight-line distance to synthetic bins, not resident walking access",Coimbatore
n/7210924997,7210924997.0,node,76.9512209,11.0340354,hospital,Dr. BRJ Ortho Centre,S09,real,CBE,045,256.7576348657943,"proxy: straight-line distance to synthetic bins, not resident walking access",Coimbatore
n/7227880322,7227880322.0,node,76.9823828,11.0022221,cafe,Cafe Coffee Day,S09,real,CBE,083,437.4282651987066,"proxy: straight-line distance to synthetic bins, not resident walking access",Coimbatore
n/7257155919,7257155919.0,node,77.002444,11.07196,hospital,"Geethasree Hospital, Coimbatore",S09,real,CBE,010,324.7047470954712,"proxy: straight-line distance to synthetic bins, not resident walking access",Coimbatore
n/7257155935,7257155935.0,node,76.918862,11.04984,hospital,"J.M.Hospital, Edayarpalayam",S09,real,CBE,016,187.56440740526887,"proxy: straight-line distance to synthetic bins, not resident walking access",Coimbatore
n/7257155938,7257155938.0,node,76.971976,11.04788,hospital,AR Medical Centre,S09,real,CBE,012,283.2320645361635,"proxy: straight-line distance to synthetic bins, not resident walking access",Coimbatore
n/7257155948,7257155948.0,node,77.035681,11.0778,hospital,"Kamalaprakasam, Kalapatti",S09,real,CBE,008,637.1908464186362,"proxy: straight-line distance to synthetic bins, not resident walking access",Coimbatore
n/7257155969,7257155969.0,node,77.000115,11.04761,hospital,SS Hospital Coimbatore,S09,real,CBE,025,369.00863789331146,"proxy: straight-line distance to synthetic bins, not resident walking access",Coimbatore
n/7257155978,7257155978.0,node,76.9971511,11.0596676,clinic,"Rg Clinic , Coimbatore",S09,real,CBE,011,33.41851317060557,"proxy: straight-line distance to synthetic bins, not resident walking access",Coimbatore
n/7257155982,7257155982.0,node,76.9424139,11.0757442,hospital,"Hem Hospital- Thudiaylur, Coimbatore",S09,real,CBE,001,714.4401873654723,"proxy: straight-line distance to synthetic bins, not resident walking access",Coimbatore
n/7257156002,7257156002.0,node,77.0005452,11.0703318,hospital,"Harini Shravan, Coimbatore",S09,real,CBE,010,304.1695603452674,"proxy: straight-line distance to synthetic bins, not resident walking access",Coimbatore
n/7257156011,7257156011.0,node,76.939234,11.0753938,hospital,Ramana Gounder Medical Trust Hospital,S09,real,CBE,001,432.70752265579233,"proxy: straight-line distance to synthetic bins, not resident walking access",Coimbatore
n/7257156017,7257156017.0,node,76.9475494,11.0437293,hospital,Malar Hpl Goundanpalayam,S09,real,CBE,033,186.65444875414192,"proxy: straight-line distance to synthetic bins, not resident walking access",Coimbatore
n/7257156023,7257156023.0,node,77.001972,11.05642,hospital,"V.R.Hospital, Coimbatore",S09,real,CBE,021,175.41606071034568,"proxy: straight-line distance to synthetic bins, not resident walking access",Coimbatore
n/7257156045,7257156045.0,node,76.897449,11.0287,hospital,Sree Subiksha Hospital,S09,real,CBE,037,462.4092664386828,"proxy: straight-line distance to synthetic bins, not resident walking access",Coimbatore
n/7257156048,7257156048.0,node,77.008366,11.0892,hospital,Vimal Jothi Hospital,S09,real,CBE,004,395.3415290515155,"proxy: straight-line distance to synthetic bins, not resident walking access",Coimbatore
n/7257166815,7257166815.0,node,76.955989,10.95365,hospital,"I.J.Hospital, Kuniayamuthur, Coimbatore",S09,real,CBE,093,139.79575846941827,"proxy: straight-line distance to synthetic bins, not resident walking access",Coimbatore
n/7257166877,7257166877.0,node,76.973201,10.95254,hospital,"Abirami Hospital, Coimbatore",S09,real,CBE,096,217.21280302854004,"proxy: straight-line distance to synthetic bins, not resident walking access",Coimbatore
n/7257166879,7257166879.0,node,76.9758815,10.9521673,hospital,"Ganapathy Pc Sundarapuram,",S09,real,CBE,098,133.94562351795182,"proxy: straight-line distance to synthetic bins, not resident walking access",Coimbatore
n/7257183906,7257183906.0,node,76.9530054,11.0108047,hospital,Ponnaiah Hospital,S09,real,CBE,071,109.0340337134253,"proxy: straight-line distance to synthetic bins, not resident walking access",Coimbatore
n/7257183907,7257183907.0,node,76.9392029,10.9871756,hospital,"Rani Nursing Home, Selvapuram, Coimbatore",S09,real,CBE,079,121.3689674678971,"proxy: straight-line distance to synthetic bins, not resident walking access",Coimbatore
n/7257183911,7257183911.0,node,76.9914482,11.0064832,hospital,"Shree Hospital, Puliakulam, Coimbatore",S09,real,CBE,066,451.9525989634925,"proxy: straight-line distance to synthetic bins, not resident walking access",Coimbatore
n/7257183913,7257183913.0,node,76.9544328,10.9567349,hospital,"Sri Meenakshi Hospital, Kuniamuthur",S09,real,CBE,093,187.97962703029728,"proxy: straight-line distance to synthetic bins, not resident walking access",Coimbatore
n/7257183914,7257183914.0,node,76.948869,11.0029,hospital,Shanmuga Hospital Rs Puram,S09,real,CBE,072,112.23212619472191,"proxy: straight-line distance to synthetic bins, not resident walking access",Coimbatore
n/7257183916,7257183916.0,node,77.033733,11.0011,hospital,Singanallur Government Hospital,S09,real,CBE,061,78.36085678558466,"proxy: straight-line distance to synthetic bins, not resident walking access",Coimbatore
n/7257183917,7257183917.0,node,76.9870623,10.9664096,hospital,Podanur Government Hospital,S09,real,CBE,085,493.8418793636329,"proxy: straight-line distance to synthetic bins, not resident walking access",Coimbatore
n/7257183920,7257183920.0,node,77.0051728,10.9972946,hospital,"Medwin Hospital, Coimbatore",S09,real,CBE,050,241.5988041637982,"proxy: straight-line distance to synthetic bins, not resident walking access",Coimbatore
n/7257183925,7257183925.0,node,76.9758131,11.0168278,hospital,Sudha Hospital,S09,real,CBE,067,352.1370386938636,"proxy: straight-line distance to synthetic bins, not resident walking access",Coimbatore
n/7257183926,7257183926.0,node,76.9634777,10.9958251,hospital,"I.C.C Hospital For Women & Children, Coimbatore",S09,real,CBE,082,277.8672605846034,"proxy: straight-line distance to synthetic bins, not resident walking access",Coimbatore
n/7257183942,7257183942.0,node,76.97122,10.9638671,hospital,"Government Hospital, Kuruchi",S09,real,CBE,085,40.7966180047312,"proxy: straight-line distance to synthetic bins, not resident walking access",Coimbatore
n/7257183944,7257183944.0,node,76.949604,10.9998322,clinic,Rk Bai Corporation Health Centre,S09,real,CBE,073,63.07727292888125,"proxy: straight-line distance to synthetic bins, not resident walking access",Coimbatore
n/7257183946,7257183946.0,node,77.014447,10.99819,hospital,"VGM Hospital, Coimbatore",S09,real,CBE,050,274.1937490098261,"proxy: straight-line distance to synthetic bins, not resident walking access",Coimbatore
n/7257183957,7257183957.0,node,76.9492706,11.0128764,clinic,Gateway Clinic,S09,real,CBE,071,204.6455785112264,"proxy: straight-line distance to synthetic bins, not resident walking access",Coimbatore
n/7257183959,7257183959.0,node,77.008874,11.01005,hospital,"Roselet Medical Centre,Coimbatore",S09,real,CBE,051,239.66107494917583,"proxy: straight-line distance to synthetic bins, not resident walking access",Coimbatore
n/7257183960,7257183960.0,node,76.95416,10.99135,clinic,Karthic Nursing Home,S09,real,CBE,081,197.47951582143813,"proxy: straight-line distance to synthetic bins, not resident walking access",Coimbatore
n/7257183964,7257183964.0,node,76.939724,11.0254441,hospital,"Sabari Hospital, Coimbatore",S09,real,CBE,069,447.7032032686711,"proxy: straight-line distance to synthetic bins, not resident walking access",Coimbatore
n/7257183965,7257183965.0,node,76.987019,10.95665,hospital,Raksha Medical Centre,S09,real,CBE,099,231.22362124943655,"proxy: straight-line distance to synthetic bins, not resident walking access",Coimbatore
n/7257183966,7257183966.0,node,76.9452484,11.0067511,hospital,"Dr.Manoharan Hospital, Thadagam, Coimbatore",S09,real,CBE,073,140.53873925039434,"proxy: straight-line distance to synthetic bins, not resident walking access",Coimbatore
n/7257183971,7257183971.0,node,76.9601579,11.0225148,hospital,"Sengottaiah Hospital, Coimbatore",S09,real,CBE,068,278.3613871340173,"proxy: straight-line distance to synthetic bins, not resident walking access",Coimbatore
n/7257183972,7257183972.0,node,76.9562562,10.9641042,hospital,"Sangeetha Hospital, Kuniyamuthur",S09,real,CBE,087,98.56055028400584,"proxy: straight-line distance to synthetic bins, not resident walking access",Coimbatore
n/7257183974,7257183974.0,node,76.948495,10.99941,hospital,"Seetharam Hospital, Coimbatore",S09,real,CBE,073,191.8001352028587,"proxy: straight-line distance to synthetic bins, not resident walking access",Coimbatore
n/7257183976,7257183976.0,node,76.9649585,11.0208486,hospital,Preethi Medical Centre,S09,real,CBE,068,467.9371943436838,"proxy: straight-line distance to synthetic bins, not resident walking access",Coimbatore
n/7257183978,7257183978.0,node,76.9779193,11.0154329,hospital,"Ishaiah Hospital, Coimbatore",S09,real,CBE,049,426.56821026676846,"proxy: straight-line distance to synthetic bins, not resident walking access",Coimbatore
n/7257183983,7257183983.0,node,76.976787,10.99147,hospital,Manu Hospital- Coimbatore,S09,real,CBE,065,615.4581360340782,"proxy: straight-line distance to synthetic bins, not resident walking access",Coimbatore
n/7257183990,7257183990.0,node,76.902176,11.02567,hospital,Akshaya Maternity Center,S09,real,CBE,038,284.5817695213793,"proxy: straight-line distance to synthetic bins, not resident walking access",Coimbatore
n/7257183994,7257183994.0,node,76.9527967,11.0060689,hospital,"Muniyappa Hospital, Coimbatore",S09,real,CBE,072,176.86097891505247,"proxy: straight-line distance to synthetic bins, not resident walking access",Coimbatore
n/7257183995,7257183995.0,node,76.9503459,11.0044176,hospital,"Rajalakshmi Hospital, Coimbatore",S09,real,CBE,072,157.2630583511268,"proxy: straight-line distance to synthetic bins, not resident walking access",Coimbatore
n/7257183997,7257183997.0,node,76.9136781,11.0231222,hospital,Sivashantha Mother & Child Health Centre,S09,real,CBE,036,340.95590003344955,"proxy: straight-line distance to synthetic bins, not resident walking access",Coimbatore
n/7257183998,7257183998.0,node,77.0300545,11.0017873,hospital,"Vela Hospital, Singanallur, Coimbatore",S09,real,CBE,059,103.3782101263322,"proxy: straight-line distance to synthetic bins, not resident walking access",Coimbatore
n/7257184001,7257184001.0,node,76.9511992,10.9995252,hospital,"Guru Kirupa Hospital, Pn Palayam, Coimbatore",S09,real,CBE,081,119.53772694003789,"proxy: straight-line distance to synthetic bins, not resident walking access",Coimbatore
n/7257184003,7257184003.0,node,77.0009615,10.9980405,hospital,Sathyan Eye Care Hospital & Coimbatore Glaucoma Foundation,S09,real,CBE,063,81.80508068362614,"proxy: straight-line distance to synthetic bins, not resident walking access",Coimbatore
n/7257184008,7257184008.0,node,76.98594,10.9626641,hospital,St. Mary's Hospital,S09,real,CBE,085,276.9893431101429,"proxy: straight-line distance to synthetic bins, not resident walking access",Coimbatore
n/7257184012,7257184012.0,node,76.9400963,10.9882483,hospital,"Revathi Hospital, Selvapuram",S09,real,CBE,077,132.99593448884102,"proxy: straight-line distance to synthetic bins, not resident walking access",Coimbatore
n/7257184018,7257184018.0,node,76.9943296,11.0248525,hospital,Nehru Urology Centre,S09,real,CBE,027,292.18098991507026,"proxy: straight-line distance to synthetic bins, not resident walking access",Coimbatore
n/7257184021,7257184021.0,node,76.988996,11.00282,hospital,"Om Sakthi Hospital, Coimbatore",S09,real,CBE,066,453.3277528169066,"proxy: straight-line distance to synthetic bins, not resident walking access",Coimbatore
n/7257184024,7257184024.0,node,76.9954568,10.9967187,hospital,Sri Bala Medical Centre Hospital,S09,real,CBE,065,260.61176430980765,"proxy: straight-line distance to synthetic bins, not resident walking access",Coimbatore
n/7257184026,7257184026.0,node,76.9746602,10.9950877,hospital,Santhiya Hospital,S09,real,CBE,083,628.2821098759284,"proxy: straight-line distance to synthetic bins, not resident walking access",Coimbatore
n/7257184029,7257184029.0,node,76.951744,10.99386,clinic,Annai Nursing Home,S09,real,CBE,081,365.0280587340616,"proxy: straight-line distance to synthetic bins, not resident walking access",Coimbatore
n/7342392122,7342392122.0,node,76.938236,11.0253938,bank,Corporation Bank,S09,real,CBE,069,316.7824960773367,"proxy: straight-line distance to synthetic bins, not resident walking access",Coimbatore
n/7343511629,7343511629.0,node,76.9381035,11.0253792,hospital,Devi Hospital,S09,real,CBE,069,302.7460753762761,"proxy: straight-line distance to synthetic bins, not resident walking access",Coimbatore
n/7343511792,7343511792.0,node,76.936755,11.025291,greengrocer,Aanjaneya Pazhamudir Nilayam,S09,real,CBE,069,162.66096403595515,"proxy: straight-line distance to synthetic bins, not resident walking access",Coimbatore
n/7495802577,7495802577.0,node,77.0149123,11.0581416,supermarket,nile supermarket,S09,real,CBE,009,794.0507502582288,"proxy: straight-line distance to synthetic bins, not resident walking access",Coimbatore
n/7609845317,7609845317.0,node,76.9726623,10.9537473,marketplace,farmers market,S09,real,CBE,094,87.12392133367855,"proxy: straight-line distance to synthetic bins, not resident walking access",Coimbatore
n/7621881239,7621881239.0,node,76.9247249,11.0665259,school,Adhira International School,S09,real,CBE,015,289.80701139459006,"proxy: straight-line distance to synthetic bins, not resident walking access",Coimbatore
n/7682848085,7682848085.0,node,77.0236848,11.0157398,department_store,,S09,real,CBE,054,284.6334004998901,"proxy: straight-line distance to synthetic bins, not resident walking access",Coimbatore
n/7726414486,7726414486.0,node,77.0228879,11.0190925,clinic,,S09,real,CBE,054,409.1381363700065,"proxy: straight-line distance to synthetic bins, not resident walking access",Coimbatore
n/7726430885,7726430885.0,node,76.9032976,11.0280456,bicycle,,S09,real,CBE,037,87.24143986690957,"proxy: straight-line distance to synthetic bins, not resident walking access",Coimbatore
n/7746289485,7746289485.0,node,77.0187147,11.0052233,place_of_worship,,S09,real,CBE,060,151.6463430317129,"proxy: straight-line distance to synthetic bins, not resident walking access",Coimbatore
n/7831383485,7831383485.0,node,76.9581433,11.0110299,car_repair,,S09,real,CBE,070,14.598427011696764,"proxy: straight-line distance to synthetic bins, not resident walking access",Coimbatore
n/7844009702,7844009702.0,node,76.9264328,11.0385657,dentist,Smile With Us Dental Clinic,S09,real,CBE,034,382.6808815249935,"proxy: straight-line distance to synthetic bins, not resident walking access",Coimbatore
n/7844009703,7844009703.0,node,76.9228367,11.0387262,hospital,Sumith Hospital,S09,real,CBE,035,31.299131357960825,"proxy: straight-line distance to synthetic bins, not resident walking access",Coimbatore
n/7844009704,7844009704.0,node,76.9281838,11.035564,dentist,M G Dental Clinic,S09,real,CBE,043,179.93235477262917,"proxy: straight-line distance to synthetic bins, not resident walking access",Coimbatore
n/7844009706,7844009706.0,node,76.926209,11.038389,hospital,Ranjith Dental Hospital,S09,real,CBE,042,351.37012103305807,"proxy: straight-line distance to synthetic bins, not resident walking access",Coimbatore
n/7844009707,7844009707.0,node,76.9437321,11.0247015,clinic,Muruganatham Clinic,S09,real,CBE,069,380.4079142463968,"proxy: straight-line distance to synthetic bins, not resident walking access",Coimbatore
n/7844009708,7844009708.0,node,76.9363716,11.0256038,dentist,Subasri Dental Clinic,S09,real,CBE,043,112.17962732952589,"proxy: straight-line distance to synthetic bins, not resident walking access",Coimbatore
n/7844009710,7844009710.0,node,76.9439008,11.025042,hospital,Rukmani Ammal Hospital,S09,real,CBE,069,390.3663814670619,"proxy: straight-line distance to synthetic bins, not resident walking access",Coimbatore
n/7844009711,7844009711.0,node,76.948798,11.026568,hospital,Onecare Ortho Hospital,S09,real,CBE,069,264.0940457824455,"proxy: straight-line distance to synthetic bins, not resident walking access",Coimbatore
n/7844009712,7844009712.0,node,76.9456019,11.0251484,doctors,Dr. Nithya,S09,real,CBE,069,294.75271852292656,"proxy: straight-line distance to synthetic bins, not resident walking access",Coimbatore
n/7844009713,7844009713.0,node,76.9391123,11.0283152,clinic,Harshika's Homoeo Clinic,S09,real,CBE,043,162.8169078849552,"proxy: straight-line distance to synthetic bins, not resident walking access",Coimbatore
n/7844009718,7844009718.0,node,76.9428333,11.0271382,clinic,Sri Saastha Physiotherapy Centre,S09,real,CBE,044,395.04110711763616,"proxy: straight-line distance to synthetic bins, not resident walking access",Coimbatore
n/7844009721,7844009721.0,node,76.9423976,11.0263447,hospital,Raaj Dental Hospital,S09,real,CBE,044,433.23922819423865,"proxy: straight-line distance to synthetic bins, not resident walking access",Coimbatore
n/7844009722,7844009722.0,node,76.9481906,11.027046,clinic,Kannan Clinic,S09,real,CBE,045,286.1517732794548,"proxy: straight-line distance to synthetic bins, not resident walking access",Coimbatore
n/7844009725,7844009725.0,node,76.9515108,11.0255271,hospital,Aswin Hospital,S09,real,CBE,069,122.7252280185548,"proxy: straight-line distance to synthetic bins, not resident walking access",Coimbatore
n/7844009727,7844009727.0,node,76.947927,11.0269053,clinic,ENT Clinic,S09,real,CBE,045,318.89753192908324,"proxy: straight-line distance to synthetic bins, not resident walking access",Coimbatore
n/7844009729,7844009729.0,node,76.9231792,11.037184,clinic,Gireesh Clinic,S09,real,CBE,035,104.8826723869281,"proxy: straight-line distance to synthetic bins, not resident walking access",Coimbatore
n/7844009730,7844009730.0,node,76.9415948,11.0263805,clinic,Vetri's Homeo Care,S09,real,CBE,044,383.5541402938226,"proxy: straight-line distance to synthetic bins, not resident walking access",Coimbatore
n/7844009732,7844009732.0,node,76.9397208,11.0300612,clinic,Dr. K. Suresh Clinic,S09,real,CBE,044,49.97089922491436,"proxy: straight-line distance to synthetic bins, not resident walking access",Coimbatore
n/7844009735,7844009735.0,node,76.9310053,11.0305981,dentist,Christos Dental Clinic,S09,real,CBE,042,79.13968632733241,"proxy: straight-line distance to synthetic bins, not resident walking access",Coimbatore
n/7844009738,7844009738.0,node,76.9253683,11.0386241,dentist,Shalini Dental Clinic,S09,real,CBE,035,306.3369033023273,"proxy: straight-line distance to synthetic bins, not resident walking access",Coimbatore
n/7844009740,7844009740.0,node,76.926025,11.038796,clinic,Karthik Clinic,S09,real,CBE,042,367.1322909797803,"proxy: straight-line distance to synthetic bins, not resident walking access",Coimbatore
n/7844009741,7844009741.0,node,76.937116,11.0256516,clinic,Poornima Clinic,S09,real,CBE,043,191.66921355762443,"proxy: straight-line distance to synthetic bins, not resident walking access",Coimbatore
n/7844009743,7844009743.0,node,76.9463747,11.0255323,hospital,Sakthi Fertility Hospital,S09,real,CBE,069,320.0022776480416,"proxy: straight-line distance to synthetic bins, not resident walking access",Coimbatore
n/7844009747,7844009747.0,node,76.927068,11.0369397,clinic,Dr. Rajasekar Clinic,S09,real,CBE,042,318.81299132278946,"proxy: straight-line distance to synthetic bins, not resident walking access",Coimbatore
n/7844009748,7844009748.0,node,76.9435571,11.0246928,hospital,Masani Hospital,S09,real,CBE,069,395.342925141741,"proxy: straight-line distance to synthetic bins, not resident walking access",Coimbatore
n/7844009749,7844009749.0,node,76.945987,11.026645,hospital,Kandaswamy Sidhq Hospital,S09,real,CBE,069,446.5277672162392,"proxy: straight-line distance to synthetic bins, not resident walking access",Coimbatore
n/7844009753,7844009753.0,node,76.948803,11.026359,clinic,Shree Kanna Clinic,S09,real,CBE,069,280.5959321979473,"proxy: straight-line distance to synthetic bins, not resident walking access",Coimbatore
n/7844009754,7844009754.0,node,76.92291,11.045772,hospital,P S G Cules Hospital,S09,real,CBE,016,470.3092905403672,"proxy: straight-line distance to synthetic bins, not resident walking access",Coimbatore
n/7844009755,7844009755.0,node,76.9496102,11.0271033,clinic,Akshaya Clinic,S09,real,CBE,045,160.8964638413618,"proxy: straight-line distance to synthetic bins, not resident walking access",Coimbatore
n/7844009759,7844009759.0,node,76.9404132,11.0313641,clinic,Dr. Sumathi Chandrasekaran Clinic,S09,real,CBE,044,86.4091330265801,"proxy: straight-line distance to synthetic bins, not resident walking access",Coimbatore
n/7844009761,7844009761.0,node,76.936095,11.025498,dentist,Ezhil Dental Clinic,S09,real,CBE,043,87.33575769463155,"proxy: straight-line distance to synthetic bins, not resident walking access",Coimbatore
n/7844009763,7844009763.0,node,76.9416551,11.0270905,hospital,Paavai ENT Hospital,S09,real,CBE,044,318.93661844896724,"proxy: straight-line distance to synthetic bins, not resident walking access",Coimbatore
n/7844058258,7844058258.0,node,77.0192485,11.013248,hospital,Srinivas Hospital,S09,real,CBE,053,141.1639950200068,"proxy: straight-line distance to synthetic bins, not resident walking access",Coimbatore
n/7844058260,7844058260.0,node,77.0216931,11.0150335,clinic,Kavya Ortho Centre,S09,real,CBE,053,220.97343483542,"proxy: straight-line distance to synthetic bins, not resident walking access",Coimbatore
n/7844058266,7844058266.0,node,77.019663,11.013613,clinic,SM Clinic,S09,real,CBE,053,173.0344705278483,"proxy: straight-line distance to synthetic bins, not resident walking access",Coimbatore
n/7844058270,7844058270.0,node,77.0202551,11.0160902,hospital,Chycartist Hospital,S09,real,CBE,053,312.64985999448186,"proxy: straight-line distance to synthetic bins, not resident walking access",Coimbatore
n/7844058271,7844058271.0,node,77.0249144,11.0102234,dentist,Kovai Dental Care & Implant Centre,S09,real,CBE,054,147.6712898566019,"proxy: straight-line distance to synthetic bins, not resident walking access",Coimbatore
n/7844058283,7844058283.0,node,77.023391,11.0143629,clinic,Thiru Physiotherapy Clinic,S09,real,CBE,053,225.5655751299048,"proxy: straight-line distance to synthetic bins, not resident walking access",Coimbatore
n/7844058295,7844058295.0,node,77.0306011,11.0006287,clinic,Nalam Child Care,S09,real,CBE,061,154.84485590259663,"proxy: straight-line distance to synthetic bins, not resident walking access",Coimbatore
n/7844058296,7844058296.0,node,77.0273766,11.006978,clinic,Lekha Clinic,S09,real,CBE,059,403.06477964054807,"proxy: straight-line distance to synthetic bins, not resident walking access",Coimbatore
n/7844058299,7844058299.0,node,77.0348661,11.0044086,hospital,Dr. Felix Hospital,S09,real,CBE,055,407.609426713113,"proxy: straight-line distance to synthetic bins, not resident walking access",Coimbatore
n/7844058302,7844058302.0,node,77.0245161,11.0101764,clinic,Vista Care Opticals & Eye Clinic,S09,real,CBE,053,191.47759945688867,"proxy: straight-line distance to synthetic bins, not resident walking access",Coimbatore
n/7844131964,7844131964.0,node,76.9576345,11.0076298,hospital,Vishnu Hospital,S09,real,CBE,070,383.2091640026609,"proxy: straight-line distance to synthetic bins, not resident walking access",Coimbatore
n/7844131965,7844131965.0,node,76.9512758,10.998631,clinic,Alshifa Healing and Naturopathy Clinic,S09,real,CBE,081,91.3066660463098,"proxy: straight-line distance to synthetic bins, not resident walking access",Coimbatore
n/7844131966,7844131966.0,node,76.9530101,11.0046785,clinic,Dr. J K's Homeopathy Clinic,S09,real,CBE,072,125.38971439251384,"proxy: straight-line distance to synthetic bins, not resident walking access",Coimbatore
n/7844131967,7844131967.0,node,76.986166,11.012539,hospital,Arc Fertility Hospital,S09,real,CBE,066,303.61714299210945,"proxy: straight-line distance to synthetic bins, not resident walking access",Coimbatore
n/7844131968,7844131968.0,node,76.956396,11.008405,hospital,Rex Ortho Hospital,S09,real,CBE,069,321.4458167075747,"proxy: straight-line distance to synthetic bins, not resident walking access",Coimbatore
n/7844131969,7844131969.0,node,76.9744842,11.0188961,clinic,Shark Clinic,S09,real,CBE,048,222.9870090415076,"proxy: straight-line distance to synthetic bins, not resident walking access",Coimbatore
n/7844131970,7844131970.0,node,76.9799078,11.0163044,clinic,Dr. B. Nirmala Womens Clinic,S09,real,CBE,049,336.40117121786386,"proxy: straight-line distance to synthetic bins, not resident walking access",Coimbatore
n/7844131971,7844131971.0,node,76.9995376,10.9969119,clinic,Dr. Karthikeyan Clinic,S09,real,CBE,063,22.50011503206261,"proxy: straight-line distance to synthetic bins, not resident walking access",Coimbatore
n/7844131972,7844131972.0,node,76.9559434,11.0027123,dentist,S.T Dental Care,S09,real,CBE,070,57.9659216601852,"proxy: straight-line distance to synthetic bins, not resident walking access",Coimbatore
n/7844131973,7844131973.0,node,76.9812846,11.0163842,clinic,Kids Clinic,S09,real,CBE,049,207.8170754678771,"proxy: straight-line distance to synthetic bins, not resident walking access",Coimbatore
n/7844131974,7844131974.0,node,76.9548289,11.0112326,hospital,N R Hospital,S09,real,CBE,071,261.42071538526426,"proxy: straight-line distance to synthetic bins, not resident walking access",Coimbatore
n/7844131975,7844131975.0,node,76.952299,11.01472,hospital,Parvathy Hospitals,S09,real,CBE,071,341.50902125051203,"proxy: straight-line distance to synthetic bins, not resident walking access",Coimbatore
n/7844131976,7844131976.0,node,76.9512555,11.0041271,doctors,Dr. Sambadam,S09,real,CBE,072,151.08733971762277,"proxy: straight-line distance to synthetic bins, not resident walking access",Coimbatore
n/7844131977,7844131977.0,node,76.9578763,11.0081541,hospital,Srigiri Ayurvedic Hospital,S09,real,CBE,070,327.3636496226066,"proxy: straight-line distance to synthetic bins, not resident walking access",Coimbatore
n/7844131978,7844131978.0,node,76.9842202,11.0157437,hospital,K.B.S. Hospital,S09,real,CBE,049,176.96563583749503,"proxy: straight-line distance to synthetic bins, not resident walking access",Coimbatore
n/7844131979,7844131979.0,node,76.989401,11.00534,hospital,Dr. G. Thiagarajan's Memorial Hospital,S09,real,CBE,066,346.00463614579337,"proxy: straight-line distance to synthetic bins, not resident walking access",Coimbatore
n/7844131980,7844131980.0,node,76.9963939,10.9958212,hospital,Ramvel Hospital,S09,real,CBE,063,140.01918732041926,"proxy: straight-line distance to synthetic bins, not resident walking access",Coimbatore
n/7844131981,7844131981.0,node,76.9592219,10.9905191,clinic,Shajitha Anwaruddin Clinic,S09,real,CBE,081,89.41911464389968,"proxy: straight-line distance to synthetic bins, not resident walking access",Coimbatore
n/7844131982,7844131982.0,node,76.9582121,11.0238937,hospital,Sathya Medical Centre & Hospital,S09,real,CBE,068,302.8283343866937,"proxy: straight-line distance to synthetic bins, not resident walking access",Coimbatore
n/7844131983,7844131983.0,node,76.9555303,11.0052314,hospital,Dr. K Shitra Hospital,S09,real,CBE,072,293.95524123754177,"proxy: straight-line distance to synthetic bins, not resident walking access",Coimbatore
n/7844131984,7844131984.0,node,76.981739,11.015452,clinic,Shakthi Clinic,S09,real,CBE,049,217.70439707599616,"proxy: straight-line distance to synthetic bins, not resident walking access",Coimbatore
n/7844131985,7844131985.0,node,76.968321,10.989042,dentist,Al Shaaf Dental Clinic,S09,real,CBE,084,500.7291399755261,"proxy: straight-line distance to synthetic bins, not resident walking access",Coimbatore
n/7844131986,7844131986.0,node,76.972413,11.0207084,hospital,Ramakrishna Hospital,S09,real,CBE,048,171.88606561024704,"proxy: straight-line distance to synthetic bins, not resident walking access",Coimbatore
n/7844131987,7844131987.0,node,76.9600631,11.0065379,hospital,Seethalakshmi Maternity Hospital,S09,real,CBE,070,550.8051339586134,"proxy: straight-line distance to synthetic bins, not resident walking access",Coimbatore
n/7844131988,7844131988.0,node,76.951222,10.998711,hospital,Sri Vishnu Priya Hospital,S09,real,CBE,081,97.01216060311046,"proxy: straight-line distance to synthetic bins, not resident walking access",Coimbatore
n/7844131989,7844131989.0,node,76.9449938,11.0143168,hospital,Arun Urology Hospital,S09,real,CBE,071,159.17646174357077,"proxy: straight-line distance to synthetic bins, not resident walking access",Coimbatore
n/7844131990,7844131990.0,node,76.9593148,11.024344,dentist,Dr. Binus Dental Clinic,S09,real,CBE,068,290.134089947806,"proxy: straight-line distance to synthetic bins, not resident walking access",Coimbatore
n/7844131991,7844131991.0,node,76.9421502,10.9901191,hospital,Vennila Hospital,S09,real,CBE,078,122.55855432510003,"proxy: straight-line distance to synthetic bins, not resident walking access",Coimbatore
n/7844131992,7844131992.0,node,76.954667,11.0091279,hospital,R.S Hospital,S09,real,CBE,071,366.9328061547853,"proxy: straight-line distance to synthetic bins, not resident walking access",Coimbatore
n/7844131993,7844131993.0,node,76.984214,11.015436,clinic,Sayee Kids Care,S09,real,CBE,049,148.22097914424742,"proxy: straight-line distance to synthetic bins, not resident walking access",Coimbatore
n/7844131994,7844131994.0,node,76.961714,10.989403,hospital,Welcare Hospital,S09,real,CBE,082,67.457641723529,"proxy: straight-line distance to synthetic bins, not resident walking access",Coimbatore
n/7844131995,7844131995.0,node,76.968611,11.020659,hospital,Becker Manual Hospital,S09,real,CBE,048,247.6590033825757,"proxy: straight-line distance to synthetic bins, not resident walking access",Coimbatore
n/7844131996,7844131996.0,node,76.9963622,10.9973118,clinic,Lakshmi ENT Clinic,S09,real,CBE,063,165.49482863078762,"proxy: straight-line distance to synthetic bins, not resident walking access",Coimbatore
n/7844131997,7844131997.0,node,76.9516612,10.9922284,clinic,G.K.P Clinics,S09,real,CBE,081,449.1216677435434,"proxy: straight-line distance to synthetic bins, not resident walking access",Coimbatore
n/7844131998,7844131998.0,node,77.0071075,10.9967758,hospital,Narmada Hospital,S09,real,CBE,061,149.11847506423422,"proxy: straight-line distance to synthetic bins, not resident walking access",Coimbatore
n/7844131999,7844131999.0,node,76.948405,11.0131526,hospital,Rao Hospital,S09,real,CBE,071,154.23410172945438,"proxy: straight-line distance to synthetic bins, not resident walking access",Coimbatore
n/7844132000,7844132000.0,node,76.956267,11.007283,hospital,Kamala Prakash Hospital,S09,real,CBE,070,442.9178893397992,"proxy: straight-line distance to synthetic bins, not resident walking access",Coimbatore
n/7844132001,7844132001.0,node,76.992439,11.007011,hospital,Rafa Hospital,S09,real,CBE,066,465.7656367289567,"proxy: straight-line distance to synthetic bins, not resident walking access",Coimbatore
n/7844132002,7844132002.0,node,76.9520898,10.9920096,hospital,Subu Hospital,S09,real,CBE,081,423.44259963775306,"proxy: straight-line distance to synthetic bins, not resident walking access",Coimbatore
n/7844132003,7844132003.0,node,76.9559691,10.9923475,hospital,Rajagambiram Dental Hospital,S09,real,CBE,081,255.8935272264542,"proxy: straight-line distance to synthetic bins, not resident walking access",Coimbatore
n/7844132004,7844132004.0,node,76.9518169,11.0002483,hospital,Iswarya Hospital,S09,real,CBE,072,175.6500374606474,"proxy: straight-line distance to synthetic bins, not resident walking access",Coimbatore
n/7844132005,7844132005.0,node,76.9911858,11.0075989,clinic,Anbu Child Care Clinic,S09,real,CBE,066,333.99580937217735,"proxy: straight-line distance to synthetic bins, not resident walking access",Coimbatore
n/7844132008,7844132008.0,node,76.9934204,11.0040562,clinic,Marutham Health Clinic,S09,real,CBE,064,123.86089894689609,"proxy: straight-line distance to synthetic bins, not resident walking access",Coimbatore
n/7844132009,7844132009.0,node,76.9574858,10.9920855,hospital,Sri Guru Hospital,S09,real,CBE,081,174.74706980133683,"proxy: straight-line distance to synthetic bins, not resident walking access",Coimbatore
n/7844132010,7844132010.0,node,76.9524368,11.0153485,hospital,PGS Hospital,S09,real,CBE,071,410.53290681842617,"proxy: straight-line distance to synthetic bins, not resident walking access",Coimbatore
n/7844132011,7844132011.0,node,76.9578141,11.0215052,doctors,Dr. N. Bhaskar,S09,real,CBE,068,213.56845649763176,"proxy: straight-line distance to synthetic bins, not resident walking access",Coimbatore
n/7844132012,7844132012.0,node,76.9551255,11.0027982,clinic,Shree Malar Clinic,S09,real,CBE,070,59.23712703462164,"proxy: straight-line distance to synthetic bins, not resident walking access",Coimbatore
n/7844132013,7844132013.0,node,76.9555005,11.0054958,dentist,Sri Swathi Dental Clinic,S09,real,CBE,072,320.4792638588703,"proxy: straight-line distance to synthetic bins, not resident walking access",Coimbatore
n/7844132014,7844132014.0,node,76.951549,10.999154,hospital,K Jagathnathan Hospital,S09,real,CBE,081,80.1103506791337,"proxy: straight-line distance to synthetic bins, not resident walking access",Coimbatore
n/7844132015,7844132015.0,node,76.9839175,11.0147943,dentist,Dr. Rajagambiram Dental Clinic,S09,real,CBE,049,73.91853360444459,"proxy: straight-line distance to synthetic bins, not resident walking access",Coimbatore
n/7844132016,7844132016.0,node,76.9580134,11.008435,hospital,Mak Hospital,S09,real,CBE,070,298.89613140400814,"proxy: straight-line distance to synthetic bins, not resident walking access",Coimbatore
n/7844132017,7844132017.0,node,76.955796,11.0039912,dentist,Arun Dental Clinic,S09,real,CBE,072,191.14881781650973,"proxy: straight-line distance to synthetic bins, not resident walking access",Coimbatore
n/7869163907,7869163907.0,node,76.9513825,11.0316791,car,Maruti Showroom,S09,real,CBE,045,115.7376682668456,"proxy: straight-line distance to synthetic bins, not resident walking access",Coimbatore
n/7896751685,7896751685.0,node,77.0189056,11.0144214,seafood,,S09,real,CBE,053,135.9433225072672,"proxy: straight-line distance to synthetic bins, not resident walking access",Coimbatore
n/7896751785,7896751785.0,node,77.0187599,11.0142031,atm,Axis Bank,S09,real,CBE,053,124.74896143958452,"proxy: straight-line distance to synthetic bins, not resident walking access",Coimbatore
n/7967908786,7967908786.0,node,77.0187086,11.016023,motorcycle,,S09,real,CBE,053,164.49270785125034,"proxy: straight-line distance to synthetic bins, not resident walking access",Coimbatore
n/7967908985,7967908985.0,node,77.0186856,11.020155,bank,ICICI Bank,S09,real,CBE,053,376.8111888916097,"proxy: straight-line distance to synthetic bins, not resident walking access",Coimbatore
n/8000326824,8000326824.0,node,77.0189795,11.0207277,clinic,Sky speech & hearing care Clinic,S09,real,CBE,053,447.36840481465146,"proxy: straight-line distance to synthetic bins, not resident walking access",Coimbatore
n/8000326825,8000326825.0,node,77.0223927,11.0198182,fuel,HP,S09,real,CBE,053,378.8134604774381,"proxy: straight-line distance to synthetic bins, not resident walking access",Coimbatore
n/8000793350,8000793350.0,node,77.0225335,11.0205296,bakery,A1 Bakery,S09,real,CBE,054,315.0964508762587,"proxy: straight-line distance to synthetic bins, not resident walking access",Coimbatore
n/8041808586,8041808586.0,node,76.9880591,11.013493,electronics,Cromā,S09,real,CBE,066,74.47809276176922,"proxy: straight-line distance to synthetic bins, not resident walking access",Coimbatore
n/8041818586,8041818586.0,node,76.9879274,11.0133717,clothes,,S09,real,CBE,066,94.134062527958,"proxy: straight-line distance to synthetic bins, not resident walking access",Coimbatore
n/8084466324,8084466324.0,node,77.0236404,11.0170092,hairdresser,,S09,real,CBE,054,347.556112836326,"proxy: straight-line distance to synthetic bins, not resident walking access",Coimbatore
n/8120173117,8120173117.0,node,77.0105266,11.0246862,fast_food,,S09,real,CBE,024,580.4821544819903,"proxy: straight-line distance to synthetic bins, not resident walking access",Coimbatore
n/8120173118,8120173118.0,node,77.0107146,11.0246853,clothes,,S09,real,CBE,024,593.3713121347694,"proxy: straight-line distance to synthetic bins, not resident walking access",Coimbatore
n/8120173119,8120173119.0,node,77.010807,11.0240337,shoes,Bata,S09,real,CBE,024,656.6183822781121,"proxy: straight-line distance to synthetic bins, not resident walking access",Coimbatore
n/8120173120,8120173120.0,node,77.0106543,11.0240312,clothes,Pantaloons,S09,real,CBE,024,647.1669642037884,"proxy: straight-line distance to synthetic bins, not resident walking access",Coimbatore
n/8120173217,8120173217.0,node,77.0107248,11.0242162,motorcycle_parking,,S09,real,CBE,024,635.0222520941303,"proxy: straight-line distance to synthetic bins, not resident walking access",Coimbatore
n/8156827818,8156827818.0,node,76.9047538,11.0209682,kindergarten,,S09,real,CBE,039,309.87071667875483,"proxy: straight-line distance to synthetic bins, not resident walking access",Coimbatore
n/8156850917,8156850917.0,node,76.9013107,11.0244157,recycling,,S09,real,CBE,038,238.8145213561418,"proxy: straight-line distance to synthetic bins, not resident walking access",Coimbatore
n/8156850919,8156850919.0,node,76.9008543,11.0243342,school,,S09,real,CBE,039,193.08947116441968,"proxy: straight-line distance to synthetic bins, not resident walking access",Coimbatore
n/8156851117,8156851117.0,node,76.9007839,11.0251206,bank,Union Bank of India,S09,real,CBE,038,177.44740448375993,"proxy: straight-line distance to synthetic bins, not resident walking access",Coimbatore
n/8156869417,8156869417.0,node,76.9010012,11.0241646,toilets,,S09,real,CBE,039,214.6243681652037,"proxy: straight-line distance to synthetic bins, not resident walking access",Coimbatore
n/8156881717,8156881717.0,node,76.901046,11.0251266,hardware,,S09,real,CBE,038,205.9106951738069,"proxy: straight-line distance to synthetic bins, not resident walking access",Coimbatore
n/8191280917,8191280917.0,node,77.014006,11.025718,optician,,S09,real,CBE,026,441.88655203483785,"proxy: straight-line distance to synthetic bins, not resident walking access",Coimbatore
n/8191281017,8191281017.0,node,77.0152425,11.0257396,motorcycle,,S09,real,CBE,026,488.75381834191535,"proxy: straight-line distance to synthetic bins, not resident walking access",Coimbatore
n/8193620717,8193620717.0,node,77.0233743,11.0162413,atm,Bank of Baroda,S09,real,CBE,053,333.0998111282201,"proxy: straight-line distance to synthetic bins, not resident walking access",Coimbatore
n/8193620718,8193620718.0,node,77.0242776,11.0128025,fuel,Shell,S09,real,CBE,054,254.6412040618761,"proxy: straight-line distance to synthetic bins, not resident walking access",Coimbatore
n/8193620917,8193620917.0,node,77.023379,11.0161475,bank,Bank of Baroda,S09,real,CBE,053,329.1057443974211,"proxy: straight-line distance to synthetic bins, not resident walking access",Coimbatore
n/8193621317,8193621317.0,node,77.0241285,11.0121348,pharmacy,,S09,real,CBE,053,252.8254530082211,"proxy: straight-line distance to synthetic bins, not resident walking access",Coimbatore
n/8193622417,8193622417.0,node,77.0243303,11.0125952,car_repair,,S09,real,CBE,054,262.3810186766171,"proxy: straight-line distance to synthetic bins, not resident walking access",Coimbatore
n/8228225717,8228225717.0,node,76.9879702,11.0139271,restaurant,,S09,real,CBE,066,61.53152210530851,"proxy: straight-line distance to synthetic bins, not resident walking access",Coimbatore
n/8228225817,8228225817.0,node,76.9552676,11.014839,motorcycle_parking,,S09,real,CBE,069,463.81709777407656,"proxy: straight-line distance to synthetic bins, not resident walking access",Coimbatore
n/8253315571,8253315571.0,node,76.9669945,11.0199984,motorcycle,ampere,S09,real,CBE,068,425.7966054661009,"proxy: straight-line distance to synthetic bins, not resident walking access",Coimbatore
n/8256683117,8256683117.0,node,76.9749735,10.9951054,bank,Tamilnad Mercantile Bank Limited,S09,real,CBE,083,653.0864752342358,"proxy: straight-line distance to synthetic bins, not resident walking access",Coimbatore
n/8259703617,8259703617.0,node,76.9748889,10.9950802,atm,Tamilnad Mercantile Bank Limited,S09,real,CBE,083,652.2431305313936,"proxy: straight-line distance to synthetic bins, not resident walking access",Coimbatore
n/8259703717,8259703717.0,node,76.9968496,11.0285796,post_office,,S09,real,CBE,027,141.5604112266025,"proxy: straight-line distance to synthetic bins, not resident walking access",Coimbatore
n/8263398817,8263398817.0,node,76.9604496,11.0182225,electronics,,S09,real,CBE,068,277.5809394267202,"proxy: straight-line distance to synthetic bins, not resident walking access",Coimbatore
n/8292685635,8292685635.0,node,76.9627261,11.0195556,electronics,Bharat Electronics and Appliances,S09,real,CBE,068,276.67155020215336,"proxy: straight-line distance to synthetic bins, not resident walking access",Coimbatore
n/8305277317,8305277317.0,node,77.0379491,11.0440415,restaurant,,S09,real,CBE,007,568.0646935551949,"proxy: straight-line distance to synthetic bins, not resident walking access",Coimbatore
n/8320811208,8320811208.0,node,76.9439076,11.0647785,bank,LIC HOUSING FINANCE LTD,S09,real,CBE,014,390.3341378586061,"proxy: straight-line distance to synthetic bins, not resident walking access",Coimbatore
n/8321106418,8321106418.0,node,76.9610724,11.0203194,clinic,,S09,real,CBE,068,366.5432501916988,"proxy: straight-line distance to synthetic bins, not resident walking access",Coimbatore
n/8364209618,8364209618.0,node,77.0187192,11.0200283,atm,ICICI Bank,S09,real,CBE,053,364.9288557410025,"proxy: straight-line distance to synthetic bins, not resident walking access",Coimbatore
n/8463550717,8463550717.0,node,76.9765264,11.0170764,copyshop,,S09,real,CBE,067,318.99450349364696,"proxy: straight-line distance to synthetic bins, not resident walking access",Coimbatore
n/8463550817,8463550817.0,node,76.9403248,11.0210455,restaurant,,S09,real,CBE,069,425.7754995221844,"proxy: straight-line distance to synthetic bins, not resident walking access",Coimbatore
n/8540237517,8540237517.0,node,76.8852146,11.0157161,sports,,S09,real,CBE,039,919.4269811617892,"proxy: straight-line distance to synthetic bins, not resident walking access",Coimbatore
n/9125870245,9125870245.0,node,76.9506699,11.0079716,watches,Zimson,S09,real,CBE,072,64.65474163296011,"proxy: straight-line distance to synthetic bins, not resident walking access",Coimbatore
n/9160367007,9160367007.0,node,76.9538094,10.9535912,supermarket,Dennis supermarket,S09,real,CBE,093,378.1632328936163,"proxy: straight-line distance to synthetic bins, not resident walking access",Coimbatore
n/9160367008,9160367008.0,node,76.9534124,10.9532014,supermarket,Kovai Pazhamudhir Nilayam,S09,real,CBE,088,424.8604004697123,"proxy: straight-line distance to synthetic bins, not resident walking access",Coimbatore
n/9184376692,9184376692.0,node,77.0058664,10.9838898,level_crossing,,S09,real,CBE,062,645.9155806700331,"proxy: straight-line distance to synthetic bins, not resident walking access",Coimbatore
n/9186148278,9186148278.0,node,76.997949,11.0363746,level_crossing,,S09,real,CBE,026,511.7644499908542,"proxy: straight-line distance to synthetic bins, not resident walking access",Coimbatore
n/9186148282,9186148282.0,node,76.9985503,11.0349368,level_crossing,,S09,real,CBE,026,606.5382668121974,"proxy: straight-line distance to synthetic bins, not resident walking access",Coimbatore
n/9204495608,9204495608.0,node,76.9515473,11.022897,charging_station,srt tata ev charging station,S09,real,CBE,069,156.24452446612187,"proxy: straight-line distance to synthetic bins, not resident walking access",Coimbatore
n/9234447495,9234447495.0,node,76.9991885,11.0367786,level_crossing,,S09,real,CBE,026,396.1850045852436,"proxy: straight-line distance to synthetic bins, not resident walking access",Coimbatore
n/9234447497,9234447497.0,node,76.9994431,11.036166,level_crossing,,S09,real,CBE,026,444.5931855443572,"proxy: straight-line distance to synthetic bins, not resident walking access",Coimbatore
n/9234447498,9234447498.0,node,76.9994578,11.0361307,level_crossing,,S09,real,CBE,026,447.58736864476737,"proxy: straight-line distance to synthetic bins, not resident walking access",Coimbatore
n/9234447499,9234447499.0,node,76.9997484,11.0354314,level_crossing,,S09,real,CBE,026,510.5143624898637,"proxy: straight-line distance to synthetic bins, not resident walking access",Coimbatore
n/9234447500,9234447500.0,node,76.9997647,11.0353922,level_crossing,,S09,real,CBE,026,514.2162220922559,"proxy: straight-line distance to synthetic bins, not resident walking access",Coimbatore
n/9264474607,9264474607.0,node,76.9734547,11.0003783,cafe,Velan Tea Desk,S09,real,CBE,083,79.93878265752353,"proxy: straight-line distance to synthetic bins, not resident walking access",Coimbatore
n/9264474608,9264474608.0,node,76.9736382,11.0004761,atm,Canara Bank,S09,real,CBE,066,70.61832079610978,"proxy: straight-line distance to synthetic bins, not resident walking access",Coimbatore
n/9318480044,9318480044.0,node,76.9778587,10.9958373,atm,ESAF Small Finance Bank,S09,real,CBE,083,338.8467739209209,"proxy: straight-line distance to synthetic bins, not resident walking access",Coimbatore
n/9396603721,9396603721.0,node,76.9297156,10.9545119,gas,BPCL,S09,real,CBE,089,654.064200099993,"proxy: straight-line distance to synthetic bins, not resident walking access",Coimbatore
n/9567217471,9567217471.0,node,76.9594291,10.9935623,place_of_worship,Athar Jamaath Masjid,S09,real,CBE,081,170.30733576234013,"proxy: straight-line distance to synthetic bins, not resident walking access",Coimbatore
n/9612369292,9612369292.0,node,77.0381045,11.0317969,taxi,,S09,real,CBE,023,577.4356206030245,"proxy: straight-line distance to synthetic bins, not resident walking access",Coimbatore
n/9612404564,9612404564.0,node,77.0389051,11.0309113,taxi,Coimbatore Airport Pick up/Drop off,S09,real,CBE,023,706.425769482982,"proxy: straight-line distance to synthetic bins, not resident walking access",Coimbatore
n/9757282686,9757282686.0,node,76.9986093,11.0630952,dentist,Little Krishna Kids Dental Care,S09,real,CBE,011,96.11577051375558,"proxy: straight-line distance to synthetic bins, not resident walking access",Coimbatore
n/9891879713,9891879713.0,node,76.95384,11.0105488,electrical,V Sat Solar Products,S09,real,CBE,071,191.978624990574,"proxy: straight-line distance to synthetic bins, not resident walking access",Coimbatore
n/10199105817,10199105817.0,node,76.9605934,11.0515033,bookmaker,MAH,S09,real,CBE,013,470.5815117472788,"proxy: straight-line distance to synthetic bins, not resident walking access",Coimbatore
n/10206677617,10206677617.0,node,76.9606521,11.0532302,bookmaker,MAH,S09,real,CBE,013,485.7020037763497,"proxy: straight-line distance to synthetic bins, not resident walking access",Coimbatore
n/10207813322,10207813322.0,node,76.9873432,11.0786776,food_court,Kore,S09,real,CBE,004,788.3157577027855,"proxy: straight-line distance to synthetic bins, not resident walking access",Coimbatore
n/10292771078,10292771078.0,node,76.8779326,11.0411759,food_court,MDS Canteen,S09,real,CBE,038,1282.717573780552,"proxy: straight-line distance to synthetic bins, not resident walking access",Coimbatore
n/10292796929,10292796929.0,node,76.8779968,11.0410773,stationery,SSA STATIONARY SHOP,S09,real,CBE,038,1270.1327962242583,"proxy: straight-line distance to synthetic bins, not resident walking access",Coimbatore
n/10294495509,10294495509.0,node,77.018854,11.0323532,food_court,Food court,S09,real,CBE,024,379.1127109546866,"proxy: straight-line distance to synthetic bins, not resident walking access",Coimbatore
n/10295458010,10295458010.0,node,77.017863,11.0310447,electronics,Entrance,S09,real,CBE,024,414.8975291021067,"proxy: straight-line distance to synthetic bins, not resident walking access",Coimbatore
n/10542220672,10542220672.0,node,76.948187,11.021142,toilets,,S09,real,CBE,069,246.52514825160355,"proxy: straight-line distance to synthetic bins, not resident walking access",Coimbatore
n/10572415070,10572415070.0,node,76.9804382,10.928812,events_venue,Savithri Mahal,S09,real,CBE,097,457.2825033634958,"proxy: straight-line distance to synthetic bins, not resident walking access",Coimbatore
n/10572757409,10572757409.0,node,76.9259033,11.0193931,convenience,,S09,real,CBE,041,457.6916833071221,"proxy: straight-line distance to synthetic bins, not resident walking access",Coimbatore
n/10581968305,10581968305.0,node,76.9347383,11.0255799,restaurant,Amudha Surabhi,S09,real,CBE,043,74.77450613839179,"proxy: straight-line distance to synthetic bins, not resident walking access",Coimbatore
n/10587513868,10587513868.0,node,76.9246064,11.0169879,convenience,David Stores,S09,real,CBE,041,465.1259088537714,"proxy: straight-line distance to synthetic bins, not resident walking access",Coimbatore
n/10587513869,10587513869.0,node,76.9247881,11.0175482,mobile_phone,,S09,real,CBE,041,521.7717605181176,"proxy: straight-line distance to synthetic bins, not resident walking access",Coimbatore
n/10587611614,10587611614.0,node,76.924619,11.0180972,convenience,Karpaga Perumal,S09,real,CBE,041,518.8148723026599,"proxy: straight-line distance to synthetic bins, not resident walking access",Coimbatore
n/10587611615,10587611615.0,node,76.9246884,11.0180204,fashion_accessories,Gold Fancy & Gifts,S09,real,CBE,041,529.3312914415449,"proxy: straight-line distance to synthetic bins, not resident walking access",Coimbatore
n/10587652805,10587652805.0,node,76.9832303,11.0832597,fuel,Bharat petroleum products,S09,real,CBE,003,640.7699069497795,"proxy: straight-line distance to synthetic bins, not resident walking access",Coimbatore
n/10588215720,10588215720.0,node,76.9751891,11.0053516,money_transfer,Western Union,S09,real,CBE,083,329.7309482974066,"proxy: straight-line distance to synthetic bins, not resident walking access",Coimbatore
n/10588263254,10588263254.0,node,76.9751657,11.0053354,pet,Preethi Pets,S09,real,CBE,083,330.98866135940045,"proxy: straight-line distance to synthetic bins, not resident walking access",Coimbatore
n/10589606778,10589606778.0,node,76.9448758,11.0094755,greengrocer,Pazhamudhir Nilayam,S09,real,CBE,071,269.10899811534483,"proxy: straight-line distance to synthetic bins, not resident walking access",Coimbatore
n/10591398916,10591398916.0,node,76.9751181,11.0053035,doors,,S09,real,CBE,083,333.6809820394918,"proxy: straight-line distance to synthetic bins, not resident walking access",Coimbatore
n/10595890823,10595890823.0,node,76.9247695,11.01607,bakery,NSR Bakery,S09,real,CBE,041,362.3019409181144,"proxy: straight-line distance to synthetic bins, not resident walking access",Coimbatore
n/10595890824,10595890824.0,node,76.9245039,11.0162123,shoes,,S09,real,CBE,041,385.6560814180284,"proxy: straight-line distance to synthetic bins, not resident walking access",Coimbatore
n/10595890825,10595890825.0,node,76.9245753,11.0161622,pharmacy,Sundaram Medicals,S09,real,CBE,041,377.98613105868657,"proxy: straight-line distance to synthetic bins, not resident walking access",Coimbatore
n/10595890826,10595890826.0,node,76.9249955,11.0159232,snack,No. 1 Chips,S09,real,CBE,075,340.8917370620536,"proxy: straight-line distance to synthetic bins, not resident walking access",Coimbatore
n/10596071701,10596071701.0,node,76.9242671,11.0162737,stationery,Varsha Paper House,S09,real,CBE,041,400.8598116574933,"proxy: straight-line distance to synthetic bins, not resident walking access",Coimbatore
n/10596071702,10596071702.0,node,76.9253113,11.0160183,pet,Boww and Fish,S09,real,CBE,041,346.2536718854502,"proxy: straight-line distance to synthetic bins, not resident walking access",Coimbatore
n/10596071703,10596071703.0,node,76.9257435,11.0157436,pet,Kovai Pets,S09,real,CBE,041,314.6330774037817,"proxy: straight-line distance to synthetic bins, not resident walking access",Coimbatore
n/10596071704,10596071704.0,node,76.9268168,11.0145393,cafe,Aavin,S09,real,CBE,074,223.909426347139,"proxy: straight-line distance to synthetic bins, not resident walking access",Coimbatore
n/10596325531,10596325531.0,node,76.9260505,11.0189595,laundry,,S09,real,CBE,041,496.08154343929,"proxy: straight-line distance to synthetic bins, not resident walking access",Coimbatore
n/10596381157,10596381157.0,node,76.9226414,11.0172902,cafe,Sri Ganesh Bakery,S09,real,CBE,041,401.3204563573972,"proxy: straight-line distance to synthetic bins, not resident walking access",Coimbatore
n/10596381158,10596381158.0,node,76.9226756,11.0172877,fashion_accessories,Golden Fancy & Gifts,S09,real,CBE,041,403.8959799470069,"proxy: straight-line distance to synthetic bins, not resident walking access",Coimbatore
n/10596381159,10596381159.0,node,76.9227175,11.0172737,fast_food,Chit Chat Spot,S09,real,CBE,041,408.00609309264894,"proxy: straight-line distance to synthetic bins, not resident walking access",Coimbatore
n/10596416213,10596416213.0,node,76.922868,11.0172065,toilets,,S09,real,CBE,041,424.310366504909,"proxy: straight-line distance to synthetic bins, not resident walking access",Coimbatore
n/10596416214,10596416214.0,node,76.9226777,11.0166652,greengrocer,,S09,real,CBE,041,459.3486942370748,"proxy: straight-line distance to synthetic bins, not resident walking access",Coimbatore
n/10707319521,10707319521.0,node,77.0615132,11.0646785,place_of_worship,Madeshwarar Thiru koil,S09,real,CBE,007,928.243777381454,"proxy: straight-line distance to synthetic bins, not resident walking access",Coimbatore
n/10761064376,10761064376.0,node,77.0547717,11.0480085,fuel,Shell,S09,real,CBE,007,412.7067632894756,"proxy: straight-line distance to synthetic bins, not resident walking access",Coimbatore
n/10761084227,10761084227.0,node,77.0427314,11.0420024,car,True value,S09,real,CBE,007,700.9224823327484,"proxy: straight-line distance to synthetic bins, not resident walking access",Coimbatore
n/10798713202,10798713202.0,node,77.0159135,11.0553473,library,Cheran Maa Nagar,S09,real,CBE,022,479.5056531750081,"proxy: straight-line distance to synthetic bins, not resident walking access",Coimbatore
n/10895315867,10895315867.0,node,77.0243078,11.008585,food_court,Government Medical College And ESI Hospital Canteen,S09,real,CBE,053,295.4508640485212,"proxy: straight-line distance to synthetic bins, not resident walking access",Coimbatore
n/10895367241,10895367241.0,node,77.0238146,11.0096292,atm,State Bank of India,S09,real,CBE,053,280.75594460994614,"proxy: straight-line distance to synthetic bins, not resident walking access",Coimbatore
n/10895367242,10895367242.0,node,77.0243282,11.0099562,parking,ESI HOSPITAL PARKING,S09,real,CBE,053,216.5660316686761,"proxy: straight-line distance to synthetic bins, not resident walking access",Coimbatore
n/10895532744,10895532744.0,node,77.0249367,11.0091364,parking,,S09,real,CBE,053,203.6774977781524,"proxy: straight-line distance to synthetic bins, not resident walking access",Coimbatore
n/10895934519,10895934519.0,node,77.0209682,11.0094673,college,GOVERNMENT MEDICAL COLLEGE,S09,real,CBE,053,335.2846400725748,"proxy: straight-line distance to synthetic bins, not resident walking access",Coimbatore
n/10895951755,10895951755.0,node,77.0237894,11.0095718,food_court,Government Medical College And Employees State Insurance Corporation Hospital Canteen,S09,real,CBE,053,285.4536122433885,"proxy: straight-line distance to synthetic bins, not resident walking access",Coimbatore
n/10959201993,10959201993.0,node,76.9991392,10.9477219,level_crossing,,S09,real,CBE,100,523.0123014923939,"proxy: straight-line distance to synthetic bins, not resident walking access",Coimbatore
n/10976410005,10976410005.0,node,76.9588856,11.0287951,grocery,,S09,real,CBE,046,100.5717883535077,"proxy: straight-line distance to synthetic bins, not resident walking access",Coimbatore
n/11013408597,11013408597.0,node,77.0415375,11.0460106,cinema,Broadway Cinemas,S09,real,CBE,007,239.2020842007605,"proxy: straight-line distance to synthetic bins, not resident walking access",Coimbatore
n/11044431349,11044431349.0,node,77.0034867,11.0342893,restaurant,Sri Aaditya Restaurants,S09,real,CBE,026,603.2239597497455,"proxy: straight-line distance to synthetic bins, not resident walking access",Coimbatore
n/11097189947,11097189947.0,node,77.000261,11.0794356,pub,Le Hive Lounge,S09,real,CBE,004,836.5931625333707,"proxy: straight-line distance to synthetic bins, not resident walking access",Coimbatore
n/11107513939,11107513939.0,node,76.8843185,11.0335389,bar,HAPPENINGS LOUNGE BAR,S09,real,CBE,038,465.76366441614624,"proxy: straight-line distance to synthetic bins, not resident walking access",Coimbatore
n/11149608947,11149608947.0,node,76.9154081,11.0221665,pharmacy,Thulasi Pharmacy,S09,real,CBE,036,224.97110072394148,"proxy: straight-line distance to synthetic bins, not resident walking access",Coimbatore
n/11162419649,11162419649.0,node,77.0244449,11.0277609,clothes,Biggies Burger,S09,real,CBE,055,235.92313464125505,"proxy: straight-line distance to synthetic bins, not resident walking access",Coimbatore
n/11162443574,11162443574.0,node,77.0387704,11.0529945,restaurant,Kovai Durbar,S09,real,CBE,008,324.2433500877259,"proxy: straight-line distance to synthetic bins, not resident walking access",Coimbatore
n/11290522012,11290522012.0,node,76.9472406,11.0300828,supermarket,Ravi Store,S09,real,CBE,045,314.3342528653272,"proxy: straight-line distance to synthetic bins, not resident walking access",Coimbatore
n/11367662872,11367662872.0,node,77.0357133,11.0333448,college,,S09,real,CBE,023,265.8433798610734,"proxy: straight-line distance to synthetic bins, not resident walking access",Coimbatore
n/11367692369,11367692369.0,node,77.0338039,11.0347134,college,,S09,real,CBE,023,18.27654892160115,"proxy: straight-line distance to synthetic bins, not resident walking access",Coimbatore
n/11368079569,11368079569.0,node,77.0218602,11.0208777,clinic,,S09,real,CBE,053,358.2680878093541,"proxy: straight-line distance to synthetic bins, not resident walking access",Coimbatore
n/11368528169,11368528169.0,node,77.0020042,11.0755978,confectionery,Sri Krishna Sweets,S09,real,CBE,010,452.63718348115447,"proxy: straight-line distance to synthetic bins, not resident walking access",Coimbatore
n/11402979792,11402979792.0,node,77.0377268,11.0455175,atm,,S09,real,CBE,008,467.96973402778457,"proxy: straight-line distance to synthetic bins, not resident walking access",Coimbatore
n/11402979797,11402979797.0,node,77.0378206,11.0457202,atm,,S09,real,CBE,008,446.2053661781702,"proxy: straight-line distance to synthetic bins, not resident walking access",Coimbatore
n/11455988074,11455988074.0,node,76.9737086,10.9984965,college,PG & Research Department of Public Administration,S09,real,CBE,083,288.8870468875963,"proxy: straight-line distance to synthetic bins, not resident walking access",Coimbatore
n/11458804878,11458804878.0,node,76.9721668,10.998499,college,"Government Arts College (Autonomous), Coimbatore-18",S09,real,CBE,083,322.47635083424547,"proxy: straight-line distance to synthetic bins, not resident walking access",Coimbatore
n/11459027630,11459027630.0,node,76.9748439,10.9992674,library,GAC Men's Hostel Library,S09,real,CBE,066,250.3646644475008,"proxy: straight-line distance to synthetic bins, not resident walking access",Coimbatore
n/11652427332,11652427332.0,node,76.9898637,10.9620399,restaurant,SBI,S09,real,CBE,099,428.1348972546649,"proxy: straight-line distance to synthetic bins, not resident walking access",Coimbatore
n/11909734463,11909734463.0,node,76.9757739,11.0049829,baby_goods,LIL WONDERSS,S09,real,CBE,083,253.9200783805261,"proxy: straight-line distance to synthetic bins, not resident walking access",Coimbatore
n/11928547119,11928547119.0,node,76.9948833,10.9732071,signal,,S09,real,CBE,062,1023.8514597097856,"proxy: straight-line distance to synthetic bins, not resident walking access",Coimbatore
n/11954964903,11954964903.0,node,77.002169,11.0006954,outlet,Taya Home Linens Sowripalayam,S09,real,CBE,050,379.7299295514723,"proxy: straight-line distance to synthetic bins, not resident walking access",Coimbatore
n/11982950352,11982950352.0,node,77.0316705,11.0760095,post_office,Kalapatti,S09,real,CBE,008,309.09349989854826,"proxy: straight-line distance to synthetic bins, not resident walking access",Coimbatore
n/11998948312,11998948312.0,node,76.9471691,10.9658053,department_store,AQSA Traders,S09,real,CBE,087,297.41315178766973,"proxy: straight-line distance to synthetic bins, not resident walking access",Coimbatore
n/12006427130,12006427130.0,node,76.9531707,10.9637212,place_of_worship,Aram Valartha Mariamman,S09,real,CBE,088,287.5035281340615,"proxy: straight-line distance to synthetic bins, not resident walking access",Coimbatore
n/12006446917,12006446917.0,node,76.9550428,10.9640628,place_of_worship,Bala Dhandayuthapani Swamy,S09,real,CBE,087,114.23643888022596,"proxy: straight-line distance to synthetic bins, not resident walking access",Coimbatore
n/12006461095,12006461095.0,node,76.9557475,10.966398,mobile_phone,The Chennai Mobiles,S09,real,CBE,087,338.81672854441194,"proxy: straight-line distance to synthetic bins, not resident walking access",Coimbatore
n/12006461703,12006461703.0,node,76.9557975,10.9661811,restaurant,Nahdi Mandi Restaurant,S09,real,CBE,087,314.77234980746147,"proxy: straight-line distance to synthetic bins, not resident walking access",Coimbatore
n/12006544523,12006544523.0,node,76.9519069,10.9668795,supermarket,Marwa Super Market,S09,real,CBE,087,285.32731304120585,"proxy: straight-line distance to synthetic bins, not resident walking access",Coimbatore
n/12006552126,12006552126.0,node,76.9506551,10.9665505,pharmacy,New Pharmacy,S09,real,CBE,087,164.23388621966802,"proxy: straight-line distance to synthetic bins, not resident walking access",Coimbatore
n/12022741803,12022741803.0,node,76.9516587,10.9635835,place_of_worship,Srinivasa Perumal,S09,real,CBE,088,140.64533908968951,"proxy: straight-line distance to synthetic bins, not resident walking access",Coimbatore
n/12022782363,12022782363.0,node,76.9550088,10.9635112,bakery,NS Bakes,S09,real,CBE,087,85.7617416472515,"proxy: straight-line distance to synthetic bins, not resident walking access",Coimbatore
n/12022822447,12022822447.0,node,76.9525708,10.9676748,motorcycle_repair,Bullet Track,S09,real,CBE,087,294.09379442102585,"proxy: straight-line distance to synthetic bins, not resident walking access",Coimbatore
n/12022838252,12022838252.0,node,76.9500941,10.9664124,general,Fathima Store,S09,real,CBE,087,125.863503872851,"proxy: straight-line distance to synthetic bins, not resident walking access",Coimbatore
n/12030811366,12030811366.0,node,76.9589209,10.9940372,marketplace,Uppukinar Lane,S09,real,CBE,081,202.76530234267773,"proxy: straight-line distance to synthetic bins, not resident walking access",Coimbatore
n/12041128589,12041128589.0,node,76.9390268,10.9449003,car_wash,Detailing Wolves,S09,real,CBE,091,250.54377120420924,"proxy: straight-line distance to synthetic bins, not resident walking access",Coimbatore
n/12041197061,12041197061.0,node,76.943096,10.9652334,pharmacy,RFS Medicals,S09,real,CBE,088,187.1239933854676,"proxy: straight-line distance to synthetic bins, not resident walking access",Coimbatore
n/12041202796,12041202796.0,node,76.9450584,10.9655568,hairdresser,Hairland,S09,real,CBE,087,393.2583002842692,"proxy: straight-line distance to synthetic bins, not resident walking access",Coimbatore
n/12041721098,12041721098.0,node,76.9486786,10.9617062,rice,Asia Maavu Mill (Flour Mill),S09,real,CBE,088,162.38527118632445,"proxy: straight-line distance to synthetic bins, not resident walking access",Coimbatore
n/12061244096,12061244096.0,node,76.9438017,10.9621184,convenience,Mythili Store,S09,real,CBE,088,325.08217706193994,"proxy: straight-line distance to synthetic bins, not resident walking access",Coimbatore
n/12073252575,12073252575.0,node,76.9807944,11.0039816,hairdresser,Lara styles,S09,real,CBE,066,185.79387656097677,"proxy: straight-line distance to synthetic bins, not resident walking access",Coimbatore
n/12092006371,12092006371.0,node,76.9847233,11.023175,school,Sri Ramakrishna Matric Higher Secondary School,S09,real,CBE,028,159.57058898073385,"proxy: straight-line distance to synthetic bins, not resident walking access",Coimbatore
n/12103702089,12103702089.0,node,76.9676893,10.9949472,crossing,,S09,real,CBE,082,164.11171739439533,"proxy: straight-line distance to synthetic bins, not resident walking access",Coimbatore
n/12103702090,12103702090.0,node,76.9677292,10.9949874,crossing,,S09,real,CBE,082,169.25331271943267,"proxy: straight-line distance to synthetic bins, not resident walking access",Coimbatore
n/12103702091,12103702091.0,node,76.9677515,10.9950065,crossing,,S09,real,CBE,082,171.79290877411665,"proxy: straight-line distance to synthetic bins, not resident walking access",Coimbatore
n/12103702092,12103702092.0,node,76.9678045,10.9950499,crossing,,S09,real,CBE,082,177.70285778420475,"proxy: straight-line distance to synthetic bins, not resident walking access",Coimbatore
n/12103702093,12103702093.0,node,76.9678126,10.9950555,crossing,,S09,real,CBE,082,178.50547958561503,"proxy: straight-line distance to synthetic bins, not resident walking access",Coimbatore
n/12103702094,12103702094.0,node,76.9678714,10.9950972,crossing,,S09,real,CBE,083,184.5292013356501,"proxy: straight-line distance to synthetic bins, not resident walking access",Coimbatore
n/12103702095,12103702095.0,node,76.9679377,10.9951703,crossing,,S09,real,CBE,083,194.25560180448895,"proxy: straight-line distance to synthetic bins, not resident walking access",Coimbatore
n/12103733410,12103733410.0,node,76.9677027,10.995217,crossing,,S09,real,CBE,082,193.82633137911208,"proxy: straight-line distance to synthetic bins, not resident walking access",Coimbatore
n/12103733411,12103733411.0,node,76.9678002,10.9952199,crossing,,S09,real,CBE,083,195.98879907256105,"proxy: straight-line distance to synthetic bins, not resident walking access",Coimbatore
n/12103733412,12103733412.0,node,76.9677603,10.9952187,crossing,,S09,real,CBE,083,195.03485904377663,"proxy: straight-line distance to synthetic bins, not resident walking access",Coimbatore
n/12103733418,12103733418.0,node,76.9675414,10.9952607,crossing,,S09,real,CBE,082,196.8599241522679,"proxy: straight-line distance to synthetic bins, not resident walking access",Coimbatore
n/12103733419,12103733419.0,node,76.9676528,10.9952149,crossing,,S09,real,CBE,082,192.87065246503715,"proxy: straight-line distance to synthetic bins, not resident walking access",Coimbatore
n/12103733427,12103733427.0,node,76.9672932,10.9952705,crossing,,S09,real,CBE,082,198.31968000646532,"proxy: straight-line distance to synthetic bins, not resident walking access",Coimbatore
n/12103733428,12103733428.0,node,76.9673127,10.995288,crossing,,S09,real,CBE,082,200.08683358007292,"proxy: straight-line distance to synthetic bins, not resident walking access",Coimbatore
n/12103733429,12103733429.0,node,76.9673794,10.9953478,crossing,,S09,real,CBE,082,206.3143776883655,"proxy: straight-line distance to synthetic bins, not resident walking access",Coimbatore
n/12103733430,12103733430.0,node,76.967369,10.9953385,crossing,,S09,real,CBE,082,205.3274006112138,"proxy: straight-line distance to synthetic bins, not resident walking access",Coimbatore
n/12106243160,12106243160.0,node,77.0406274,11.0400865,restaurant,Shree Aanandhas Hotel,S09,real,CBE,023,647.1097837509806,"proxy: straight-line distance to synthetic bins, not resident walking access",Coimbatore
n/12106243161,12106243161.0,node,77.0405321,11.0399624,pastry,Shree Aanandhas Sweets & Snacks,S09,real,CBE,023,630.7657159025973,"proxy: straight-line distance to synthetic bins, not resident walking access",Coimbatore
n/12106272977,12106272977.0,node,77.0465784,11.043506,bar,Shooters,S09,real,CBE,023,318.19807586594976,"proxy: straight-line distance to synthetic bins, not resident walking access",Coimbatore
n/12106272978,12106272978.0,node,77.0465305,11.0436933,restaurant,Haribhavanam,S09,real,CBE,023,332.5697606146329,"proxy: straight-line distance to synthetic bins, not resident walking access",Coimbatore
n/12119484281,12119484281.0,node,76.9796077,11.0539956,post_depot,Amazon PTJD Office,S09,real,CBE,012,374.71462940895947,"proxy: straight-line distance to synthetic bins, not resident walking access",Coimbatore
n/12124983635,12124983635.0,node,76.9672728,11.0218649,school,St. Mary's Primary School,S09,real,CBE,048,381.31862908081325,"proxy: straight-line distance to synthetic bins, not resident walking access",Coimbatore
n/12124983636,12124983636.0,node,76.9674321,11.0221987,school,St. Mar's High School,S09,real,CBE,048,357.6159732712862,"proxy: straight-line distance to synthetic bins, not resident walking access",Coimbatore
n/12124983637,12124983637.0,node,76.9672831,11.0226114,school,Brindisi Matric. Ir. Sec. School,S09,real,CBE,048,370.74342306764026,"proxy: straight-line distance to synthetic bins, not resident walking access",Coimbatore
n/12201225140,12201225140.0,node,77.0033824,11.0784107,mobile_phone,The Chennai Mobiles,S09,real,CBE,004,526.7918914937981,"proxy: straight-line distance to synthetic bins, not resident walking access",Coimbatore
n/12201233948,12201233948.0,node,77.003195,11.0791837,supermarket,Pazhamudir,S09,real,CBE,004,610.668354394633,"proxy: straight-line distance to synthetic bins, not resident walking access",Coimbatore
n/12201833314,12201833314.0,node,77.0031253,11.0693219,restaurant,Amma Mess,S09,real,CBE,010,28.79451501318844,"proxy: straight-line distance to synthetic bins, not resident walking access",Coimbatore
n/12201843940,12201843940.0,node,77.002133,11.0685297,fast_food,Chil chil juice,S09,real,CBE,010,114.9419348661739,"proxy: straight-line distance to synthetic bins, not resident walking access",Coimbatore
n/12241225668,12241225668.0,node,76.9680594,10.9959969,taxi,,S09,real,CBE,083,286.0724915311564,"proxy: straight-line distance to synthetic bins, not resident walking access",Coimbatore
n/12241233287,12241233287.0,node,76.9635789,11.0007172,yard,,S09,real,CBE,082,106.4034544230372,"proxy: straight-line distance to synthetic bins, not resident walking access",Coimbatore
n/12241578145,12241578145.0,node,76.9550886,11.017525,yard,,S09,real,CBE,069,356.9526190554293,"proxy: straight-line distance to synthetic bins, not resident walking access",Coimbatore
n/12285349813,12285349813.0,node,76.9457009,11.0095833,atm,,S09,real,CBE,071,298.89524062306634,"proxy: straight-line distance to synthetic bins, not resident walking access",Coimbatore
n/12285349814,12285349814.0,node,76.9428933,11.0131687,school,,S09,real,CBE,071,33.63271176386415,"proxy: straight-line distance to synthetic bins, not resident walking access",Coimbatore
n/12285349815,12285349815.0,node,76.9504819,11.009274,atm,,S09,real,CBE,072,208.29101805439524,"proxy: straight-line distance to synthetic bins, not resident walking access",Coimbatore
n/12285349816,12285349816.0,node,76.9504754,11.0093053,bank,City Union Bank,S09,real,CBE,072,211.8245004166656,"proxy: straight-line distance to synthetic bins, not resident walking access",Coimbatore
n/12285349817,12285349817.0,node,76.9502958,11.0102846,pharmacy,Arasu Medicals,S09,real,CBE,071,281.11410282104305,"proxy: straight-line distance to synthetic bins, not resident walking access",Coimbatore
n/12285349818,12285349818.0,node,76.9503906,11.0098849,shoes,Crocs,S09,real,CBE,072,276.4249156828304,"proxy: straight-line distance to synthetic bins, not resident walking access",Coimbatore
n/12285349819,12285349819.0,node,76.9505929,11.0085035,atm,,S09,real,CBE,072,122.78060182433413,"proxy: straight-line distance to synthetic bins, not resident walking access",Coimbatore
n/12285349820,12285349820.0,node,76.927426,11.0142514,place_of_worship,Arulmigu Sri Lakshmi Vinayagar Temple,S09,real,CBE,074,248.1725167698037,"proxy: straight-line distance to synthetic bins, not resident walking access",Coimbatore
n/12285349821,12285349821.0,node,76.9242801,11.0169619,school,,S09,real,CBE,041,472.08002378982405,"proxy: straight-line distance to synthetic bins, not resident walking access",Coimbatore
n/12285349822,12285349822.0,node,76.9244825,11.0177091,place_of_worship,,S09,real,CBE,041,525.7158796554569,"proxy: straight-line distance to synthetic bins, not resident walking access",Coimbatore
n/12285349823,12285349823.0,node,76.9246,11.0182403,hospital,Arunai Hospitals,S09,real,CBE,041,510.2933887966879,"proxy: straight-line distance to synthetic bins, not resident walking access",Coimbatore
n/12285349824,12285349824.0,node,76.9225289,11.0170414,place_of_worship,,S09,real,CBE,041,415.8526265983635,"proxy: straight-line distance to synthetic bins, not resident walking access",Coimbatore
n/12285349825,12285349825.0,node,76.9228008,11.0168875,place_of_worship,,S09,real,CBE,041,447.147169817656,"proxy: straight-line distance to synthetic bins, not resident walking access",Coimbatore
n/12285349826,12285349826.0,node,76.9229841,11.0167708,place_of_worship,,S09,real,CBE,041,469.6037875306623,"proxy: straight-line distance to synthetic bins, not resident walking access",Coimbatore
n/12285349827,12285349827.0,node,76.9238363,11.0164096,pharmacy,Kalai Medicals,S09,real,CBE,041,433.8037399601456,"proxy: straight-line distance to synthetic bins, not resident walking access",Coimbatore
n/12285349828,12285349828.0,node,76.9260251,11.0150928,motorcycle,Vasanthi Motors,S09,real,CBE,075,246.4812538422173,"proxy: straight-line distance to synthetic bins, not resident walking access",Coimbatore
n/12285349829,12285349829.0,node,76.9503695,11.009973,clothes,U.S. Polo Assn.,S09,real,CBE,072,286.43845842264705,"proxy: straight-line distance to synthetic bins, not resident walking access",Coimbatore
n/12285349830,12285349830.0,node,76.943105,11.0127669,place_of_worship,St. John De Britto Church,S09,real,CBE,071,43.77857017093376,"proxy: straight-line distance to synthetic bins, not resident walking access",Coimbatore
n/12285349831,12285349831.0,node,76.9429975,11.011671,fuel,Bharat Petroleum,S09,real,CBE,073,124.20985903382784,"proxy: straight-line distance to synthetic bins, not resident walking access",Coimbatore
n/12285349832,12285349832.0,node,76.9444043,11.010034,college,Vannamalar Institute Of Forest Genetics & Tree Breeding,S09,real,CBE,071,196.9231773256436,"proxy: straight-line distance to synthetic bins, not resident walking access",Coimbatore
n/12291213802,12291213802.0,node,76.9933465,11.0834513,kindergarten,SRI PRAGANYA ACADEMY,S09,real,CBE,004,316.2036802995287,"proxy: straight-line distance to synthetic bins, not resident walking access",Coimbatore
n/12327071344,12327071344.0,node,76.9537278,10.9506359,restaurant,Al-Reem Mandi,S09,real,CBE,093,513.6977703403364,"proxy: straight-line distance to synthetic bins, not resident walking access",Coimbatore
n/12327152393,12327152393.0,node,76.9862643,11.0149022,hardware,Fabco,S09,real,CBE,049,246.01274173330688,"proxy: straight-line distance to synthetic bins, not resident walking access",Coimbatore
n/12327159033,12327159033.0,node,76.9863559,11.0149278,hardware,Kumar Industries,S09,real,CBE,049,246.7524511749853,"proxy: straight-line distance to synthetic bins, not resident walking access",Coimbatore
n/12385860298,12385860298.0,node,76.9417151,11.0197532,motorcycle,River Ev,S09,real,CBE,069,363.3399442220269,"proxy: straight-line distance to synthetic bins, not resident walking access",Coimbatore
n/12425596497,12425596497.0,node,76.9754416,11.0295082,works,LMW Advanced Technology Centre,S09,real,CBE,029,143.68769125727448,"proxy: straight-line distance to synthetic bins, not resident walking access",Coimbatore
n/12425608211,12425608211.0,node,77.0150251,11.0066097,fuel,Essar Petroleum,S09,real,CBE,060,165.61417280273673,"proxy: straight-line distance to synthetic bins, not resident walking access",Coimbatore
n/12473835683,12473835683.0,node,77.0101634,11.0253639,police,Peelamedu E2 Police Station,S09,real,CBE,026,497.1160022056402,"proxy: straight-line distance to synthetic bins, not resident walking access",Coimbatore
n/12473896167,12473896167.0,node,76.9781012,10.9677575,police,Podanur Police Station,S09,real,CBE,095,494.8016743809631,"proxy: straight-line distance to synthetic bins, not resident walking access",Coimbatore
n/12473897891,12473897891.0,node,76.9916717,11.0028259,police,Ramanathapuram Police Station,S09,real,CBE,066,203.85935897408973,"proxy: straight-line distance to synthetic bins, not resident walking access",Coimbatore
n/12473901192,12473901192.0,node,76.968262,11.0145917,police,C1 Katoor Police Station,S09,real,CBE,067,65.57421258205807,"proxy: straight-line distance to synthetic bins, not resident walking access",Coimbatore
n/12473949936,12473949936.0,node,77.0288423,11.0025957,police,Out Post Police Station - Singanallur,S09,real,CBE,059,161.81241885228462,"proxy: straight-line distance to synthetic bins, not resident walking access",Coimbatore
n/12473970775,12473970775.0,node,76.9689359,11.0252974,police,Rathinapuri B-15 Police Station,S09,real,CBE,047,351.2524137528616,"proxy: straight-line distance to synthetic bins, not resident walking access",Coimbatore
n/12473983454,12473983454.0,node,76.9412392,11.0819434,police,Thudiyalur Police Station,S09,real,CBE,002,693.8082475331365,"proxy: straight-line distance to synthetic bins, not resident walking access",Coimbatore
n/12474070991,12474070991.0,node,76.961668,10.9885987,bus_station,Ukkadam Bus Stand,S09,real,CBE,082,112.97981827209313,"proxy: straight-line distance to synthetic bins, not resident walking access",Coimbatore
n/12486837450,12486837450.0,node,77.0235527,11.027443,atm,Axis Bank,S09,real,CBE,055,312.59441877271564,"proxy: straight-line distance to synthetic bins, not resident walking access",Coimbatore
n/12486865536,12486865536.0,node,77.0254937,11.0285803,bank,Indian Bank,S09,real,CBE,024,112.36888643757588,"proxy: straight-line distance to synthetic bins, not resident walking access",Coimbatore
n/12486893213,12486893213.0,node,77.0196818,11.0263288,atm,,S09,real,CBE,024,527.4025629869059,"proxy: straight-line distance to synthetic bins, not resident walking access",Coimbatore
n/12486893214,12486893214.0,node,77.0289941,11.0314128,atm,Kotak Mahindra Bank,S09,real,CBE,024,417.1805391870564,"proxy: straight-line distance to synthetic bins, not resident walking access",Coimbatore
n/12486893215,12486893215.0,node,77.0287044,11.0311453,atm,Karur Vysya Bank,S09,real,CBE,024,374.15413232724575,"proxy: straight-line distance to synthetic bins, not resident walking access",Coimbatore
n/12486893216,12486893216.0,node,77.0192162,11.0259638,atm,ICICI Bank ATM,S09,real,CBE,024,588.5755446792845,"proxy: straight-line distance to synthetic bins, not resident walking access",Coimbatore
n/12486893217,12486893217.0,node,77.0337316,11.0346633,atm,,S09,real,CBE,023,26.165034113282523,"proxy: straight-line distance to synthetic bins, not resident walking access",Coimbatore
n/12486893218,12486893218.0,node,77.02769,11.0332801,atm,IDBI Bank ATM,S09,real,CBE,024,539.6993729362088,"proxy: straight-line distance to synthetic bins, not resident walking access",Coimbatore
n/12491938785,12491938785.0,node,76.9877003,11.0106514,restaurant,Shree Anandhaas,S09,real,CBE,066,189.98535945838503,"proxy: straight-line distance to synthetic bins, not resident walking access",Coimbatore
n/12491938786,12491938786.0,node,76.995882,11.0224126,restaurant,Hari Bhavanam,S09,real,CBE,027,194.7643810880912,"proxy: straight-line distance to synthetic bins, not resident walking access",Coimbatore
n/12497702124,12497702124.0,node,76.9218595,11.0172507,atm,HDFC Bank,S09,real,CBE,041,357.7151529591187,"proxy: straight-line distance to synthetic bins, not resident walking access",Coimbatore
n/12564279589,12564279589.0,node,76.9540742,10.9560206,restaurant,Annapoorna - Kuniyamuthur,S09,real,CBE,093,264.7340932416424,"proxy: straight-line distance to synthetic bins, not resident walking access",Coimbatore
n/12584956824,12584956824.0,node,77.042106,11.0437352,restaurant,The Chocolate Room - Avinashi Road,S09,real,CBE,007,498.4109037286944,"proxy: straight-line distance to synthetic bins, not resident walking access",Coimbatore
n/12704595389,12704595389.0,node,76.9441555,11.0229528,restaurant,Balle Balle,S09,real,CBE,069,260.7211605694052,"proxy: straight-line distance to synthetic bins, not resident walking access",Coimbatore
n/12704595390,12704595390.0,node,76.944463,11.022639,clothes,Co Optex,S09,real,CBE,069,224.85639807966143,"proxy: straight-line distance to synthetic bins, not resident walking access",Coimbatore
n/12871391064,12871391064.0,node,76.9799497,11.0213783,travel_agency,No 1transport parcel office,S09,real,CBE,048,11.18952270817166,"proxy: straight-line distance to synthetic bins, not resident walking access",Coimbatore
n/12918595410,12918595410.0,node,76.9332755,10.9427798,cafe,Suvadugal Cafe,S09,real,CBE,090,303.75914512674694,"proxy: straight-line distance to synthetic bins, not resident walking access",Coimbatore
n/12945091502,12945091502.0,node,76.9961565,11.0137699,language_school,Mozhi Academy,S09,real,CBE,050,384.37160159214073,"proxy: straight-line distance to synthetic bins, not resident walking access",Coimbatore
n/13001725799,13001725799.0,node,76.9501135,11.0046849,tea,Chai & Chai,S09,real,CBE,072,156.35691781132948,"proxy: straight-line distance to synthetic bins, not resident walking access",Coimbatore
n/13001806544,13001806544.0,node,76.950939,11.0043532,bank,Cosmos co-op bank,S09,real,CBE,072,131.66351909786923,"proxy: straight-line distance to synthetic bins, not resident walking access",Coimbatore
n/13001830875,13001830875.0,node,76.9495558,11.0040277,dentist,GS Dental care,S09,real,CBE,072,207.17083559514185,"proxy: straight-line distance to synthetic bins, not resident walking access",Coimbatore
n/13001831751,13001831751.0,node,76.9509909,11.0043446,atm,Cosmos co-op bank ATM,S09,real,CBE,072,131.0572828095159,"proxy: straight-line distance to synthetic bins, not resident walking access",Coimbatore
n/13001833442,13001833442.0,node,76.9491909,11.0041394,veterinary,JSR pet multi speciality hospital,S09,real,CBE,072,179.98324624001046,"proxy: straight-line distance to synthetic bins, not resident walking access",Coimbatore
n/13001835900,13001835900.0,node,76.9501285,11.0040907,beauty,Brave & care,S09,real,CBE,072,200.2408935898764,"proxy: straight-line distance to synthetic bins, not resident walking access",Coimbatore
n/13001849060,13001849060.0,node,76.9500311,11.0053262,police,B-2 R.S.Puram police station,S09,real,CBE,072,138.55411261981754,"proxy: straight-line distance to synthetic bins, not resident walking access",Coimbatore
n/13001909486,13001909486.0,node,76.9503695,11.0063662,bank,Punjab national bank,S09,real,CBE,072,133.2408719596478,"proxy: straight-line distance to synthetic bins, not resident walking access",Coimbatore
n/13001915008,13001915008.0,node,76.9504356,11.0063669,atm,Punjab national bank,S09,real,CBE,072,130.07498926605194,"proxy: straight-line distance to synthetic bins, not resident walking access",Coimbatore
n/13002129691,13002129691.0,node,76.951372,11.0052021,bank,IDBI bank,S09,real,CBE,072,33.41836710417048,"proxy: straight-line distance to synthetic bins, not resident walking access",Coimbatore
n/13131094033,13131094033.0,node,77.0186425,10.9982287,cafe,Tea Shop,S09,real,CBE,061,296.32029274239164,"proxy: straight-line distance to synthetic bins, not resident walking access",Coimbatore
n/13181132267,13181132267.0,node,76.918616,11.0451061,convenience,,S09,real,CBE,016,406.2729753684992,"proxy: straight-line distance to synthetic bins, not resident walking access",Coimbatore
n/13181149732,13181149732.0,node,76.918341,11.0469052,stationery,,S09,real,CBE,016,230.09689165373197,"proxy: straight-line distance to synthetic bins, not resident walking access",Coimbatore
n/13183335379,13183335379.0,node,76.9162684,11.0429073,convenience,,S09,real,CBE,016,289.7680781042805,"proxy: straight-line distance to synthetic bins, not resident walking access",Coimbatore
n/13249353722,13249353722.0,node,76.9769453,10.9329868,college,Rathinam Technical Campus,S09,real,CBE,097,660.0691371459884,"proxy: straight-line distance to synthetic bins, not resident walking access",Coimbatore
n/13249353723,13249353723.0,node,76.9765913,10.9327241,college,HCL Tech,S09,real,CBE,097,695.0904771516678,"proxy: straight-line distance to synthetic bins, not resident walking access",Coimbatore
n/13249353724,13249353724.0,node,76.9766481,10.9323474,college,Rathinam College Of Pharmacy,S09,real,CBE,097,686.2416005841188,"proxy: straight-line distance to synthetic bins, not resident walking access",Coimbatore
n/13250151164,13250151164.0,node,77.0131618,11.0174144,school,National Model Senior Secondary School,S09,real,CBE,052,200.29040153465945,"proxy: straight-line distance to synthetic bins, not resident walking access",Coimbatore
n/13250169253,13250169253.0,node,77.0064979,11.0281802,college,GRG School of Management Studies,S09,real,CBE,026,111.27724639049777,"proxy: straight-line distance to synthetic bins, not resident walking access",Coimbatore
n/13250204802,13250204802.0,node,77.0102826,11.008207,car,SGA Skoda,S09,real,CBE,051,83.70106489496025,"proxy: straight-line distance to synthetic bins, not resident walking access",Coimbatore
n/13250204803,13250204803.0,node,77.0069236,10.9990425,school,C S Academy Trichy Road Campus,S09,real,CBE,050,148.470217972472,"proxy: straight-line distance to synthetic bins, not resident walking access",Coimbatore
n/13250216737,13250216737.0,node,77.0013355,11.00117,car,KIA Service Station,S09,real,CBE,050,387.33170271348894,"proxy: straight-line distance to synthetic bins, not resident walking access",Coimbatore
n/13284383319,13284383319.0,node,76.9755765,11.0289754,works,Textool Company,S09,real,CBE,029,190.98244768059223,"proxy: straight-line distance to synthetic bins, not resident walking access",Coimbatore
n/13284389435,13284389435.0,node,77.0169185,11.0201004,school,Prodigy International Montessori School,S09,real,CBE,052,355.26562507339406,"proxy: straight-line distance to synthetic bins, not resident walking access",Coimbatore
n/13286292726,13286292726.0,node,77.0163314,11.0308195,dojo,YOGYA MMA CLUB,S09,real,CBE,024,360.4608437573011,"proxy: straight-line distance to synthetic bins, not resident walking access",Coimbatore
n/13326713960,13326713960.0,node,76.9666202,10.9975744,stop,Coimbatore Junction,S09,real,CBE,083,461.37608570007967,"proxy: straight-line distance to synthetic bins, not resident walking access",Coimbatore
n/13326713961,13326713961.0,node,76.9664656,10.9974636,stop,Coimbatore Junction,S09,real,CBE,083,453.0420018276493,"proxy: straight-line distance to synthetic bins, not resident walking access",Coimbatore
n/13350882535,13350882535.0,node,77.0437976,11.0932632,tailor,Akrti,S09,real,CBE,006,1462.768121027199,"proxy: straight-line distance to synthetic bins, not resident walking access",Coimbatore
n/13390367102,13390367102.0,node,76.9933378,10.9750895,place_of_worship,Kavivaradharaja Perumal Temple,S09,real,CBE,062,1286.6388340563271,"proxy: straight-line distance to synthetic bins, not resident walking access",Coimbatore
n/13390367103,13390367103.0,node,76.9959721,10.9757337,hospital,Coimbatore Corporation Urban Health Centre,S09,real,CBE,062,1127.8263202419378,"proxy: straight-line distance to synthetic bins, not resident walking access",Coimbatore
n/13390435765,13390435765.0,node,76.9749886,10.9683781,community_centre,Anandha Hall,S09,real,CBE,095,213.31457993781396,"proxy: straight-line distance to synthetic bins, not resident walking access",Coimbatore
n/13465418674,13465418674.0,node,76.9730399,10.9574899,yes,Chera Home Junction,S09,real,CBE,096,332.5076706009811,"proxy: straight-line distance to synthetic bins, not resident walking access",Coimbatore
n/13521860351,13521860351.0,node,76.9506803,10.992631,studio,Azure Studio Productions,S09,real,CBE,080,341.3060937545512,"proxy: straight-line distance to synthetic bins, not resident walking access",Coimbatore
n/13585980404,13585980404.0,node,77.0237033,11.0259861,cafe,Paris cafe,S09,real,CBE,055,294.86051755313315,"proxy: straight-line distance to synthetic bins, not resident walking access",Coimbatore
n/13601864997,13601864997.0,node,77.0095428,10.9992615,hairdresser,ARTYSTO SALON,S09,real,CBE,050,243.41436015373995,"proxy: straight-line distance to synthetic bins, not resident walking access",Coimbatore
n/13607752273,13607752273.0,node,77.0069304,11.024575,bank,Indian Overseas Bank,S09,real,CBE,026,472.5505037592323,"proxy: straight-line distance to synthetic bins, not resident walking access",Coimbatore
n/13607895416,13607895416.0,node,77.0064676,11.0245389,ice_cream,Ibaco,S09,real,CBE,026,483.1410793060174,"proxy: straight-line distance to synthetic bins, not resident walking access",Coimbatore
n/13607908597,13607908597.0,node,77.0062705,11.0245138,fast_food,Domino's,S09,real,CBE,026,490.231041151561,"proxy: straight-line distance to synthetic bins, not resident walking access",Coimbatore
n/13613685314,13613685314.0,node,76.9860796,11.0131885,mobile_phone,The Chennai Mobiles,S09,real,CBE,049,281.82159919080567,"proxy: straight-line distance to synthetic bins, not resident walking access",Coimbatore
n/13613702869,13613702869.0,node,76.9869366,11.0131694,cafe,Starbucks,S09,real,CBE,066,195.90858849180464,"proxy: straight-line distance to synthetic bins, not resident walking access",Coimbatore
n/13613712480,13613712480.0,node,76.9868413,11.0127763,clothes,Rare Rabbit,S09,real,CBE,066,227.59629562083697,"proxy: straight-line distance to synthetic bins, not resident walking access",Coimbatore
n/13626144044,13626144044.0,node,77.0050046,11.0191352,fashion_accessories,Sangeetha Fshion Designer,S09,real,CBE,052,438.0143325518189,"proxy: straight-line distance to synthetic bins, not resident walking access",Coimbatore
n/13626150259,13626150259.0,node,77.0057834,11.0192268,place_of_worship,Sri Vinayagar Temple,S09,real,CBE,052,514.6908545911957,"proxy: straight-line distance to synthetic bins, not resident walking access",Coimbatore
n/13626163004,13626163004.0,node,77.0060391,11.016772,bar,TASMAC BAR,S09,real,CBE,052,401.53787124372,"proxy: straight-line distance to synthetic bins, not resident walking access",Coimbatore
n/13626172672,13626172672.0,node,77.0079223,11.0152713,driving_school,B Driving School,S09,real,CBE,052,308.7606072117238,"proxy: straight-line distance to synthetic bins, not resident walking access",Coimbatore
n/13626242151,13626242151.0,node,77.0076456,11.0150191,car_parts,Renuka devi car accessories,S09,real,CBE,051,288.12556307461773,"proxy: straight-line distance to synthetic bins, not resident walking access",Coimbatore
n/13629409907,13629409907.0,node,76.9429928,11.0688212,restaurant,Pizza Hut,S09,real,CBE,014,548.0918253454191,"proxy: straight-line distance to synthetic bins, not resident walking access",Coimbatore
n/13629409908,13629409908.0,node,76.9430648,11.0688217,clothes,Pantaloons,S09,real,CBE,014,540.377271177385,"proxy: straight-line distance to synthetic bins, not resident walking access",Coimbatore
n/13629409909,13629409909.0,node,76.9430002,11.0687966,shoes,Metro,S09,real,CBE,014,547.8575303718529,"proxy: straight-line distance to synthetic bins, not resident walking access",Coimbatore
n/13629409910,13629409910.0,node,76.9430285,11.0686806,fast_food,KFC,S09,real,CBE,014,547.6511479946017,"proxy: straight-line distance to synthetic bins, not resident walking access",Coimbatore
n/13629409911,13629409911.0,node,76.9423703,11.069977,atm,,S09,real,CBE,001,595.0286056821187,"proxy: straight-line distance to synthetic bins, not resident walking access",Coimbatore
n/13629409912,13629409912.0,node,76.9423799,11.0698937,atm,,S09,real,CBE,001,590.7195285872899,"proxy: straight-line distance to synthetic bins, not resident walking access",Coimbatore
n/13629409913,13629409913.0,node,76.9419611,11.0733939,atm,,S09,real,CBE,001,733.28943133946,"proxy: straight-line distance to synthetic bins, not resident walking access",Coimbatore
n/13645076002,13645076002.0,node,77.0099876,11.0948308,school,Dobbs public school,S09,real,CBE,004,461.4728755260976,"proxy: straight-line distance to synthetic bins, not resident walking access",Coimbatore
n/13645076101,13645076101.0,node,77.0117489,11.0949567,school,Government School,S09,real,CBE,004,412.9299707701984,"proxy: straight-line distance to synthetic bins, not resident walking access",Coimbatore
n/13645086001,13645086001.0,node,76.9709821,11.0572211,hospital,Gobi Medical Centre,S09,real,CBE,012,224.9480679727,"proxy: straight-line distance to synthetic bins, not resident walking access",Coimbatore
n/13651428039,13651428039.0,node,76.9546147,11.0202229,station,Coimbatore North,S09,real,CBE,068,253.51623897391585,"proxy: straight-line distance to synthetic bins, not resident walking access",Coimbatore
n/13657704582,13657704582.0,node,76.939613,11.0151164,university,Agricultural University,S09,real,CBE,074,239.2904817215681,"proxy: straight-line distance to synthetic bins, not resident walking access",Coimbatore
n/13657712991,13657712991.0,node,76.9386809,11.0159934,university,CENTRE OF EXCELLENCE IN BIOTECHNOLOGY - TNAU,S09,real,CBE,074,169.74140447493957,"proxy: straight-line distance to synthetic bins, not resident walking access",Coimbatore
n/13660608623,13660608623.0,node,76.9078626,11.0250149,school,Marudhamalai Subramaniya swami Devasthanam high school,S09,real,CBE,036,291.7593304417675,"proxy: straight-line distance to synthetic bins, not resident walking access",Coimbatore
n/13666270323,13666270323.0,node,76.9900608,11.0816177,restaurant,காலித்ஸ் பிரியாணி,S09,real,CBE,004,373.5893865304015,"proxy: straight-line distance to synthetic bins, not resident walking access",Coimbatore
n/13684516308,13684516308.0,node,76.913398,11.0226442,dentist,Dental Plus,S09,real,CBE,036,377.11112443256144,"proxy: straight-line distance to synthetic bins, not resident walking access",Coimbatore
n/13684558145,13684558145.0,node,76.9119599,11.022986,place_of_worship,Arul Migu Karuparayaswami Thirukoil,S09,real,CBE,041,354.257730982472,"proxy: straight-line distance to synthetic bins, not resident walking access",Coimbatore
n/13769333105,13769333105.0,node,76.9301733,11.0394093,bank,Tamilnad Mercantile Bank Limited,S09,real,CBE,034,174.90755939459146,"proxy: straight-line distance to synthetic bins, not resident walking access",Coimbatore
n/13769333106,13769333106.0,node,76.9302088,11.0394029,atm,,S09,real,CBE,034,177.72960774705044,"proxy: straight-line distance to synthetic bins, not resident walking access",Coimbatore
n/13769333107,13769333107.0,node,76.9300653,11.0397364,dentist,Devashri Dental Clinic,S09,real,CBE,034,138.9124378229919,"proxy: straight-line distance to synthetic bins, not resident walking access",Coimbatore
n/13769333108,13769333108.0,node,76.9297611,11.0395835,dentist,32 Pearls Multi-Speciality Dental Clinic,S09,real,CBE,034,135.82499136846832,"proxy: straight-line distance to synthetic bins, not resident walking access",Coimbatore
n/13769333109,13769333109.0,node,76.9294938,11.0394406,pharmacy,MedPlus,S09,real,CBE,034,142.35131173854847,"proxy: straight-line distance to synthetic bins, not resident walking access",Coimbatore
n/13769333110,13769333110.0,node,76.9292663,11.039469,bank,Bank of Baroda,S09,real,CBE,034,136.85447014288363,"proxy: straight-line distance to synthetic bins, not resident walking access",Coimbatore
n/13769333111,13769333111.0,node,76.9293069,11.039469,atm,,S09,real,CBE,034,136.95683787348847,"proxy: straight-line distance to synthetic bins, not resident walking access",Coimbatore
n/13769333112,13769333112.0,node,76.925652,11.0390837,place_of_worship,,S09,real,CBE,035,341.4640681988808,"proxy: straight-line distance to synthetic bins, not resident walking access",Coimbatore
n/13769333113,13769333113.0,node,76.9263732,11.0386895,atm,,S09,real,CBE,034,386.1963058773776,"proxy: straight-line distance to synthetic bins, not resident walking access",Coimbatore
n/13769333114,13769333114.0,node,76.9263604,11.0387174,bank,HDFC Bank,S09,real,CBE,034,385.5695470096061,"proxy: straight-line distance to synthetic bins, not resident walking access",Coimbatore
n/13769333115,13769333115.0,node,76.9263215,11.0392361,atm,,S09,real,CBE,034,359.74668601960025,"proxy: straight-line distance to synthetic bins, not resident walking access",Coimbatore
n/13769333116,13769333116.0,node,76.9280824,11.0395111,pharmacy,Green Pharmacy,S09,real,CBE,034,184.3200960209589,"proxy: straight-line distance to synthetic bins, not resident walking access",Coimbatore
n/13805493186,13805493186.0,node,76.9525237,11.0205894,place_of_worship,Arulmigu Ayyappasamy Thirukovil,S09,real,CBE,069,129.0038785201307,"proxy: straight-line distance to synthetic bins, not resident walking access",Coimbatore
n/13814839341,13814839341.0,node,76.9731125,10.9555839,restaurant,Dindugal Thalapakatty Biriyani,S09,real,CBE,096,122.93945400222276,"proxy: straight-line distance to synthetic bins, not resident walking access",Coimbatore
n/13930277781,13930277781.0,node,76.953716,10.9561126,bank,Federal Bank,S09,real,CBE,088,258.9355710452376,"proxy: straight-line distance to synthetic bins, not resident walking access",Coimbatore
n/13930384464,13930384464.0,node,76.9670057,11.0177726,clothes,Shree Devi Textile,S09,real,CBE,068,345.95184685359123,"proxy: straight-line distance to synthetic bins, not resident walking access",Coimbatore
n/13930489083,13930489083.0,node,76.96676,11.0172532,clothes,Shree Devi Textile,S09,real,CBE,068,291.1503787100754,"proxy: straight-line distance to synthetic bins, not resident walking access",Coimbatore
n/13930500156,13930500156.0,node,76.9662971,11.0170167,fast_food,KFC,S09,real,CBE,067,277.7248461594355,"proxy: straight-line distance to synthetic bins, not resident walking access",Coimbatore
n/13951331760,13951331760.0,node,76.9880282,11.0463355,restaurant,அன்னபூர்ணா - கணபதி,S09,real,CBE,020,377.6137014386349,"proxy: straight-line distance to synthetic bins, not resident walking access",Coimbatore
n/13985392201,13985392201.0,node,76.9574356,11.0173707,wholesale,Skyy and Skyy Agencies,S09,real,CBE,068,185.93924433867824,"proxy: straight-line distance to synthetic bins, not resident walking access",Coimbatore
n/13995053745,13995053745.0,node,76.9983268,10.9911705,butcher,UMA Chicken,S09,real,CBE,065,224.98238964905752,"proxy: straight-line distance to synthetic bins, not resident walking access",Coimbatore
n/14001726782,14001726782.0,node,77.0145419,11.0540118,charging_station,vida charging station,S09,real,CBE,022,357.8915349299816,"proxy: straight-line distance to synthetic bins, not resident walking access",Coimbatore
n/14014348775,14014348775.0,node,77.0407152,11.0150462,bicycle_repair_station,,S09,real,CBE,055,153.80610629729338,"proxy: straight-line distance to synthetic bins, not resident walking access",Coimbatore
n/14014365154,14014365154.0,node,77.0508851,11.005171,bicycle_repair_station,,S09,real,CBE,057,195.9856751103243,"proxy: straight-line distance to synthetic bins, not resident walking access",Coimbatore
n/14022104021,14022104021.0,node,76.9458028,11.0448849,cinema,Sri Sakthi Kalpana Cinemas,S09,real,CBE,017,163.6973338912207,"proxy: straight-line distance to synthetic bins, not resident walking access",Coimbatore
n/14027946995,14027946995.0,node,77.0027863,11.0792591,charging_station,Ather Grid Charging station,S09,real,CBE,004,640.961372219051,"proxy: straight-line distance to synthetic bins, not resident walking access",Coimbatore
n/14028005231,14028005231.0,node,77.0080344,11.074846,charging_station,Ather Grid Charging station,S09,real,CBE,010,193.67030752374083,"proxy: straight-line distance to synthetic bins, not resident walking access",Coimbatore
n/14028011677,14028011677.0,node,77.008222,11.0751466,water,VSS water supply,S09,real,CBE,004,215.50479536915373,"proxy: straight-line distance to synthetic bins, not resident walking access",Coimbatore
n/14028012667,14028012667.0,node,77.0154671,11.0957151,charging_station,Ather Grid Charging station,S09,real,CBE,005,65.97731153380893,"proxy: straight-line distance to synthetic bins, not resident walking access",Coimbatore
n/14028047524,14028047524.0,node,76.9933971,11.0809332,charging_station,Ather Grid Charging station,S09,real,CBE,004,519.7063544153419,"proxy: straight-line distance to synthetic bins, not resident walking access",Coimbatore
n/14028054151,14028054151.0,node,76.9852954,11.0733347,charging_station,Ather Grid Charging station,S09,real,CBE,003,645.2078370196111,"proxy: straight-line distance to synthetic bins, not resident walking access",Coimbatore
n/14028190781,14028190781.0,node,76.9977576,11.0261638,garden_centre,Isha nursery native trees,S09,real,CBE,027,158.04291499980155,"proxy: straight-line distance to synthetic bins, not resident walking access",Coimbatore
n/14028521564,14028521564.0,node,77.011191,11.0250065,charging_station,Ather Grid Charging station,S09,real,CBE,024,549.0510257867221,"proxy: straight-line distance to synthetic bins, not resident walking access",Coimbatore
n/14028540743,14028540743.0,node,76.9788275,11.0253086,charging_station,vida charging station,S09,real,CBE,048,456.7782635868609,"proxy: straight-line distance to synthetic bins, not resident walking access",Coimbatore
n/14038442342,14038442342.0,node,76.9468752,11.0462531,charging_station,Ather Grid Charging station,S09,real,CBE,017,97.4313943573825,"proxy: straight-line distance to synthetic bins, not resident walking access",Coimbatore
n/14038453497,14038453497.0,node,76.9467739,11.0462352,restaurant,COCKRACO,S09,real,CBE,017,100.16364960816983,"proxy: straight-line distance to synthetic bins, not resident walking access",Coimbatore
n/14072235024,14072235024.0,node,76.9543264,11.0154735,doctors,P.Govindaraj vascular surgeon,S09,real,CBE,071,470.2369869965647,"proxy: straight-line distance to synthetic bins, not resident walking access",Coimbatore
n/14073868040,14073868040.0,node,76.9275036,11.0366665,charging_station,Ather Grid Charging station,S09,real,CBE,034,263.7875041383559,"proxy: straight-line distance to synthetic bins, not resident walking access",Coimbatore
n/14078531523,14078531523.0,node,76.9779353,11.0324857,charging_station,vida charging station MRG hero,S09,real,CBE,029,235.2401952454404,"proxy: straight-line distance to synthetic bins, not resident walking access",Coimbatore
n/14106139479,14106139479.0,node,76.9828562,11.0031284,cafe,Dood Cafe Racecourse,S09,real,CBE,083,391.8624206177402,"proxy: straight-line distance to synthetic bins, not resident walking access",Coimbatore
n/14112486789,14112486789.0,node,76.9558132,10.9687977,restaurant,Social Kitchen,S09,real,CBE,087,604.2556832716123,"proxy: straight-line distance to synthetic bins, not resident walking access",Coimbatore
n/14121327239,14121327239.0,node,76.9771241,11.0233957,atm,,S09,real,CBE,048,378.7640405813455,"proxy: straight-line distance to synthetic bins, not resident walking access",Coimbatore
n/14143602415,14143602415.0,node,77.0120468,11.097939,school,Agasthya Public International School,S09,real,CBE,004,119.90406635619443,"proxy: straight-line distance to synthetic bins, not resident walking access",Coimbatore
n/14156653686,14156653686.0,node,77.0346597,11.0328865,community_centre,E Block,S09,real,CBE,023,237.63561152803112,"proxy: straight-line distance to synthetic bins, not resident walking access",Coimbatore
n/14158871272,14158871272.0,node,76.9787545,11.0334097,motorcycle_repair,,S09,real,CBE,029,131.34141959257963,"proxy: straight-line distance to synthetic bins, not resident walking access",Coimbatore
n/14184358728,14184358728.0,node,76.9789735,10.9677022,medical_supply,medicine Point,S09,real,CBE,095,551.013771077325,"proxy: straight-line distance to synthetic bins, not resident walking access",Coimbatore
n/14201408453,14201408453.0,node,77.0203984,11.0298982,college,United College of Medical Sciemce,S09,real,CBE,024,199.9492675352039,"proxy: straight-line distance to synthetic bins, not resident walking access",Coimbatore
n/14205483302,14205483302.0,node,76.9871777,11.0386073,place_of_worship,Masjidur Rahman,S09,real,CBE,020,280.1952512658295,"proxy: straight-line distance to synthetic bins, not resident walking access",Coimbatore
w/29051184,,way_representative_point,76.98852106045595,10.9640747,parking,Podanur station car park,S09,derived,CBE,099,543.3104662581137,"proxy: straight-line distance to synthetic bins, not resident walking access",Coimbatore
w/30971780,,way_representative_point,76.98625955816718,11.01164695,parking,,S09,derived,CBE,066,358.0306515125433,"proxy: straight-line distance to synthetic bins, not resident walking access",Coimbatore
w/48846712,,way_representative_point,77.0039273104358,10.99652395,hospital,"Deepam Hospital, Ramanathapuram",S09,derived,CBE,062,111.72500725707928,"proxy: straight-line distance to synthetic bins, not resident walking access",Coimbatore
w/48846714,,way_representative_point,76.9924584689531,10.9973884,shoes,Bata,S09,derived,CBE,065,265.0618017489388,"proxy: straight-line distance to synthetic bins, not resident walking access",Coimbatore
w/66102291,,way_representative_point,76.97509123633586,11.01546745,college,Government Women's Polytechnic College,S09,derived,CBE,067,365.2569024636516,"proxy: straight-line distance to synthetic bins, not resident walking access",Coimbatore
w/66102343,,way_representative_point,76.94679395843168,11.016728,college,Tamilnadu Forest Academy,S09,derived,CBE,074,175.20032502105357,"proxy: straight-line distance to synthetic bins, not resident walking access",Coimbatore
w/66117845,,way_representative_point,76.94834032102528,11.0045771,school,,S09,derived,CBE,072,160.8147757593987,"proxy: straight-line distance to synthetic bins, not resident walking access",Coimbatore
w/66239978,,way_representative_point,76.96788034887726,10.99607395,parking,,S09,derived,CBE,083,290.5053557259952,"proxy: straight-line distance to synthetic bins, not resident walking access",Coimbatore
w/66252745,,way_representative_point,76.96931866253846,11.0164815,bus_station,Gandhipuram Town Bus Stand,S09,derived,CBE,067,246.32022380578155,"proxy: straight-line distance to synthetic bins, not resident walking access",Coimbatore
w/66292232,,way_representative_point,76.95441242441271,11.0078555,place_of_worship,Tipu Masjid,S09,derived,CBE,071,384.61134652362585,"proxy: straight-line distance to synthetic bins, not resident walking access",Coimbatore
w/66293772,,way_representative_point,76.97318860769094,11.00595695,school,,S09,derived,CBE,083,338.65504694897214,"proxy: straight-line distance to synthetic bins, not resident walking access",Coimbatore
w/66293773,,way_representative_point,76.97318958202746,11.0039199,kindergarten,Rangammal High School,S09,derived,CBE,083,313.864762923549,"proxy: straight-line distance to synthetic bins, not resident walking access",Coimbatore
w/70214583,,way_representative_point,76.99803896062586,11.08227005,parking,,S09,derived,CBE,004,837.4655013267825,"proxy: straight-line distance to synthetic bins, not resident walking access",Coimbatore
w/89400771,,way_representative_point,76.98712208386641,11.01459485,place_of_worship,Karunya Prayer Hall,S09,derived,CBE,049,168.37185592370437,"proxy: straight-line distance to synthetic bins, not resident walking access",Coimbatore
w/89410015,,way_representative_point,76.98606116543084,11.01339425,bank,Axis Bank,S09,derived,CBE,049,277.5682681746141,"proxy: straight-line distance to synthetic bins, not resident walking access",Coimbatore
w/89703483,,way_representative_point,76.97858387816964,11.03682425,restaurant,Ruchi Restarunt,S09,derived,CBE,030,159.3979362808934,"proxy: straight-line distance to synthetic bins, not resident walking access",Coimbatore
w/89913234,,way_representative_point,76.96187987974567,10.98834705,bus_station,Ukkadam Bus Stand,S09,derived,CBE,082,149.02696938806164,"proxy: straight-line distance to synthetic bins, not resident walking access",Coimbatore
w/90591315,,way_representative_point,76.9617070985536,10.9932458,townhall,Coimbatore City Municipal Corporation,S09,derived,CBE,082,165.18409780285847,"proxy: straight-line distance to synthetic bins, not resident walking access",Coimbatore
w/90591317,,way_representative_point,76.96367278501478,10.999680349999998,post_office,Coimbatore Head Post Office,S09,derived,CBE,082,220.7833991803869,"proxy: straight-line distance to synthetic bins, not resident walking access",Coimbatore
w/91560462,,way_representative_point,76.97806036810896,11.0355565,parking,,S09,derived,CBE,030,118.20883407396728,"proxy: straight-line distance to synthetic bins, not resident walking access",Coimbatore
w/92380008,,way_representative_point,76.9699670647068,11.0165093,motorcycle_parking,gandhipuram Bus Stand Motorcycle Parking Shed,S09,derived,CBE,067,274.44199918162496,"proxy: straight-line distance to synthetic bins, not resident walking access",Coimbatore
w/128976265,,way_representative_point,76.87926943925775,11.036957350000002,university,Bharathiar University,S09,derived,CBE,038,793.9438269918822,"proxy: straight-line distance to synthetic bins, not resident walking access",Coimbatore
w/128979860,,way_representative_point,77.03080062400022,11.0299656,college,Government Polytechnic,S09,derived,CBE,024,493.6121334894957,"proxy: straight-line distance to synthetic bins, not resident walking access",Coimbatore
w/128979862,,way_representative_point,77.0345772954442,11.0326883,college,PSG College of Arts and Science,S09,derived,CBE,023,255.0770461861004,"proxy: straight-line distance to synthetic bins, not resident walking access",Coimbatore
w/128980433,,way_representative_point,77.00284245647313,11.0246833,college,PSG College of Technology,S09,derived,CBE,026,230.10056500246148,"proxy: straight-line distance to synthetic bins, not resident walking access",Coimbatore
w/130035512,,way_representative_point,76.94005339809588,10.94137565,police,Police training camp 4th battalion in coimbatore,S09,derived,CBE,090,571.8053726931241,"proxy: straight-line distance to synthetic bins, not resident walking access",Coimbatore
w/130035630,,way_representative_point,76.94504595729532,10.9389855,college,VLB College of Arts and Science,S09,derived,CBE,091,789.6093349006061,"proxy: straight-line distance to synthetic bins, not resident walking access",Coimbatore
w/130035633,,way_representative_point,76.94744493105904,10.9406205,school,VLB School,S09,derived,CBE,091,809.97839159298,"proxy: straight-line distance to synthetic bins, not resident walking access",Coimbatore
w/132995598,,way_representative_point,76.93687960554337,11.0232028,school,Bharathi Matri Hr. Sec. School,S09,derived,CBE,069,334.5277059286205,"proxy: straight-line distance to synthetic bins, not resident walking access",Coimbatore
w/133035201,,way_representative_point,76.94772164975203,11.046991,hospital,Kalpana Medical Centre,S09,derived,CBE,018,181.93492154755705,"proxy: straight-line distance to synthetic bins, not resident walking access",Coimbatore
w/133072618,,way_representative_point,76.95248685762134,11.02613635,hospital,Ganga Hospital,S09,derived,CBE,069,211.64314150868395,"proxy: straight-line distance to synthetic bins, not resident walking access",Coimbatore
w/133072620,,way_representative_point,76.9358734861822,11.02013395,college,Govt. College of Technology,S09,derived,CBE,074,315.23366287008224,"proxy: straight-line distance to synthetic bins, not resident walking access",Coimbatore
w/133072622,,way_representative_point,76.95137988371249,11.0193348,university,Avinasilingam Deemed University for Home Sciences,S09,derived,CBE,074,42.876116542940046,"proxy: straight-line distance to synthetic bins, not resident walking access",Coimbatore
w/133072629,,way_representative_point,76.93348754172536,11.0256549,school,Avila Convent Matriculation Higher Secondary School,S09,derived,CBE,043,206.92741165050387,"proxy: straight-line distance to synthetic bins, not resident walking access",Coimbatore
w/133072630,,way_representative_point,76.95147767090296,11.01762535,college,Institute of Forest Genetics & Tree Breeding (IFGTB),S09,derived,CBE,074,176.1749436072638,"proxy: straight-line distance to synthetic bins, not resident walking access",Coimbatore
w/133360770,,way_representative_point,76.90659314999999,11.026532,car_repair,,S09,derived,CBE,036,235.2750274740575,"proxy: straight-line distance to synthetic bins, not resident walking access",Coimbatore
w/133360776,,way_representative_point,76.90759351975143,11.02509225,school,Marudhamalai Subramaniya Swamy Devasthana Higher Secondary School,S09,derived,CBE,036,291.65259988168367,"proxy: straight-line distance to synthetic bins, not resident walking access",Coimbatore
w/133360781,,way_representative_point,76.9485824106986,11.0236573,school,T.A. Ramalingam Chettiar Higher Secondary School,S09,derived,CBE,069,251.75193779261392,"proxy: straight-line distance to synthetic bins, not resident walking access",Coimbatore
w/133360789,,way_representative_point,76.94408431616412,11.0068836,school,Nehru maha vidhyalaya,S09,derived,CBE,073,233.21084653830047,"proxy: straight-line distance to synthetic bins, not resident walking access",Coimbatore
w/133368414,,way_representative_point,76.95781204866083,11.0119325,school,,S09,derived,CBE,069,94.874980743522,"proxy: straight-line distance to synthetic bins, not resident walking access",Coimbatore
w/133369452,,way_representative_point,76.94910966049943,11.08003665,car_repair,Toyota Service station,S09,derived,CBE,002,853.4209975538428,"proxy: straight-line distance to synthetic bins, not resident walking access",Coimbatore
w/133585584,,way_representative_point,76.96567763865414,11.00001605,school,G. D. Matriculation Higher Secondary School,S09,derived,CBE,083,286.79029254334074,"proxy: straight-line distance to synthetic bins, not resident walking access",Coimbatore
w/133585585,,way_representative_point,76.98357641578188,11.00006615,college,Niramla College for Women,S09,derived,CBE,083,432.1533677032624,"proxy: straight-line distance to synthetic bins, not resident walking access",Coimbatore
w/133585586,,way_representative_point,76.96687614999999,11.00019585,public_building,Collector Office Building,S09,derived,CBE,083,385.931198589456,"proxy: straight-line distance to synthetic bins, not resident walking access",Coimbatore
w/133585587,,way_representative_point,76.96816394999999,11.0007466,police,Commisioner Office,S09,derived,CBE,083,487.01013632492914,"proxy: straight-line distance to synthetic bins, not resident walking access",Coimbatore
w/133585670,,way_representative_point,76.97672156021596,11.004138,college,Bishop Appasamy College,S09,derived,CBE,066,119.85173371673532,"proxy: straight-line distance to synthetic bins, not resident walking access",Coimbatore
w/133585671,,way_representative_point,76.97037080424738,10.9995661,courthouse,Combined Court Complex,S09,derived,CBE,083,381.7424662236864,"proxy: straight-line distance to synthetic bins, not resident walking access",Coimbatore
w/133586708,,way_representative_point,76.98810611145885,10.99954945,school,Carmel Garden Matriculation Higher Secondary School,S09,derived,CBE,083,191.0235637335545,"proxy: straight-line distance to synthetic bins, not resident walking access",Coimbatore
w/133586710,,way_representative_point,76.98459685294134,10.99936635,grave_yard,All Soul's,S09,derived,CBE,083,296.3786474684749,"proxy: straight-line distance to synthetic bins, not resident walking access",Coimbatore
w/133735518,,way_representative_point,76.99382616832327,11.0533673,mall,Gowtham Towers,S09,derived,CBE,003,224.1399718883804,"proxy: straight-line distance to synthetic bins, not resident walking access",Coimbatore
w/133736673,,way_representative_point,76.9977839,11.05586455,hospital,Sankara Eye Hospital,S09,derived,CBE,021,181.23291064353336,"proxy: straight-line distance to synthetic bins, not resident walking access",Coimbatore
w/133738080,,way_representative_point,76.99983843311125,11.06218745,car,Ramani Nissan,S09,derived,CBE,010,172.93187139000042,"proxy: straight-line distance to synthetic bins, not resident walking access",Coimbatore
w/133738246,,way_representative_point,77.0003093287595,11.06527785,bakery,Ragam Bakery,S09,derived,CBE,010,328.9583025551187,"proxy: straight-line distance to synthetic bins, not resident walking access",Coimbatore
w/133738994,,way_representative_point,77.00168375271632,11.06836825,place_of_worship,Bathrakaliamman temple,S09,derived,CBE,010,166.3862431634763,"proxy: straight-line distance to synthetic bins, not resident walking access",Coimbatore
w/133738995,,way_representative_point,77.001552294905,11.0683627,place_of_worship,Arulmigu Bathrakaliamman temple,S09,derived,CBE,010,179.43435577813128,"proxy: straight-line distance to synthetic bins, not resident walking access",Coimbatore
w/133739505,,way_representative_point,77.00270980380634,11.07471675,police,B9 Saravanampatty Police Station,S09,derived,CBE,010,357.1339454646687,"proxy: straight-line distance to synthetic bins, not resident walking access",Coimbatore
w/133940321,,way_representative_point,76.96746219777908,11.0229967,place_of_worship,Our Lady of Fathima Church,S09,derived,CBE,048,353.5301086073654,"proxy: straight-line distance to synthetic bins, not resident walking access",Coimbatore
w/134041779,,way_representative_point,76.96113400242035,11.00586505,public_building,IMA Hall,S09,derived,CBE,070,495.74184472868967,"proxy: straight-line distance to synthetic bins, not resident walking access",Coimbatore
w/134096009,,way_representative_point,76.96023144140284,10.98938135,greengrocer,,S09,derived,CBE,081,95.12431325609744,"proxy: straight-line distance to synthetic bins, not resident walking access",Coimbatore
w/134949385,,way_representative_point,76.95629094018912,10.99370045,parking,,S09,derived,CBE,081,113.14142064896328,"proxy: straight-line distance to synthetic bins, not resident walking access",Coimbatore
w/136743589,,way_representative_point,76.96550004692241,11.0156216,school,Kovai Linux Centre,S09,derived,CBE,067,209.0615478905057,"proxy: straight-line distance to synthetic bins, not resident walking access",Coimbatore
w/150446612,,way_representative_point,76.95103024173156,11.02560245,school,Ramalingam Primary School,S09,derived,CBE,069,145.70744287702536,"proxy: straight-line distance to synthetic bins, not resident walking access",Coimbatore
w/150454523,,way_representative_point,76.95230134570497,11.03005605,bus_station,New Busstand,S09,derived,CBE,045,74.02375953743415,"proxy: straight-line distance to synthetic bins, not resident walking access",Coimbatore
w/150502963,,way_representative_point,76.95180738915764,11.0259876,marketplace,Saibaba Colony Vegetable Market,S09,derived,CBE,069,174.19160057235572,"proxy: straight-line distance to synthetic bins, not resident walking access",Coimbatore
w/155623691,,way_representative_point,76.93020305,10.98436615,hospital,Dr. Arjun Hospital,S09,derived,CBE,076,158.31156061432054,"proxy: straight-line distance to synthetic bins, not resident walking access",Coimbatore
w/156335519,,way_representative_point,76.96676222841879,11.0097529,parking,,S09,derived,CBE,067,267.75358749014634,"proxy: straight-line distance to synthetic bins, not resident walking access",Coimbatore
w/171859675,,way_representative_point,76.98843376325831,11.06645745,school,KSIRS,S09,derived,CBE,003,198.46011615050097,"proxy: straight-line distance to synthetic bins, not resident walking access",Coimbatore
w/172004025,,way_representative_point,76.9969382746823,11.0834017,college,KGISL IIM,S09,derived,CBE,004,685.330090013174,"proxy: straight-line distance to synthetic bins, not resident walking access",Coimbatore
w/172004028,,way_representative_point,76.99793698817135,11.08490605,college,KGISL Institute of Technology,S09,derived,CBE,004,774.0488307384976,"proxy: straight-line distance to synthetic bins, not resident walking access",Coimbatore
w/172009072,,way_representative_point,76.99701773088904,11.0839058,parking,,S09,derived,CBE,004,682.5608321613163,"proxy: straight-line distance to synthetic bins, not resident walking access",Coimbatore
w/172010116,,way_representative_point,76.98190537791345,11.08125675,school,Maharishi Vidhya Mandir,S09,derived,CBE,003,616.2411318571919,"proxy: straight-line distance to synthetic bins, not resident walking access",Coimbatore
w/172011145,,way_representative_point,76.98801563269231,11.065519,place_of_worship,Kaumara Madalayam,S09,derived,CBE,011,300.1736297147968,"proxy: straight-line distance to synthetic bins, not resident walking access",Coimbatore
w/172011146,,way_representative_point,76.9852462287579,11.06624535,school,,S09,derived,CBE,003,385.6930043558199,"proxy: straight-line distance to synthetic bins, not resident walking access",Coimbatore
w/172011150,,way_representative_point,76.98549059689559,11.0657192,school,,S09,derived,CBE,003,401.8345236014662,"proxy: straight-line distance to synthetic bins, not resident walking access",Coimbatore
w/172011151,,way_representative_point,76.9858811083692,11.0657843,school,,S09,derived,CBE,003,366.81414690430313,"proxy: straight-line distance to synthetic bins, not resident walking access",Coimbatore
w/172011154,,way_representative_point,76.98590212399543,11.06622575,school,,S09,derived,CBE,003,330.73468292093554,"proxy: straight-line distance to synthetic bins, not resident walking access",Coimbatore
w/172011156,,way_representative_point,76.9856949,11.066334950000002,school,,S09,derived,CBE,003,340.3053323659826,"proxy: straight-line distance to synthetic bins, not resident walking access",Coimbatore
w/172098707,,way_representative_point,76.98035452964004,11.0112861,hospital,,S09,derived,CBE,083,476.2222201946774,"proxy: straight-line distance to synthetic bins, not resident walking access",Coimbatore
w/172099501,,way_representative_point,76.97191297114398,10.9980165,college,,S09,derived,CBE,083,382.6342932471829,"proxy: straight-line distance to synthetic bins, not resident walking access",Coimbatore
w/191213095,,way_representative_point,77.04381083905662,11.0077581,college,Jayendra Saraswathi College,S09,derived,CBE,056,575.645294810168,"proxy: straight-line distance to synthetic bins, not resident walking access",Coimbatore
w/191231187,,way_representative_point,76.97212562662835,10.9999565,cinema,KG Big Cinema,S09,derived,CBE,083,196.3148702982916,"proxy: straight-line distance to synthetic bins, not resident walking access",Coimbatore
w/193064474,,way_representative_point,77.00066462481482,11.0819525,restaurant,Ranjini mess,S09,derived,CBE,004,1017.5762423089052,"proxy: straight-line distance to synthetic bins, not resident walking access",Coimbatore
w/193074693,,way_representative_point,77.0007303,11.0813109,place_of_worship,,S09,derived,CBE,004,955.7318574995404,"proxy: straight-line distance to synthetic bins, not resident walking access",Coimbatore
w/193354097,,way_representative_point,76.99542967644231,10.99970165,hospital,"Gem Hospital, Coimbatore",S09,derived,CBE,063,162.14890717575247,"proxy: straight-line distance to synthetic bins, not resident walking access",Coimbatore
w/193354103,,way_representative_point,76.99575834293373,10.99979395,restaurant,Canteen,S09,derived,CBE,063,143.60095816210872,"proxy: straight-line distance to synthetic bins, not resident walking access",Coimbatore
w/193354107,,way_representative_point,76.99516763495106,10.9998926,restaurant,,S09,derived,CBE,063,197.7218068027241,"proxy: straight-line distance to synthetic bins, not resident walking access",Coimbatore
w/193354110,,way_representative_point,76.99541325842458,10.99992285,parking,,S09,derived,CBE,063,179.6794310356884,"proxy: straight-line distance to synthetic bins, not resident walking access",Coimbatore
w/193438565,,way_representative_point,77.00077826952632,11.081205,place_of_worship,Vinayagar temple,S09,derived,CBE,004,943.2108882484448,"proxy: straight-line distance to synthetic bins, not resident walking access",Coimbatore
w/194879734,,way_representative_point,77.00192002261764,11.0823556,school,Ruby Matriculation School,S09,derived,CBE,004,946.4304236154254,"proxy: straight-line distance to synthetic bins, not resident walking access",Coimbatore
w/196836220,,way_representative_point,77.02728919521235,11.04134745,parking,Codissia Car Parking,S09,derived,CBE,024,738.6836440121564,"proxy: straight-line distance to synthetic bins, not resident walking access",Coimbatore
w/196841575,,way_representative_point,77.02895660049128,11.04496445,school,Chandrakanthi Public School,S09,derived,CBE,023,727.1125685431966,"proxy: straight-line distance to synthetic bins, not resident walking access",Coimbatore
w/196841577,,way_representative_point,77.02974595528653,11.0441609,school,Chandra Matriculation Higher Secondary School,S09,derived,CBE,023,846.8342589175573,"proxy: straight-line distance to synthetic bins, not resident walking access",Coimbatore
w/230401642,,way_representative_point,76.98611174837959,11.0856563,college,Sankara Polytechnic,S09,derived,CBE,004,524.8410990172384,"proxy: straight-line distance to synthetic bins, not resident walking access",Coimbatore
w/234527278,,way_representative_point,77.00513677842329,11.026257,parking,,S09,derived,CBE,026,368.3848873130975,"proxy: straight-line distance to synthetic bins, not resident walking access",Coimbatore
w/238707846,,way_representative_point,76.94499829168782,11.03148845,school,Corporation School,S09,derived,CBE,045,226.0323891264439,"proxy: straight-line distance to synthetic bins, not resident walking access",Coimbatore
w/238707848,,way_representative_point,76.944488675,11.03121155,school,Corporation School,S09,derived,CBE,044,288.39618639822754,"proxy: straight-line distance to synthetic bins, not resident walking access",Coimbatore
w/238710928,,way_representative_point,76.94484151578898,11.02695955,supermarket,Shri Kannan Departmental Stores,S09,derived,CBE,044,511.54551638255447,"proxy: straight-line distance to synthetic bins, not resident walking access",Coimbatore
w/239032820,,way_representative_point,76.94473160862451,11.03504555,school,St. Thomas Higher Secondary School,S09,derived,CBE,045,314.55692902590545,"proxy: straight-line distance to synthetic bins, not resident walking access",Coimbatore
w/239155777,,way_representative_point,76.93906680233874,11.028091,place_of_worship,Zion Church,S09,derived,CBE,043,185.8279997795244,"proxy: straight-line distance to synthetic bins, not resident walking access",Coimbatore
w/244011426,,way_representative_point,76.97028908721353,11.01736775,bus_station,Intercity Bus Stand,S09,derived,CBE,048,274.2175499237194,"proxy: straight-line distance to synthetic bins, not resident walking access",Coimbatore
w/262854343,,way_representative_point,76.96172308797256,11.0844627,school,Manchester International School,S09,derived,CBE,002,188.20947772235945,"proxy: straight-line distance to synthetic bins, not resident walking access",Coimbatore
w/264275650,,way_representative_point,77.01190503500122,11.01752125,school,National Model Matriculation school,S09,derived,CBE,052,104.64700664705656,"proxy: straight-line distance to synthetic bins, not resident walking access",Coimbatore
w/264275807,,way_representative_point,77.01066130620583,11.02435165,mall,Fun republic Mall,S09,derived,CBE,024,618.8541389645806,"proxy: straight-line distance to synthetic bins, not resident walking access",Coimbatore
w/293066627,,way_representative_point,76.95883015785728,11.0085851,school,Devanga High School,S09,derived,CBE,070,293.1786461713347,"proxy: straight-line distance to synthetic bins, not resident walking access",Coimbatore
w/293066634,,way_representative_point,76.96701552466952,11.01403415,bus_station,TNSTC Coimbatore Central Bus Depot,S09,derived,CBE,067,69.29677963882342,"proxy: straight-line distance to synthetic bins, not resident walking access",Coimbatore
w/323417200,,way_representative_point,76.92584544712747,11.00885355,veterinary,Corporation Street Dog Sterilisation Centre,S09,derived,CBE,075,325.7733683467497,"proxy: straight-line distance to synthetic bins, not resident walking access",Coimbatore
w/323421077,,way_representative_point,76.93686516430651,10.938254,college,CBM College,S09,derived,CBE,090,772.0061059503912,"proxy: straight-line distance to synthetic bins, not resident walking access",Coimbatore
w/329852730,,way_representative_point,76.97323876996631,11.01289955,prison,,S09,derived,CBE,067,510.5553416703127,"proxy: straight-line distance to synthetic bins, not resident walking access",Coimbatore
w/335860815,,way_representative_point,77.04477327806005,11.00185615,parking,,S09,derived,CBE,058,136.41758650175177,"proxy: straight-line distance to synthetic bins, not resident walking access",Coimbatore
w/354759699,,way_representative_point,77.03842689999999,11.0432759,supermarket,Premier Supermarket,S09,derived,CBE,007,610.9651132815694,"proxy: straight-line distance to synthetic bins, not resident walking access",Coimbatore
w/356877715,,way_representative_point,77.04082814571629,11.04100315,parking,,S09,derived,CBE,007,726.2021208356614,"proxy: straight-line distance to synthetic bins, not resident walking access",Coimbatore
w/356877719,,way_representative_point,77.04060568329393,11.04300785,hospital,Kovai Medical Centre and Hospital,S09,derived,CBE,007,569.0244480155181,"proxy: straight-line distance to synthetic bins, not resident walking access",Coimbatore
w/356928304,,way_representative_point,77.04581057850795,11.04436615,community_centre,Ramlaskhmi Mahal,S09,derived,CBE,007,438.4683039747322,"proxy: straight-line distance to synthetic bins, not resident walking access",Coimbatore
w/357082017,,way_representative_point,77.03623023434282,11.03935675,college,South India Textile Research Association - SITRA,S09,derived,CBE,023,291.13680450211695,"proxy: straight-line distance to synthetic bins, not resident walking access",Coimbatore
w/357082018,,way_representative_point,77.03947701827846,11.0401492,townhall,Passport Seva Kendra,S09,derived,CBE,007,552.902643219099,"proxy: straight-line distance to synthetic bins, not resident walking access",Coimbatore
w/361362353,,way_representative_point,76.99536043114264,11.07909915,school,Vivekam CBSE School,S09,derived,CBE,004,809.1833909163806,"proxy: straight-line distance to synthetic bins, not resident walking access",Coimbatore
w/364848520,,way_representative_point,77.01830275590741,11.02617315,fuel,,S09,derived,CBE,024,630.9046069084899,"proxy: straight-line distance to synthetic bins, not resident walking access",Coimbatore
w/366991115,,way_representative_point,76.94426059667178,11.0541958,college,Industrial Technical Institute (ITI),S09,derived,CBE,015,182.40490529066227,"proxy: straight-line distance to synthetic bins, not resident walking access",Coimbatore
w/373410449,,way_representative_point,76.96483659317182,10.99684555,school,CSI(Church of South India) Boys Higher Secondary School,S09,derived,CBE,082,408.3161165545729,"proxy: straight-line distance to synthetic bins, not resident walking access",Coimbatore
w/374784185,,way_representative_point,76.96265809824547,10.9961856,school,,S09,derived,CBE,082,180.02041163115862,"proxy: straight-line distance to synthetic bins, not resident walking access",Coimbatore
w/374788422,,way_representative_point,76.96171155496579,10.95393395,school,Saraswati Ramachandran Higher Secondary School,S09,derived,CBE,093,107.54511085511744,"proxy: straight-line distance to synthetic bins, not resident walking access",Coimbatore
w/377954687,,way_representative_point,77.00003517134132,10.9804797,place_of_worship,,S09,derived,CBE,062,509.4041822301999,"proxy: straight-line distance to synthetic bins, not resident walking access",Coimbatore
w/377992179,,way_representative_point,76.96304545178809,10.9933077,college,Govt.Womens Arts College,S09,derived,CBE,082,279.12201940780267,"proxy: straight-line distance to synthetic bins, not resident walking access",Coimbatore
w/377993519,,way_representative_point,76.9701959583203,10.9964193,hospital,Coimbatore Medical College Hospital,S09,derived,CBE,083,332.81397243501294,"proxy: straight-line distance to synthetic bins, not resident walking access",Coimbatore
w/378144511,,way_representative_point,77.01075749856017,11.0234514,parking,,S09,derived,CBE,024,706.7954067842968,"proxy: straight-line distance to synthetic bins, not resident walking access",Coimbatore
w/380074155,,way_representative_point,76.86772290052741,11.04269605,college,"Government Law College, Coimbatore",S09,derived,CBE,038,2061.73941723688,"proxy: straight-line distance to synthetic bins, not resident walking access",Coimbatore
w/380074539,,way_representative_point,76.87624061915895,11.03427705,hospital,Coimbatore Diabetes Foundation,S09,derived,CBE,038,749.636393979016,"proxy: straight-line distance to synthetic bins, not resident walking access",Coimbatore
w/382602878,,way_representative_point,77.00288958975622,10.99811885,school,Alvernia Higher Secondary Matriculation School,S09,derived,CBE,063,225.86111988538516,"proxy: straight-line distance to synthetic bins, not resident walking access",Coimbatore
w/382603284,,way_representative_point,76.99415639017882,10.9963021,school,Corporation Boys High School,S09,derived,CBE,065,339.03813899755454,"proxy: straight-line distance to synthetic bins, not resident walking access",Coimbatore
w/382609757,,way_representative_point,77.00252644685008,10.9841753,fuel,HP Petrol Pump,S09,derived,CBE,062,285.4403632946901,"proxy: straight-line distance to synthetic bins, not resident walking access",Coimbatore
w/382609758,,way_representative_point,77.00224084034184,10.98472435,school,Balaji Driving School,S09,derived,CBE,062,239.26500181486816,"proxy: straight-line distance to synthetic bins, not resident walking access",Coimbatore
w/382609759,,way_representative_point,77.00130147180535,10.98699795,fuel,Bharat Petroleum Pump,S09,derived,CBE,062,250.2071664792808,"proxy: straight-line distance to synthetic bins, not resident walking access",Coimbatore
w/382610266,,way_representative_point,77.00091452708733,10.9877826,restaurant,Annapoorna Gowrishankar Hotels,S09,derived,CBE,062,312.12901088253244,"proxy: straight-line distance to synthetic bins, not resident walking access",Coimbatore
w/382610267,,way_representative_point,77.00930971884983,10.98971265,school,BVM Global School,S09,derived,CBE,062,610.7764096580466,"proxy: straight-line distance to synthetic bins, not resident walking access",Coimbatore
w/414348756,,way_representative_point,77.0459449847913,11.00462545,school,Govt Boys Higher Secondary School,S09,derived,CBE,056,202.8596678681568,"proxy: straight-line distance to synthetic bins, not resident walking access",Coimbatore
w/415419917,,way_representative_point,76.96933327766062,10.994575950000002,bus_station,General Hospital Bus Stand,S09,derived,CBE,083,109.74982211084638,"proxy: straight-line distance to synthetic bins, not resident walking access",Coimbatore
w/419840379,,way_representative_point,76.94990635901382,11.03042705,marketplace,M.G.R.Wholesale Market,S09,derived,CBE,045,248.42902146465156,"proxy: straight-line distance to synthetic bins, not resident walking access",Coimbatore
w/419866405,,way_representative_point,76.95068402736152,11.03082375,parking,,S09,derived,CBE,045,224.63226540033207,"proxy: straight-line distance to synthetic bins, not resident walking access",Coimbatore
w/421038408,,way_representative_point,77.05696507316185,11.0007382,prison,Coimbatore Prison Farm,S09,derived,CBE,057,296.2283486074596,"proxy: straight-line distance to synthetic bins, not resident walking access",Coimbatore
w/442527694,,way_representative_point,76.99798421225755,11.008659649999998,school,Kendriya Vidyalaya Main,S09,derived,CBE,050,383.3651164040172,"proxy: straight-line distance to synthetic bins, not resident walking access",Coimbatore
w/442527695,,way_representative_point,76.99850013792725,11.0096001,school,Kendriya Vidyalaya,S09,derived,CBE,050,394.4981034147009,"proxy: straight-line distance to synthetic bins, not resident walking access",Coimbatore
w/442528849,,way_representative_point,76.98943424470043,11.0057521,school,Ruh Continuum School,S09,derived,CBE,066,344.0394753669288,"proxy: straight-line distance to synthetic bins, not resident walking access",Coimbatore
w/442528850,,way_representative_point,76.98995059936374,11.00452595,place_of_worship,St. Antonys Parish Hall,S09,derived,CBE,066,428.9100791664774,"proxy: straight-line distance to synthetic bins, not resident walking access",Coimbatore
w/442528851,,way_representative_point,76.99054727151778,11.00403905,place_of_worship,St. Antonys Church,S09,derived,CBE,066,348.19059436623,"proxy: straight-line distance to synthetic bins, not resident walking access",Coimbatore
w/442528852,,way_representative_point,76.98609418097448,11.0056653,hospital,Airforce Hospital,S09,derived,CBE,066,36.08114604614748,"proxy: straight-line distance to synthetic bins, not resident walking access",Coimbatore
w/459396536,,way_representative_point,76.94359887032932,11.06768115,community_centre,Sree Lakshmi Narayana Mahal,S09,derived,CBE,014,502.353044666996,"proxy: straight-line distance to synthetic bins, not resident walking access",Coimbatore
w/461439515,,way_representative_point,76.93512536733985,11.011524,library,Library old building,S09,derived,CBE,074,506.4927194594568,"proxy: straight-line distance to synthetic bins, not resident walking access",Coimbatore
w/461440678,,way_representative_point,76.93548490552126,11.01162015,library,TNAU Library,S09,derived,CBE,074,514.2121777274797,"proxy: straight-line distance to synthetic bins, not resident walking access",Coimbatore
w/461526041,,way_representative_point,76.9304559995598,11.01387865,place_of_worship,Arulmigu Gnana Vinayagar Temple,S09,derived,CBE,074,366.93418957821,"proxy: straight-line distance to synthetic bins, not resident walking access",Coimbatore
w/461695656,,way_representative_point,76.9277931591102,11.0355502,restaurant,,S09,derived,CBE,042,222.1033996226737,"proxy: straight-line distance to synthetic bins, not resident walking access",Coimbatore
w/461696407,,way_representative_point,76.92740765184082,11.0342182,cinema,Krithika Cinema Hall,S09,derived,CBE,042,106.6088615756642,"proxy: straight-line distance to synthetic bins, not resident walking access",Coimbatore
w/461699075,,way_representative_point,76.95114653179442,11.0200463,place_of_worship,Arul Vinayagar Temple,S09,derived,CBE,069,99.32160128211684,"proxy: straight-line distance to synthetic bins, not resident walking access",Coimbatore
w/461711779,,way_representative_point,76.92967494999999,11.0357582,place_of_worship,Sri Sarva Siti Vinayagar Temple,S09,derived,CBE,043,21.135544852732284,"proxy: straight-line distance to synthetic bins, not resident walking access",Coimbatore
w/464271924,,way_representative_point,77.00419700725712,11.02360525,bank,State Bank of India,S09,derived,CBE,052,413.3274853100633,"proxy: straight-line distance to synthetic bins, not resident walking access",Coimbatore
w/464308337,,way_representative_point,77.01188900047595,11.006956,hospital,Anurag Hospital,S09,derived,CBE,051,177.0372285612013,"proxy: straight-line distance to synthetic bins, not resident walking access",Coimbatore
w/465905972,,way_representative_point,77.0260572,11.0002481,greengrocer,Uzhavar sandai,S09,derived,CBE,060,371.3060843365857,"proxy: straight-line distance to synthetic bins, not resident walking access",Coimbatore
w/469398126,,way_representative_point,76.93928082551895,11.00687685,place_of_worship,Mosque,S09,derived,CBE,074,723.2733808465684,"proxy: straight-line distance to synthetic bins, not resident walking access",Coimbatore
w/497315585,,way_representative_point,76.98245041705042,10.9239252,place_of_worship,Eachanari Vinayagar Temple,S09,derived,CBE,097,910.084491209324,"proxy: straight-line distance to synthetic bins, not resident walking access",Coimbatore
w/497316914,,way_representative_point,76.98177780969047,10.9234896,community_centre,Lakshmi Kalyanamandapam,S09,derived,CBE,097,964.9517808233312,"proxy: straight-line distance to synthetic bins, not resident walking access",Coimbatore
w/497316915,,way_representative_point,76.98298753509694,10.92285235,post_office,Eachanari Post Office,S09,derived,CBE,100,1027.347383134255,"proxy: straight-line distance to synthetic bins, not resident walking access",Coimbatore
w/497316922,,way_representative_point,76.98253555905401,10.9263865,place_of_worship,Mahalakshmi Temple,S09,derived,CBE,100,637.7191733832663,"proxy: straight-line distance to synthetic bins, not resident walking access",Coimbatore
w/497316925,,way_representative_point,76.98201181950198,10.9408825,college,Annai Meenakshi College of Nursing,S09,derived,CBE,100,88.53753648045624,"proxy: straight-line distance to synthetic bins, not resident walking access",Coimbatore
w/497317277,,way_representative_point,76.97874526011715,10.9456975,fuel,Bharat Petroleum,S09,derived,CBE,098,224.9430466015885,"proxy: straight-line distance to synthetic bins, not resident walking access",Coimbatore
w/497317278,,way_representative_point,76.97836577915754,10.946876,fuel,Hindustan Petroleum,S09,derived,CBE,098,91.09154082208428,"proxy: straight-line distance to synthetic bins, not resident walking access",Coimbatore
w/497317279,,way_representative_point,76.9776853919771,10.9487653,hospital,Rajam Medical Centre & Hospital,S09,derived,CBE,098,137.33989140431524,"proxy: straight-line distance to synthetic bins, not resident walking access",Coimbatore
w/497317281,,way_representative_point,76.9736056996307,10.9537911,hospital,Sri Balaji Hospitals,S09,derived,CBE,096,106.00599438974872,"proxy: straight-line distance to synthetic bins, not resident walking access",Coimbatore
w/497318359,,way_representative_point,76.97308639016043,10.9542835,hospital,Abinand Hospital,S09,derived,CBE,096,27.6562272600122,"proxy: straight-line distance to synthetic bins, not resident walking access",Coimbatore
w/497318360,,way_representative_point,76.97247030309018,10.9579089,hospital,FIMS Hospitals | Best Multispeciality Hospital In Sonipat,S09,derived,CBE,096,382.11641339134417,"proxy: straight-line distance to synthetic bins, not resident walking access",Coimbatore
w/497318366,,way_representative_point,76.97106119158701,10.95816745,hospital,NRP Hospitals,S09,derived,CBE,094,367.37686268047713,"proxy: straight-line distance to synthetic bins, not resident walking access",Coimbatore
w/497318367,,way_representative_point,76.97041325117155,10.9648053,fuel,Bharat Petroleum,S09,derived,CBE,085,105.85246996843478,"proxy: straight-line distance to synthetic bins, not resident walking access",Coimbatore
w/497318368,,way_representative_point,76.9707848800956,10.9640903,fuel,Sundaram & Co,S09,derived,CBE,085,47.1323003656668,"proxy: straight-line distance to synthetic bins, not resident walking access",Coimbatore
w/497319706,,way_representative_point,77.0003813678455,10.95702725,recycling,Compost Yard-Vellalore,S09,derived,CBE,099,503.8493996179952,"proxy: straight-line distance to synthetic bins, not resident walking access",Coimbatore
w/497324365,,way_representative_point,76.95522506407988,10.96297745,fuel,Indian Oil,S09,derived,CBE,087,70.56060346612685,"proxy: straight-line distance to synthetic bins, not resident walking access",Coimbatore
w/497324367,,way_representative_point,76.95812291281325,10.97171575,fuel,Bharat Petroleum,S09,derived,CBE,094,524.5105574272072,"proxy: straight-line distance to synthetic bins, not resident walking access",Coimbatore
w/497324368,,way_representative_point,76.96186763228766,10.9765708,fuel,,S09,derived,CBE,086,212.36933730101472,"proxy: straight-line distance to synthetic bins, not resident walking access",Coimbatore
w/497325628,,way_representative_point,76.95592041366086,10.96692615,fuel,Indian Oil,S09,derived,CBE,087,397.4179768850865,"proxy: straight-line distance to synthetic bins, not resident walking access",Coimbatore
w/497325629,,way_representative_point,76.96160160628199,10.98151625,fuel,Indian Oil,S09,derived,CBE,086,358.8874917340444,"proxy: straight-line distance to synthetic bins, not resident walking access",Coimbatore
w/497325630,,way_representative_point,76.93355064457101,10.9868836,hospital,Seetharam Hospital,S09,derived,CBE,076,280.0906237243953,"proxy: straight-line distance to synthetic bins, not resident walking access",Coimbatore
w/497325631,,way_representative_point,76.9357988835618,10.9873427,hospital,Snekaram Hospital,S09,derived,CBE,079,67.93142449427752,"proxy: straight-line distance to synthetic bins, not resident walking access",Coimbatore
w/497325634,,way_representative_point,76.92891462639963,10.9841034,fuel,Indian Oil,S09,derived,CBE,076,287.74824890018965,"proxy: straight-line distance to synthetic bins, not resident walking access",Coimbatore
w/497325635,,way_representative_point,76.92826102436986,10.98404885,fuel,Bharat Petroleum,S09,derived,CBE,076,336.4735810592863,"proxy: straight-line distance to synthetic bins, not resident walking access",Coimbatore
w/497331703,,way_representative_point,76.92254806386359,10.98186215,college,SMS College of Arts & Science,S09,derived,CBE,076,458.4124487575236,"proxy: straight-line distance to synthetic bins, not resident walking access",Coimbatore
w/498801714,,way_representative_point,76.89543260458325,11.02854645,fuel,Indian Oil,S09,derived,CBE,038,344.5658368364848,"proxy: straight-line distance to synthetic bins, not resident walking access",Coimbatore
w/498822902,,way_representative_point,77.00402045358744,10.98425465,crematorium,Isha Electric Crematorium,S09,derived,CBE,062,440.13994640092426,"proxy: straight-line distance to synthetic bins, not resident walking access",Coimbatore
w/498985098,,way_representative_point,76.98023638435271,10.96760435,community_centre,Lakshmi Kalyanamandapam,S09,derived,CBE,095,576.8209574887818,"proxy: straight-line distance to synthetic bins, not resident walking access",Coimbatore
w/498985101,,way_representative_point,76.98408619393697,10.96563085,fuel,Bharat Petroleum,S09,derived,CBE,095,234.77921979346576,"proxy: straight-line distance to synthetic bins, not resident walking access",Coimbatore
w/498988408,,way_representative_point,77.02091368006488,10.9983551,fuel,Indian Oil,S09,derived,CBE,061,146.79486273902396,"proxy: straight-line distance to synthetic bins, not resident walking access",Coimbatore
w/498988414,,way_representative_point,77.0168715,10.9954536,place_of_worship,Ramalinga Sowdeswari Amman Temple,S09,derived,CBE,061,221.28920918253937,"proxy: straight-line distance to synthetic bins, not resident walking access",Coimbatore
w/498988415,,way_representative_point,77.01804682456861,10.99469575,car,Ashirwad Hyundai,S09,derived,CBE,061,295.723955755645,"proxy: straight-line distance to synthetic bins, not resident walking access",Coimbatore
w/498988416,,way_representative_point,77.0168016962984,10.9978724,fuel,,S09,derived,CBE,061,316.11224971919484,"proxy: straight-line distance to synthetic bins, not resident walking access",Coimbatore
w/498988417,,way_representative_point,77.01706580747296,10.99788285,hospital,Coimbatore Child Trust Hospital,S09,derived,CBE,061,336.90353372591085,"proxy: straight-line distance to synthetic bins, not resident walking access",Coimbatore
w/501125927,,way_representative_point,77.00889203665386,11.0187846,college,PSG Institute of Medical sciences & research,S09,derived,CBE,052,368.2982088903996,"proxy: straight-line distance to synthetic bins, not resident walking access",Coimbatore
w/501126320,,way_representative_point,77.00728869395414,11.02031905,parking,,S09,derived,CBE,052,611.8175927287645,"proxy: straight-line distance to synthetic bins, not resident walking access",Coimbatore
w/501929030,,way_representative_point,76.96526515861257,11.0159447,parking,lakshmi complex parkin area,S09,derived,CBE,067,250.08508813304616,"proxy: straight-line distance to synthetic bins, not resident walking access",Coimbatore
w/501930655,,way_representative_point,76.9483148074786,11.0146284,library,District Central Library,S09,derived,CBE,071,301.5039173756305,"proxy: straight-line distance to synthetic bins, not resident walking access",Coimbatore
w/502563030,,way_representative_point,76.96225337131452,10.9837823,parking,,S09,derived,CBE,086,506.2183875787069,"proxy: straight-line distance to synthetic bins, not resident walking access",Coimbatore
w/503500297,,way_representative_point,76.95267805904712,10.9384224,place_of_worship,Sreekrishna College Temple,S09,derived,CBE,092,536.9298277082537,"proxy: straight-line distance to synthetic bins, not resident walking access",Coimbatore
w/504572470,,way_representative_point,76.97346590000001,10.9463965,place_of_worship,Kampeera vinayagar temple,S09,derived,CBE,097,366.2188791391514,"proxy: straight-line distance to synthetic bins, not resident walking access",Coimbatore
w/506390719,,way_representative_point,76.96694040057747,11.0140924,bus_station,Gandhipuram Central Bus Stand,S09,derived,CBE,067,65.25200577022446,"proxy: straight-line distance to synthetic bins, not resident walking access",Coimbatore
w/506390723,,way_representative_point,76.96921590435073,11.016401,bus_station,Gandhipuram Town Bus Stand,S09,derived,CBE,067,235.20765539803352,"proxy: straight-line distance to synthetic bins, not resident walking access",Coimbatore
w/506409029,,way_representative_point,76.97149967174781,11.02306095,bus_station,Omni bus stand,S09,derived,CBE,048,102.08291709895325,"proxy: straight-line distance to synthetic bins, not resident walking access",Coimbatore
w/506409030,,way_representative_point,76.97651464009566,11.0236666,hospital,Sri Ramakrishna Hospital,S09,derived,CBE,048,450.1674877849092,"proxy: straight-line distance to synthetic bins, not resident walking access",Coimbatore
w/506409031,,way_representative_point,76.9657617636429,11.0060638,place_of_worship,Christ The King,S09,derived,CBE,083,219.134755459406,"proxy: straight-line distance to synthetic bins, not resident walking access",Coimbatore
w/508287900,,way_representative_point,76.91739437514141,11.0535776,place_of_worship,இபான்ட் ஜெயசூசி சர்ச் Infant Jesus church,S09,derived,CBE,016,209.10892924646996,"proxy: straight-line distance to synthetic bins, not resident walking access",Coimbatore
w/510067122,,way_representative_point,76.97270979441805,10.92841365,school,Rathinam Intl Public School,S09,derived,CBE,097,1190.0519344355848,"proxy: straight-line distance to synthetic bins, not resident walking access",Coimbatore
w/533339311,,way_representative_point,76.92165867172733,10.9298593,college,C S Academy International School,S09,derived,CBE,089,1560.662312975657,"proxy: straight-line distance to synthetic bins, not resident walking access",Coimbatore
w/541303063,,way_representative_point,76.92149032005946,11.0372283,cafe,vimalkumar cafe,S09,derived,CBE,035,200.4619275010643,"proxy: straight-line distance to synthetic bins, not resident walking access",Coimbatore
w/553610274,,way_representative_point,76.96101033475074,10.993108,cinema,R.V.Complex,S09,derived,CBE,082,145.2453865282216,"proxy: straight-line distance to synthetic bins, not resident walking access",Coimbatore
w/553610283,,way_representative_point,76.962717861326,10.99205935,place_of_worship,Eshwaran Temple,S09,derived,CBE,082,336.75315706312847,"proxy: straight-line distance to synthetic bins, not resident walking access",Coimbatore
w/553612525,,way_representative_point,76.99406259804033,11.0553036,mall,,S09,derived,CBE,021,223.67086077842083,"proxy: straight-line distance to synthetic bins, not resident walking access",Coimbatore
w/571426526,,way_representative_point,76.95493701301898,10.937316,parking,krishna parking,S09,derived,CBE,092,380.1088205877605,"proxy: straight-line distance to synthetic bins, not resident walking access",Coimbatore
w/571426538,,way_representative_point,76.9562083,10.9375379,bench,,S09,derived,CBE,092,276.0830504505203,"proxy: straight-line distance to synthetic bins, not resident walking access",Coimbatore
w/571426540,,way_representative_point,76.95556595879397,10.9366234,toilets,,S09,derived,CBE,092,379.9648250327507,"proxy: straight-line distance to synthetic bins, not resident walking access",Coimbatore
w/571426544,,way_representative_point,76.9566324561358,10.93880785,cafe,food court,S09,derived,CBE,092,132.93629548215037,"proxy: straight-line distance to synthetic bins, not resident walking access",Coimbatore
w/572762976,,way_representative_point,76.95400053113133,10.938408549999998,parking,,S09,derived,CBE,092,400.20853855044135,"proxy: straight-line distance to synthetic bins, not resident walking access",Coimbatore
w/572762977,,way_representative_point,76.95363583038075,10.93829535,parking,,S09,derived,CBE,092,441.90573822255504,"proxy: straight-line distance to synthetic bins, not resident walking access",Coimbatore
w/572762978,,way_representative_point,76.95457934712857,10.9382611,motorcycle_parking,,S09,derived,CBE,092,349.42739318306553,"proxy: straight-line distance to synthetic bins, not resident walking access",Coimbatore
w/572762979,,way_representative_point,76.95466798852478,10.93790555,motorcycle_parking,,S09,derived,CBE,092,361.35310599765546,"proxy: straight-line distance to synthetic bins, not resident walking access",Coimbatore
w/572762980,,way_representative_point,76.95227340531045,10.93876405,bank,Axis Bank,S09,derived,CBE,092,545.5314415104501,"proxy: straight-line distance to synthetic bins, not resident walking access",Coimbatore
w/572762988,,way_representative_point,76.95897717931331,10.9384237,butcher,,S09,derived,CBE,092,224.79221618116944,"proxy: straight-line distance to synthetic bins, not resident walking access",Coimbatore
w/573256180,,way_representative_point,76.95214681452966,10.952517,school,RKV Secondary School-Pirivu,S09,derived,CBE,088,574.6122744068178,"proxy: straight-line distance to synthetic bins, not resident walking access",Coimbatore
w/573256962,,way_representative_point,76.9545391177162,10.95546315,college,Nehru College of Aeronautics & Applied Science,S09,derived,CBE,093,328.90792627720094,"proxy: straight-line distance to synthetic bins, not resident walking access",Coimbatore
w/581445373,,way_representative_point,76.96178047242847,10.98278295,fuel,,S09,derived,CBE,086,440.57030250367467,"proxy: straight-line distance to synthetic bins, not resident walking access",Coimbatore
w/581445374,,way_representative_point,76.96177109245494,10.98537565,fuel,Barath Petroleum,S09,derived,CBE,086,456.82995130539854,"proxy: straight-line distance to synthetic bins, not resident walking access",Coimbatore
w/581445375,,way_representative_point,76.9617936765031,10.9865868,fuel,Barath Petroleum,S09,derived,CBE,086,325.8630963921605,"proxy: straight-line distance to synthetic bins, not resident walking access",Coimbatore
w/590896261,,way_representative_point,77.03838689730176,11.0026823,fuel,Shanthi Social Services Petrol Bunk,S09,derived,CBE,055,160.06284786580224,"proxy: straight-line distance to synthetic bins, not resident walking access",Coimbatore
w/592275141,,way_representative_point,76.95753054166421,10.9369871,college,Sri Krishna College of Engineering,S09,derived,CBE,092,284.5151271714011,"proxy: straight-line distance to synthetic bins, not resident walking access",Coimbatore
w/592275143,,way_representative_point,76.9533713443068,10.93923465,parking,,S09,derived,CBE,092,425.2824368598429,"proxy: straight-line distance to synthetic bins, not resident walking access",Coimbatore
w/592275144,,way_representative_point,76.95157137153377,10.9390088,fuel,,S09,derived,CBE,091,586.7248082747044,"proxy: straight-line distance to synthetic bins, not resident walking access",Coimbatore
w/592282592,,way_representative_point,76.95693426612527,10.96809235,school,Kuniamuthur High School,S09,derived,CBE,087,540.6358689027928,"proxy: straight-line distance to synthetic bins, not resident walking access",Coimbatore
w/592306252,,way_representative_point,76.93139077522808,10.94430935,place_of_worship,Infant Jesus Shrine,S09,derived,CBE,090,365.47566524375145,"proxy: straight-line distance to synthetic bins, not resident walking access",Coimbatore
w/592683532,,way_representative_point,77.04438114799379,11.0432651,fuel,Bharat Petroleum,S09,derived,CBE,007,537.2111461463975,"proxy: straight-line distance to synthetic bins, not resident walking access",Coimbatore
w/592683533,,way_representative_point,77.04497897717317,11.04280755,fuel,,S09,derived,CBE,023,463.8169750560078,"proxy: straight-line distance to synthetic bins, not resident walking access",Coimbatore
w/592708893,,way_representative_point,77.0383799011975,11.03077885,parking,,S09,derived,CBE,023,672.1742969649688,"proxy: straight-line distance to synthetic bins, not resident walking access",Coimbatore
w/592764464,,way_representative_point,76.9959313922011,10.9972731,fuel,Hindusthan Petroleum,S09,derived,CBE,063,182.7180578087395,"proxy: straight-line distance to synthetic bins, not resident walking access",Coimbatore
w/592764465,,way_representative_point,76.99539481107593,10.9973827,fuel,Thangam Service,S09,derived,CBE,064,203.3872856871177,"proxy: straight-line distance to synthetic bins, not resident walking access",Coimbatore
w/592912273,,way_representative_point,76.98403576106261,10.99856555,fuel,Bharat Petroleum,S09,derived,CBE,083,314.3672396640344,"proxy: straight-line distance to synthetic bins, not resident walking access",Coimbatore
w/593071385,,way_representative_point,76.89845277734487,11.0252559,school,Chinmaya Vidyalaya,S09,derived,CBE,038,89.23804537725654,"proxy: straight-line distance to synthetic bins, not resident walking access",Coimbatore
w/593286440,,way_representative_point,76.94844465199375,11.04161065,fuel,,S09,derived,CBE,033,181.698551610112,"proxy: straight-line distance to synthetic bins, not resident walking access",Coimbatore
w/593359209,,way_representative_point,76.95292884483467,11.020674,fuel,Bharat Petroleum,S09,derived,CBE,069,133.1288315551945,"proxy: straight-line distance to synthetic bins, not resident walking access",Coimbatore
w/593359211,,way_representative_point,76.9546578840347,11.01361105,fuel,HP,S09,derived,CBE,071,323.57958494922724,"proxy: straight-line distance to synthetic bins, not resident walking access",Coimbatore
w/593412888,,way_representative_point,77.01230450117184,11.02496,fuel,IOC Petrol bunk,S09,derived,CBE,024,520.879247245546,"proxy: straight-line distance to synthetic bins, not resident walking access",Coimbatore
w/593412905,,way_representative_point,76.97873914074388,11.02525615,fuel,,S09,derived,CBE,048,453.7048728236218,"proxy: straight-line distance to synthetic bins, not resident walking access",Coimbatore
w/593412907,,way_representative_point,76.9765610249906,11.02203165,school,P.R.Sidha Naidu Memorial Matriculation School,S09,derived,CBE,048,369.53872345239967,"proxy: straight-line distance to synthetic bins, not resident walking access",Coimbatore
w/593559424,,way_representative_point,76.94929665031916,10.99172025,fuel,,S09,derived,CBE,080,361.83372747661207,"proxy: straight-line distance to synthetic bins, not resident walking access",Coimbatore
w/593564237,,way_representative_point,76.94672173361835,11.05089715,fuel,,S09,derived,CBE,018,158.83836928126755,"proxy: straight-line distance to synthetic bins, not resident walking access",Coimbatore
w/593962374,,way_representative_point,77.00076187725249,11.04004585,fuel,Gandhimanagar Petrolbunk,S09,derived,CBE,025,28.39948037733652,"proxy: straight-line distance to synthetic bins, not resident walking access",Coimbatore
w/593963802,,way_representative_point,76.98489188750273,11.0432145,fuel,Bharat Petrolium,S09,derived,CBE,020,428.4708484564023,"proxy: straight-line distance to synthetic bins, not resident walking access",Coimbatore
w/593965995,,way_representative_point,76.98484309352153,11.0438426,fuel,Bharat Petroleum,S09,derived,CBE,019,476.0451912354405,"proxy: straight-line distance to synthetic bins, not resident walking access",Coimbatore
w/593968908,,way_representative_point,76.98323594097445,11.08286305,fuel,,S09,derived,CBE,003,654.7036945593346,"proxy: straight-line distance to synthetic bins, not resident walking access",Coimbatore
w/593969712,,way_representative_point,76.99388101572676,11.08039295,fuel,IOC Petrol Pump,S09,derived,CBE,004,598.6278908442022,"proxy: straight-line distance to synthetic bins, not resident walking access",Coimbatore
w/594004409,,way_representative_point,77.01446150000001,11.05398835,fuel,,S09,derived,CBE,022,358.9150114559543,"proxy: straight-line distance to synthetic bins, not resident walking access",Coimbatore
w/594655846,,way_representative_point,76.95109771313875,11.03284055,fuel,Bharat Petroleum,S09,derived,CBE,045,175.95908181812982,"proxy: straight-line distance to synthetic bins, not resident walking access",Coimbatore
w/594656061,,way_representative_point,76.94851560000001,11.0440949,fire_station,Tamilnadu fire and rescue services,S09,derived,CBE,018,206.59860770099323,"proxy: straight-line distance to synthetic bins, not resident walking access",Coimbatore
w/594820444,,way_representative_point,76.97900716241313,10.9339357,school,KPM M HSS Coimbatore,S09,derived,CBE,097,471.8842556494178,"proxy: straight-line distance to synthetic bins, not resident walking access",Coimbatore
w/604858868,,way_representative_point,76.99994978036929,10.98913365,fuel,,S09,derived,CBE,062,382.4879146057835,"proxy: straight-line distance to synthetic bins, not resident walking access",Coimbatore
w/606814029,,way_representative_point,76.97002672055996,11.0053226,restaurant,Denmarrk Drive Inn,S09,derived,CBE,083,531.3967590098315,"proxy: straight-line distance to synthetic bins, not resident walking access",Coimbatore
w/640199278,,way_representative_point,77.03230722438043,11.0504306,university,Suguna Group of Institutions,S09,derived,CBE,008,447.5473730511161,"proxy: straight-line distance to synthetic bins, not resident walking access",Coimbatore
w/640199279,,way_representative_point,77.03141661905775,11.050633349999998,school,Suguna PIP School,S09,derived,CBE,008,420.32737669798513,"proxy: straight-line distance to synthetic bins, not resident walking access",Coimbatore
w/640199280,,way_representative_point,77.03229750805481,11.05014585,university,Suguna College of Engg & Polytechnic,S09,derived,CBE,008,464.9692003505868,"proxy: straight-line distance to synthetic bins, not resident walking access",Coimbatore
w/640199283,,way_representative_point,77.03150595831181,11.0511963,parking,,S09,derived,CBE,008,399.92252563272166,"proxy: straight-line distance to synthetic bins, not resident walking access",Coimbatore
w/640201443,,way_representative_point,77.03444349659983,11.05096435,school,Suguna Driving School,S09,derived,CBE,008,225.46984854159192,"proxy: straight-line distance to synthetic bins, not resident walking access",Coimbatore
w/640201445,,way_representative_point,77.03651865835582,11.04713765,community_centre,Suguna Auditorium,S09,derived,CBE,008,512.1020244344751,"proxy: straight-line distance to synthetic bins, not resident walking access",Coimbatore
w/640201446,,way_representative_point,77.03572934109977,11.04750555,community_centre,Suguna Marriage Hall,S09,derived,CBE,008,547.2638503646659,"proxy: straight-line distance to synthetic bins, not resident walking access",Coimbatore
w/640201458,,way_representative_point,77.03888599855898,11.0552363,fuel,,S09,derived,CBE,006,452.4641771645879,"proxy: straight-line distance to synthetic bins, not resident walking access",Coimbatore
w/640203448,,way_representative_point,77.03860140913598,11.04241125,school,Park Global School,S09,derived,CBE,007,688.7525451775501,"proxy: straight-line distance to synthetic bins, not resident walking access",Coimbatore
w/640203783,,way_representative_point,77.03859337046106,11.04621525,supermarket,Pazhamudhir Plus,S09,derived,CBE,007,345.8114149430441,"proxy: straight-line distance to synthetic bins, not resident walking access",Coimbatore
w/640204672,,way_representative_point,77.03879191093147,11.029109,fuel,Airport Aviation Petrol Station,S09,derived,CBE,023,836.7481284914927,"proxy: straight-line distance to synthetic bins, not resident walking access",Coimbatore
w/640205582,,way_representative_point,77.00823088340378,11.02537475,school,Sardar Vallabhbhai Patel International School of Textiles & Management,S09,derived,CBE,026,396.6646685974241,"proxy: straight-line distance to synthetic bins, not resident walking access",Coimbatore
w/640205722,,way_representative_point,77.00404784327813,11.02290885,school,PSG Sarva Jana Higher Secondary School,S09,derived,CBE,052,440.9082662997577,"proxy: straight-line distance to synthetic bins, not resident walking access",Coimbatore
w/640205741,,way_representative_point,77.00309258501134,11.02281305,college,PSG Institute of Management,S09,derived,CBE,052,371.3022827642655,"proxy: straight-line distance to synthetic bins, not resident walking access",Coimbatore
w/640205921,,way_representative_point,77.00471108310131,11.0203562,college,PSG Grounds,S09,derived,CBE,052,507.427957535373,"proxy: straight-line distance to synthetic bins, not resident walking access",Coimbatore
w/640732959,,way_representative_point,76.99693395889177,10.9507308,fuel,Hindustan Petroleum,S09,derived,CBE,100,539.9136817315426,"proxy: straight-line distance to synthetic bins, not resident walking access",Coimbatore
w/640733238,,way_representative_point,76.99771391326036,10.95016665,crematorium,Electric Crematorium,S09,derived,CBE,100,598.6059370856067,"proxy: straight-line distance to synthetic bins, not resident walking access",Coimbatore
w/640746754,,way_representative_point,76.98615662019171,10.9621974,school,St. Marys School of Nursing,S09,derived,CBE,085,320.18941894727226,"proxy: straight-line distance to synthetic bins, not resident walking access",Coimbatore
w/640746755,,way_representative_point,76.98656713214028,10.9625685,hospital,St. Marys Hospital,S09,derived,CBE,085,345.0583342442543,"proxy: straight-line distance to synthetic bins, not resident walking access",Coimbatore
w/642860093,,way_representative_point,76.9408959029895,11.0001095,school,SBOA Matriculation Higher Secondary School,S09,derived,CBE,077,229.83451029899248,"proxy: straight-line distance to synthetic bins, not resident walking access",Coimbatore
w/651640776,,way_representative_point,76.9617793831079,11.0078293,school,Seventh Day Adventist Matriculation School,S09,derived,CBE,067,538.6623959727784,"proxy: straight-line distance to synthetic bins, not resident walking access",Coimbatore
w/651641257,,way_representative_point,76.96613448283583,11.0108288,hospital,Global Ortho & Trauma Hospital,S09,derived,CBE,067,263.8658739930701,"proxy: straight-line distance to synthetic bins, not resident walking access",Coimbatore
w/655334278,,way_representative_point,76.97755083183992,11.02367805,parking,,S09,derived,CBE,048,364.6826095190118,"proxy: straight-line distance to synthetic bins, not resident walking access",Coimbatore
w/655334483,,way_representative_point,76.97727694246055,11.0169156,fuel,,S09,derived,CBE,067,288.22958713712944,"proxy: straight-line distance to synthetic bins, not resident walking access",Coimbatore
w/655335703,,way_representative_point,76.97679126383045,11.02486445,parking,,S09,derived,CBE,048,517.6857525169399,"proxy: straight-line distance to synthetic bins, not resident walking access",Coimbatore
w/656868566,,way_representative_point,76.94216178858548,11.0814363,marketplace,Thudiyalur weekly market,S09,derived,CBE,002,744.8998343334493,"proxy: straight-line distance to synthetic bins, not resident walking access",Coimbatore
w/656868567,,way_representative_point,76.9416796488619,11.08118675,marketplace,tudiyalur daily market,S09,derived,CBE,002,685.5022231194154,"proxy: straight-line distance to synthetic bins, not resident walking access",Coimbatore
w/656868781,,way_representative_point,76.94240863544228,11.0806479,butcher,corporation butcher shop,S09,derived,CBE,002,729.1975249347672,"proxy: straight-line distance to synthetic bins, not resident walking access",Coimbatore
w/656868782,,way_representative_point,76.94259918748816,11.0813049,marketplace,tudiyalur cattle market,S09,derived,CBE,002,779.5315597832637,"proxy: straight-line distance to synthetic bins, not resident walking access",Coimbatore
w/668646361,,way_representative_point,76.9291759872097,10.94946415,doctors,ICPH International Center for Child and Public Health,S09,derived,CBE,090,218.97052432671995,"proxy: straight-line distance to synthetic bins, not resident walking access",Coimbatore
w/676187220,,way_representative_point,76.96297885805485,10.9736971,fuel,Nayara,S09,derived,CBE,095,121.17948141959022,"proxy: straight-line distance to synthetic bins, not resident walking access",Coimbatore
w/676189598,,way_representative_point,76.98363644904425,10.96490875,school,KPN School Ground,S09,derived,CBE,085,148.3510962135141,"proxy: straight-line distance to synthetic bins, not resident walking access",Coimbatore
w/676193396,,way_representative_point,76.92966523049729,10.95455045,fuel,Bharat Petroleum,S09,derived,CBE,089,659.4591773586722,"proxy: straight-line distance to synthetic bins, not resident walking access",Coimbatore
w/676193762,,way_representative_point,76.9300084783014,10.953688,school,Asharam Matriculation Higher Secondary School,S09,derived,CBE,090,558.1919267906883,"proxy: straight-line distance to synthetic bins, not resident walking access",Coimbatore
w/676199999,,way_representative_point,76.92157126651352,10.95311165,school,Government Higher Secondary School,S09,derived,CBE,089,189.51531568817356,"proxy: straight-line distance to synthetic bins, not resident walking access",Coimbatore
w/676200805,,way_representative_point,76.92417807199074,10.95594295,hospital,Sundakamuthur Government Hospital,S09,derived,CBE,089,552.6533886812289,"proxy: straight-line distance to synthetic bins, not resident walking access",Coimbatore
w/678825077,,way_representative_point,76.95608647432499,10.97041685,fuel,Essar Petroleum,S09,derived,CBE,087,664.1778765062272,"proxy: straight-line distance to synthetic bins, not resident walking access",Coimbatore
w/678830304,,way_representative_point,77.02255572813726,11.0091566,hospital,GMC & ESI Hospitals,S09,derived,CBE,053,419.7759158072808,"proxy: straight-line distance to synthetic bins, not resident walking access",Coimbatore
w/678830619,,way_representative_point,77.0418431071941,11.040634,restaurant,Sree Annapoorna,S09,derived,CBE,023,791.3051238817493,"proxy: straight-line distance to synthetic bins, not resident walking access",Coimbatore
w/685341899,,way_representative_point,76.86327933601223,11.0436173,school,Coimbatore Corporation primary school,S09,derived,CBE,038,2502.894577673826,"proxy: straight-line distance to synthetic bins, not resident walking access",Coimbatore
w/686744601,,way_representative_point,76.95013725829745,11.02724045,hospital,"Dr.Sengaliappan Nursing Home, Coimbatore",S09,derived,CBE,045,119.65794516983188,"proxy: straight-line distance to synthetic bins, not resident walking access",Coimbatore
w/686757387,,way_representative_point,76.91438615726716,11.02239595,fuel,Nayara,S09,derived,CBE,036,307.01202264744006,"proxy: straight-line distance to synthetic bins, not resident walking access",Coimbatore
w/722755593,,way_representative_point,76.99586880333895,11.04869155,place_of_worship,Sri Balamurugan Temple,S09,derived,CBE,020,59.53217157207705,"proxy: straight-line distance to synthetic bins, not resident walking access",Coimbatore
w/735262108,,way_representative_point,76.9716582438692,11.0002468,hospital,,S09,derived,CBE,083,222.2638666861028,"proxy: straight-line distance to synthetic bins, not resident walking access",Coimbatore
w/738467952,,way_representative_point,76.97768876930571,11.0231459,hospital,"Sri Ramakrishna Hospital, Coimbatore",S09,derived,CBE,048,313.3696000762924,"proxy: straight-line distance to synthetic bins, not resident walking access",Coimbatore
w/739720633,,way_representative_point,76.9994702,10.9981109,hospital,N M Hospital,S09,derived,CBE,063,89.43031221088033,"proxy: straight-line distance to synthetic bins, not resident walking access",Coimbatore
w/740151967,,way_representative_point,76.96146004656013,11.015958,hospital,Kovai Diabetes Speciality Centre and Hospital,S09,derived,CBE,067,211.2497041695693,"proxy: straight-line distance to synthetic bins, not resident walking access",Coimbatore
w/740646248,,way_representative_point,76.962954,11.01289785,hospital,M. V. Eye Care Centre,S09,derived,CBE,067,429.77454363334135,"proxy: straight-line distance to synthetic bins, not resident walking access",Coimbatore
w/740883509,,way_representative_point,76.96627890088115,11.0078697,hospital,Dr N S Palaniappan Nursing Home,S09,derived,CBE,083,426.62687218916057,"proxy: straight-line distance to synthetic bins, not resident walking access",Coimbatore
w/740884933,,way_representative_point,76.95941278599534,11.01604845,hospital,Seesha Karunya Community Hospital,S09,derived,CBE,067,352.5796742597301,"proxy: straight-line distance to synthetic bins, not resident walking access",Coimbatore
w/741020155,,way_representative_point,76.95952915000001,11.0158471,hospital,"Ganga Medical Centre and Hospitals Pvt. Ltd ,Ramnagar",S09,derived,CBE,067,332.36196830536863,"proxy: straight-line distance to synthetic bins, not resident walking access",Coimbatore
w/746356220,,way_representative_point,76.99784060640638,11.06589545,place_of_worship,Masjid Jannathul Firdouse,S09,derived,CBE,010,400.6492903713358,"proxy: straight-line distance to synthetic bins, not resident walking access",Coimbatore
w/751811801,,way_representative_point,77.00530963154989,11.052605,place_of_worship,Sri Adhi Sivalayam Temple,S09,derived,CBE,022,203.1636246955319,"proxy: straight-line distance to synthetic bins, not resident walking access",Coimbatore
w/772354341,,way_representative_point,76.9118948766424,11.02294635,place_of_worship,Arul Migu Karuparayaswami Thirukoil,S09,derived,CBE,041,348.89240628458407,"proxy: straight-line distance to synthetic bins, not resident walking access",Coimbatore
w/773125114,,way_representative_point,76.9728540977446,10.9567381,place_of_worship,Shri Thingaloor Mariamman Temple,S09,derived,CBE,096,249.3168377912797,"proxy: straight-line distance to synthetic bins, not resident walking access",Coimbatore
w/777638186,,way_representative_point,76.967048851821,11.0199321,hospital,"Jeevan Clinic and Hospital, Coimbatore",S09,derived,CBE,068,420.79740199572007,"proxy: straight-line distance to synthetic bins, not resident walking access",Coimbatore
w/777638193,,way_representative_point,76.96690529979317,11.0068113,hospital,Coimbatore Corporation Maternity Centre,S09,derived,CBE,083,343.4873837081568,"proxy: straight-line distance to synthetic bins, not resident walking access",Coimbatore
w/785634529,,way_representative_point,76.93858589640973,11.0210007,community_centre,Vidhya Bharathi Hall,S09,derived,CBE,069,424.61202651922326,"proxy: straight-line distance to synthetic bins, not resident walking access",Coimbatore
w/840630245,,way_representative_point,76.96555957967378,11.02283955,hospital,Aiswarya Clinic,S09,derived,CBE,068,364.2923899380577,"proxy: straight-line distance to synthetic bins, not resident walking access",Coimbatore
w/840630290,,way_representative_point,76.96654573125964,11.02106585,hospital,Nithya Hospital,S09,derived,CBE,068,477.288373024478,"proxy: straight-line distance to synthetic bins, not resident walking access",Coimbatore
w/854415006,,way_representative_point,76.96728312273052,11.0064725,school,Shri chaithanya Techno School,S09,derived,CBE,083,336.4801030282197,"proxy: straight-line distance to synthetic bins, not resident walking access",Coimbatore
w/865705447,,way_representative_point,77.03561297179202,11.0322355,hostel,Bharathi Hostel,S09,derived,CBE,023,350.5998195302205,"proxy: straight-line distance to synthetic bins, not resident walking access",Coimbatore
w/865705449,,way_representative_point,77.03412854999999,11.03205045,toilets,Men's Restroom,S09,derived,CBE,023,314.1227241698712,"proxy: straight-line distance to synthetic bins, not resident walking access",Coimbatore
w/865705450,,way_representative_point,77.03250943495048,11.032013849999998,food_court,Food Court 2,S09,derived,CBE,023,348.2838308481735,"proxy: straight-line distance to synthetic bins, not resident walking access",Coimbatore
w/865705457,,way_representative_point,77.03377304121496,11.0346125,cafe,Balaji Canteen,S09,derived,CBE,023,29.91113279713541,"proxy: straight-line distance to synthetic bins, not resident walking access",Coimbatore
w/865705458,,way_representative_point,77.03350937166223,11.0340591,parking,Parking Lot,S09,derived,CBE,023,97.16761704932848,"proxy: straight-line distance to synthetic bins, not resident walking access",Coimbatore
w/865705471,,way_representative_point,77.03308523347826,11.03228175,community_hall,GRD Auditorium,S09,derived,CBE,023,298.4901675888824,"proxy: straight-line distance to synthetic bins, not resident walking access",Coimbatore
w/865705478,,way_representative_point,77.03331653387998,11.03371795,library,PSG College Library,S09,derived,CBE,023,140.14320503967383,"proxy: straight-line distance to synthetic bins, not resident walking access",Coimbatore
w/902447095,,way_representative_point,77.02915453272223,11.00240925,shelter,,S09,derived,CBE,059,133.93540656677482,"proxy: straight-line distance to synthetic bins, not resident walking access",Coimbatore
w/902447096,,way_representative_point,77.02913965273984,11.00228,bus_station,Singanallur Bus Stand,S09,derived,CBE,059,120.01239301161482,"proxy: straight-line distance to synthetic bins, not resident walking access",Coimbatore
w/902447097,,way_representative_point,77.02901088731124,11.00281875,shelter,,S09,derived,CBE,059,181.1457249490709,"proxy: straight-line distance to synthetic bins, not resident walking access",Coimbatore
w/902447098,,way_representative_point,77.02950862044261,11.00230455,shelter,,S09,derived,CBE,059,123.13456389695492,"proxy: straight-line distance to synthetic bins, not resident walking access",Coimbatore
w/902447099,,way_representative_point,77.02903118916937,11.002601299999998,shelter,,S09,derived,CBE,059,157.09989351144026,"proxy: straight-line distance to synthetic bins, not resident walking access",Coimbatore
w/923519789,,way_representative_point,76.95165447927518,11.02664985,police,,S09,derived,CBE,069,218.1540968969348,"proxy: straight-line distance to synthetic bins, not resident walking access",Coimbatore
w/923529443,,way_representative_point,76.95697657793956,11.0207277,car_repair,Defence Motors,S09,derived,CBE,068,188.06229544855023,"proxy: straight-line distance to synthetic bins, not resident walking access",Coimbatore
w/965143855,,way_representative_point,77.02635119712149,11.0405177,bank,Federal Bank,S09,derived,CBE,024,768.0264038766061,"proxy: straight-line distance to synthetic bins, not resident walking access",Coimbatore
w/965143864,,way_representative_point,77.03290640948052,11.03801675,school,RAK's Pallikoodam,S09,derived,CBE,023,129.31232418981747,"proxy: straight-line distance to synthetic bins, not resident walking access",Coimbatore
w/973219914,,way_representative_point,76.97930080500001,11.07434565,place_of_worship,Ganesha Temple,S09,derived,CBE,012,470.01800301590566,"proxy: straight-line distance to synthetic bins, not resident walking access",Coimbatore
w/991876199,,way_representative_point,76.95384100647578,10.9535913,supermarket,Dennis supermarket,S09,derived,CBE,093,374.7090697564276,"proxy: straight-line distance to synthetic bins, not resident walking access",Coimbatore
w/1016623992,,way_representative_point,77.04293569584215,11.0341727,fire_station,,S09,derived,CBE,023,836.0345355116798,"proxy: straight-line distance to synthetic bins, not resident walking access",Coimbatore
w/1020315313,,way_representative_point,76.86715022625808,11.0386938,place_of_worship,Shirdi Sai Baba Temple,S09,derived,CBE,038,1848.8446538263709,"proxy: straight-line distance to synthetic bins, not resident walking access",Coimbatore
w/1067550491,,way_representative_point,76.97859848176978,10.93462015,college,,S09,derived,CBE,097,546.5941155548002,"proxy: straight-line distance to synthetic bins, not resident walking access",Coimbatore
w/1125133459,,way_representative_point,77.01885290885502,11.0314633,parking_space,,S09,derived,CBE,024,377.9878400118784,"proxy: straight-line distance to synthetic bins, not resident walking access",Coimbatore
w/1132032488,,way_representative_point,76.92615527795957,11.0183599,place_of_worship,Full Gospel Pentecostal Church,S09,derived,CBE,041,555.4217689210874,"proxy: straight-line distance to synthetic bins, not resident walking access",Coimbatore
w/1132032491,,way_representative_point,76.92563199952417,11.01806305,convenience,,S09,derived,CBE,041,570.9109017666976,"proxy: straight-line distance to synthetic bins, not resident walking access",Coimbatore
w/1132032492,,way_representative_point,76.9247778762924,11.0182329,pharmacy,Vinayaka Medicals,S09,derived,CBE,041,527.5341674320146,"proxy: straight-line distance to synthetic bins, not resident walking access",Coimbatore
w/1135670207,,way_representative_point,77.02570266057943,11.040993,parking,Codissia Car Parking,S09,derived,CBE,024,855.8798841251938,"proxy: straight-line distance to synthetic bins, not resident walking access",Coimbatore
w/1137330559,,way_representative_point,77.02205634023785,11.05575095,place_of_worship,,S09,derived,CBE,022,676.5496444953392,"proxy: straight-line distance to synthetic bins, not resident walking access",Coimbatore
w/1137330688,,way_representative_point,77.01678604971099,11.05625855,place_of_worship,,S09,derived,CBE,022,590.5016237788907,"proxy: straight-line distance to synthetic bins, not resident walking access",Coimbatore
w/1137330897,,way_representative_point,77.01706529798552,11.0548551,place_of_worship,,S09,derived,CBE,022,447.58003965924576,"proxy: straight-line distance to synthetic bins, not resident walking access",Coimbatore
w/1137332467,,way_representative_point,77.01987390989632,11.05225945,place_of_worship,,S09,derived,CBE,022,468.5560619927805,"proxy: straight-line distance to synthetic bins, not resident walking access",Coimbatore
w/1137352064,,way_representative_point,77.02303751732805,11.0528006,fountain,,S09,derived,CBE,022,362.65564627315433,"proxy: straight-line distance to synthetic bins, not resident walking access",Coimbatore
w/1137353814,,way_representative_point,77.02452178246563,11.053247,place_of_worship,,S09,derived,CBE,008,372.9413078734324,"proxy: straight-line distance to synthetic bins, not resident walking access",Coimbatore
w/1137558428,,way_representative_point,77.02408226387846,11.0562045,fountain,,S09,derived,CBE,008,452.7210776899974,"proxy: straight-line distance to synthetic bins, not resident walking access",Coimbatore
w/1137664025,,way_representative_point,77.01941529808778,11.05433595,place_of_worship,,S09,derived,CBE,022,541.4606197451963,"proxy: straight-line distance to synthetic bins, not resident walking access",Coimbatore
w/1137714940,,way_representative_point,77.01788664796021,11.05124915,place_of_worship,,S09,derived,CBE,022,232.1408920845217,"proxy: straight-line distance to synthetic bins, not resident walking access",Coimbatore
w/1137718297,,way_representative_point,77.01707292873809,11.0547767,place_of_worship,Ohm,S09,derived,CBE,022,439.6239874265775,"proxy: straight-line distance to synthetic bins, not resident walking access",Coimbatore
w/1137830197,,way_representative_point,77.0032980064544,11.04617905,school,Vincent Matric,S09,derived,CBE,025,256.9643785133424,"proxy: straight-line distance to synthetic bins, not resident walking access",Coimbatore
w/1137869650,,way_representative_point,77.01547907555515,11.05414165,parking,,S09,derived,CBE,022,347.3965119982898,"proxy: straight-line distance to synthetic bins, not resident walking access",Coimbatore
w/1149074095,,way_representative_point,77.0295809718607,11.0040135,works,,S09,derived,CBE,059,311.7076037778056,"proxy: straight-line distance to synthetic bins, not resident walking access",Coimbatore
w/1149074097,,way_representative_point,77.02685439669317,11.007817800000002,mall,D Mart Shopping Singanallur,S09,derived,CBE,059,298.2517790376097,"proxy: straight-line distance to synthetic bins, not resident walking access",Coimbatore
w/1149353353,,way_representative_point,77.02968908598868,11.000384,police,E1 Singanallur Police Station,S09,derived,CBE,061,100.12597976676057,"proxy: straight-line distance to synthetic bins, not resident walking access",Coimbatore
w/1149353354,,way_representative_point,77.02962468952992,11.0001594,police,,S09,derived,CBE,061,121.02244180632836,"proxy: straight-line distance to synthetic bins, not resident walking access",Coimbatore
w/1149353355,,way_representative_point,77.02967985000001,11.00004075,police,,S09,derived,CBE,061,135.33422625592686,"proxy: straight-line distance to synthetic bins, not resident walking access",Coimbatore
w/1149353356,,way_representative_point,77.02971085336591,10.9999159,police,,S09,derived,CBE,061,149.53295063332584,"proxy: straight-line distance to synthetic bins, not resident walking access",Coimbatore
w/1149353357,,way_representative_point,77.02984329301228,11.00012805,police,,S09,derived,CBE,061,132.92412121179512,"proxy: straight-line distance to synthetic bins, not resident walking access",Coimbatore
w/1156794848,,way_representative_point,77.01477419200152,11.05197945,parking,,S09,derived,CBE,022,152.8369643022087,"proxy: straight-line distance to synthetic bins, not resident walking access",Coimbatore
w/1157856922,,way_representative_point,77.02711976972088,11.02905025,conference_centre,CIT auditorium,S09,derived,CBE,024,86.37867910166568,"proxy: straight-line distance to synthetic bins, not resident walking access",Coimbatore
w/1157856935,,way_representative_point,77.02638993294777,11.02647345,fast_food,College Snack shop,S09,derived,CBE,024,24.864631839998705,"proxy: straight-line distance to synthetic bins, not resident walking access",Coimbatore
w/1157856936,,way_representative_point,77.02890774801315,11.0266981,college,,S09,derived,CBE,024,167.39629729618116,"proxy: straight-line distance to synthetic bins, not resident walking access",Coimbatore
w/1159389363,,way_representative_point,76.96509228111529,11.0175248,clothes,The Chennai Silks,S09,derived,CBE,068,230.9724710206488,"proxy: straight-line distance to synthetic bins, not resident walking access",Coimbatore
w/1159389364,,way_representative_point,76.96459232351626,11.0176452,parking,The Chennai Silks Parking,S09,derived,CBE,068,182.20763816201077,"proxy: straight-line distance to synthetic bins, not resident walking access",Coimbatore
w/1159551278,,way_representative_point,76.96464877262899,11.01760855,parking,,S09,derived,CBE,068,186.6783973872334,"proxy: straight-line distance to synthetic bins, not resident walking access",Coimbatore
w/1159551279,,way_representative_point,76.96445999095775,11.0176381,parking,,S09,derived,CBE,068,168.42704938634628,"proxy: straight-line distance to synthetic bins, not resident walking access",Coimbatore
w/1159615299,,way_representative_point,77.02078330946699,10.9993099,events_venue,Sri Venkatalakshmi Kalyana Mandapam,S09,derived,CBE,060,43.77041896389241,"proxy: straight-line distance to synthetic bins, not resident walking access",Coimbatore
w/1159615300,,way_representative_point,77.02098677564356,10.9990164,restaurant,RHR Drive-In,S09,derived,CBE,060,73.99430801290805,"proxy: straight-line distance to synthetic bins, not resident walking access",Coimbatore
w/1161020719,,way_representative_point,77.017639125,11.0587634,place_of_worship,karpaga Vinayagar Mariamman Temple,S09,derived,CBE,022,846.3866181491227,"proxy: straight-line distance to synthetic bins, not resident walking access",Coimbatore
w/1185640399,,way_representative_point,77.04140731438746,11.0461547,mall,Broadway Megaaplex,S09,derived,CBE,007,220.97506767679133,"proxy: straight-line distance to synthetic bins, not resident walking access",Coimbatore
w/1229654439,,way_representative_point,77.03764087544118,11.04550525,bank,HDFC Bank,S09,derived,CBE,008,476.21859670759136,"proxy: straight-line distance to synthetic bins, not resident walking access",Coimbatore
w/1229654440,,way_representative_point,77.03774165348618,11.0457342,bank,City Union Bank,S09,derived,CBE,008,452.2474529100921,"proxy: straight-line distance to synthetic bins, not resident walking access",Coimbatore
w/1231884734,,way_representative_point,76.93297652307976,11.0101036,community_centre,,S09,derived,CBE,074,621.2160568218081,"proxy: straight-line distance to synthetic bins, not resident walking access",Coimbatore
w/1232732276,,way_representative_point,76.9047261,11.02488495,pharmacy,ஆண்டவர் செக்கு ஆயில் ஸ்டோர்,S09,derived,CBE,038,309.26238769938885,"proxy: straight-line distance to synthetic bins, not resident walking access",Coimbatore
w/1233058219,,way_representative_point,76.91003072333334,11.0234411,bank,South Indian Bank,S09,derived,CBE,040,429.95721543794696,"proxy: straight-line distance to synthetic bins, not resident walking access",Coimbatore
w/1233058276,,way_representative_point,76.91344809744943,11.02339475,arts_centre,Shivanjali's Temple Of Fine Arts,S09,derived,CBE,036,320.36723356704204,"proxy: straight-line distance to synthetic bins, not resident walking access",Coimbatore
w/1233067158,,way_representative_point,76.90641525000001,11.0254886,supermarket,,S09,derived,CBE,036,322.3133560644641,"proxy: straight-line distance to synthetic bins, not resident walking access",Coimbatore
w/1233306063,,way_representative_point,76.93711185427631,10.9881161,place_of_worship,Sri Muthumari Amman Temple,S09,derived,CBE,077,163.32744832497647,"proxy: straight-line distance to synthetic bins, not resident walking access",Coimbatore
w/1233306338,,way_representative_point,76.93609077966892,10.9865489,place_of_worship,Vinayagar Temple,S09,derived,CBE,079,29.23254458347745,"proxy: straight-line distance to synthetic bins, not resident walking access",Coimbatore
w/1233306607,,way_representative_point,76.93696249206093,10.98665305,supermarket,Raj Store,S09,derived,CBE,079,9.824794678570854,"proxy: straight-line distance to synthetic bins, not resident walking access",Coimbatore
w/1233306725,,way_representative_point,76.93713911378191,10.98753115,cafe,Coffee House,S09,derived,CBE,079,100.80435209353334,"proxy: straight-line distance to synthetic bins, not resident walking access",Coimbatore
w/1233306764,,way_representative_point,76.93670839275224,10.98714195,restaurant,,S09,derived,CBE,079,56.39191957164495,"proxy: straight-line distance to synthetic bins, not resident walking access",Coimbatore
w/1233863792,,way_representative_point,77.03349119220616,11.032234,toilets,Women's Restroom,S09,derived,CBE,023,294.6564863507845,"proxy: straight-line distance to synthetic bins, not resident walking access",Coimbatore
w/1233864627,,way_representative_point,77.02969588535285,11.0335783,toilets,,S09,derived,CBE,024,474.9256134592301,"proxy: straight-line distance to synthetic bins, not resident walking access",Coimbatore
w/1233871626,,way_representative_point,77.02305563786025,11.04149735,school,,S09,derived,CBE,024,941.037358557929,"proxy: straight-line distance to synthetic bins, not resident walking access",Coimbatore
w/1234030560,,way_representative_point,77.03513293488302,11.0356886,cafe,Manchester club,S09,derived,CBE,023,137.26329416759705,"proxy: straight-line distance to synthetic bins, not resident walking access",Coimbatore
w/1234334631,,way_representative_point,76.97477625357924,10.9993195,college,,S09,derived,CBE,066,241.3718119936992,"proxy: straight-line distance to synthetic bins, not resident walking access",Coimbatore
w/1234526211,,way_representative_point,76.97538861301891,10.99910465,food_court,GAC Men's Hostel Mess,S09,derived,CBE,066,302.244353777692,"proxy: straight-line distance to synthetic bins, not resident walking access",Coimbatore
w/1234526212,,way_representative_point,76.97538352562086,10.99934145,food_court,GAC Men's Hostel Kitchen,S09,derived,CBE,066,283.2751361315507,"proxy: straight-line distance to synthetic bins, not resident walking access",Coimbatore
w/1234526216,,way_representative_point,76.97537539999999,10.99962415,toilets,,S09,derived,CBE,066,262.0904803485258,"proxy: straight-line distance to synthetic bins, not resident walking access",Coimbatore
w/1234526217,,way_representative_point,76.9753699,10.999708,toilets,,S09,derived,CBE,066,255.93537049611828,"proxy: straight-line distance to synthetic bins, not resident walking access",Coimbatore
w/1234526227,,way_representative_point,76.97222457076431,10.99909195,toilets,,S09,derived,CBE,083,262.1976423015488,"proxy: straight-line distance to synthetic bins, not resident walking access",Coimbatore
w/1234526228,,way_representative_point,76.97239005,10.9991728,toilets,,S09,derived,CBE,083,245.23548110514383,"proxy: straight-line distance to synthetic bins, not resident walking access",Coimbatore
w/1234526229,,way_representative_point,76.97266855000001,10.9992237,toilets,,S09,derived,CBE,083,226.52909582678404,"proxy: straight-line distance to synthetic bins, not resident walking access",Coimbatore
w/1234526231,,way_representative_point,76.9725028,10.9989356,parking,,S09,derived,CBE,083,263.0203802343301,"proxy: straight-line distance to synthetic bins, not resident walking access",Coimbatore
w/1234526235,,way_representative_point,76.97275479999999,10.9990457,parking,,S09,derived,CBE,083,241.3573064817951,"proxy: straight-line distance to synthetic bins, not resident walking access",Coimbatore
w/1234526236,,way_representative_point,76.97195565,10.99820935,parking,,S09,derived,CBE,083,361.5431158980316,"proxy: straight-line distance to synthetic bins, not resident walking access",Coimbatore
w/1234526237,,way_representative_point,76.97165872496667,10.99838385,parking,,S09,derived,CBE,083,361.5894531228868,"proxy: straight-line distance to synthetic bins, not resident walking access",Coimbatore
w/1234526238,,way_representative_point,76.97137498791167,10.99856665,parking,,S09,derived,CBE,083,363.93072985910175,"proxy: straight-line distance to synthetic bins, not resident walking access",Coimbatore
w/1234526239,,way_representative_point,76.97236215000001,10.9989322,parking,,S09,derived,CBE,083,270.0848960424684,"proxy: straight-line distance to synthetic bins, not resident walking access",Coimbatore
w/1234526240,,way_representative_point,76.97377895,10.99883505,parking,,S09,derived,CBE,083,252.3820573187016,"proxy: straight-line distance to synthetic bins, not resident walking access",Coimbatore
w/1234526241,,way_representative_point,76.97382260818182,10.99865795,parking,,S09,derived,CBE,083,272.41926834710506,"proxy: straight-line distance to synthetic bins, not resident walking access",Coimbatore
w/1234526249,,way_representative_point,76.97327339448448,10.99875545,parking,,S09,derived,CBE,083,260.50585612259664,"proxy: straight-line distance to synthetic bins, not resident walking access",Coimbatore
w/1234526255,,way_representative_point,76.97292060070174,10.998817,water_point,,S09,derived,CBE,083,260.3270777159747,"proxy: straight-line distance to synthetic bins, not resident walking access",Coimbatore
w/1234537697,,way_representative_point,76.97417376139848,10.9986975,fountain,,S09,derived,CBE,066,275.7769716456315,"proxy: straight-line distance to synthetic bins, not resident walking access",Coimbatore
w/1234548079,,way_representative_point,76.97262186186515,10.9985484,college,Government Arts College Campus,S09,derived,CBE,083,298.093001751981,"proxy: straight-line distance to synthetic bins, not resident walking access",Coimbatore
w/1235906273,,way_representative_point,77.00356240122011,11.05723005,greengrocer,VM Pazhamudhir Nilayam,S09,derived,CBE,021,318.5359763084048,"proxy: straight-line distance to synthetic bins, not resident walking access",Coimbatore
w/1236277416,,way_representative_point,77.00231108744839,11.0736253,restaurant,Bells,S09,derived,CBE,010,407.6647408560096,"proxy: straight-line distance to synthetic bins, not resident walking access",Coimbatore
w/1236277451,,way_representative_point,77.00238297310503,11.0726264,motorcycle,spark ev,S09,derived,CBE,010,398.39355358044793,"proxy: straight-line distance to synthetic bins, not resident walking access",Coimbatore
w/1236406239,,way_representative_point,76.97531255251232,11.0501181,place_of_worship,St. Roy's church,S09,derived,CBE,012,374.912772659954,"proxy: straight-line distance to synthetic bins, not resident walking access",Coimbatore
w/1236574434,,way_representative_point,76.98802083217558,11.08192105,photo,GT STUDIO,S09,derived,CBE,004,452.351431227619,"proxy: straight-line distance to synthetic bins, not resident walking access",Coimbatore
w/1236856168,,way_representative_point,76.95508744404603,11.0148254,community_centre,,S09,derived,CBE,069,453.9169932757361,"proxy: straight-line distance to synthetic bins, not resident walking access",Coimbatore
w/1236978250,,way_representative_point,76.97885135,11.03755585,bakery,KR Bakery,S09,derived,CBE,020,173.52929504619743,"proxy: straight-line distance to synthetic bins, not resident walking access",Coimbatore
w/1237329086,,way_representative_point,77.00620365,11.0412789,police,Gandhimanagar Police Station,S09,derived,CBE,025,278.8651671171876,"proxy: straight-line distance to synthetic bins, not resident walking access",Coimbatore
w/1237358005,,way_representative_point,76.99816272172461,11.0224023,cafe,Chai Kings,S09,derived,CBE,027,58.975154670178526,"proxy: straight-line distance to synthetic bins, not resident walking access",Coimbatore
w/1237358140,,way_representative_point,76.99832322428239,11.0224315,ice_cream,Cream Stone Icecream,S09,derived,CBE,027,76.6453827222773,"proxy: straight-line distance to synthetic bins, not resident walking access",Coimbatore
w/1237548963,,way_representative_point,76.9171005488892,11.0215453,pharmacy,,S09,derived,CBE,036,216.4623904691805,"proxy: straight-line distance to synthetic bins, not resident walking access",Coimbatore
w/1239568688,,way_representative_point,76.89602767513306,11.02891255,atm,,S09,derived,CBE,037,343.70688236404976,"proxy: straight-line distance to synthetic bins, not resident walking access",Coimbatore
w/1239569785,,way_representative_point,76.90125585205162,11.02803725,restaurant,Sree Krishna,S09,derived,CBE,038,297.16358676355566,"proxy: straight-line distance to synthetic bins, not resident walking access",Coimbatore
w/1239571346,,way_representative_point,76.90245276222512,11.02521225,pharmacy,,S09,derived,CBE,038,306.78961713521915,"proxy: straight-line distance to synthetic bins, not resident walking access",Coimbatore
w/1239571386,,way_representative_point,76.9052515389022,11.02501505,photo,,S09,derived,CBE,038,317.1069031726892,"proxy: straight-line distance to synthetic bins, not resident walking access",Coimbatore
w/1239571485,,way_representative_point,76.90157430560238,11.0251147,pharmacy,,S09,derived,CBE,038,263.1389694015882,"proxy: straight-line distance to synthetic bins, not resident walking access",Coimbatore
w/1240216226,,way_representative_point,76.94615697530134,11.02525255,restaurant,The Hut,S09,derived,CBE,069,291.3754873340461,"proxy: straight-line distance to synthetic bins, not resident walking access",Coimbatore
w/1240216354,,way_representative_point,76.94751210566949,11.02693165,clothes,Kids Care,S09,derived,CBE,045,358.34930095006496,"proxy: straight-line distance to synthetic bins, not resident walking access",Coimbatore
w/1240216444,,way_representative_point,76.94431857326354,11.02671805,restaurant,Biggies Burger Saibaba Colony,S09,derived,CBE,044,510.9968550852205,"proxy: straight-line distance to synthetic bins, not resident walking access",Coimbatore
w/1240216842,,way_representative_point,76.94775939904531,11.0265026,clothes,,S09,derived,CBE,069,357.32853345948536,"proxy: straight-line distance to synthetic bins, not resident walking access",Coimbatore
w/1240216876,,way_representative_point,76.94514944307359,11.0263592,supermarket,Sri kumar's store,S09,derived,CBE,069,437.5412096257076,"proxy: straight-line distance to synthetic bins, not resident walking access",Coimbatore
w/1240248116,,way_representative_point,76.94213696087311,11.01346195,cafe,Thangu Bakery,S09,derived,CBE,074,121.22185536753148,"proxy: straight-line distance to synthetic bins, not resident walking access",Coimbatore
w/1240248123,,way_representative_point,76.94118695712456,11.01343825,place_of_worship,Arulmigu sakthi mariamman temple,S09,derived,CBE,074,222.3593236448359,"proxy: straight-line distance to synthetic bins, not resident walking access",Coimbatore
w/1240248192,,way_representative_point,76.9595053,11.0153062,hospital,Krishna Nursing Home,S09,derived,CBE,067,273.0243780448702,"proxy: straight-line distance to synthetic bins, not resident walking access",Coimbatore
w/1240249370,,way_representative_point,76.95276626092024,11.01863135,school,Avinashilingam Elimentry School,S09,derived,CBE,074,198.22997521947352,"proxy: straight-line distance to synthetic bins, not resident walking access",Coimbatore
w/1241027103,,way_representative_point,76.94410485,11.0324853,medical_supply,Meenakshi Medical,S09,derived,CBE,044,269.9723011384345,"proxy: straight-line distance to synthetic bins, not resident walking access",Coimbatore
w/1241139022,,way_representative_point,76.942442070581,11.0213365,school,,S09,derived,CBE,069,468.60077860386974,"proxy: straight-line distance to synthetic bins, not resident walking access",Coimbatore
w/1243128916,,way_representative_point,76.93289477101683,11.03611755,place_of_worship,CSI Holy Redmeers Church,S09,derived,CBE,034,129.2215608294502,"proxy: straight-line distance to synthetic bins, not resident walking access",Coimbatore
w/1243140632,,way_representative_point,76.93635623721195,11.04644585,greengrocer,P.M.S.Ponmani Vegetable Shop,S09,derived,CBE,017,298.23845273671094,"proxy: straight-line distance to synthetic bins, not resident walking access",Coimbatore
w/1243184387,,way_representative_point,76.92158019625182,11.04673195,motorcycle_repair,KV BIKE DOCTORS,S09,derived,CBE,016,358.22104611667936,"proxy: straight-line distance to synthetic bins, not resident walking access",Coimbatore
w/1246140277,,way_representative_point,76.9972532242609,11.0834401,school,KGISL Institute of Information Management,S09,derived,CBE,004,717.8004518734028,"proxy: straight-line distance to synthetic bins, not resident walking access",Coimbatore
w/1246140451,,way_representative_point,77.01533185188512,11.0956511,restaurant,Four Seasons,S09,derived,CBE,005,70.07458131808981,"proxy: straight-line distance to synthetic bins, not resident walking access",Coimbatore
w/1246140513,,way_representative_point,77.01531800000001,11.0965621,events_venue,,S09,derived,CBE,005,31.19311290274525,"proxy: straight-line distance to synthetic bins, not resident walking access",Coimbatore
w/1246141100,,way_representative_point,77.01529072512699,11.09576485,restaurant,Four Seasons,S09,derived,CBE,005,57.280757324364295,"proxy: straight-line distance to synthetic bins, not resident walking access",Coimbatore
w/1247743392,,way_representative_point,76.9790502196798,11.0223031,place_of_worship,Amman Temple,S09,derived,CBE,048,141.88639610407657,"proxy: straight-line distance to synthetic bins, not resident walking access",Coimbatore
w/1248290356,,way_representative_point,77.01726085,11.02620545,school,GRG Matriculation Higher Secondary School,S09,derived,CBE,026,592.0051409069213,"proxy: straight-line distance to synthetic bins, not resident walking access",Coimbatore
w/1248292927,,way_representative_point,77.00858212547242,11.0145445,place_of_worship,Sri Veeramathiyman Temple,S09,derived,CBE,052,225.48149779388535,"proxy: straight-line distance to synthetic bins, not resident walking access",Coimbatore
w/1248293136,,way_representative_point,77.00244874772903,11.0137015,cinema,COSMOS Cinema 4K,S09,derived,CBE,051,127.6526470646694,"proxy: straight-line distance to synthetic bins, not resident walking access",Coimbatore
w/1248293486,,way_representative_point,77.0056196,11.0240412,bank,INDUSLND Bank,S09,derived,CBE,052,541.3780944105511,"proxy: straight-line distance to synthetic bins, not resident walking access",Coimbatore
w/1248293633,,way_representative_point,77.00677945000001,11.0272093,toilets,GRG Student Convenience and GRG Staff Convenience,S09,derived,CBE,026,187.53137247899565,"proxy: straight-line distance to synthetic bins, not resident walking access",Coimbatore
w/1248293653,,way_representative_point,76.99961347938454,11.0221178,cafe,Zoca Cafe,S09,derived,CBE,052,214.52257397823576,"proxy: straight-line distance to synthetic bins, not resident walking access",Coimbatore
w/1248293783,,way_representative_point,77.00366685,11.0195573,bakery,The Baking Society,S09,derived,CBE,052,367.9409816146027,"proxy: straight-line distance to synthetic bins, not resident walking access",Coimbatore
w/1248293795,,way_representative_point,77.00341044999999,11.0205756,electronics,Ananya Electricals,S09,derived,CBE,052,453.132373226172,"proxy: straight-line distance to synthetic bins, not resident walking access",Coimbatore
w/1248293924,,way_representative_point,77.00343596022486,11.02016855,baby_goods,Chubby Cheeks,S09,derived,CBE,052,413.48179785171845,"proxy: straight-line distance to synthetic bins, not resident walking access",Coimbatore
w/1248294171,,way_representative_point,77.00490176638891,11.01734815,dancing_school,Silambam Adimurai Class,S09,derived,CBE,052,349.09531876202004,"proxy: straight-line distance to synthetic bins, not resident walking access",Coimbatore
w/1249640585,,way_representative_point,76.98617798436874,11.01208495,clinic,NSR Cancer Centre,S09,derived,CBE,066,331.71725819437165,"proxy: straight-line distance to synthetic bins, not resident walking access",Coimbatore
w/1249640615,,way_representative_point,76.97561657052935,11.0055099,fuel,Bharat Petroleum,S09,derived,CBE,083,301.6054586867992,"proxy: straight-line distance to synthetic bins, not resident walking access",Coimbatore
w/1249641396,,way_representative_point,76.98606379857749,11.0133928,yes,Th,S09,derived,CBE,049,277.3258563998013,"proxy: straight-line distance to synthetic bins, not resident walking access",Coimbatore
w/1249641442,,way_representative_point,76.98829705009861,11.0128685,mall,LuLu Hypermarket Coimbatore,S09,derived,CBE,066,125.47576095947063,"proxy: straight-line distance to synthetic bins, not resident walking access",Coimbatore
w/1249976315,,way_representative_point,76.99968928207267,10.99737885,cafe,Cafe Cofee Day,S09,derived,CBE,063,39.5380476220228,"proxy: straight-line distance to synthetic bins, not resident walking access",Coimbatore
w/1250903096,,way_representative_point,76.9661576,11.0211979,jewelry,,S09,derived,CBE,068,518.4716978792984,"proxy: straight-line distance to synthetic bins, not resident walking access",Coimbatore
w/1250904307,,way_representative_point,76.96165072534693,11.01877315,jewelry,,S09,derived,CBE,068,241.0143003372216,"proxy: straight-line distance to synthetic bins, not resident walking access",Coimbatore
w/1251096265,,way_representative_point,76.96102526719888,11.0137399,school,Coporation Girls Higher Secondary School,S09,derived,CBE,067,238.51311810700716,"proxy: straight-line distance to synthetic bins, not resident walking access",Coimbatore
w/1251096420,,way_representative_point,76.96496794418509,11.0148001,theatre,Senthil Kumaran Theatre,S09,derived,CBE,067,237.95634250851973,"proxy: straight-line distance to synthetic bins, not resident walking access",Coimbatore
w/1251096900,,way_representative_point,76.9768932764994,11.0244806,college,,S09,derived,CBE,048,478.56699689306384,"proxy: straight-line distance to synthetic bins, not resident walking access",Coimbatore
w/1251097782,,way_representative_point,76.97281772565141,11.02123025,motorcycle,hero electric showroom,S09,derived,CBE,048,230.91221254133177,"proxy: straight-line distance to synthetic bins, not resident walking access",Coimbatore
w/1251629386,,way_representative_point,76.97613309208413,11.0360645,place_of_worship,Gopalsamy Temple,S09,derived,CBE,030,196.7007383009799,"proxy: straight-line distance to synthetic bins, not resident walking access",Coimbatore
w/1251677165,,way_representative_point,76.94731285,11.048043,confectionery,sree krishna sweets,S09,derived,CBE,018,274.2473293031194,"proxy: straight-line distance to synthetic bins, not resident walking access",Coimbatore
w/1251677834,,way_representative_point,76.94677488868098,11.04447695,jewelry,Geetha Jewellery,S09,derived,CBE,033,115.09843698680048,"proxy: straight-line distance to synthetic bins, not resident walking access",Coimbatore
w/1252504618,,way_representative_point,76.95155250190777,11.02690375,car,sga cars,S09,derived,CBE,069,188.91651367858316,"proxy: straight-line distance to synthetic bins, not resident walking access",Coimbatore
w/1252504736,,way_representative_point,76.95160069702987,11.0304381,social_facility,Amma unavagam,S09,derived,CBE,045,157.7152900067776,"proxy: straight-line distance to synthetic bins, not resident walking access",Coimbatore
w/1252960262,,way_representative_point,77.02722739999999,11.00693975,clinic,Lenin Ortho Clinic,S09,derived,CBE,059,402.4465743793322,"proxy: straight-line distance to synthetic bins, not resident walking access",Coimbatore
w/1252960440,,way_representative_point,77.0287439633522,11.000688,hospital,AB Child Care Hospital,S09,derived,CBE,060,84.69281392178988,"proxy: straight-line distance to synthetic bins, not resident walking access",Coimbatore
w/1252960651,,way_representative_point,77.02577897205194,11.00707185,clinic,Jhayakhar Clinic,S09,derived,CBE,060,376.7676544711041,"proxy: straight-line distance to synthetic bins, not resident walking access",Coimbatore
w/1252961263,,way_representative_point,77.0271132656524,11.0051149,hospital,Martin Homoeopathy,S09,derived,CBE,059,494.502153820128,"proxy: straight-line distance to synthetic bins, not resident walking access",Coimbatore
w/1252961373,,way_representative_point,77.02541223093186,11.0061236,clinic,Happy Kids Clinic,S09,derived,CBE,060,486.8151655921613,"proxy: straight-line distance to synthetic bins, not resident walking access",Coimbatore
w/1253293978,,way_representative_point,77.02116922538889,11.0102302,college,JK College of Nursing & Para Medicals,S09,derived,CBE,053,285.54375799512405,"proxy: straight-line distance to synthetic bins, not resident walking access",Coimbatore
w/1253293982,,way_representative_point,77.02122962528344,11.010598600000002,college,JK College of Physiotherapy,S09,derived,CBE,053,265.16443793243405,"proxy: straight-line distance to synthetic bins, not resident walking access",Coimbatore
w/1253358065,,way_representative_point,77.03806674571095,11.00358855,blood_bank,Shanthi Social Services Medical Centre Blood Bank,S09,derived,CBE,055,251.12841212040607,"proxy: straight-line distance to synthetic bins, not resident walking access",Coimbatore
w/1254793786,,way_representative_point,77.03877448793435,11.0284622,parking,,S09,derived,CBE,023,835.3451540301089,"proxy: straight-line distance to synthetic bins, not resident walking access",Coimbatore
w/1295641602,,way_representative_point,76.94066573000248,10.9648823,place_of_worship,Aram Valartha Amman Kovil,S09,derived,CBE,088,136.92364957225325,"proxy: straight-line distance to synthetic bins, not resident walking access",Coimbatore
w/1295716734,,way_representative_point,76.95577906201189,10.96553355,fuel,Shell Fuel Station,S09,derived,CBE,087,243.142586727402,"proxy: straight-line distance to synthetic bins, not resident walking access",Coimbatore
w/1297675048,,way_representative_point,76.95563735847382,10.964197550000002,supermarket,Shri Kannan Smart Super Store,S09,derived,CBE,087,96.96659636460755,"proxy: straight-line distance to synthetic bins, not resident walking access",Coimbatore
w/1299931844,,way_representative_point,76.94688007577167,10.94187975,gas,Mars Indane Gas Service,S09,derived,CBE,091,658.3536735195026,"proxy: straight-line distance to synthetic bins, not resident walking access",Coimbatore
w/1299932515,,way_representative_point,76.94302130835695,10.94137355,bakery,J R Bakes,S09,derived,CBE,091,536.6752651818713,"proxy: straight-line distance to synthetic bins, not resident walking access",Coimbatore
w/1299933463,,way_representative_point,76.94140797761601,10.9432796,events_venue,K.Chinnasamy Gounder Thirumana Mandapam,S09,derived,CBE,091,324.7212556308596,"proxy: straight-line distance to synthetic bins, not resident walking access",Coimbatore
w/1299935031,,way_representative_point,76.93360923263137,10.95102075,fuel,Nayara,S09,derived,CBE,091,376.8068940591105,"proxy: straight-line distance to synthetic bins, not resident walking access",Coimbatore
w/1299937121,,way_representative_point,76.93113909660102,10.9589542,place_of_worship,Badrakaliamman Temple,S09,derived,CBE,090,801.6598472402593,"proxy: straight-line distance to synthetic bins, not resident walking access",Coimbatore
w/1299939759,,way_representative_point,76.94651019112548,10.96558795,electrical,Taj Exports,S09,derived,CBE,088,359.93755359456645,"proxy: straight-line distance to synthetic bins, not resident walking access",Coimbatore
w/1305268662,,way_representative_point,77.01835052317784,11.06868125,school,RJ Matriculation Higher Secondary School,S09,derived,CBE,009,210.36439995499524,"proxy: straight-line distance to synthetic bins, not resident walking access",Coimbatore
w/1305268672,,way_representative_point,77.05328896997037,11.0674965,school,Amrita Vidyalayam-Kalapatti,S09,derived,CBE,006,621.4230637840375,"proxy: straight-line distance to synthetic bins, not resident walking access",Coimbatore
w/1305268679,,way_representative_point,77.03937723374571,11.07809595,place_of_worship,Mariamman Temple,S09,derived,CBE,006,1039.918095108367,"proxy: straight-line distance to synthetic bins, not resident walking access",Coimbatore
w/1305508645,,way_representative_point,77.05717681789471,11.05476195,school,Sri Vivekananda Matriculation Higher Secondary School,S09,derived,CBE,007,96.73995085803116,"proxy: straight-line distance to synthetic bins, not resident walking access",Coimbatore
w/1309435418,,way_representative_point,76.96732164123185,11.0220618,school,,S09,derived,CBE,048,371.8337723691128,"proxy: straight-line distance to synthetic bins, not resident walking access",Coimbatore
w/1311193030,,way_representative_point,77.0005184130604,10.9809117,cafe,Akshathay Mini Hall,S09,derived,CBE,062,464.03650141561405,"proxy: straight-line distance to synthetic bins, not resident walking access",Coimbatore
w/1311196387,,way_representative_point,76.99997180210845,10.98837815,supermarket,Shri Kannan Department Stores,S09,derived,CBE,062,364.6736801041298,"proxy: straight-line distance to synthetic bins, not resident walking access",Coimbatore
w/1311197138,,way_representative_point,77.00230160128092,10.98683515,wastewater_plant,Coimbatore Sewage,S09,derived,CBE,062,310.46395514578046,"proxy: straight-line distance to synthetic bins, not resident walking access",Coimbatore
w/1311199045,,way_representative_point,76.99958308489894,10.98298465,hospital,Punarnava Ayurveda,S09,derived,CBE,062,238.57132953157293,"proxy: straight-line distance to synthetic bins, not resident walking access",Coimbatore
w/1311712247,,way_representative_point,76.95179387667883,11.02506655,parking,,S09,derived,CBE,069,73.5115922231445,"proxy: straight-line distance to synthetic bins, not resident walking access",Coimbatore
w/1362436549,,way_representative_point,76.95562707697374,10.9685778,cafe,Shanthi Social Services Canteen,S09,derived,CBE,087,580.2330361367399,"proxy: straight-line distance to synthetic bins, not resident walking access",Coimbatore
w/1363300750,,way_representative_point,76.94612230585818,10.93962885,beauty,Naturals,S09,derived,CBE,091,844.2046713615416,"proxy: straight-line distance to synthetic bins, not resident walking access",Coimbatore
w/1364482127,,way_representative_point,76.95150104395161,10.9667684,seafood,Kadhar's Meen Sandhai,S09,derived,CBE,087,243.32919699407404,"proxy: straight-line distance to synthetic bins, not resident walking access",Coimbatore
w/1378109966,,way_representative_point,76.9898874439518,11.08012155,parking,,S09,derived,CBE,004,539.3672497642414,"proxy: straight-line distance to synthetic bins, not resident walking access",Coimbatore
w/1378109967,,way_representative_point,76.99043875753708,11.080086349999998,parking,,S09,derived,CBE,004,534.7524542352841,"proxy: straight-line distance to synthetic bins, not resident walking access",Coimbatore
w/1380073109,,way_representative_point,77.02659030498725,11.0271751,place_of_worship,Vinayaka Temple,S09,derived,CBE,024,62.64300766515174,"proxy: straight-line distance to synthetic bins, not resident walking access",Coimbatore
w/1385752911,,way_representative_point,76.96851838467555,10.9979522,fire_station,Coimbatore Fire Staion,S09,derived,CBE,083,484.8922890030029,"proxy: straight-line distance to synthetic bins, not resident walking access",Coimbatore
w/1429001825,,way_representative_point,77.03425727672678,11.03407245,toilets,Men's Restroom,S09,derived,CBE,023,99.92571717840175,"proxy: straight-line distance to synthetic bins, not resident walking access",Coimbatore
w/1429001828,,way_representative_point,77.0341583558943,11.0338264,food_court,Food Court 1,S09,derived,CBE,023,121.19140110337536,"proxy: straight-line distance to synthetic bins, not resident walking access",Coimbatore
w/1429001829,,way_representative_point,77.03410615493198,11.0340798,community_centre,Brahmam Hall,S09,derived,CBE,023,92.74005125294852,"proxy: straight-line distance to synthetic bins, not resident walking access",Coimbatore
w/1429305138,,way_representative_point,77.0334997088166,11.03209915,toilets,Women's Restroom,S09,derived,CBE,023,309.34530229276714,"proxy: straight-line distance to synthetic bins, not resident walking access",Coimbatore
w/1429519450,,way_representative_point,77.03423063303887,11.0342003,toilets,Women's Restroom,S09,derived,CBE,023,86.10804939994559,"proxy: straight-line distance to synthetic bins, not resident walking access",Coimbatore
w/1433531632,,way_representative_point,77.03375863647031,11.03381025,place_of_worship,Vinayaka Temple,S09,derived,CBE,023,118.13289070697437,"proxy: straight-line distance to synthetic bins, not resident walking access",Coimbatore
w/1433532340,,way_representative_point,77.03385866124067,11.03331045,place_of_worship,Saraswathi Temple,S09,derived,CBE,023,173.1247961290878,"proxy: straight-line distance to synthetic bins, not resident walking access",Coimbatore
w/1433536520,,way_representative_point,77.03409481574646,11.0334951,fountain,,S09,derived,CBE,023,155.2376419462719,"proxy: straight-line distance to synthetic bins, not resident walking access",Coimbatore
w/1433548180,,way_representative_point,77.03444994671241,11.0333608,bench,Steel Bench,S09,derived,CBE,023,180.39291204121045,"proxy: straight-line distance to synthetic bins, not resident walking access",Coimbatore
w/1433548812,,way_representative_point,77.03482718764286,11.03253045,bench,Stone bench,S09,derived,CBE,023,281.03271784265775,"proxy: straight-line distance to synthetic bins, not resident walking access",Coimbatore
w/1434825346,,way_representative_point,77.03547468356028,11.0330939,restaurant,Daffodil,S09,derived,CBE,023,266.14404093386594,"proxy: straight-line distance to synthetic bins, not resident walking access",Coimbatore
w/1443876955,,way_representative_point,76.97566489824652,10.93090875,college,,S09,derived,CBE,097,804.9218230586984,"proxy: straight-line distance to synthetic bins, not resident walking access",Coimbatore
w/1443878498,,way_representative_point,77.01698104672332,11.00182185,school,PERKS Matriculation Higher Secondary School,S09,derived,CBE,060,428.1545916997896,"proxy: straight-line distance to synthetic bins, not resident walking access",Coimbatore
w/1447741706,,way_representative_point,76.94433114473571,11.0583884,car,TATA Motors Car Service Centre,S09,derived,CBE,015,319.92149115198555,"proxy: straight-line distance to synthetic bins, not resident walking access",Coimbatore
w/1447859384,,way_representative_point,76.97816293488202,10.9955757,school,Doon Public School,S09,derived,CBE,083,303.39871755504544,"proxy: straight-line distance to synthetic bins, not resident walking access",Coimbatore
w/1447859385,,way_representative_point,76.97860798023765,10.99628105,school,Vivekalaya Matriculation Higher Secondary School,S09,derived,CBE,083,269.7809584335691,"proxy: straight-line distance to synthetic bins, not resident walking access",Coimbatore
w/1447859779,,way_representative_point,77.05403250732965,11.04683955,school,Kovai Vidya Mandir School,S09,derived,CBE,023,552.2320675198907,"proxy: straight-line distance to synthetic bins, not resident walking access",Coimbatore
w/1447860087,,way_representative_point,76.97048683394807,11.09183595,school,Coimbatore Public School,S09,derived,CBE,002,886.6535025000369,"proxy: straight-line distance to synthetic bins, not resident walking access",Coimbatore
w/1447860559,,way_representative_point,76.99057436291483,11.00983815,school,Vidya Niketan Public School,S09,derived,CBE,066,140.4635394924682,"proxy: straight-line distance to synthetic bins, not resident walking access",Coimbatore
w/1447866444,,way_representative_point,77.02522580653198,11.01227575,school,Vibgyor High School,S09,derived,CBE,054,231.1664956650496,"proxy: straight-line distance to synthetic bins, not resident walking access",Coimbatore
w/1447866676,,way_representative_point,76.9539067532385,10.9667481,school,Harvee School,S09,derived,CBE,087,430.4055505730681,"proxy: straight-line distance to synthetic bins, not resident walking access",Coimbatore
w/1447867414,,way_representative_point,77.012156751189,11.01750175,school,National Model Senior Secondary School,S09,derived,CBE,052,117.41544498711792,"proxy: straight-line distance to synthetic bins, not resident walking access",Coimbatore
w/1447871413,,way_representative_point,76.96831120880401,11.0513334,school,Camford International School,S09,derived,CBE,012,347.61920072583257,"proxy: straight-line distance to synthetic bins, not resident walking access",Coimbatore
w/1447874173,,way_representative_point,77.03518623494202,11.06621725,school,Anan Kids Academy Play School,S09,derived,CBE,008,407.6734902734706,"proxy: straight-line distance to synthetic bins, not resident walking access",Coimbatore
w/1447877769,,way_representative_point,76.94967588406341,11.01294845,school,Bharathiya Vidya Bhavan Matric Higher Secondary,S09,derived,CBE,071,247.74763974291503,"proxy: straight-line distance to synthetic bins, not resident walking access",Coimbatore
w/1447880258,,way_representative_point,76.86991149822303,11.0111389,school,Delhi Public School Coimbatore,S09,derived,CBE,038,207.81513610000192,"proxy: straight-line distance to synthetic bins, not resident walking access",Coimbatore
w/1448235140,,way_representative_point,76.98852742332386,11.0783831,college,Kumaraguru College of Technology,S09,derived,CBE,004,764.7507862371659,"proxy: straight-line distance to synthetic bins, not resident walking access",Coimbatore
w/1460005482,,way_representative_point,76.98546552445328,10.96587955,police,Podanur Police Station,S09,derived,CBE,085,328.5356333532548,"proxy: straight-line distance to synthetic bins, not resident walking access",Coimbatore
w/1460007334,,way_representative_point,76.96469761560694,10.974965699999998,school,Islamiyah Matriculation Higher Secondary School,S09,derived,CBE,086,113.98408321675576,"proxy: straight-line distance to synthetic bins, not resident walking access",Coimbatore
w/1460012654,,way_representative_point,76.96640220951532,10.9728842,place_of_worship,Pentacostal Mission Church,S09,derived,CBE,095,186.9863558200088,"proxy: straight-line distance to synthetic bins, not resident walking access",Coimbatore
w/1460012655,,way_representative_point,76.9685892429683,10.97138625,community_centre,Sangamam Marriage Hall,S09,derived,CBE,095,170.3777561035172,"proxy: straight-line distance to synthetic bins, not resident walking access",Coimbatore
w/1460012656,,way_representative_point,76.96922376645672,10.97115585,community_centre,Fatima Marriage Hall,S09,derived,CBE,095,169.1983579598539,"proxy: straight-line distance to synthetic bins, not resident walking access",Coimbatore
w/1460012657,,way_representative_point,76.97133315648948,10.970892200000002,college,Texcity College of Nursing,S09,derived,CBE,095,284.3888106038628,"proxy: straight-line distance to synthetic bins, not resident walking access",Coimbatore
w/1460012659,,way_representative_point,76.97515655106218,10.96955775,community_centre,PVG Thirumana Hall,S09,derived,CBE,095,324.1851634280632,"proxy: straight-line distance to synthetic bins, not resident walking access",Coimbatore
w/1460012660,,way_representative_point,76.9753719939851,10.96812625,community_centre,Thendra Hall,S09,derived,CBE,095,227.4805140502725,"proxy: straight-line distance to synthetic bins, not resident walking access",Coimbatore
w/1460013056,,way_representative_point,76.97841684425316,10.9552426,school,Sengotiah School Grounds,S09,derived,CBE,098,125.41757019592052,"proxy: straight-line distance to synthetic bins, not resident walking access",Coimbatore
w/1468144814,,way_representative_point,76.96931144096877,10.96171255,community_centre,P N Mahal,S09,derived,CBE,094,189.92120634630817,"proxy: straight-line distance to synthetic bins, not resident walking access",Coimbatore
w/1468147278,,way_representative_point,76.95526705868608,10.9712668,community_centre,,S09,derived,CBE,087,611.251036682117,"proxy: straight-line distance to synthetic bins, not resident walking access",Coimbatore
w/1468147279,,way_representative_point,76.95017240277366,10.9701466,school,Noor Sait Matricultion School,S09,derived,CBE,087,134.52915826888588,"proxy: straight-line distance to synthetic bins, not resident walking access",Coimbatore
w/1468147282,,way_representative_point,76.96274581895825,10.9599665,school,GHHS Kurichi School,S09,derived,CBE,093,652.0050253990983,"proxy: straight-line distance to synthetic bins, not resident walking access",Coimbatore
w/1468149230,,way_representative_point,76.9618304444032,10.9562463,school,Nirmala Matha Convent School-ICSE/ISC,S09,derived,CBE,093,351.832820753239,"proxy: straight-line distance to synthetic bins, not resident walking access",Coimbatore
w/1468160426,,way_representative_point,76.93912246955338,10.9414298,police,TN Police Battallion,S09,derived,CBE,090,578.8533936762519,"proxy: straight-line distance to synthetic bins, not resident walking access",Coimbatore
w/1481158131,,way_representative_point,77.0354643509287,11.03275995,hospital,Health Center & EDC,S09,derived,CBE,023,293.86655913577783,"proxy: straight-line distance to synthetic bins, not resident walking access",Coimbatore
w/1483835870,,way_representative_point,77.0070856556005,11.02561865,parking,GRG PARKING,S09,derived,CBE,026,356.18881365563334,"proxy: straight-line distance to synthetic bins, not resident walking access",Coimbatore
w/1483841080,,way_representative_point,77.00718818904599,11.0272841,college,GRG Institutions,S09,derived,CBE,026,171.59095016908407,"proxy: straight-line distance to synthetic bins, not resident walking access",Coimbatore
w/1484066218,,way_representative_point,77.00607009724328,11.0279158,theatre,Golden Jublee Auditorium,S09,derived,CBE,026,166.03344345268752,"proxy: straight-line distance to synthetic bins, not resident walking access",Coimbatore
w/1484820747,,way_representative_point,76.98786759022099,11.01164155,toilets,,S09,derived,CBE,066,241.92756241078672,"proxy: straight-line distance to synthetic bins, not resident walking access",Coimbatore
w/1484824888,,way_representative_point,76.98745789642857,11.01202165,parking,,S09,derived,CBE,066,246.2516257710014,"proxy: straight-line distance to synthetic bins, not resident walking access",Coimbatore
w/1484832505,,way_representative_point,76.98610787455844,11.01167755,parking,,S09,derived,CBE,066,367.3647506216789,"proxy: straight-line distance to synthetic bins, not resident walking access",Coimbatore
w/1486435980,,way_representative_point,77.00724968128173,11.0151104,place_of_worship,"Zion House of Prayer, Branch Church",S09,derived,CBE,051,312.2343346227999,"proxy: straight-line distance to synthetic bins, not resident walking access",Coimbatore
w/1486808703,,way_representative_point,76.9383506298688,11.0681817,place_of_worship,,S09,derived,CBE,014,147.98967172523507,"proxy: straight-line distance to synthetic bins, not resident walking access",Coimbatore
w/1486808706,,way_representative_point,76.94169992500633,11.07024135,school,Vidya Vikasini Institutions,S09,derived,CBE,001,555.1995592938596,"proxy: straight-line distance to synthetic bins, not resident walking access",Coimbatore
w/1487718752,,way_representative_point,76.97708737695054,11.02159545,hospital,Bragathi Hospital,S09,derived,CBE,048,298.19595745041624,"proxy: straight-line distance to synthetic bins, not resident walking access",Coimbatore
w/1494998244,,way_representative_point,77.0228598506158,11.0119758,parking,,S09,derived,CBE,053,142.88572215374882,"proxy: straight-line distance to synthetic bins, not resident walking access",Coimbatore
w/1494998246,,way_representative_point,77.02324812575537,11.0191719,school,,S09,derived,CBE,054,382.3462001177785,"proxy: straight-line distance to synthetic bins, not resident walking access",Coimbatore
w/1494998247,,way_representative_point,77.02365695011048,11.01817605,school,,S09,derived,CBE,054,367.046791291204,"proxy: straight-line distance to synthetic bins, not resident walking access",Coimbatore
w/1516978279,,way_representative_point,76.97280600906292,11.0208609,place_of_worship,Ayyappan Temple Sidhapudur,S09,derived,CBE,048,217.33846612798413,"proxy: straight-line distance to synthetic bins, not resident walking access",Coimbatore
w/1528968056,,way_representative_point,77.00386645457573,11.00527905,school,Adwaith Thought Academy,S09,derived,CBE,050,689.7477299770638,"proxy: straight-line distance to synthetic bins, not resident walking access",Coimbatore
w/1528969449,,way_representative_point,77.00447836289723,11.0142482,hospital,Heart care Hospital - Dr. Balaji,S09,derived,CBE,051,103.6321057391745,"proxy: straight-line distance to synthetic bins, not resident walking access",Coimbatore
w/1528970689,,way_representative_point,77.00630154902234,11.0138069,school,Little Flower Children School,S09,derived,CBE,051,267.89821294405266,"proxy: straight-line distance to synthetic bins, not resident walking access",Coimbatore
w/1528971766,,way_representative_point,77.00521268885807,11.01240895,place_of_worship,CSI Immanuel Church,S09,derived,CBE,051,262.47316222138835,"proxy: straight-line distance to synthetic bins, not resident walking access",Coimbatore
w/1528973359,,way_representative_point,76.99966736082882,10.9987946,hospital,Sarvam Institute of ENT & Research,S09,derived,CBE,063,122.81114730725088,"proxy: straight-line distance to synthetic bins, not resident walking access",Coimbatore
w/1531580314,,way_representative_point,76.9709507412492,11.0035523,school,Lil Pallikudam School,S09,derived,CBE,083,388.9042820701032,"proxy: straight-line distance to synthetic bins, not resident walking access",Coimbatore
w/1536179352,,way_representative_point,77.02317893775002,11.0410434,school,Geethanjali Matriculation Sxhool,S09,derived,CBE,024,988.4384743102432,"proxy: straight-line distance to synthetic bins, not resident walking access",Coimbatore
w/1543204091,,way_representative_point,76.98702458575619,11.02253525,college,Sri Ramakrishna College of Arts & Science,S09,derived,CBE,028,302.9100593270465,"proxy: straight-line distance to synthetic bins, not resident walking access",Coimbatore
w/1543204092,,way_representative_point,76.98829623498379,11.02187575,college,Sri Ramakrishna Dental Hospital,S09,derived,CBE,028,381.910345054296,"proxy: straight-line distance to synthetic bins, not resident walking access",Coimbatore
w/1551251020,,way_representative_point,76.96770160815981,11.08349505,college,SNS Institutions,S09,derived,CBE,002,132.86997021841646,"proxy: straight-line distance to synthetic bins, not resident walking access",Coimbatore
w/1552491975,,way_representative_point,76.89855357758694,11.02861595,fuel,BP,S09,derived,CBE,037,418.3444113600043,"proxy: straight-line distance to synthetic bins, not resident walking access",Coimbatore
w/1552990591,,way_representative_point,77.03621492111387,11.03331615,parking,Parking Lot,S09,derived,CBE,023,311.8268071439601,"proxy: straight-line distance to synthetic bins, not resident walking access",Coimbatore
w/1552990594,,way_representative_point,77.03427136095587,11.03460965,parking,Parking Lot,S09,derived,CBE,023,55.722352719877975,"proxy: straight-line distance to synthetic bins, not resident walking access",Coimbatore
w/1558056176,,way_representative_point,76.96434287863215,11.0234909,school,The Indian Public School TIPS,S09,derived,CBE,068,218.46427082299067,"proxy: straight-line distance to synthetic bins, not resident walking access",Coimbatore
w/1558056177,,way_representative_point,76.96411211530784,11.02306535,school,Kamarajar Matriculation Higher Secondary School,S09,derived,CBE,068,242.20107121230305,"proxy: straight-line distance to synthetic bins, not resident walking access",Coimbatore
w/1558056686,,way_representative_point,76.97666079570382,11.0062889,school,Indian Public School Avinashi Road,S09,derived,CBE,066,288.3850325167152,"proxy: straight-line distance to synthetic bins, not resident walking access",Coimbatore
w/1558061081,,way_representative_point,77.01103777926656,11.0679785,school,Orchids the International School,S09,derived,CBE,009,602.3301630614302,"proxy: straight-line distance to synthetic bins, not resident walking access",Coimbatore
w/1558066500,,way_representative_point,77.05396641531178,11.0705172,hospital,Chitra Medical Centre & Scans,S09,derived,CBE,007,517.1602714971837,"proxy: straight-line distance to synthetic bins, not resident walking access",Coimbatore
w/1558067481,,way_representative_point,76.94696649564071,11.01322975,school,SRP Ponnuswamy Chettiar Sundrammal Vidhyalaya Matric School,S09,derived,CBE,071,155.13487533904438,"proxy: straight-line distance to synthetic bins, not resident walking access",Coimbatore
w/1558068847,,way_representative_point,76.98998824307687,11.004192,school,St. Antonys Boys School,S09,derived,CBE,066,411.3981784127101,"proxy: straight-line distance to synthetic bins, not resident walking access",Coimbatore
w/1558071236,,way_representative_point,76.94287266472969,11.02139885,school,Lisieux Matriculation Higher Secondary School,S09,derived,CBE,069,421.7812459719064,"proxy: straight-line distance to synthetic bins, not resident walking access",Coimbatore
w/1558071237,,way_representative_point,76.94304557322707,11.0213554,place_of_worship,,S09,derived,CBE,069,405.62895853882736,"proxy: straight-line distance to synthetic bins, not resident walking access",Coimbatore
w/1558071876,,way_representative_point,76.94383488132902,11.02154815,school,Lisieux International School CMI,S09,derived,CBE,069,317.5356957959761,"proxy: straight-line distance to synthetic bins, not resident walking access",Coimbatore
w/1558076257,,way_representative_point,76.99277095174185,11.0124941,college,Hindusthan School of Management,S09,derived,CBE,050,329.98710277790394,"proxy: straight-line distance to synthetic bins, not resident walking access",Coimbatore
w/1559002255,,way_representative_point,77.00370407492255,10.99897855,school,Spectrum Northern Lights School,S09,derived,CBE,050,353.96536026403294,"proxy: straight-line distance to synthetic bins, not resident walking access",Coimbatore
w/1559241249,,way_representative_point,76.97880117438103,10.96800055,mall,D Mart Shopping Podanur,S09,derived,CBE,095,513.0304923076454,"proxy: straight-line distance to synthetic bins, not resident walking access",Coimbatore
w/1559242704,,way_representative_point,77.02180579848206,11.01069125,college,KSG College of Arts & Science,S09,derived,CBE,053,245.24380235690268,"proxy: straight-line distance to synthetic bins, not resident walking access",Coimbatore
w/1559243795,,way_representative_point,77.0240378356919,11.0150559,mall,Robins Hyper Market,S09,derived,CBE,054,239.68091166743235,"proxy: straight-line distance to synthetic bins, not resident walking access",Coimbatore
w/1559244466,,way_representative_point,77.04516858186217,11.00434075,school,St. Josephs Matriculation School,S09,derived,CBE,056,170.6903049632768,"proxy: straight-line distance to synthetic bins, not resident walking access",Coimbatore
w/1559244467,,way_representative_point,77.0447338925849,11.0052047,school,Stars Special School,S09,derived,CBE,056,275.7016511406461,"proxy: straight-line distance to synthetic bins, not resident walking access",Coimbatore
w/1559244468,,way_representative_point,77.04474640013783,11.00432015,place_of_worship,St. Joseph Church,S09,derived,CBE,056,184.731734387332,"proxy: straight-line distance to synthetic bins, not resident walking access",Coimbatore
w/1559245744,,way_representative_point,77.03342495836182,11.00541725,school,Corporation High School,S09,derived,CBE,059,468.0574341177223,"proxy: straight-line distance to synthetic bins, not resident walking access",Coimbatore
w/1560205127,,way_representative_point,76.88502332162503,11.0142338,school,Bharathiya Vidya Bhavan,S09,derived,CBE,039,793.9714928388597,"proxy: straight-line distance to synthetic bins, not resident walking access",Coimbatore
w/1560205720,,way_representative_point,76.99109151163086,10.9965319,school,Prakriya International School,S09,derived,CBE,065,245.5026375441004,"proxy: straight-line distance to synthetic bins, not resident walking access",Coimbatore
w/1560814627,,way_representative_point,77.02202424872704,11.0295083,college,Coimbatore Medical College Hospital,S09,derived,CBE,024,102.43996968217796,"proxy: straight-line distance to synthetic bins, not resident walking access",Coimbatore
w/1560817425,,way_representative_point,77.0262472504519,11.0307027,school,G Ramaswamy Naidu Matriculation School,S09,derived,CBE,024,241.06293078190063,"proxy: straight-line distance to synthetic bins, not resident walking access",Coimbatore
w/1560818865,,way_representative_point,77.02996693802231,11.03330775,school,GRD Public School,S09,derived,CBE,024,457.2664057330685,"proxy: straight-line distance to synthetic bins, not resident walking access",Coimbatore
w/1560818866,,way_representative_point,77.02958797429429,11.03500805,college,GRD Institute of Science,S09,derived,CBE,024,374.99395650635256,"proxy: straight-line distance to synthetic bins, not resident walking access",Coimbatore
w/1560820275,,way_representative_point,77.03306854021965,11.03560275,hospital,Aravind Eye Hospital Peelamedu,S09,derived,CBE,023,116.42968201525152,"proxy: straight-line distance to synthetic bins, not resident walking access",Coimbatore
