bin_id,zone_id,latitude,longitude,osm_node_id,capacity_l,demand_factor,coordinate_origin,data_origin,source_id,scenario,snap_m,routing_node_id,network_accessible,center_distance_m,nearest_other_hypothetical_bin_m,nearest_mapped_commercial_poi_m,mapped_commercial_pois_within500m,nearest_mapped_residential_landuse_m,ward_match_count,assigned_ward_matches_polygon,in_routing_pilot
1,001,13.2220985,80.3203439,373077200,660,1.197638153268623,real_osm_road_node,synthetic,S09,hypothetical community bins,0.0,373077200,True,16406.00262066593,423.8670235842203,3678.1060927481044,0,683.533941126376,1,True,False
2,001,13.2282314,80.3243652,7216604512,660,1.1062943643652785,real_osm_road_node,synthetic,S09,hypothetical community bins,0.0,7216604512,True,17193.972473769605,459.6408485323763,4420.973487055959,0,398.2453396753341,1,True,False
3,001,13.2308345,80.3295878,7775193457,660,0.6608687651801699,real_osm_road_node,synthetic,S09,hypothetical community bins,0.0,7775193457,True,17662.82973834907,634.8831872701636,4845.309995603884,0,667.8201317688547,1,True,False
4,001,13.2258983,80.3208545,12942336255,660,0.6784413517863722,real_osm_road_node,synthetic,S09,hypothetical community bins,0.0,12942336255,True,16823.52012935272,69.25954287465441,4101.97305245614,0,593.8823128882466,1,True,False
5,001,13.2263219,80.3203837,12942336258,1100,0.7884226919811567,real_osm_road_node,synthetic,S09,hypothetical community bins,0.0,12942336258,True,16851.763583640437,69.25954287465441,4142.121313650639,0,655.9664356384294,1,True,False
6,002,13.2120864,80.3177621,1470541471,1100,1.037147086990617,real_osm_road_node,synthetic,S09,hypothetical community bins,0.0,1470541471,True,15262.933471628112,228.68585938706232,2547.1273570884523,0,1005.9460287420337,1,True,False
7,002,13.2183862,80.3178571,1470541507,660,1.0721332454992984,real_osm_road_node,synthetic,S09,hypothetical community bins,0.0,1470541507,True,15928.2337460435,460.13365803032025,3242.7855831134275,0,1125.5377806124534,1,True,False
8,002,13.214135,80.3180488,7775124301,1100,0.8286477804575709,real_osm_road_node,synthetic,S09,hypothetical community bins,0.0,7775124301,True,15488.084411850561,219.91765749861236,2775.475801896313,0,1231.4235626392763,1,True,False
9,002,13.2146086,80.3160776,7775157601,660,0.5097666005138312,real_osm_road_node,synthetic,S09,hypothetical community bins,0.0,7775157601,True,15468.669907022957,219.91765749861236,2818.0871368433195,0,1235.8978587934196,1,True,False
10,002,13.2142779,80.322574,9166339764,660,0.6657246242735457,real_osm_road_node,synthetic,S09,hypothetical community bins,0.0,9166339764,True,15671.942832221253,490.58211914035826,2874.0806695396786,0,1196.080434953395,1,True,False
11,003,13.1934042,80.3140656,7736289429,660,1.0046678733481995,real_osm_road_node,synthetic,S09,hypothetical community bins,0.0,7736289429,True,13174.996781411295,520.7947347876502,512.7436359015676,0,420.8884760967388,1,True,False
12,003,13.196644,80.3085958,7756600618,660,0.8822576229452619,real_osm_road_node,synthetic,S09,hypothetical community bins,0.0,7756600618,True,13317.937305162104,672.0622989496649,1147.3527757588652,0,414.18250553436667,1,True,False
13,003,13.1873633,80.3129969,9853557935,1100,1.3463098572585637,real_osm_road_node,synthetic,S09,hypothetical community bins,0.0,9853557935,True,12506.85727263343,215.01468479753038,363.867537875752,3,0.0,1,True,False
14,003,13.186781,80.3149081,9853561237,660,0.7914420428831354,real_osm_road_node,synthetic,S09,hypothetical community bins,0.0,9853561237,True,12524.265898501828,27.524494597960636,154.151170326654,3,0.0,1,True,False
15,003,13.1870263,80.314951,11668045062,660,0.8469667790000736,real_osm_road_node,synthetic,S09,hypothetical community bins,0.0,11668045062,True,12551.247101489822,27.524494597960636,169.7690863118529,3,0.0,1,True,False
16,004,13.1857674,80.3031251,276519905,660,0.8104209479362768,real_osm_road_node,synthetic,S09,hypothetical community bins,0.0,276519905,True,11986.373378230131,473.30778466333106,624.9369396440633,0,630.6094590072892,1,True,False
17,004,13.190748,80.3100972,3934099938,660,1.6268198795902271,real_osm_road_node,synthetic,S09,hypothetical community bins,0.0,3934099938,True,12749.328609689204,197.38641803972664,653.2399655762995,0,96.81384424712688,1,True,False
18,004,13.1817854,80.3015248,7793643828,1100,0.755752151799491,real_osm_road_node,synthetic,S09,hypothetical community bins,0.0,7793643828,True,11512.320268776795,459.1253841578625,678.5460483767837,0,228.66304668612395,1,True,False
19,004,13.1829353,80.2974539,7794016668,1100,0.8686790694835638,real_osm_road_node,synthetic,S09,hypothetical community bins,0.0,7794016668,True,11516.023976587427,459.1253841578625,1134.4452676216733,0,635.2354155684678,1,True,False
20,004,13.1897109,80.3086148,11668456921,1100,0.9009503805565957,real_osm_road_node,synthetic,S09,hypothetical community bins,0.0,11668456921,True,12587.450143489712,197.38641803972664,547.4029816868242,0,188.1796268373481,1,True,False
21,005,13.1821797,80.3069796,3901249550,1100,1.1023837981097309,real_osm_road_node,synthetic,S09,hypothetical community bins,0.0,3901249550,True,11738.559106821098,428.15115936395773,189.24021737247674,6,389.9192222300052,1,True,False
22,005,13.1700783,80.3111884,7731022570,240,1.0630584845571787,real_osm_road_node,synthetic,S09,hypothetical community bins,0.0,7731022570,True,10659.48873086276,251.73478828862596,1057.9144037677984,0,1085.577851876382,1,True,False
23,005,13.1735722,80.3091332,7731062368,240,0.9995668525170821,real_osm_road_node,synthetic,S09,hypothetical community bins,0.0,7731062368,True,10928.072141879215,446.0050918571662,618.911918735027,0,664.4155677956647,1,True,False
24,005,13.1701777,80.306536,7793777228,660,1.8,real_osm_road_node,synthetic,S09,hypothetical community bins,0.0,7793777228,True,10472.610309879983,279.85084248849125,974.0291503372138,0,801.5369999577075,1,True,False
25,005,13.1834746,80.3107029,12381661651,660,1.8,real_osm_road_node,synthetic,S09,hypothetical community bins,0.0,12381661651,True,12013.755245524655,428.15115936395773,233.3945210105587,4,310.8265030386355,1,True,False
26,006,13.1706561,80.2985739,374245755,660,0.7805445481274798,real_osm_road_node,synthetic,S09,hypothetical community bins,0.0,374245755,True,10235.465522562117,120.45850839903375,1329.921879846974,0,593.259737775887,1,True,False
27,006,13.1717451,80.2985537,374245961,1100,0.7352492807622208,real_osm_road_node,synthetic,S09,hypothetical community bins,0.0,374245961,True,10350.593597226774,120.45850839903375,1248.828720126472,0,693.082866701836,1,True,False
28,006,13.1753561,80.293265,3901197848,660,1.029711259061622,real_osm_road_node,synthetic,S09,hypothetical community bins,0.0,3901197848,True,10588.68891301532,372.3408192437207,1569.5119849135574,0,862.328958522211,1,True,False
29,006,13.1748213,80.2983953,3934474986,1100,0.6230429398267807,real_osm_road_node,synthetic,S09,hypothetical community bins,0.0,3934474986,True,10673.433138108809,308.9759222729455,1070.7365214250974,0,425.9785429654161,1,True,False
30,006,13.1733128,80.2959956,5461546914,660,0.8380858188444572,real_osm_road_node,synthetic,S09,hypothetical community bins,0.0,5461546914,True,10441.397828162533,308.9759222729455,1378.500419656906,0,724.4446374628815,1,True,False
31,007,13.1726928,80.2873012,2407526188,660,0.9092966608839511,real_osm_road_node,synthetic,S09,hypothetical community bins,179.6375547838644,2407526185,False,10166.94268945642,277.81387158982824,2180.290676106406,0,997.0287949655985,1,True,False
32,007,13.1500813,80.2695535,5463560312,1100,0.8857682513822941,real_osm_road_node,synthetic,S09,hypothetical community bins,0.0,5463560312,True,7493.487372156798,218.28228393294492,2152.2196264766276,0,2148.9168462140756,1,True,False
33,007,13.1701812,80.287257,7756970076,660,0.8895329165948986,real_osm_road_node,synthetic,S09,hypothetical community bins,0.0,7756970076,True,9891.322270116538,277.81387158982824,1987.7423543705697,0,865.8148745100973,1,True,False
34,007,13.1485085,80.2683368,7757024593,660,0.8414902701834737,real_osm_road_node,synthetic,S09,hypothetical community bins,0.0,7757024593,True,7322.04519168268,218.28228393294492,2236.5082246053817,0,1995.9820343153167,1,True,False
35,007,13.1717529,80.2916223,7793043494,660,1.0871496448488354,real_osm_road_node,synthetic,S09,hypothetical community bins,0.0,7793043494,True,10158.119038254401,436.4562680497496,1808.6406178936934,0,659.9188435060985,1,True,False
36,008,13.1680535,80.3101273,3876928389,1100,0.6685013481591833,real_osm_road_node,synthetic,S09,hypothetical community bins,0.0,3876928389,True,10407.019946204167,251.73478828862596,1236.6216678780208,0,1187.7350730349647,1,True,False
37,008,13.1658926,80.3075977,7731022459,660,0.46926105570315346,real_osm_road_node,synthetic,S09,hypothetical community bins,0.0,7731022459,True,10076.650447314467,348.1153265094434,1124.582545817847,0,1166.8141850809204,1,True,False
38,008,13.1690886,80.3034396,7793777250,660,0.9160773250042424,real_osm_road_node,synthetic,S09,hypothetical community bins,0.0,7793777250,True,10239.352622724116,153.75194641605606,1174.3667902322184,0,819.1482001335085,1,True,False
39,008,13.1703811,80.3039621,7793777257,1100,0.5433029795063252,real_osm_road_node,synthetic,S09,hypothetical community bins,0.0,7793777257,True,10393.770458753706,153.75194641605606,1020.6188584380408,0,733.7387074454839,1,True,False
40,008,13.1662068,80.3006845,7818667241,1100,0.8548245724710486,real_osm_road_node,synthetic,S09,hypothetical community bins,0.0,7818667241,True,9836.88680920122,271.13610127628755,891.877375918979,0,424.3959134015216,1,True,False
41,009,13.1628722,80.303463,373169873,660,1.2401511740470614,real_osm_road_node,synthetic,S09,hypothetical community bins,0.0,373169873,True,9594.817402276964,154.32487252041358,593.1907063300449,0,761.4746872374407,1,True,False
42,009,13.1631611,80.3020699,373193262,1100,0.9156135388725276,real_osm_road_node,synthetic,S09,hypothetical community bins,0.0,373193262,True,9570.087162723632,154.32487252041358,569.6410379247295,0,607.1498218165109,1,True,False
43,009,13.1616335,80.3049083,7818584397,240,0.9354698272492201,real_osm_road_node,synthetic,S09,hypothetical community bins,0.0,7818584397,True,9526.74526958616,208.0943032996613,582.8457836937501,0,948.5176236612268,1,True,False
44,009,13.1621226,80.3075561,7818667163,240,0.8075385953599096,real_osm_road_node,synthetic,S09,hypothetical community bins,0.0,7818667163,True,9691.39271693716,271.0250602959983,847.0212340911336,0,1212.6782007853262,1,True,False
45,009,13.1635121,80.3054962,7819529494,1100,0.9009987063582889,real_osm_road_node,synthetic,S09,hypothetical community bins,0.0,7819529494,True,9743.973124316872,217.31482509033535,776.4863537057954,0,961.5361804148757,1,True,False
46,010,13.1595188,80.2974788,373111917,660,1.028215403627218,real_osm_road_node,synthetic,S09,hypothetical community bins,0.0,373111917,True,9020.696278730746,247.16358340022785,398.47770746512634,1,537.0500309994527,1,True,False
47,010,13.158955,80.3010034,373167533,1100,0.8251294601811365,real_osm_road_node,synthetic,S09,hypothetical community bins,0.0,373167533,True,9092.046691503447,166.77429167242732,90.64671308489228,1,760.1394230309683,1,True,False
48,010,13.1641529,80.2993185,7818584427,1100,0.7843245095392395,real_osm_road_node,synthetic,S09,hypothetical community bins,0.0,7818584427,True,9572.696054392938,271.13610127628755,685.6276981724086,0,296.27039438110756,1,True,False
49,010,13.1573154,80.2970976,7824963598,240,1.077826419179643,real_osm_road_node,synthetic,S09,hypothetical community bins,0.0,7824963598,True,8775.51790464401,110.21881912788236,419.8182757991338,1,742.3772856560388,1,True,False
50,010,13.1570042,80.2961299,7825094284,1100,0.7676360605936404,real_osm_road_node,synthetic,S09,hypothetical community bins,0.0,7825094284,True,8709.107503120822,18.934096335554344,529.7913172255643,0,767.5845141051047,1,True,False
51,011,13.1557398,80.3011848,373092629,660,1.6676449096399277,real_osm_road_node,synthetic,S09,hypothetical community bins,0.0,373092629,True,8766.968972327797,190.35890309189878,268.0467627810647,2,479.4132583317178,1,True,False
52,011,13.158519,80.3045395,373167552,1100,1.2089869575726313,real_osm_road_node,synthetic,S09,hypothetical community bins,0.0,373167552,True,9192.683731792757,166.90340902976266,399.0292684069912,1,874.0600472451798,1,True,False
53,011,13.1571368,80.3051577,7800496714,1100,1.4332396758129091,real_osm_road_node,synthetic,S09,hypothetical community bins,0.0,7800496714,True,9079.25026281053,166.90340902976266,477.08289994762214,1,764.4609891777252,1,True,False
54,011,13.158413,80.3027448,7818584404,660,1.6742646250952944,real_osm_road_node,synthetic,S09,hypothetical community bins,0.0,7818584404,True,9106.052233420087,194.86215792896326,204.5308298543009,1,806.8276897214147,1,True,False
55,011,13.1574475,80.3009651,14162018449,660,1.1655839156235057,real_osm_road_node,synthetic,S09,hypothetical community bins,0.0,14162018449,True,8934.405903652769,166.77429167242732,77.68811492571153,2,664.0107673511072,1,True,False
56,012,13.1551357,80.2964155,321199826,660,1.3179073899197162,real_osm_road_node,synthetic,S09,hypothetical community bins,0.0,321199826,True,8522.31328113493,190.7334079048884,497.9832785778684,1,578.7685524133393,1,True,False
57,012,13.1530117,80.2959145,321199980,660,0.926958031058176,real_osm_road_node,synthetic,S09,hypothetical community bins,0.0,321199980,True,8281.415985387708,170.1297207725709,496.90050012334603,1,466.4036960734442,1,True,False
58,012,13.1517426,80.2950274,373092449,660,0.7932013341577789,real_osm_road_node,synthetic,S09,hypothetical community bins,0.0,373092449,True,8116.637048179282,170.1297207725709,610.9376225961241,0,510.34838115128616,1,True,False
59,012,13.1518987,80.2932022,7818667134,660,0.6516093319208967,real_osm_road_node,synthetic,S09,hypothetical community bins,0.0,7818667134,True,8071.1968766637465,198.5723892241892,801.3850962600401,0,708.3616287574841,1,True,False
60,012,13.1568473,80.2961998,7825209547,240,0.5605936522783665,real_osm_road_node,synthetic,S09,hypothetical community bins,0.0,7825209547,True,8694.959297204121,18.934096335554344,526.8952667871665,0,748.7836270728635,1,True,False
61,013,13.1453167,80.2909188,321199922,240,1.6653752572596607,real_osm_road_node,synthetic,S09,hypothetical community bins,0.0,321199922,True,7298.8322871129485,442.84111101729457,1346.7018704908683,0,160.45204345569084,1,True,False
62,013,13.1488271,80.2928843,321199970,1100,1.2469327112758395,real_osm_road_node,synthetic,S09,hypothetical community bins,0.0,321199970,True,7735.519329222368,68.34829566320052,949.4261122753418,0,476.61928966366406,1,True,False
63,013,13.1499979,80.2952199,373092426,660,1.2308289857273753,real_osm_road_node,synthetic,S09,hypothetical community bins,0.0,373092426,True,7940.338956140983,194.08067934481085,665.4882707617579,0,492.7112725739556,1,True,False
64,013,13.1494451,80.2928826,373092474,660,0.7868222157093213,real_osm_road_node,synthetic,S09,hypothetical community bins,0.0,373092474,True,7800.81123549185,68.34829566320052,917.726383006131,0,544.8159694801959,1,True,False
65,013,13.1456132,80.2950744,7790719912,660,1.1485559919489545,real_osm_road_node,synthetic,S09,hypothetical community bins,0.0,7790719912,True,7477.060746323611,427.41782456273523,1012.9050186410384,0,136.6928597064773,1,True,False
66,014,13.1536166,80.3041829,7731022489,660,0.9339104173128421,real_osm_road_node,synthetic,S09,hypothetical community bins,0.0,7731022489,True,8679.274795644194,77.29219775910883,403.82068097359956,1,387.89880807516374,1,True,False
67,014,13.1543003,80.3043307,7800469068,660,0.6386943420035166,real_osm_road_node,synthetic,S09,hypothetical community bins,0.0,7800469068,True,8755.048063874074,77.29219775910883,436.9885512418942,1,454.5762090675033,1,True,False
68,014,13.1483296,80.3023682,7800496696,1100,1.5836588722554648,real_osm_road_node,synthetic,S09,hypothetical community bins,0.0,7800496696,True,8063.342639889712,89.25104364199727,562.179485791034,0,258.7851318462907,1,True,False
69,014,13.1490962,80.3026255,7800496699,1100,0.6400194673264972,real_osm_road_node,synthetic,S09,hypothetical community bins,0.0,7800496699,True,8152.3467247069475,89.25104364199727,496.3790866652369,1,199.6617318032136,1,True,False
70,014,13.1481415,80.2993586,7818667222,1100,1.8,real_osm_road_node,synthetic,S09,hypothetical community bins,0.0,7818667222,True,7910.9668570977055,326.85619429286425,559.0322506326793,0,307.645707141918,1,True,False
71,015,13.206855,80.2880536,7756545789,1100,1.1787334708229755,real_osm_road_node,synthetic,S09,hypothetical community bins,0.0,7756545789,True,13932.700820409085,977.8161711720627,3334.4169706842945,0,842.082578650853,1,True,False
72,015,13.2067961,80.2776525,9741287945,660,1.8,real_osm_road_node,synthetic,S09,hypothetical community bins,0.0,9741287945,True,13819.37753104269,227.1894738156913,4180.367768473979,0,0.0,1,True,False
73,015,13.2053669,80.2791585,9741287946,1100,0.8815498440451991,real_osm_road_node,synthetic,S09,hypothetical community bins,0.0,9741287946,True,13670.65305959821,227.1894738156913,3955.7909923623797,0,0.0,1,True,False
74,015,13.210246,80.2781148,9748317640,1100,1.5461184109095205,real_osm_road_node,synthetic,S09,hypothetical community bins,0.0,9748317640,True,14205.175727913327,384.82093866644414,4375.079990507348,0,98.67489075222748,1,True,False
75,015,13.2231502,80.2743911,11668604132,660,0.7024349987304284,real_osm_road_node,synthetic,S09,hypothetical community bins,0.0,11668604132,True,15622.462762588058,1483.0983135887332,5664.094422271595,0,719.433120525073,1,True,False
76,016,13.1969202,80.255581,3939363741,1100,0.6450182399228768,real_osm_road_node,synthetic,S09,hypothetical community bins,0.0,3939363741,True,12805.786979277816,1959.0695386278678,3388.6750639651714,0,0.0,1,True,False
77,016,13.184311,80.2785078,7780710936,1100,1.1088289706306478,real_osm_road_node,synthetic,S09,hypothetical community bins,0.0,7780710936,True,11330.217202970549,756.1930846215719,2909.457062654742,0,295.1515115752203,1,True,False
78,016,13.1824682,80.2903048,7794016498,660,1.8,real_osm_road_node,synthetic,S09,hypothetical community bins,0.0,7794016498,True,11295.018918971638,776.4636438811858,1866.7223129223994,0,449.22310173676925,1,True,False
79,016,13.2025226,80.278824,9741287724,660,1.0510418434227529,real_osm_road_node,synthetic,S09,hypothetical community bins,0.0,9741287724,True,13352.673984020703,316.6505332436453,3814.5083719910645,0,0.0,1,True,False
80,016,13.1989823,80.2804296,11668399577,1100,1.052141236993247,real_osm_road_node,synthetic,S09,hypothetical community bins,0.0,11668399577,True,12972.853146059726,428.4597016844806,3472.615874587137,0,0.0,1,True,False
81,017,13.1768066,80.2140131,277587971,660,1.1451069250017143,real_osm_road_node,synthetic,S09,hypothetical community bins,0.0,277587971,True,12131.79111570053,34.47152016451391,1743.8818190954316,0,1254.1386067904652,1,True,False
82,017,13.1769605,80.2137365,3905357655,240,1.1605078353623373,real_osm_road_node,synthetic,S09,hypothetical community bins,0.0,3905357655,True,12161.718385743838,34.47152016451391,1723.2879696261161,0,1260.3975668480812,1,True,False
83,017,13.1844977,80.2239034,7793006546,1100,1.0171573935223144,real_osm_road_node,synthetic,S09,hypothetical community bins,0.0,7793006546,True,12401.912250303481,1314.7359466795328,3085.408432380387,0,1454.7625326678824,1,True,False
84,017,13.1949005,80.2297747,7794318179,660,0.7288650810734926,real_osm_road_node,synthetic,S09,hypothetical community bins,0.0,7794318179,True,13239.805036781816,1314.7359466795328,4265.357825439836,0,1026.0851924682001,1,True,False
85,017,13.1738856,80.2140395,7819959664,660,1.2240524740511498,real_osm_road_node,synthetic,S09,hypothetical community bins,0.0,7819959664,True,11851.315232523764,323.0684393102277,1646.0603131572173,0,957.9958312519742,1,True,False
86,018,13.1712455,80.2574961,3915252404,660,1.349788656274586,real_osm_road_node,synthetic,S09,hypothetical community bins,0.0,3915252404,True,9949.091788660278,82.5382392870383,549.6716001707957,0,2236.449015535547,1,True,False
87,018,13.1693013,80.2587895,3939588973,660,1.7294005349015436,real_osm_road_node,synthetic,S09,hypothetical community bins,0.0,3939588973,True,9715.617648895193,244.7849368952234,316.077376649749,1,2453.332760214834,1,True,False
88,018,13.1831886,80.2673322,7780551839,1100,1.2887617331593657,real_osm_road_node,synthetic,S09,hypothetical community bins,0.0,7780551839,True,11179.772206580721,343.9658723162301,2069.7966417211906,0,1377.0772444744478,1,True,False
89,018,13.1795843,80.2734658,7780634634,1100,1.099610976322741,real_osm_road_node,synthetic,S09,hypothetical community bins,0.0,7780634634,True,10777.205048516405,680.7220929607911,2153.4055277507287,0,962.6393916403074,1,True,False
90,018,13.1847623,80.2700699,7780728349,660,1.0713732896988009,real_osm_road_node,synthetic,S09,hypothetical community bins,0.0,7780728349,True,11349.015069322511,343.9658723162301,2365.475902411354,0,1209.5756613264948,1,True,False
91,019,13.1794181,80.2527956,3895289348,660,1.1166016727505559,real_osm_road_node,synthetic,S09,hypothetical community bins,0.0,3895289348,True,10927.929247048358,1037.5282527933778,1575.7663342505648,0,1358.798954443196,1,True,False
92,019,13.1699869,80.2497857,7800024601,660,0.8656197550797134,real_osm_road_node,synthetic,S09,hypothetical community bins,0.0,7800024601,True,9966.596658377804,465.8757714329025,1052.9656736323516,0,2380.520343784808,1,True,False
93,019,13.1652654,80.2294961,7824797016,660,1.0631817593955801,real_osm_road_node,synthetic,S09,hypothetical community bins,0.0,7824797016,True,10207.716625186824,290.34048256639517,3178.94527511106,0,495.4231641798736,1,True,False
94,019,13.1667714,80.2316904,7824797133,1100,0.8316075015298414,real_osm_road_node,synthetic,S09,hypothetical community bins,0.0,7824797133,True,10258.468793200987,290.34048256639517,2938.675042710937,0,720.6822999789017,1,True,False
95,019,13.1709212,80.2381674,11821371681,660,0.7396569157279659,real_osm_road_node,synthetic,S09,hypothetical community bins,0.0,11821371681,True,10423.159856713013,838.6795690025872,2290.6436086590206,0,1471.9442842928797,1,True,False
96,020,13.1672682,80.2530692,1185704682,660,1.3634783802930168,real_osm_road_node,synthetic,S09,hypothetical community bins,0.0,1185704682,True,9595.418145538973,192.89668954541733,628.1263029287645,0,2317.8622177338643,1,True,False
97,020,13.1706684,80.2570132,3939538224,660,0.8278255557395788,real_osm_road_node,synthetic,S09,hypothetical community bins,0.0,3939538224,True,9893.2908128995,82.5382392870383,505.95230790018263,0,2301.561292693991,1,True,False
98,020,13.1669474,80.2548187,7820014016,1100,0.9328079982044781,real_osm_road_node,synthetic,S09,hypothetical community bins,0.0,7820014016,True,9524.437925612548,107.35980565510361,435.4439674558012,1,2413.1362235783618,1,True,False
99,020,13.1683906,80.2556203,11618256657,660,0.8795535249198198,real_osm_road_node,synthetic,S09,hypothetical community bins,0.0,11618256657,True,9667.27812539653,105.0165355907295,406.68422209572617,1,2557.566507468269,1,True,False
100,020,13.1679174,80.2547802,12047099074,1100,1.1869662679931923,real_osm_road_node,synthetic,S09,hypothetical community bins,0.0,12047099074,True,9631.288583853544,105.0165355907295,465.5107831188363,1,2490.929011505982,1,True,False
101,021,13.1651651,80.2617511,3939369416,660,0.853046947951835,real_osm_road_node,synthetic,S09,hypothetical community bins,0.0,3939369416,True,9220.766338479669,219.436915710872,349.3388632565528,1,2856.2292883510686,1,True,False
102,021,13.1640444,80.2696819,7757024514,660,1.3688875520216475,real_osm_road_node,synthetic,S09,hypothetical community bins,0.0,7757024514,True,9045.756492939978,662.1499727504042,1208.4615226021178,0,2485.0762452527542,1,True,False
103,021,13.1643103,80.2635783,7818527124,660,1.3413101829203267,real_osm_road_node,synthetic,S09,hypothetical community bins,0.0,7818527124,True,9107.363441722335,131.95061804390573,568.7200913350703,0,2871.0157453443844,1,True,False
104,021,13.164608,80.2586285,7820013886,660,1.0161928755343763,real_osm_road_node,synthetic,S09,hypothetical community bins,0.0,7820013886,True,9201.089021533564,332.5839746416021,203.87289716161203,1,2544.5136230420376,1,True,False
105,021,13.163118,80.2635342,11056553361,660,0.6672693898656347,real_osm_road_node,synthetic,S09,hypothetical community bins,0.0,11056553361,True,8975.680726550278,131.95061804390573,630.9716350355602,0,2905.7849371658544,1,True,False
106,022,13.1616025,80.2585258,3939376571,1100,1.1897142069724849,real_osm_road_node,synthetic,S09,hypothetical community bins,0.0,3939376571,True,8872.056788046852,287.24431496158024,536.2317217579933,0,2350.2411417961075,1,True,False
107,022,13.1516232,80.2630617,7812253399,660,1.427794779598725,real_osm_road_node,synthetic,S09,hypothetical community bins,0.0,7812253399,True,7708.420362597823,418.12674936624353,1702.7937448525454,0,2416.5193933272044,1,True,False
108,022,13.1534459,80.2596818,7812253409,1100,1.67489365803166,real_osm_road_node,synthetic,S09,hypothetical community bins,0.0,7812253409,True,7956.562054193159,401.0443341299718,1440.6253017100855,0,2168.3539143322278,1,True,False
109,022,13.1470365,80.2596016,7818716848,660,0.9322905218540914,real_osm_road_node,synthetic,S09,hypothetical community bins,117.47458598090783,6245892274,False,7254.1528307626295,630.6899168437792,2148.0754659713302,0,2033.1140898106123,1,True,False
110,022,13.1599306,80.260554,7819349861,660,1.3092450104282671,real_osm_road_node,synthetic,S09,hypothetical community bins,0.0,7819349861,True,8657.652822988357,287.24431496158024,744.8582224742682,0,2460.3124163335547,1,True,False
111,023,13.1708566,80.1983758,3886053804,1100,1.225439891685028,real_osm_road_node,synthetic,S09,hypothetical community bins,0.0,3886053804,True,12547.097038547483,874.1933161972009,97.73751345604926,1,1346.2415582128224,1,True,False
112,023,13.1688379,80.2100983,5895094420,660,1.2952300330519366,real_osm_road_node,synthetic,S09,hypothetical community bins,0.0,5895094420,True,11610.640951705422,350.21628505132907,1193.3426691511306,0,297.9396141449382,1,True,False
113,023,13.167948,80.2226679,7793541116,660,1.1309425906662676,real_osm_road_node,synthetic,S09,hypothetical community bins,0.0,7793541116,True,10812.433850839716,704.2848832632092,2556.588303337177,0,955.789252332895,1,True,False
114,023,13.1680397,80.2132254,7806663799,660,1.7416421073659627,real_osm_road_node,synthetic,S09,hypothetical community bins,0.0,7806663799,True,11348.341026595464,350.21628505132907,1542.390113739111,0,400.7453108728895,1,True,False
115,023,13.1737798,80.2058702,11059014669,1100,1.6043188341681733,real_osm_road_node,synthetic,S09,hypothetical community bins,0.0,11059014669,True,12322.891417252691,713.2338539987742,801.991831468216,0,955.1934450226762,1,True,False
116,024,13.1543869,80.2071389,3898526102,660,1.160284026917915,real_osm_road_node,synthetic,S09,hypothetical community bins,0.0,3898526102,True,10531.813855485194,539.3110375505797,1985.0970141109776,0,886.9229334676812,1,True,False
117,024,13.1619802,80.2249353,3905379860,1100,1.1685716775260482,real_osm_road_node,synthetic,S09,hypothetical community bins,0.0,3905379860,True,10113.119122542807,613.4658916484168,2943.5444411759186,0,344.1094756436618,1,True,False
118,024,13.162103,80.2106586,7806315495,240,0.9965448505728146,real_osm_road_node,synthetic,S09,hypothetical community bins,0.0,7806315495,True,10964.965744394001,572.0624348899808,1553.10673130092,0,389.1990554103461,1,True,False
119,024,13.159742,80.2054994,7806786249,660,0.6698577238057862,real_osm_road_node,synthetic,S09,hypothetical community bins,0.0,7806786249,True,11101.413342340524,617.1247968312452,1377.4675302745873,0,801.8700243298412,1,True,False
120,024,13.1587112,80.194541,9676122990,660,0.42917312689555315,real_osm_road_node,synthetic,S09,hypothetical community bins,0.0,9676122990,True,11809.198594045061,463.13307930164854,1407.3110035140744,0,237.16413561343268,1,True,False
121,025,13.1546844,80.2277884,3926086633,660,0.918212335267154,real_osm_road_node,synthetic,S09,hypothetical community bins,0.0,3926086633,True,9255.465925137512,378.722067893153,3217.317166630422,0,413.6339861203475,1,True,False
122,025,13.1484519,80.228669,7822213069,660,0.9107496686656391,real_osm_road_node,synthetic,S09,hypothetical community bins,0.0,7822213069,True,8612.370459400876,376.93633919986195,2570.2239287140596,0,878.2018351818602,1,True,False
123,025,13.1513768,80.2268838,7822213072,1100,0.6315782010869355,real_osm_road_node,synthetic,S09,hypothetical community bins,0.0,7822213072,True,8990.634162653587,376.93633919986195,2947.079212890729,0,785.4976020145841,1,True,False
124,025,13.1484901,80.2339593,7822439824,660,0.7752780833628429,real_osm_road_node,synthetic,S09,hypothetical community bins,0.0,7822439824,True,8327.53455491482,337.7637980315536,2320.44398302746,0,427.9314595889389,1,True,False
125,025,13.145307,80.2372509,14030532282,1100,0.8423324351646074,real_osm_road_node,synthetic,S09,hypothetical community bins,0.0,14030532282,True,7847.622407232069,389.46777963550096,1879.8200089580905,0,19.369217191420525,1,True,False
126,026,13.14885,80.2370539,1676272117,1100,1.4719062829229435,real_osm_road_node,synthetic,S09,hypothetical community bins,0.0,1676272117,True,8208.558207709553,283.7349189309652,2266.959855002711,0,259.44206011453764,1,True,False
127,026,13.1642631,80.2329768,5463568223,1100,1.2638766994861015,real_osm_road_node,synthetic,S09,hypothetical community bins,0.0,5463568223,True,9946.955456499722,310.4739525178965,2809.415601840512,0,546.3025374292093,1,True,False
128,026,13.1533283,80.2316756,7822839179,660,1.0953272625573125,real_osm_road_node,synthetic,S09,hypothetical community bins,0.0,7822839179,True,8918.371050223752,447.20775580651554,2908.360087369445,0,626.9267484269899,1,True,False
129,026,13.1584055,80.2336444,7822995484,660,1.0357316971012744,real_osm_road_node,synthetic,S09,hypothetical community bins,0.0,7822995484,True,9325.591887188797,600.7003503573079,2867.9784927016804,0,456.809861449919,1,True,False
130,026,13.151329,80.2377279,13123218512,1100,1.0542036625191096,real_osm_road_node,synthetic,S09,hypothetical community bins,0.0,13123218512,True,8425.250663305367,283.7349189309652,2523.853615909749,0,169.27543348454122,1,True,False
131,027,13.1520233,80.2562782,7812718453,660,0.809942939661308,real_osm_road_node,synthetic,S09,hypothetical community bins,0.0,7812718453,True,7865.023841898983,37.0142151071595,1618.1264310374709,0,1784.666784497006,1,True,False
132,027,13.1516908,80.2562393,7812718456,660,0.8846835541233958,real_osm_road_node,synthetic,S09,hypothetical community bins,0.0,7812718456,True,7829.632927633733,37.0142151071595,1655.08431945732,0,1778.0147015762166,1,True,False
133,027,13.1528187,80.2542858,7818716851,660,0.7036114732258724,real_osm_road_node,synthetic,S09,hypothetical community bins,0.0,7818716851,True,7996.902637556655,233.17370964973574,1584.3976579208468,0,1579.5503898269303,1,True,False
134,027,13.1592834,80.2572779,7820014007,660,1.7402715554330037,real_osm_road_node,synthetic,S09,hypothetical community bins,0.0,7820014007,True,8638.841221810262,289.95863699964394,808.9484203410195,0,2108.7551279391214,1,True,False
135,027,13.160173,80.2494716,14028606650,1100,0.6988657272869884,real_osm_road_node,synthetic,S09,hypothetical community bins,0.0,14028606650,True,8916.062504649697,851.7511682404108,1226.299514273049,0,1470.7145138572644,1,True,False
136,028,13.1311565,80.2367763,2165507996,660,0.997490537714763,real_osm_road_node,synthetic,S09,hypothetical community bins,0.0,2165507996,True,6521.43774438094,778.479724987862,555.4848576976923,0,1378.5858289437153,1,True,False
137,028,13.1409394,80.235065,3913291435,240,1.0077191979690108,real_osm_road_node,synthetic,S09,hypothetical community bins,0.0,3913291435,True,7538.599209061291,153.63550082153625,1504.8224667229033,0,424.71091915035635,1,True,False
138,028,13.1412187,80.2336765,3913294263,660,0.6916972872920578,real_osm_road_node,synthetic,S09,hypothetical community bins,0.0,3913294263,True,7643.092527854451,153.63550082153625,1604.4554554652254,0,462.435516458011,1,True,False
139,028,13.1381959,80.2334547,6307349391,1100,0.7803635062348713,real_osm_road_node,synthetic,S09,hypothetical community bins,0.0,6307349391,True,7372.176015395811,237.7359644872472,1343.981548186519,0,766.4892327481194,1,True,False
140,028,13.1399816,80.2322337,7821672926,1100,1.5186631064049907,real_osm_road_node,synthetic,S09,hypothetical community bins,0.0,7821672926,True,7610.7199118273065,207.78719075932756,1580.8329946756417,0,664.8080176018254,1,True,False
141,029,13.128173,80.2298217,3930595378,660,1.22998844002411,real_osm_road_node,synthetic,S09,hypothetical community bins,0.0,3930595378,True,6720.550509264203,134.02911171976052,1244.841455153198,0,1698.1518833785874,1,True,False
142,029,13.1276224,80.2287202,7821914367,1100,1.4070847839321368,real_osm_road_node,synthetic,S09,hypothetical community bins,0.0,7821914367,True,6754.324781869631,134.02911171976052,1368.4179850612938,0,1571.1065252402589,1,True,False
143,029,13.1329864,80.2271565,7822006227,660,0.9901863076852325,real_osm_road_node,synthetic,S09,hypothetical community bins,0.0,7822006227,True,7314.600319779061,217.43220256551407,1601.0957461095534,0,1613.8504365535707,1,True,False
144,029,13.1308051,80.2282995,7822006236,240,1.2241911465108057,real_osm_road_node,synthetic,S09,hypothetical community bins,0.0,7822006236,True,7049.666080488876,246.04851310133193,1425.7877990459176,0,1751.218699219937,1,True,False
145,029,13.1313205,80.2260913,11801266570,1100,1.3648614339271499,real_osm_road_node,synthetic,S09,hypothetical community bins,0.0,11801266570,True,7250.349922597406,217.43220256551407,1671.232636759929,0,1740.425276195953,1,True,False
146,030,13.1397221,80.2060122,402353281,1100,0.8031520275913964,real_osm_road_node,synthetic,S09,hypothetical community bins,0.0,402353281,True,9448.760707485735,279.71791900521566,1217.8763094478088,0,652.8041396573382,1,True,False
147,030,13.1424159,80.206908,7808896041,1100,0.9821492724618155,real_osm_road_node,synthetic,S09,hypothetical community bins,0.0,7808896041,True,9582.115430353188,313.3503760498148,1530.5689407509433,0,677.0858217050169,1,True,False
148,030,13.1377265,80.2075976,7809030290,660,1.5559742199456545,real_osm_road_node,synthetic,S09,hypothetical community bins,0.0,7809030290,True,9172.712487872846,279.71791900521566,1105.451208337611,0,768.9383692364682,1,True,False
149,030,13.1327844,80.2141897,7809957628,240,1.8,real_osm_road_node,synthetic,S09,hypothetical community bins,0.0,7809957628,True,8274.59274385524,272.50250435280293,1394.1613066489042,0,983.7885764729762,1,True,False
150,030,13.130562,80.2131042,9883140254,660,0.8899956238659452,real_osm_road_node,synthetic,S09,hypothetical community bins,0.0,9883140254,True,8199.422413186452,222.23928423778108,1234.4845328560532,0,832.1169969503318,1,True,False
151,031,13.1512218,80.2109242,1123352273,660,0.9969245421940364,real_osm_road_node,synthetic,S09,hypothetical community bins,0.0,1123352273,True,9997.877213648704,539.3110375505797,2487.6200263041687,0,1169.5246609208896,1,True,False
152,031,13.1440597,80.2014393,7808768026,240,1.2917901327453825,real_osm_road_node,synthetic,S09,hypothetical community bins,0.0,7808768026,True,10139.571369360281,315.6678718042629,1607.6023623129554,0,63.98981067577257,1,True,False
153,031,13.1456576,80.2038525,7809509846,1100,1.8,real_osm_road_node,synthetic,S09,hypothetical community bins,0.0,7809509846,True,10070.481740903557,271.99352238528223,1798.2399777504395,0,363.53753929622184,1,True,False
154,031,13.1477699,80.2051377,7812842987,660,1.0372610520209005,real_osm_road_node,synthetic,S09,hypothetical community bins,0.0,7812842987,True,10137.165577598083,271.99352238528223,2050.4186772775724,0,576.6880859896879,1,True,False
155,031,13.1570297,80.2116872,7825319086,660,1.1250768924849832,real_osm_road_node,synthetic,S09,hypothetical community bins,0.0,7825319086,True,10447.579358144016,572.0624348899808,2016.7420046486197,0,961.2535881577899,1,True,False
156,032,13.1548723,80.196248,276746173,1100,1.3563570249010406,real_osm_road_node,synthetic,S09,hypothetical community bins,0.0,276746173,True,11375.835435091585,463.13307930164854,1766.7116488823608,0,79.98498644188604,1,True,False
157,032,13.1301818,80.1971955,3890251281,660,0.9533070516476045,real_osm_road_node,synthetic,S09,hypothetical community bins,0.0,3890251281,True,9552.163453037785,205.91419789899058,500.50232671868827,0,183.78005609527605,1,True,False
158,032,13.1421572,80.1794794,3897318400,1100,0.895179837441151,real_osm_road_node,synthetic,S09,hypothetical community bins,0.0,3897318400,True,11886.988122456407,115.83695472799408,2790.3101637802006,0,1553.7866077099793,1,True,False
159,032,13.1425605,80.1784931,3897318402,660,1.8,real_osm_road_node,synthetic,S09,hypothetical community bins,0.0,3897318402,True,12000.710919858479,115.83695472799408,2905.223406097095,0,1635.0716540287447,1,True,False
160,032,13.1456478,80.1832895,7730861597,660,1.1951514964896297,real_osm_road_node,synthetic,S09,hypothetical community bins,0.0,7730861597,True,11772.849998788275,534.1659801355319,2681.1735350787835,0,1034.7023765454444,1,True,False
161,032,13.1451614,80.1783863,7821594685,1100,1.463562445764079,real_osm_road_node,synthetic,S09,hypothetical community bins,0.0,7821594685,True,12172.953381361118,287.8879821631815,3067.701476691344,0,1565.1041193898227,1,True,False
162,032,13.1429177,80.1919864,7821716728,660,0.7127442522011401,real_osm_road_node,synthetic,S09,hypothetical community bins,0.0,7821716728,True,10839.711736865309,922.8305121334419,1821.1007887513126,0,543.1521455632824,1,True,False
163,032,13.1395208,80.1838848,7821811414,1100,1.0042617517038985,real_osm_road_node,synthetic,S09,hypothetical community bins,0.0,7821811414,True,11327.516400176091,559.4898360991778,2231.0211493361226,0,1321.9213599496668,1,True,False
164,032,13.131278,80.19566,7822621084,660,0.641406867906704,real_osm_road_node,synthetic,S09,hypothetical community bins,0.0,7822621084,True,9758.107675423362,205.91419789899058,689.4220162212741,0,370.58664034762364,1,True,False
165,032,13.1379891,80.1988564,11617835826,660,1.0294779311065538,real_osm_road_node,synthetic,S09,hypothetical community bins,0.0,11617835826,True,9916.209176610613,711.128041995489,987.4808585318566,0,353.85382226005004,1,True,False
166,033,13.132934,80.2029108,3930519842,660,1.1925271326600544,real_osm_road_node,synthetic,S09,hypothetical community bins,0.0,3930519842,True,9224.81379116589,74.02649176125878,396.7039624504787,3,193.68376414559637,1,True,False
167,033,13.1312736,80.2027636,6305572718,660,0.6278783985956505,real_osm_road_node,synthetic,S09,hypothetical community bins,0.0,6305572718,True,9127.06873961077,184.3280795447851,221.40344904356633,3,76.79134091170293,1,True,False
168,033,13.1320413,80.2097386,7151280410,660,1.0651790793541718,real_osm_road_node,synthetic,S09,hypothetical community bins,0.0,7151280410,True,8584.173304766868,326.674885103724,907.9661626173421,0,498.7665414142191,1,True,False
169,033,13.1331297,80.2035639,7809106405,1100,0.7086362356092517,real_osm_road_node,synthetic,S09,hypothetical community bins,0.0,7809106405,True,9181.89629701861,74.02649176125878,443.5718034313434,1,253.26862361917213,1,True,False
170,033,13.1290953,80.2095207,7809328944,660,0.7716391902621067,real_osm_road_node,synthetic,S09,hypothetical community bins,0.0,7809328944,True,8397.23005712462,136.68886105526778,842.1016237751157,0,462.454781803499,1,True,False
171,034,13.1393794,80.2474725,290234999,660,1.0576312876172407,real_osm_road_node,synthetic,S09,hypothetical community bins,0.0,290234999,True,6785.906483904085,454.0250149310357,1350.5788840419443,0,1048.6298201447164,1,True,False
172,034,13.1453388,80.2491873,4407766418,660,1.6570802182285422,real_osm_road_node,synthetic,S09,hypothetical community bins,0.0,4407766418,True,7344.4154215781555,684.794633320486,2021.8258359428519,0,1042.0736147376938,1,True,False
173,034,13.1367599,80.2555977,6245893504,1100,1.8,real_osm_road_node,synthetic,S09,hypothetical community bins,0.0,6245893504,True,6229.7135038759525,358.23540456309786,1784.580273221287,0,1428.6570794104264,1,True,False
174,034,13.1399847,80.2559082,7818578264,660,1.23793562491094,real_osm_road_node,synthetic,S09,hypothetical community bins,0.0,7818578264,True,6568.105815518382,358.23540456309786,2011.7569246397222,0,1616.3377453066926,1,True,False
175,034,13.1431123,80.240061,7822813443,1100,1.1703167341316727,real_osm_road_node,synthetic,S09,hypothetical community bins,0.0,7822813443,True,7492.3241796168695,389.46777963550096,1590.996387262656,0,157.82305761313862,1,True,False
176,035,13.1381882,80.2434639,290019515,660,0.8070742107231725,real_osm_road_node,synthetic,S09,hypothetical community bins,0.0,290019515,True,6838.785008935941,454.0250149310357,1067.1760308176247,0,800.7329227586285,1,True,False
177,035,13.1355274,80.2498561,7171756219,1100,0.5165803456570679,real_osm_road_node,synthetic,S09,hypothetical community bins,0.0,7171756219,True,6292.9381541203675,391.60778982503945,1191.4496068304527,0,1506.9421150214216,1,True,False
178,035,13.132581,80.2454958,7819479973,660,0.48422637486353687,real_osm_road_node,synthetic,S09,hypothetical community bins,0.0,7819479973,True,6181.772921378452,480.4337282824425,620.3663634196747,0,1393.6357857127603,1,True,False
179,035,13.1301787,80.2491887,11431690773,1100,0.619000065256165,real_osm_road_node,synthetic,S09,hypothetical community bins,0.0,11431690773,True,5770.544104498097,399.89336273272227,870.1413683408654,0,1198.8805541981887,1,True,False
180,035,13.1326166,80.2519133,11591306707,660,0.9922488902079791,real_osm_road_node,synthetic,S09,hypothetical community bins,0.0,11591306707,True,5911.61359336421,391.60778982503945,1227.342512534764,0,1554.580336072318,1,True,False
181,036,13.1287391,80.255514,290019247,1100,1.347352262607187,real_osm_road_node,synthetic,S09,hypothetical community bins,0.0,290019247,True,5377.0034409065765,54.15596999210781,1541.857456029554,0,1173.2180740436781,1,True,False
182,036,13.1282561,80.2554318,290019884,660,0.8726286766026037,real_osm_road_node,synthetic,S09,hypothetical community bins,0.0,290019884,True,5328.651695211925,54.15596999210781,1534.0261815468796,0,1178.145190122134,1,True,False
183,036,13.123547,80.2566445,2166873196,660,1.4533106204124686,real_osm_road_node,synthetic,S09,hypothetical community bins,0.0,2166873196,True,4790.2705433597675,367.11051130321187,1762.0584039315227,0,953.7774531842487,1,True,False
184,036,13.1239771,80.2505048,2166873249,660,1.177565936352786,real_osm_road_node,synthetic,S09,hypothetical community bins,0.0,2166873249,True,5084.2756239904,395.59999514840706,1131.2015212071478,0,667.8403385392616,1,True,False
185,036,13.1254164,80.2538459,2166873376,1100,0.6887920574665986,real_osm_road_node,synthetic,S09,hypothetical community bins,0.0,2166873376,True,5088.489529663586,358.0286708461998,1410.8895881638225,0,949.8497166917278,1,True,False
186,037,13.1272383,80.2590683,290017389,1100,0.763366721612135,real_osm_road_node,synthetic,S09,hypothetical community bins,0.0,290017389,True,5110.13114864055,409.933552480943,1934.6229047875559,0,784.1606545603937,1,True,False
187,037,13.133562,80.262499,290018582,1100,1.115764012112245,real_osm_road_node,synthetic,S09,hypothetical community bins,0.0,290018582,True,5724.908576362174,56.71825485024821,2359.078442463945,0,611.0038493593624,1,True,False
188,037,13.1330937,80.2627123,7819094726,240,1.2447793076513018,real_osm_road_node,synthetic,S09,hypothetical community bins,0.0,7819094726,True,5669.902071801551,56.71825485024821,2370.6471538062983,0,561.1136890868613,1,True,False
189,037,13.1204432,80.2623403,9910886374,660,1.339363355021198,real_osm_road_node,synthetic,S09,hypothetical community bins,0.0,9910886374,True,4293.395596579881,389.33771444944887,2205.211301836649,0,452.09621675878145,1,True,False
190,037,13.1216065,80.2657303,10175102539,1100,1.1517783738594072,real_osm_road_node,synthetic,S09,hypothetical community bins,0.0,10175102539,True,4359.556595568198,317.18298383714244,2096.863669743153,0,672.3967136840082,1,True,False
191,038,13.1268132,80.2782666,2172978911,1100,0.9124985669621003,real_osm_road_node,synthetic,S09,hypothetical community bins,0.0,2172978911,True,4973.142086152532,295.17435593439313,1183.709841683279,0,472.73696943945856,1,True,False
192,038,13.1346828,80.2765081,3944341658,1100,1.2377092485878372,real_osm_road_node,synthetic,S09,hypothetical community bins,0.0,3944341658,True,5814.346791640152,566.9354897027225,2029.7289345754423,0,489.9113537100626,1,True,False
193,038,13.129331,80.2821963,7809371794,1100,1.1181150476655368,real_osm_road_node,synthetic,S09,hypothetical community bins,0.0,7809371794,True,5332.512111629662,423.1236252993376,1261.0883107493833,0,474.05840568779485,1,True,False
194,038,13.1298787,80.2783329,7811758729,660,0.8565092166623768,real_osm_road_node,synthetic,S09,hypothetical community bins,0.0,7811758729,True,5310.759965823972,232.50368079216656,1466.7240774038808,0,390.41722758456183,1,True,False
195,038,13.1288248,80.2764769,11612777709,660,1.2183897272438837,real_osm_road_node,synthetic,S09,hypothetical community bins,0.0,11612777709,True,5166.860914194985,232.50368079216656,1478.1256609523384,0,226.5080948040542,1,True,False
196,039,13.1377633,80.2908325,289464543,660,0.7267111552902263,real_osm_road_node,synthetic,S09,hypothetical community bins,0.0,289464543,True,6499.370635622547,100.45188753447694,1990.9411437878343,0,64.57072767517086,1,True,False
197,039,13.1386759,80.298329,7731022392,660,1.2972974017995105,real_osm_road_node,synthetic,S09,hypothetical community bins,0.0,7731022392,True,6906.0782899461265,28.588515263068434,1609.329541611842,0,0.0,1,True,False
198,039,13.1410887,80.2980556,7790912150,240,1.0513938456274465,real_osm_road_node,synthetic,S09,hypothetical community bins,0.0,7790912150,True,7136.478079739668,268.4848117810041,1351.4072554710929,0,113.56446523530433,1,True,False
199,039,13.1372737,80.2916131,7791722659,1100,0.6826164264492743,real_osm_road_node,synthetic,S09,hypothetical community bins,0.0,7791722659,True,6477.183556831177,100.45188753447694,1994.993343146365,0,22.273469287315702,1,True,False
200,039,13.1384776,80.2981598,11056122952,1100,1.4491703367993043,real_osm_road_node,synthetic,S09,hypothetical community bins,0.0,11056122952,True,6878.270442289002,28.588515263068434,1633.773380108231,0,0.0,1,True,False
201,040,13.1278616,80.2879546,289464179,660,0.9273939232264923,real_osm_road_node,synthetic,S09,hypothetical community bins,0.0,289464179,True,5358.14768094101,271.85257915250446,1122.255578915009,0,12.167226282572317,1,True,False
202,040,13.1301681,80.2870875,289464608,660,1.3737209848864904,real_osm_road_node,synthetic,S09,hypothetical community bins,0.0,289464608,True,5568.592300173194,271.85257915250446,1346.4521191223437,0,31.296345415582522,1,True,False
203,040,13.1338071,80.2916265,2274785472,660,1.8,real_osm_road_node,synthetic,S09,hypothetical community bins,0.0,2274785472,True,6118.075777833213,334.3397112737893,1878.7435543939876,0,111.92827524060309,1,True,False
204,040,13.1308136,80.291196,7791666197,660,0.6465880348132955,real_osm_road_node,synthetic,S09,hypothetical community bins,0.0,7791666197,True,5792.180397040653,146.11304333520656,1558.773592322073,0,202.61673132147536,1,True,False
205,040,13.129679,80.2905054,7791666278,660,1.2912128326270196,real_osm_road_node,synthetic,S09,hypothetical community bins,0.0,7791666278,True,5647.02881804892,146.11304333520656,1413.101138716136,0,60.66945778014076,1,True,False
206,041,13.1238772,80.2759868,2172955669,660,0.8347428341113798,real_osm_road_node,synthetic,S09,hypothetical community bins,0.0,2172955669,True,4614.355695366139,114.16236449174087,1139.1458147768078,0,373.690696094581,1,True,False
207,041,13.1238757,80.2749336,2172955670,660,0.8347530766057699,real_osm_road_node,synthetic,S09,hypothetical community bins,0.0,2172955670,True,4601.42885051817,114.16236449174087,1235.9810680643495,0,306.0573982093998,1,True,False
208,041,13.1256982,80.2748642,2172955748,660,1.4670251443904836,real_osm_road_node,synthetic,S09,hypothetical community bins,0.0,2172955748,True,4802.4037153292675,201.70108955641064,1355.3587305007113,0,153.14028425281327,1,True,False
209,041,13.1290365,80.271868,2175250534,660,1.0740615878858841,real_osm_road_node,synthetic,S09,hypothetical community bins,0.0,2175250534,True,5153.936204702909,347.60947895082825,1840.4415536684387,0,0.0,1,True,False
210,041,13.1261129,80.2730453,11612706282,240,0.7111564194444396,real_osm_road_node,synthetic,S09,hypothetical community bins,0.0,11612706282,True,4833.971726745148,202.4234731194304,1541.7482744273254,0,14.604403141044118,1,True,False
211,042,13.1207097,80.2835988,289175699,1100,0.571847058808798,real_osm_road_node,synthetic,S09,hypothetical community bins,0.0,289175699,True,4451.363764025509,193.8408180661821,303.9353272647299,1,374.4684326533958,1,True,False
212,042,13.1186821,80.2819812,289175780,660,0.7733031370432648,real_osm_road_node,synthetic,S09,hypothetical community bins,0.0,289175780,True,4183.41054839874,284.6584887488065,305.8778053320727,1,630.843994452903,1,True,False
213,042,13.1224624,80.2835976,289200591,660,0.8232430332387485,real_osm_road_node,synthetic,S09,hypothetical community bins,0.0,289200591,True,4636.772158484264,193.8408180661821,487.0395018360927,1,364.87020590225677,1,True,False
214,042,13.1159605,80.2779442,11192253542,660,0.5789113586701198,real_osm_road_node,synthetic,S09,hypothetical community bins,0.0,11192253542,True,3780.698969527123,289.78573064383767,779.6894509437717,0,535.5180495532696,1,True,False
215,042,13.1235439,80.2875883,11609509428,660,1.0133809891467658,real_osm_road_node,synthetic,S09,hypothetical community bins,0.0,11609509428,True,4896.088586932147,120.90433191294339,664.8524789834429,0,0.0,1,True,False
216,043,13.1231526,80.2886298,2271682567,1100,0.9920691975329002,real_osm_road_node,synthetic,S09,hypothetical community bins,0.0,2271682567,True,4899.355897781256,120.90433191294339,689.0335544210498,0,98.5617709149238,1,True,False
217,043,13.1224498,80.2980256,2271733880,1100,1.0259331728502834,real_osm_road_node,synthetic,S09,hypothetical community bins,0.0,2271733880,True,5319.212649230984,139.41902458705724,1406.5580897076218,0,43.18458557386294,1,True,False
218,043,13.1253566,80.293926,9911204847,1100,1.188584187487544,real_osm_road_node,synthetic,S09,hypothetical community bins,0.0,9911204847,True,5368.889010387645,328.8878258223757,1269.5485933012437,0,155.70777157159898,1,True,False
219,043,13.1251847,80.2969551,10736873912,1100,1.1668242085446892,real_osm_road_node,synthetic,S09,hypothetical community bins,0.0,10736873912,True,5513.797043668705,187.22302801656124,1530.4325312196313,0,164.9809454806068,1,True,False
220,043,13.1234995,80.2971193,11718466712,1100,0.9286569974281317,real_osm_road_node,synthetic,S09,hypothetical community bins,0.0,11718466712,True,5363.5920714423055,152.07950263103749,1422.4899520717458,0,39.86414883154102,1,True,False
221,044,13.1173084,80.2502778,2166816291,1100,0.9237828568644771,real_osm_road_node,synthetic,S09,hypothetical community bins,0.0,2166816291,True,4438.589689176504,161.80650085682504,1143.9256744901388,0,16.079145294519275,1,True,False
222,044,13.1173617,80.2520813,2166816349,660,1.0958823919465417,real_osm_road_node,synthetic,S09,hypothetical community bins,0.0,2166816349,True,4349.813273433552,120.17391688199135,1249.1070221817956,0,192.6001214882016,1,True,False
223,044,13.1191844,80.2497132,2166816529,660,1.0006197024424166,real_osm_road_node,synthetic,S09,hypothetical community bins,0.0,2166816529,True,4650.192497944485,216.31702336851473,1310.0150937472808,0,169.16353724527414,1,True,False
224,044,13.1147334,80.2479106,2167155978,240,1.345127241380156,real_osm_road_node,synthetic,S09,hypothetical community bins,0.0,2167155978,True,4333.494422543926,269.96178057414886,780.6445263758889,0,183.6890709241338,1,True,False
225,044,13.1158532,80.2501235,2167156062,660,0.7604112999637231,real_osm_road_node,synthetic,S09,hypothetical community bins,0.0,2167156062,True,4307.679631231655,161.80650085682504,994.3605240082536,0,32.083856533234794,1,True,False
226,045,13.1184733,80.2561247,2166816472,660,0.8726817822176571,real_osm_road_node,synthetic,S09,hypothetical community bins,0.0,2166816472,True,4279.566425805365,247.20315339990384,1625.7311023165894,0,576.2752517411069,1,True,False
227,045,13.1153303,80.2589635,2167156025,660,1.407926158146422,real_osm_road_node,synthetic,S09,hypothetical community bins,0.0,2167156025,True,3844.5263680172125,99.47065062569128,1663.1327609896975,0,133.7975761323877,1,True,False
228,045,13.1162772,80.2521502,2167156104,660,0.748384659686608,real_osm_road_node,synthetic,S09,hypothetical community bins,0.0,2167156104,True,4239.791746996415,120.17391688199135,1157.107876404616,0,240.40289565930829,1,True,False
229,045,13.1162964,80.2556073,2167156105,240,1.2592262863705734,real_osm_road_node,synthetic,S09,hypothetical community bins,0.0,2167156105,True,4077.696745392223,247.20315339990384,1421.7584041845657,0,404.5616214909672,1,True,False
230,045,13.1149268,80.2597836,2272119543,660,0.9364940866040309,real_osm_road_node,synthetic,S09,hypothetical community bins,0.0,2272119543,True,3773.448235290081,99.47065062569128,1721.4138262902632,0,34.341744492280434,1,True,False
231,046,13.1135586,80.2621,2167155893,660,0.716938866163712,real_osm_road_node,synthetic,S09,hypothetical community bins,0.0,2167155893,True,3555.4825527391263,232.4643628246048,1638.7508211811144,0,110.10996704999384,1,True,False
232,046,13.1190977,80.2671481,2172978703,660,0.5923222612232782,real_osm_road_node,synthetic,S09,hypothetical community bins,0.0,2172978703,True,4065.4793059259355,317.18298383714244,1826.2659541564674,0,644.9265215873187,1,True,False
233,046,13.1135013,80.2642437,2173032505,1100,0.5938536384148707,real_osm_road_node,synthetic,S09,hypothetical community bins,0.0,2173032505,True,3495.5963546759203,119.24469368684782,1474.1407173364648,0,320.4610741557458,1,True,False
234,046,13.1111532,80.2668247,2272475288,1100,0.6458660669143571,real_osm_road_node,synthetic,S09,hypothetical community bins,0.0,2272475288,True,3191.568324002259,336.6864473171405,1093.3669635717736,0,399.6130387081533,1,True,False
235,046,13.113805,80.2652992,2272593611,660,0.8068539634462885,real_osm_road_node,synthetic,S09,hypothetical community bins,0.0,2272593611,True,3507.8283394391387,119.24469368684782,1423.4337235555165,0,420.88840316338576,1,True,False
236,047,13.1158931,80.2752661,2172955432,660,1.075199349998088,real_osm_road_node,synthetic,S09,hypothetical community bins,0.0,2172955432,True,3723.8850986572843,138.52857905064712,1060.662719256867,0,248.38726549456024,1,True,False
237,047,13.1166421,80.2742418,2172955451,660,1.4900598759825205,real_osm_road_node,synthetic,S09,hypothetical community bins,0.0,2172955451,True,3793.631492493659,31.972221396434435,1153.397875214758,0,191.73670813250087,1,True,False
238,047,13.1169311,80.2742492,2172955458,660,1.202020509691125,real_osm_road_node,synthetic,S09,hypothetical community bins,0.0,2172955458,True,3825.6839315446728,31.972221396434435,1148.2339064698986,0,212.93487529367673,1,True,False
239,047,13.1176605,80.2718362,2172978661,240,1.364700543500374,real_osm_road_node,synthetic,S09,hypothetical community bins,0.0,2172978661,True,3889.377269023195,184.6540854093295,1402.379742610608,0,219.16973672092877,1,True,False
240,047,13.1174564,80.2735269,11686405664,660,1.153171664020029,real_osm_road_node,synthetic,S09,hypothetical community bins,0.0,11686405664,True,3876.8429331795514,97.49586923311946,1220.639545295581,0,210.78663455715906,1,True,False
241,048,13.1124662,80.278962,289156933,1100,1.3384302314004966,real_osm_road_node,synthetic,S09,hypothetical community bins,0.0,289156933,True,3428.6680590282763,89.30019480927847,893.6300038960836,0,506.8150884134862,1,True,False
242,048,13.1121921,80.2806604,289156968,660,0.9671460535880207,real_osm_road_node,synthetic,S09,hypothetical community bins,0.0,289156968,True,3452.2380775631077,112.43288005200039,800.2617271576462,0,344.0978443173044,1,True,False
243,048,13.115809,80.2809398,289176110,1100,0.7865829012351435,real_osm_road_node,synthetic,S09,hypothetical community bins,0.0,289176110,True,3844.9552372064904,324.1680330083197,491.9902362288104,1,679.1086982342803,1,True,False
244,048,13.112687,80.2797544,11602031269,660,1.0209898287229389,real_osm_road_node,synthetic,S09,hypothetical community bins,0.0,11602031269,True,3475.6060261764824,89.30019480927847,817.0273086249421,0,453.06923526398214,1,True,False
245,048,13.1135111,80.2790833,11610039267,1100,1.1715986485678405,real_osm_road_node,synthetic,S09,hypothetical community bins,0.0,11610039267,True,3544.301090214531,116.3069574211037,805.4678584007521,0,540.6512924222117,1,True,False
246,049,13.1213811,80.2890957,289200368,660,1.3351703150723273,real_osm_road_node,synthetic,S09,hypothetical community bins,0.0,289200368,True,4740.13938393331,145.36192331083444,586.3603236709688,0,103.39776838245078,1,True,False
247,049,13.1207658,80.2879107,289200378,660,1.0975036293544347,real_osm_road_node,synthetic,S09,hypothetical community bins,0.0,289200378,True,4624.950969942451,145.36192331083444,443.2861700644102,1,69.92830333863597,1,True,False
248,049,13.1149562,80.2888471,289200550,1100,0.5556856885339393,real_osm_road_node,synthetic,S09,hypothetical community bins,0.0,289200550,True,4089.8959448797877,200.8594885673287,137.22230656588633,1,178.00283867526213,1,True,False
249,049,13.1203571,80.2925405,2271682553,1100,1.2373698817025318,real_osm_road_node,synthetic,S09,hypothetical community bins,0.0,2271682553,True,4809.17057832876,219.77016150021043,848.6960013045382,0,372.8396530931332,1,True,False
250,049,13.118655,80.2907634,11038535461,1100,0.8360796040439429,real_osm_road_node,synthetic,S09,hypothetical community bins,0.0,11038535461,True,4550.333780890668,266.11015713848195,592.8787491083893,0,417.14841205872466,1,True,False
251,050,13.1187864,80.2957999,289201020,660,1.8,real_osm_road_node,synthetic,S09,hypothetical community bins,0.0,289201020,True,4846.703237209514,282.5333304419769,962.2605754944384,0,174.79382615541388,1,True,False
252,050,13.1151747,80.2959611,289202357,660,1.8,real_osm_road_node,synthetic,S09,hypothetical community bins,0.0,289202357,True,4530.36244450106,399.81872023009527,817.3031155850003,0,565.5788659433503,1,True,False
253,050,13.1214159,80.2972897,2172955565,660,1.4082630153410332,real_osm_road_node,synthetic,S09,hypothetical community bins,0.0,2172955565,True,5179.347037594419,139.41902458705724,1270.4723970621048,0,0.0,1,True,False
254,050,13.1184821,80.293212,7831289787,1100,1.4592621904190066,real_osm_road_node,synthetic,S09,hypothetical community bins,0.0,7831289787,True,4666.362729776129,219.77016150021043,726.7446474489641,0,382.5629445558967,1,True,False
255,050,13.10578,80.2956643,10279732354,660,1.7891169577646122,real_osm_road_node,synthetic,S09,hypothetical community bins,53.65584905137542,289202035,True,3727.7926145552456,504.56810605697547,259.7634601353258,1,46.00278238557979,1,True,False
256,051,13.1106801,80.285011,254143087,660,0.765469884746897,real_osm_road_node,synthetic,S09,hypothetical community bins,0.0,254143087,True,3475.9309082774766,184.330941238792,513.1611739299597,0,155.87554826602465,1,True,False
257,051,13.1110892,80.2887993,289176862,1100,1.4306149108557626,real_osm_road_node,synthetic,S09,hypothetical community bins,0.0,289176862,True,3715.825799178203,329.8270761208235,295.05048425897525,2,104.99760836259964,1,True,False
258,051,13.1137625,80.2874506,289177016,1100,1.115305016013901,real_osm_road_node,synthetic,S09,hypothetical community bins,0.0,289177016,True,3901.423495969505,163.1863048274924,120.63942069627618,1,193.31398971344598,1,True,False
259,051,13.1148968,80.2864878,11610110622,660,1.2124755410110029,real_osm_road_node,synthetic,S09,hypothetical community bins,0.0,11610110622,True,3967.472451740167,163.1863048274924,258.44269790505024,2,337.55531158161585,1,True,False
260,051,13.1114838,80.2818677,11610112008,240,1.3437978693598098,real_osm_road_node,synthetic,S09,hypothetical community bins,0.0,11610112008,True,3421.5179726525744,152.52500003501314,767.7621165554751,0,200.2582299403471,1,True,False
261,052,13.1091455,80.2843475,2172899799,1100,1.8,real_osm_road_node,synthetic,S09,hypothetical community bins,0.0,2172899799,True,3291.1754962183936,184.330941238792,502.22436088817517,0,61.97749635026366,1,True,False
262,052,13.1070535,80.2861798,6239051399,1100,0.9999388058626532,real_osm_road_node,synthetic,S09,hypothetical community bins,0.0,6239051399,True,3184.947519253369,8.154059231306544,264.04586212404104,3,287.84474973679124,1,True,False
263,052,13.1077001,80.2863248,6239051405,1100,1.2340137855631954,real_osm_road_node,synthetic,S09,hypothetical community bins,0.0,6239051405,True,3254.436383489058,67.42912228055702,337.1755954754237,3,289.17823500850835,1,True,False
264,052,13.1071173,80.2861421,9913681316,660,1.5119853216979282,real_osm_road_node,synthetic,S09,hypothetical community bins,0.0,9913681316,True,3188.8381263923784,8.154059231306544,269.80823199843235,3,281.7674769427135,1,True,False
265,052,13.1105292,80.2788322,9992430823,660,1.0470301431660571,real_osm_road_node,synthetic,S09,hypothetical community bins,0.0,9992430823,True,3217.3622903752425,214.68515764871398,910.7010232461282,0,398.99678551169006,1,True,False
266,053,13.1054674,80.2799543,254122120,660,0.9384255656326612,real_osm_road_node,synthetic,S09,hypothetical community bins,0.0,254122120,True,2722.8024724537545,270.5383483159887,343.61126088552487,3,137.8025368841357,1,True,False
267,053,13.1142147,80.2759507,288379171,1100,0.6487178173599706,real_osm_road_node,synthetic,S09,hypothetical community bins,63.095474406691785,10279732392,True,3550.114987793109,199.90832601864707,1052.2799274391048,0,283.48591956300015,1,True,False
268,053,13.1063333,80.2732849,603480786,660,0.8344334774636066,real_osm_road_node,synthetic,S09,hypothetical community bins,0.0,603480786,True,2642.7729217419087,340.20515056433527,276.5784829647676,2,352.7402341794789,1,True,False
269,053,13.1079192,80.2794763,11185268105,1100,1.0682881081573399,real_osm_road_node,synthetic,S09,hypothetical community bins,0.0,11185268105,True,2960.955154588101,276.06454651709424,616.3955669329641,0,194.31257560418862,1,True,False
270,053,13.1034426,80.274358,12047070740,240,1.0853223370634797,real_osm_road_node,synthetic,S09,hypothetical community bins,0.0,12047070740,True,2340.249704691228,340.20515056433527,89.24867099069746,4,12.640893493188436,1,True,False
271,054,13.0960454,80.2773379,254149580,1100,0.7761852838721673,real_osm_road_node,synthetic,S09,hypothetical community bins,0.0,254149580,True,1648.9181790461607,218.55445459303374,250.3900870262534,31,325.4876913977066,1,True,True
272,054,13.0990948,80.2777123,254149629,660,1.0638447921847947,real_osm_road_node,synthetic,S09,hypothetical community bins,0.0,254149629,True,1974.889646470211,166.8505280074965,174.28912137790908,17,383.82837021962916,1,True,True
273,054,13.0979671,80.2766899,603480749,1100,1.0478968258608325,real_osm_road_node,synthetic,S09,hypothetical community bins,0.0,603480749,True,1817.357809539439,166.8505280074965,296.16894637524086,22,435.6022128700087,1,True,True
274,054,13.1023003,80.2785064,10931050724,660,1.0427101392731453,real_osm_road_node,synthetic,S09,hypothetical community bins,0.0,10931050724,True,2337.69881208163,271.0426971967721,90.35789714235449,7,261.4345253538647,1,True,False
275,054,13.0966335,80.2792626,10943490871,660,1.4142464242464154,real_osm_road_node,synthetic,S09,hypothetical community bins,0.0,10943490871,True,1805.6767607931056,167.6430525905046,76.39289888951117,33,539.9472115916556,1,True,True
276,055,13.0967028,80.2808074,254149753,660,1.0508888833804035,real_osm_road_node,synthetic,S09,hypothetical community bins,0.0,254149753,True,1903.3441478588172,167.6430525905046,66.79525464779336,35,478.6611240171713,1,True,True
277,055,13.0960277,80.2853832,258917053,240,0.8720367899266653,real_osm_road_node,synthetic,S09,hypothetical community bins,0.0,258917053,True,2173.757726341648,166.0533593819492,170.85990840307295,16,567.4078419509167,1,True,True
278,055,13.1031804,80.2808399,603499150,1100,0.6898585874750933,real_osm_road_node,synthetic,S09,hypothetical community bins,0.0,603499150,True,2528.2805069092606,270.5383483159887,136.65912800992513,8,344.1300179261661,1,True,False
279,055,13.0975291,80.2853706,3672805778,660,1.0119399659667303,real_osm_road_node,synthetic,S09,hypothetical community bins,0.0,3672805778,True,2289.883260835111,108.62426388373993,29.154219053360922,17,426.6600912992058,1,True,True
280,055,13.0986565,80.2827221,9913683221,660,0.9235048918050983,real_osm_road_node,synthetic,S09,hypothetical community bins,0.0,9913683221,True,2200.779045754678,299.6168668085255,69.9872214099186,32,212.30426190161404,1,True,True
281,056,13.0983739,80.2858817,258918302,660,0.980968979819618,real_osm_road_node,synthetic,S09,hypothetical community bins,0.0,258918302,True,2396.0682713770884,108.62426388373993,81.83652936889679,17,400.1926642978867,1,True,False
282,056,13.1038567,80.2854691,603499186,660,1.8,real_osm_road_node,synthetic,S09,hypothetical community bins,0.0,603499186,True,2844.804873977497,314.81305771369796,96.46830842640026,9,443.0060579664004,1,True,False
283,056,13.0980599,80.2910361,10675445751,1100,0.9024503509042799,real_osm_road_node,synthetic,S09,hypothetical community bins,0.0,10675445751,True,2787.134443667015,220.8978733966304,17.774786643104044,22,291.3857369273062,1,True,False
284,056,13.1001401,80.289571,10677117086,660,1.229724309103351,real_osm_road_node,synthetic,S09,hypothetical community bins,0.0,10677117086,True,2817.4287888028507,279.55907971245534,118.93379198503814,20,40.74829503089247,1,True,False
285,056,13.102889,80.2882002,10687927630,660,1.106854981511653,real_osm_road_node,synthetic,S09,hypothetical community bins,0.0,10687927630,True,2938.0238345170023,314.81305771369796,250.4785921948064,13,297.6503513520223,1,True,False
286,057,13.0928369,80.2770742,258915973,660,0.9512419400223653,real_osm_road_node,synthetic,S09,hypothetical community bins,0.0,258915973,True,1321.7881615100519,355.9951452844485,227.65314692014223,31,262.7126781007226,1,True,True
287,057,13.0906827,80.2838594,258916949,660,0.9396256309248525,real_osm_road_node,synthetic,S09,hypothetical community bins,0.0,258916949,True,1679.0624785925738,153.7712433378562,179.92905766772748,21,847.4257090878649,1,True,True
288,057,13.092034,80.2841934,3672798658,1100,0.9304341958021762,real_osm_road_node,synthetic,S09,hypothetical community bins,0.0,3672798658,True,1792.4813115051813,153.7712433378562,133.04257924632913,22,953.4759194111531,1,True,True
289,057,13.0897704,80.2793411,3681672609,660,0.5561399212305266,real_osm_road_node,synthetic,S09,hypothetical community bins,0.0,3681672609,True,1222.291202460395,418.82164506420185,48.67656167885351,19,621.1472633879818,1,True,True
290,057,13.0941505,80.2840665,10933187062,660,0.8117080782455085,real_osm_road_node,synthetic,S09,hypothetical community bins,0.0,10933187062,True,1927.9261007271261,234.47880592562578,32.502352676628654,32,720.0813172593546,1,True,True
291,058,13.0868898,80.2591714,333218928,660,0.8451156604246636,real_osm_road_node,synthetic,S09,hypothetical community bins,0.0,333218928,True,1332.7210952697774,585.1333635389702,557.0915994155503,0,387.99515935560225,1,True,True
292,058,13.0873518,80.2707382,2249215802,660,0.8829641987393356,real_osm_road_node,synthetic,S09,hypothetical community bins,82.35546160629251,2214510355,True,517.27310614534,475.7861308866578,545.576868530353,0,106.46007991106373,1,True,True
293,058,13.0852436,80.2665941,10542355413,660,0.7353246293549909,real_osm_road_node,synthetic,S09,hypothetical community bins,0.0,10542355413,True,527.0260207626037,144.7746267131336,496.32625870471935,1,333.6708840424754,1,True,True
294,058,13.0843627,80.2675819,11420101013,240,0.8669089985039211,real_osm_road_node,synthetic,S09,hypothetical community bins,0.0,11420101013,True,385.0122818080687,144.7746267131336,387.228262343246,3,276.2278220558574,1,True,True
295,058,13.0816368,80.2598149,11593774036,660,0.9179425035818022,real_osm_road_node,synthetic,S09,hypothetical community bins,0.0,11593774036,True,1184.8672530386573,497.5017336581459,470.86515179362345,1,68.43603106361184,1,True,True
296,059,13.0762045,80.2790161,309061755,660,1.0828457785813,real_osm_road_node,synthetic,S09,hypothetical community bins,0.0,309061755,True,1154.5402129290578,338.64852225933663,679.3861756502444,0,235.6464782678705,1,True,True
297,059,13.0840791,80.2778981,600643473,1100,1.3848068193603686,real_osm_road_node,synthetic,S09,hypothetical community bins,0.0,600643473,True,794.5539325343323,568.3234854881659,31.623061119419393,16,189.02841343533478,1,True,True
298,059,13.0784789,80.2752449,966544020,1100,0.8307082576714269,real_osm_road_node,synthetic,S09,hypothetical community bins,9.75627909049015,10918138022,True,680.1618983556033,263.4195216718337,432.6965947475088,4,21.368246648129297,1,True,True
299,059,13.0662883,80.2689925,11786022493,240,1.1367567739467177,real_osm_road_node,synthetic,S09,hypothetical community bins,0.0,11786022493,True,1834.2453393166722,382.45351939883597,101.19080494186346,3,560.6824638471546,1,True,True
300,059,13.0789472,80.2776272,12213569522,660,0.7369831000656557,real_osm_road_node,synthetic,S09,hypothetical community bins,0.0,12213569522,True,858.5199532930247,263.4195216718337,369.37613784913054,6,2.549349853260778,1,True,True
301,060,13.0858778,80.2893593,30237373,660,0.6741685213183516,real_osm_road_node,synthetic,S09,hypothetical community bins,0.0,30237373,True,2051.611988744412,798.6850471318056,343.3598131782965,7,1052.6053960978088,1,True,True
302,060,13.1015125,80.2940183,254122047,660,0.9183695652803258,real_osm_road_node,synthetic,S09,hypothetical community bins,0.0,254122047,True,3279.315040902756,500.31718074251546,161.6947354765012,7,447.0201278204887,1,True,False
303,060,13.0789113,80.2819268,9572798773,660,0.7216005386234824,real_osm_road_node,synthetic,S09,hypothetical community bins,0.0,9572798773,True,1286.8817319578536,11.922268240802376,564.5013756422466,0,68.44681983618003,1,True,True
304,060,13.0789407,80.2820326,9572798777,660,0.8221716847254309,real_osm_road_node,synthetic,S09,hypothetical community bins,0.0,9572798777,True,1296.6572181569472,11.922268240802376,571.0947947264785,0,79.6893271743615,1,True,True
305,060,13.096261,80.2901506,9873684069,1100,0.7992173918304754,real_osm_road_node,synthetic,S09,hypothetical community bins,0.0,9873684069,True,2590.6802625846485,220.8978733966304,21.810533103937438,20,467.15927193718056,1,True,False
306,061,13.0781006,80.2633186,2197640122,660,1.1487676382086334,real_osm_road_node,synthetic,S09,hypothetical community bins,0.0,2197640122,True,949.0656495721637,290.18092440732744,189.21923640928108,7,202.05319628805407,1,True,True
307,061,13.0761544,80.2651137,10942180709,660,0.9028587105228872,real_osm_road_node,synthetic,S09,hypothetical community bins,0.0,10942180709,True,946.4867119528458,182.24020366259163,89.63375545143765,8,179.56077642264566,1,True,True
308,061,13.0783742,80.2566557,11495672414,660,0.7368450388140305,real_osm_road_node,synthetic,S09,hypothetical community bins,89.86455778334076,11495672462,True,1595.3739064234903,386.0939661059337,355.09651419486136,4,250.00140648618623,1,True,True
309,061,13.0752735,80.258292,11495672521,660,1.597559823279533,real_osm_road_node,synthetic,S09,hypothetical community bins,16.821914803933847,11495672519,True,1577.351299830556,142.43889253295626,29.551479956686954,9,90.25335867428038,1,True,True
310,061,13.0758218,80.2594808,13432318288,660,1.4574242409724094,real_osm_road_node,synthetic,S09,hypothetical community bins,146.37337712180815,11495672519,False,1435.8107785130976,142.43889253295626,166.83540997199023,9,33.94402217810919,1,True,False
311,062,13.0769946,80.2665597,248468148,240,0.9000620577308323,real_osm_road_node,synthetic,S09,hypothetical community bins,0.0,248468148,True,776.8995485246804,182.24020366259163,245.53909600835587,5,300.25464672626384,1,True,True
312,062,13.0778198,80.2703422,248468233,660,0.9580585857600918,real_osm_road_node,synthetic,S09,hypothetical community bins,0.0,248468233,True,544.035491768229,157.80488718915444,273.9968030539783,5,104.49211561138006,1,True,True
313,062,13.0747338,80.2665531,2241832997,660,1.7619056907409016,real_osm_road_node,synthetic,S09,hypothetical community bins,0.0,2241832997,True,993.1675863558415,221.4441084869592,306.603517753779,5,129.30186809910882,1,True,True
314,062,13.0779706,80.2688948,3672835985,660,0.716781322861928,real_osm_road_node,synthetic,S09,hypothetical community bins,0.0,3672835985,True,561.0559314393836,157.80488718915444,274.44923690358456,5,105.9631702153759,1,True,True
315,062,13.0789242,80.2675473,10270761707,660,1.3445080823445323,real_osm_road_node,synthetic,S09,hypothetical community bins,0.0,10270761707,True,541.1784134929,180.18030517005243,214.27720771455742,6,195.45531654905628,1,True,True
316,063,13.060269,80.2678379,259057844,1100,0.9994340583876364,real_osm_road_node,synthetic,S09,hypothetical community bins,0.0,259057844,True,2513.404739893869,164.37263903004384,438.2250169037898,1,250.40434893533205,1,True,False
317,063,13.0692218,80.2647493,266204304,660,1.1466515486991522,real_osm_road_node,synthetic,S09,hypothetical community bins,0.0,266204304,True,1631.423892633463,241.8035472631806,214.20442648561257,1,83.09666196191273,1,True,True
318,063,13.07088,80.2662029,2241930178,1100,0.7516028326194756,real_osm_road_node,synthetic,S09,hypothetical community bins,0.0,2241930178,True,1401.6781162173952,241.8035472631806,119.9884075580401,1,240.22757776272803,1,True,True
319,063,13.0600724,80.2663352,11038777487,660,0.7809055421837103,real_osm_road_node,synthetic,S09,hypothetical community bins,75.99296523690778,11939180189,True,2560.1053638200597,164.37263903004384,375.49331589959013,2,86.04478803450971,1,True,False
320,063,13.0643256,80.2658662,12625054048,240,1.3203679203543066,real_osm_road_node,synthetic,S09,hypothetical community bins,0.0,12625054048,True,2109.155999808728,381.55239021413723,87.90617392564302,3,364.75575007864927,1,True,True
321,064,13.1155734,80.2122101,1516388429,660,0.6634011198538207,real_osm_road_node,synthetic,S09,hypothetical community bins,0.0,1516388429,True,7313.557019763984,524.6644960562109,1449.410539728857,0,359.8087798169919,1,True,False
322,064,13.1140346,80.2076081,2272421755,1100,0.6620176746655511,real_osm_road_node,synthetic,S09,hypothetical community bins,0.0,2272421755,True,7670.039457141569,214.65462030958307,1147.7287903217384,0,880.7661134543073,1,True,False
323,064,13.127893,80.2092286,7809328949,660,0.8613510371608412,real_osm_road_node,synthetic,S09,hypothetical community bins,0.0,7809328949,True,8341.005009832492,136.68886105526778,818.2564552430989,0,458.51003278408575,1,True,False
324,064,13.125456,80.2015424,10291068765,240,0.7639330791297656,real_osm_road_node,synthetic,S09,hypothetical community bins,0.0,10291068765,True,8871.239406827055,404.3058618090556,8.566651196929042,6,9.12737367743984,1,True,False
325,064,13.1290348,80.2117717,11032124253,660,0.8798782850535147,real_osm_road_node,synthetic,S09,hypothetical community bins,0.0,11032124253,True,8202.021145350063,222.23928423778108,1086.1083640308889,0,704.5596080308915,1,True,False
326,065,13.120921,80.2186954,1391029103,660,1.0975361488928295,real_osm_road_node,synthetic,S09,hypothetical community bins,0.0,1391029103,True,7055.713836982137,200.3761965165473,1896.8242502228907,0,395.71820703341166,1,True,False
327,065,13.1236415,80.2140779,3820325520,1100,1.4744250220673294,real_osm_road_node,synthetic,S09,hypothetical community bins,0.0,3820325520,True,7637.312535955116,535.1975679855643,1365.872701572762,0,751.9690854344245,1,True,False
328,065,13.1230621,80.2203897,7152011410,660,1.27032871907555,real_osm_road_node,synthetic,S09,hypothetical community bins,0.0,7152011410,True,7059.032868553562,299.67369384402906,2052.1276453114106,0,658.1513166775354,1,True,False
329,065,13.1190186,80.2155374,7812605002,1100,1.0058290741478122,real_osm_road_node,synthetic,S09,hypothetical community bins,0.0,7812605002,True,7211.07113432927,336.27621122132774,1620.4297223316664,0,216.86586800763317,1,True,False
330,065,13.1191101,80.2186382,11054517755,1100,0.8439042375694346,real_osm_road_node,synthetic,S09,hypothetical community bins,0.0,11054517755,True,6941.334133290089,200.3761965165473,1936.9679126178692,0,195.34378371802856,1,True,False
331,066,13.1258145,80.2320996,2166687911,660,1.2053485824254715,real_osm_road_node,synthetic,S09,hypothetical community bins,0.0,2166687911,True,6360.758001896534,143.9439209796955,1048.6456509346533,0,1553.0506043636196,1,True,False
332,066,13.126777,80.2209938,5306054648,660,1.4091574288005213,real_osm_road_node,synthetic,S09,hypothetical community bins,0.0,5306054648,True,7280.063284804608,131.28789754254603,2086.7793547482156,0,1072.334090813917,1,True,False
333,066,13.1286257,80.2185841,7809373520,660,0.8747503657101257,real_osm_road_node,synthetic,S09,hypothetical community bins,0.0,7809373520,True,7611.44637209372,258.0631895476032,1825.8959254823776,0,1247.208588604964,1,True,False
334,066,13.126616,80.2197938,11036927004,660,1.6889981892375663,real_osm_road_node,synthetic,S09,hypothetical community bins,0.0,11036927004,True,7364.7973653674335,131.28789754254603,1956.5422045493701,0,1032.3792288464754,1,True,False
335,066,13.1244768,80.2247513,11041602397,1100,1.2933262188990469,real_osm_road_node,synthetic,S09,hypothetical community bins,0.0,11041602397,True,6807.515807641189,480.2174649202161,1854.6837292013581,0,1024.926224309419,1,True,False
336,067,13.1245429,80.2323827,2166687876,660,0.7695375910665585,real_osm_road_node,synthetic,S09,hypothetical community bins,0.0,2166687876,True,6234.4361518251735,143.9439209796955,1073.0368168675423,0,1471.2702195562222,1,True,False
337,067,13.1174742,80.2393078,2166981596,240,1.6027833505734028,real_osm_road_node,synthetic,S09,hypothetical community bins,0.0,2166981596,True,5148.8055272922,529.1273292716447,1046.5718817046056,0,640.1674752292756,1,True,False
338,067,13.1193149,80.2342317,2272265122,1100,1.123152436190171,real_osm_road_node,synthetic,S09,hypothetical community bins,0.0,2272265122,True,5672.311938105335,156.36403436657108,1296.3200346681974,0,1161.948996161076,1,True,False
339,067,13.1179213,80.2339886,7822889372,1100,1.1364735839805018,real_osm_road_node,synthetic,S09,hypothetical community bins,0.0,7822889372,True,5580.866344598195,49.60703276679892,1357.0808669427938,0,1196.385083824517,1,True,False
340,067,13.1178706,80.2344433,11617878927,660,0.894803767092899,real_osm_road_node,synthetic,S09,hypothetical community bins,49.43096639183678,11617878926,True,5541.9121339883195,49.60703276679892,1322.41106950891,0,1148.142950241245,1,True,False
341,068,13.1118877,80.2168872,2172986494,660,0.9787528840598607,real_osm_road_node,synthetic,S09,hypothetical community bins,0.0,2172986494,True,6670.805121169154,541.9263962066408,1362.9766256863259,0,451.249180990162,1,True,False
342,068,13.1121087,80.2299392,7822928089,660,0.8239573304483089,real_osm_road_node,synthetic,S09,hypothetical community bins,0.0,7822928089,True,5493.74732998439,181.34762211304175,1351.8026631302855,0,1020.6686349608232,1,True,False
343,068,13.1195974,80.2262087,7822975946,1100,0.6815376482672368,real_osm_road_node,synthetic,S09,hypothetical community bins,0.0,7822975946,True,6328.534007459467,196.09965457165148,1924.319409760915,0,849.4239939549019,1,True,False
344,068,13.1195533,80.2244002,9189349293,1100,0.795035179095643,real_osm_road_node,synthetic,S09,hypothetical community bins,0.0,9189349293,True,6475.800407243701,196.09965457165148,2095.7774704589456,0,662.7187773357318,1,True,False
345,068,13.1147803,80.2276042,9679839187,660,0.7403915142640548,real_osm_road_node,synthetic,S09,hypothetical community bins,0.0,9679839187,True,5874.422033779921,389.06414399230493,1695.9985961981706,0,986.675348356662,1,True,False
346,069,13.1084166,80.2338758,1262356145,660,1.0060824135097413,real_osm_road_node,synthetic,S09,hypothetical community bins,0.0,1262356145,True,4907.403451594778,374.9566801759971,858.9629618814224,0,481.237953375218,1,True,False
347,069,13.1109373,80.2361889,2166980930,660,1.0604281923713261,real_osm_road_node,synthetic,S09,hypothetical community bins,0.0,2166980930,True,4881.453272875269,52.54612338031405,672.9796394878397,0,566.2434203780344,1,True,False
348,069,13.111212,80.2365844,2166980956,1100,0.8054358823383224,real_osm_road_node,synthetic,S09,hypothetical community bins,0.0,2166980956,True,4868.568516671512,52.54612338031405,648.8638961495619,0,578.9023344684256,1,True,False
349,069,13.1119534,80.2316046,7822928094,1100,0.7338181404586477,real_osm_road_node,synthetic,S09,hypothetical community bins,0.0,7822928094,True,5339.354622905011,181.34762211304175,1175.4596462512914,0,923.8603808891421,1,True,False
350,069,13.1095421,80.2298597,9189432834,660,0.8788651404583754,real_osm_road_node,synthetic,S09,hypothetical community bins,0.0,9189432834,True,5335.960937019322,283.98832301618495,1301.1721189091604,0,737.860979541318,1,True,False
351,070,13.1235688,80.2440778,2166748796,660,1.0718347321073076,real_osm_road_node,synthetic,S09,hypothetical community bins,0.0,2166748796,True,5381.851177298935,615.4216883066074,650.5074667742047,0,412.57331522704027,1,True,False
352,070,13.1180052,80.2441838,9189482827,240,0.8446801038022521,real_osm_road_node,synthetic,S09,hypothetical community bins,0.0,9189482827,True,4863.99300284095,531.8063988458215,1080.8593333028718,0,154.5384664647472,1,True,False
353,070,13.1117098,80.2424329,11409447315,660,1.5949797111831765,real_osm_road_node,synthetic,S09,hypothetical community bins,0.0,11409447315,True,4447.196376269623,92.82765876999018,379.87061260839613,2,534.215009754299,1,True,False
354,070,13.112131,80.2416922,11409467716,660,1.6832980219567222,real_osm_road_node,synthetic,S09,hypothetical community bins,0.0,11409467716,True,4536.462552980809,92.82765876999018,420.34874003913865,1,578.8180544967239,1,True,False
355,070,13.0998412,80.2393368,11434224158,240,1.0872758795806083,real_osm_road_node,synthetic,S09,hypothetical community bins,0.0,11434224158,True,3895.008086623658,284.09372468604727,976.2200186605388,0,53.21275022274394,1,True,False
356,071,13.1118028,80.2454075,344424392,660,1.2474809656014572,real_osm_road_node,synthetic,S09,hypothetical community bins,0.0,344424392,True,4239.771717139188,322.61553170169424,401.8836211539927,3,343.5437176640526,1,True,False
357,071,13.1055668,80.2469085,611743117,1100,1.1371161958124054,real_osm_road_node,synthetic,S09,hypothetical community bins,0.0,611743117,True,3620.0291563571345,318.9895724848165,315.1084925857015,3,296.46215940886947,1,True,False
358,071,13.1055205,80.2534109,11517079486,660,1.1423762015501158,real_osm_road_node,synthetic,S09,hypothetical community bins,0.0,11517079486,True,3153.5993802146627,73.06513643277047,900.1661385951586,0,20.802740358220074,1,True,False
359,071,13.1078462,80.251999,11821468590,1100,1.1128487685877022,real_osm_road_node,synthetic,S09,hypothetical community bins,90.57178288302775,11821540213,True,3452.608244840963,299.30687821550816,702.1424358017535,0,251.95269107528813,1,True,False
360,071,13.1083203,80.2421669,12706542879,660,1.0522487062598194,real_osm_road_node,synthetic,S09,hypothetical community bins,0.0,12706542879,True,4203.025248670512,234.15662541699038,39.89062401125987,4,167.90644578423237,1,True,False
361,072,13.1077214,80.2648252,610889024,660,1.0653944371366042,real_osm_road_node,synthetic,S09,hypothetical community bins,0.0,610889024,True,2854.0773129549934,200.75087014422158,1045.738283031555,0,63.23235440704619,1,True,False
362,072,13.101686,80.270563,610889125,660,1.3596641829653078,real_osm_road_node,synthetic,S09,hypothetical community bins,0.0,610889125,True,2111.1990185047866,454.9606460625801,409.8867068335568,2,404.6035235645004,1,True,True
363,072,13.1077478,80.2666769,11612863336,660,1.3148804755250252,real_osm_road_node,synthetic,S09,hypothetical community bins,0.0,11612863336,True,2819.0639034379865,200.75087014422158,867.893116319338,0,92.43453645381646,1,True,False
364,072,13.1058095,80.2632312,11687208673,660,0.7429585734537232,real_osm_road_node,synthetic,S09,hypothetical community bins,0.0,11687208673,True,2693.968335940579,73.45677339943019,845.9466349394161,0,171.7629485761585,1,True,False
365,072,13.1059767,80.2625754,11687208680,1100,1.3392317532692317,real_osm_road_node,synthetic,S09,hypothetical community bins,0.0,11687208680,True,2733.7354097547063,73.45677339943019,835.2366165988725,0,243.18763188128443,1,True,False
366,073,13.0976924,80.2535918,344454201,1100,1.0086767648789412,real_osm_road_node,synthetic,S09,hypothetical community bins,8.416261428460855,611550006,True,2492.475682336693,194.97674434066965,694.6739184299225,0,399.3594711493552,1,True,False
367,073,13.0999166,80.2646422,610828377,1100,1.3746931799719624,real_osm_road_node,synthetic,S09,hypothetical community bins,0.0,610828377,True,2023.7035572778739,254.12735495087074,528.3233373895557,0,148.38926389927076,1,True,True
368,073,13.097871,80.2518025,11292801140,1100,1.2383001203989585,real_osm_road_node,synthetic,S09,hypothetical community bins,0.0,11292801140,True,2652.3105462255267,82.87073008239955,883.0383479124231,0,329.233533295588,1,True,False
369,073,13.0996757,80.2520062,11692230755,1100,1.1807138215423898,real_osm_road_node,synthetic,S09,hypothetical community bins,0.0,11692230755,True,2768.071052748133,200.81060663553842,857.843271776665,0,131.53906601725257,1,True,False
370,073,13.1048734,80.2532751,11822112635,660,1.2087416157688708,real_osm_road_node,synthetic,S09,hypothetical community bins,0.0,11822112635,True,3104.9155180030566,73.06513643277047,911.5268580659374,0,20.97822870253354,1,True,False
371,074,13.1026586,80.2503575,311350195,660,0.9167189763734972,real_osm_road_node,synthetic,S09,hypothetical community bins,0.0,311350195,True,3127.1845269170417,375.2015962052224,795.5559359861738,0,114.02160214730016,1,True,False
372,074,13.1027948,80.2460955,2271871050,240,1.0538608041312074,real_osm_road_node,synthetic,S09,hypothetical community bins,0.0,2271871050,True,3477.606508249532,252.4431310085734,587.0157660839416,0,23.533804445201987,1,True,False
373,074,13.1035163,80.2438862,9189432853,660,1.1895794908577906,real_osm_road_node,synthetic,S09,hypothetical community bins,0.0,9189432853,True,3713.647198518852,252.4431310085734,529.5072540314075,0,0.0,1,True,False
374,074,13.1064096,80.2430974,9416855160,1100,0.6761576857384114,real_osm_road_node,synthetic,S09,hypothetical community bins,0.0,9416855160,True,3985.9015417489472,234.15662541699038,254.94502625606728,4,25.924768324870787,1,True,False
375,074,13.0962828,80.2502145,11692344456,1100,0.7734219063115785,real_osm_road_node,synthetic,S09,hypothetical community bins,0.0,11692344456,True,2683.9794527663657,164.79956511932056,926.1271522210475,0,123.50164321016408,1,True,False
376,075,13.0947619,80.2458551,618619905,660,0.8427363554701475,real_osm_road_node,synthetic,S09,hypothetical community bins,0.0,618619905,True,3006.589194491002,198.78007751948482,540.0251280048061,0,45.83623685567067,1,True,False
377,075,13.0889564,80.2426818,618743803,660,0.6539530670752464,real_osm_road_node,synthetic,S09,hypothetical community bins,0.0,618743803,True,3113.300405810022,162.15351605342713,231.3998042901988,3,103.83169406913426,1,True,False
378,075,13.0938451,80.2411789,9596798951,240,1.1053681595776874,real_osm_road_node,synthetic,S09,hypothetical community bins,0.0,9596798951,True,3429.0934165941867,168.8541961082498,551.1032401138317,0,348.60191709218356,1,True,False
379,075,13.0925644,80.2469406,11045724477,660,0.9221386724979507,real_osm_road_node,synthetic,S09,hypothetical community bins,0.0,11045724477,True,2797.320401326393,270.0264447325262,383.2268461106762,1,2.625120872245286,1,True,False
380,075,13.0935054,80.244544,11176020930,240,0.6704238468168398,real_osm_road_node,synthetic,S09,hypothetical community bins,0.0,11176020930,True,3077.1296022929355,198.78007751948482,380.48210127585935,1,94.20477735792836,1,True,False
381,076,13.0913878,80.2530383,276518300,1100,1.6097549036244296,real_osm_road_node,synthetic,S09,hypothetical community bins,0.0,276518300,True,2142.9782557257404,109.06612268433541,626.3847959387175,0,286.72321807299585,1,True,True
382,076,13.0966674,80.2556261,344454283,660,0.7104407008248361,real_osm_road_node,synthetic,S09,hypothetical community bins,0.0,344454283,True,2253.3266442944796,247.96352080696448,523.1820490259602,0,416.5552756815646,1,True,True
383,076,13.0944897,80.2610002,610963202,1100,1.0739280332695584,real_osm_road_node,synthetic,S09,hypothetical community bins,0.0,610963202,True,1679.9567482562854,272.2836223115787,232.4010160963131,3,4.450781044976246,1,True,True
384,076,13.092141,80.2536877,2174581506,660,1.0942711359758182,real_osm_road_node,synthetic,S09,hypothetical community bins,0.0,2174581506,True,2120.622280909057,109.06612268433541,699.8069928812914,0,394.01858266079614,1,True,True
385,076,13.0972562,80.2513655,9921938896,1100,0.6761195117553063,real_osm_road_node,synthetic,S09,hypothetical community bins,0.0,9921938896,True,2646.6521004911583,82.87073008239955,940.795062535158,0,272.0174585189151,1,True,False
386,077,13.097619,80.2646734,610828268,1100,0.915205935683571,real_osm_road_node,synthetic,S09,hypothetical community bins,0.0,610828268,True,1782.7062433353328,254.12735495087074,538.6681630168647,0,54.874899509109134,1,True,True
387,077,13.0989285,80.2619798,610828324,660,0.7713477441986575,real_osm_road_node,synthetic,S09,hypothetical community bins,0.0,610828324,True,2036.7351850725252,308.6171445149876,227.6627267717886,1,159.29375418554562,1,True,True
388,077,13.092873,80.2689956,10277778741,660,1.5687104913389176,real_osm_road_node,synthetic,S09,hypothetical community bins,0.0,10277778741,True,1146.1492266496355,116.68270324900459,785.8440327965145,0,200.2505970581727,1,True,True
389,077,13.0940109,80.2684607,11292812957,660,1.4411484640614656,real_osm_road_node,synthetic,S09,hypothetical community bins,0.0,11292812957,True,1280.8853217912676,138.5641334581052,802.706127281098,0,64.46785461635025,1,True,True
390,077,13.0944743,80.2646032,11721802858,660,1.0537963435678375,real_osm_road_node,synthetic,S09,hypothetical community bins,0.0,11721802858,True,1466.3355343166406,245.9437342194425,430.62087344543386,1,152.36168137906802,1,True,True
391,078,13.0918181,80.2655687,254498031,1100,1.382196159010801,real_osm_road_node,synthetic,S09,hypothetical community bins,0.0,254498031,True,1156.2131951391586,135.13695917518766,473.625346296886,1,373.06586374808103,1,True,True
392,078,13.0930358,80.2589733,11363829211,660,0.8684106423181094,real_osm_road_node,synthetic,S09,hypothetical community bins,14.552573787798448,11363847025,True,1712.8813185659274,272.2836223115787,171.98452360696922,3,203.0868840537852,1,True,True
393,078,13.0922589,80.2644061,11721452157,660,1.1191455465946145,real_osm_road_node,synthetic,S09,hypothetical community bins,0.0,11721452157,True,1262.7093634260355,135.13695917518766,343.5336153553277,3,371.3063007728631,1,True,True
394,078,13.0910572,80.264162,11721802782,1100,1.0277021213958248,real_osm_road_node,synthetic,S09,hypothetical community bins,0.0,11721802782,True,1168.3231810198047,135.51183848891841,349.87386798510227,3,505.0417786761273,1,True,True
395,078,13.0919356,80.2694895,13337811021,660,0.643319140024282,real_osm_road_node,synthetic,S09,hypothetical community bins,0.0,13337811021,True,1035.2867916581743,116.68270324900459,712.9654456984223,0,316.7650716336211,1,True,True
396,079,13.1362647,80.154557,3887387525,660,1.0077927788339087,real_osm_road_node,synthetic,S09,hypothetical community bins,0.0,3887387525,True,13916.89477308334,406.1876292459277,1118.1701376602539,0,1709.459560728689,1,True,False
397,079,13.1269717,80.1517337,5251921535,1100,0.4364805620265421,real_osm_road_node,synthetic,S09,hypothetical community bins,0.0,5251921535,True,13792.378317971303,411.5499949122599,202.96380833644383,2,1063.606442356459,1,True,False
398,079,13.1322147,80.1516573,5251924423,1100,0.6707835493865292,real_osm_road_node,synthetic,S09,hypothetical community bins,0.0,5251924423,True,14018.53182690384,423.3735900811377,691.1927464023915,0,1467.0962649872577,1,True,False
399,079,13.1322325,80.1555631,7805363516,240,1.1803810380135535,real_osm_road_node,synthetic,S09,hypothetical community bins,0.0,7805363516,True,13631.342825681417,423.3735900811377,704.3210645006503,0,1254.1961444929113,1,True,False
400,079,13.1399068,80.1550391,7806007780,660,1.0740417152947481,real_osm_road_node,synthetic,S09,hypothetical community bins,0.0,7806007780,True,14048.318123716192,406.1876292459277,1524.295627154244,0,1837.6947116187596,1,True,False
401,080,13.1314455,80.1620411,3884818786,1100,0.8993239250908504,real_osm_road_node,synthetic,S09,hypothetical community bins,0.0,3884818786,True,12955.861508372791,264.2895908155808,1097.3508576781674,0,1092.643363514049,1,True,False
402,080,13.1257808,80.1619328,5397700408,1100,0.8759979274021328,real_osm_road_node,synthetic,S09,hypothetical community bins,0.0,5397700408,True,12716.217667466406,160.38738367951228,570.0269356054426,0,469.9748799632295,1,True,False
403,080,13.1243621,80.1622394,7805363531,1100,0.631100624732973,real_osm_road_node,synthetic,S09,hypothetical community bins,0.0,7805363531,True,12626.770490762743,160.38738367951228,440.4242801189452,1,321.9449792905739,1,True,False
404,080,13.1284441,80.1587981,7806194944,240,1.044457317530804,real_osm_road_node,synthetic,S09,hypothetical community bins,0.0,7806194944,True,13143.010817326009,449.6918379176988,631.0890744489343,0,751.4322609391363,1,True,False
405,080,13.1338351,80.1620294,12121685986,660,0.9125728914639252,real_osm_road_node,synthetic,S09,hypothetical community bins,0.0,12121685986,True,13070.343231526234,264.2895908155808,1255.9777197418884,0,1354.4973000100706,1,True,False
406,081,13.1169358,80.153148,402591022,1100,0.884985936869183,real_osm_road_node,synthetic,S09,hypothetical community bins,0.0,402591022,True,13288.010166478225,338.052427822063,117.22945264892013,3,344.2232120926566,1,True,False
407,081,13.1189191,80.1555209,402593764,660,0.9182349531169023,real_osm_road_node,synthetic,S09,hypothetical community bins,0.0,402593764,True,13108.02282193077,338.052427822063,195.0329757868725,3,424.901152144021,1,True,False
408,081,13.1180841,80.1598905,2287071896,660,0.6801561242530879,real_osm_road_node,synthetic,S09,hypothetical community bins,0.0,2287071896,True,12629.302700603941,197.74612822724538,177.07689867704204,2,312.25269988448724,1,True,False
409,081,13.1236582,80.150006,7059352535,660,0.9170871121536404,real_osm_road_node,synthetic,S09,hypothetical community bins,0.0,7059352535,True,13841.842256701935,411.5499949122599,73.21795843379473,2,1100.7692228397625,1,True,False
410,081,13.1219632,80.1573892,11166538979,1100,0.7844089477896182,real_osm_road_node,synthetic,S09,hypothetical community bins,0.0,11166538979,True,13025.06898791275,361.0847940396623,327.67643900426583,2,280.9837257047265,1,True,False
411,082,13.1150718,80.1565489,2225197790,660,0.9483119702923625,real_osm_road_node,synthetic,S09,hypothetical community bins,0.0,2225197790,True,12876.128740142469,361.11719151698264,250.51337949420164,2,20.050427495975264,1,True,False
412,082,13.1195215,80.1609754,2228243562,660,1.015745093099548,real_osm_road_node,synthetic,S09,hypothetical community bins,0.0,2228243562,True,12568.828763296802,197.74612822724538,32.12134212263641,2,138.0663367256221,1,True,False
413,082,13.1184277,80.1657505,3669739052,660,0.9601509512751203,real_osm_road_node,synthetic,S09,hypothetical community bins,0.0,3669739052,True,12040.41294506755,531.5714525238204,519.8903472335517,0,548.533796032337,1,True,False
414,082,13.1230974,80.1605128,6307316458,660,0.6137763740129164,real_osm_road_node,synthetic,S09,hypothetical community bins,0.0,6307316458,True,12750.714380256351,233.65340844760325,244.10770434924112,2,155.62310094363872,1,True,False
415,082,13.1214054,80.170746,7823047127,660,0.8209972043205972,real_osm_road_node,synthetic,S09,hypothetical community bins,0.0,7823047127,True,11649.23600238277,633.7923340136391,1080.6578291462533,0,699.5349931563869,1,True,False
416,083,13.1284632,80.1994216,3890282601,660,1.4613068989861904,real_osm_road_node,synthetic,S09,hypothetical community bins,0.0,3890282601,True,9245.687174933255,307.16877105845947,232.026741332787,5,0.0,1,True,False
417,083,13.115878,80.1964125,3890405217,660,1.4629732087521266,real_osm_road_node,synthetic,S09,hypothetical community bins,0.0,3890405217,True,8850.966485806333,514.1855849787345,342.2479538641939,2,822.6729423505914,1,True,False
418,083,13.1214501,80.1941596,3890421595,660,1.5258568009058626,real_osm_road_node,synthetic,S09,hypothetical community bins,0.0,3890421595,True,9342.330558889596,561.0678947875161,531.7487934270758,0,405.87120265735575,1,True,False
419,083,13.1200499,80.1991345,6305101491,1100,0.876743837267833,real_osm_road_node,synthetic,S09,hypothetical community bins,0.0,6305101491,True,8793.17744927578,547.6816686892156,200.49647285266943,2,299.22582484859316,1,True,False
420,083,13.1262343,80.1923859,14002428397,660,1.3303025503956558,real_osm_road_node,synthetic,S09,hypothetical community bins,157.32090390113143,7823041542,False,9765.586263213667,562.9703523784134,990.2449356233827,0,0.0,1,True,False
421,084,13.1090458,80.18032,331292982,240,0.7229493698440062,real_osm_road_node,synthetic,S09,hypothetical community bins,0.0,331292982,True,10217.40424005933,268.2224647258602,1679.809708267216,0,887.7488571272393,1,True,False
422,084,13.1110544,80.1817066,3890305628,1100,0.558586531734577,real_osm_road_node,synthetic,S09,hypothetical community bins,0.0,3890305628,True,10140.794218130062,268.2224647258602,1943.7558122806702,0,1110.9395037138281,1,True,False
423,084,13.1042735,80.1806313,6776504644,660,0.8492449639504448,real_osm_road_node,synthetic,S09,hypothetical community bins,0.0,6776504644,True,10045.435092852642,125.81821439036746,1230.559629135723,0,358.8670317420847,1,True,False
424,084,13.112007,80.1852108,11032124224,1100,0.879317531216818,real_osm_road_node,synthetic,S09,hypothetical community bins,0.0,11032124224,True,9815.441225064813,394.20611393060756,1567.9094073632727,0,1299.3132292903654,1,True,False
425,084,13.1049655,80.1797101,11173810891,1100,1.0236054217913968,real_osm_road_node,synthetic,S09,hypothetical community bins,0.0,11173810891,True,10160.807351806588,125.81821439036746,1244.0969318229515,0,443.0260900601075,1,True,False
426,085,13.1089429,80.1540441,2225197726,660,0.5619142612942359,real_osm_road_node,synthetic,S09,hypothetical community bins,0.0,2225197726,True,12966.797741128848,371.6490242785207,758.2423612347652,0,399.84243830760846,1,True,False
427,085,13.1121545,80.1550528,2225197759,660,0.5737459526873716,real_osm_road_node,synthetic,S09,hypothetical community bins,0.0,2225197759,True,12946.00255992365,361.11719151698264,409.27476245322595,1,98.21937613824278,1,True,False
428,085,13.1047162,80.16843,5263081963,240,0.6359825805617464,real_osm_road_node,synthetic,S09,hypothetical community bins,0.0,5263081963,True,11343.559834636571,1013.0518123764051,1239.5301276318642,0,1123.8185957293779,1,True,False
429,085,13.108613,80.1579744,7822766172,240,0.7390116408120739,real_osm_road_node,synthetic,S09,hypothetical community bins,0.0,7822766172,True,12543.949494641025,427.6242486068186,836.1791040623663,0,377.5566436725536,1,True,False
430,085,13.111332,80.1515762,12914819154,1100,0.6829175914164705,real_osm_road_node,synthetic,S09,hypothetical community bins,0.0,12914819154,True,13288.43126329024,376.02063577009534,578.114801498012,0,483.6233431803366,1,True,False
431,086,13.0833541,80.1591992,1977806971,660,0.8365498945302223,real_osm_road_node,synthetic,S09,hypothetical community bins,0.0,1977806971,True,12076.71974393991,830.6588703407997,872.9291452159842,0,663.3168696680741,1,True,False
432,086,13.0996413,80.1574078,5263066121,660,0.6942363614873873,real_osm_road_node,synthetic,S09,hypothetical community bins,0.0,5263066121,True,12413.882583590157,308.9642577431093,36.041295239449774,2,184.06517163927657,1,True,False
433,086,13.0987324,80.1770005,7027621008,660,0.8150420355416746,real_osm_road_node,synthetic,S09,hypothetical community bins,0.0,7027621008,True,10303.544653262501,493.3217232718192,502.80790851931704,0,286.79701466366413,1,True,False
434,086,13.0935811,80.1751041,7169397613,660,1.4920386625241155,real_osm_road_node,synthetic,S09,hypothetical community bins,0.0,7169397613,True,10424.103591680683,243.26536548032118,188.84935659167837,1,783.9792586401401,1,True,False
435,086,13.1010665,80.159859,11430306768,660,1.4017275497991843,real_osm_road_node,synthetic,S09,hypothetical community bins,0.0,11430306768,True,12177.086167798012,308.9642577431093,308.95073367499333,2,318.3949229966033,1,True,False
436,087,13.093318,80.1773319,1184293254,240,0.7561083377656552,real_osm_road_node,synthetic,S09,hypothetical community bins,0.0,1184293254,True,10181.05917826143,243.26536548032118,386.0686413439942,1,687.878006509748,1,True,False
437,087,13.1004783,80.1843303,6776244369,660,0.8800826067796529,real_osm_road_node,synthetic,S09,hypothetical community bins,0.0,6776244369,True,9560.865476517296,153.3192338053009,998.2197230013514,0,347.2772015853163,1,True,False
438,087,13.1029908,80.1840511,7048253892,660,1.5030675246339673,real_osm_road_node,synthetic,S09,hypothetical community bins,0.0,7048253892,True,9651.865918041838,279.5205400151226,1247.7821418146318,0,402.72809598969855,1,True,False
439,087,13.095054,80.1795744,7802844828,660,1.505482172275199,real_osm_road_node,synthetic,S09,hypothetical community bins,0.0,7802844828,True,9964.598456332658,309.78452404040894,577.0075324412434,0,424.5333593905678,1,True,False
440,087,13.0990975,80.1842047,7803206452,660,1.3036010070887458,real_osm_road_node,synthetic,S09,hypothetical community bins,0.0,7803206452,True,9543.681061559353,153.3192338053009,889.2026968669159,0,308.72491666558324,1,True,False
441,088,13.0943398,80.1874634,598271500,1100,0.6367706330309956,real_osm_road_node,synthetic,S09,hypothetical community bins,0.0,598271500,True,9107.478857681832,309.8338529439447,281.7293666547903,1,382.0357415444372,1,True,False
442,088,13.0978387,80.1951007,2174339211,660,0.5716997534984836,real_osm_road_node,synthetic,S09,hypothetical community bins,0.0,2174339211,True,8359.067386011022,60.81926917558317,769.8057043342055,0,209.35215918952557,1,True,False
443,088,13.0983883,80.1951197,7800651315,660,0.9503904674195941,real_osm_road_node,synthetic,S09,hypothetical community bins,0.0,7800651315,True,8369.566718262458,60.81926917558317,812.9303350657051,0,166.72031694818438,1,True,False
444,088,13.0997002,80.1865529,12149652904,660,1.4871435014424796,real_osm_road_node,synthetic,S09,hypothetical community bins,1.7243080706150833,7803206458,True,9307.53877960719,255.8546953586175,798.8516887223914,0,566.4535879546694,1,True,False
445,088,13.1012126,80.1943025,14039542235,660,0.7274768838381934,real_osm_road_node,synthetic,S09,hypothetical community bins,0.0,14039542235,True,8526.429701301664,324.68061197737535,1010.7018048143815,0,115.63401373029939,1,True,False
446,089,13.0913639,80.1792576,1184293310,1100,1.2729465147577566,real_osm_road_node,synthetic,S09,hypothetical community bins,0.0,1184293310,True,9950.587136980237,300.486053362844,504.43123315597427,0,823.7273969647558,1,True,False
447,089,13.0908672,80.1871279,2174339031,1100,0.9681735883989958,real_osm_road_node,synthetic,S09,hypothetical community bins,0.0,2174339031,True,9096.88744115987,75.9491870260729,363.4255056603207,4,360.5541798260795,1,True,False
448,089,13.0910906,80.1886525,2174339040,660,1.3994817278302962,real_osm_road_node,synthetic,S09,hypothetical community bins,0.0,2174339040,True,8935.158376267376,165.50353066809535,265.42002933190963,4,195.04815556092768,1,True,False
449,089,13.0915503,80.1871997,2174339056,1100,1.581839901024355,real_osm_road_node,synthetic,S09,hypothetical community bins,0.0,2174339056,True,9097.040710139509,75.9491870260729,336.09085087280084,3,355.09019760071783,1,True,False
450,089,13.0897986,80.1833151,11782516039,660,1.420131884866834,real_osm_road_node,synthetic,S09,hypothetical community bins,0.0,11782516039,True,9497.274332866684,429.9186433922641,256.34124042623046,1,776.4555840338637,1,True,False
451,090,13.082614,80.1899034,3903734469,660,1.371172804548521,real_osm_road_node,synthetic,S09,hypothetical community bins,0.0,3903734469,True,8750.988775533135,212.0020101837552,536.5517756808115,0,183.12725383727468,1,True,False
452,090,13.0878596,80.1950624,6588111896,660,0.9992741465651083,real_osm_road_node,synthetic,S09,hypothetical community bins,0.0,6588111896,True,8212.196451079115,313.30962633305467,37.33174208919102,4,93.96374184103361,1,True,False
453,090,13.0825272,80.1937875,6802372972,240,1.0286618471991051,real_osm_road_node,synthetic,S09,hypothetical community bins,0.0,6802372972,True,8330.324933460166,324.6787315223323,381.5112548999739,2,0.0,1,True,False
454,090,13.0854527,80.1935383,7800570734,660,0.9370516459276202,real_osm_road_node,synthetic,S09,hypothetical community bins,0.0,7800570734,True,8362.847114777094,313.30962633305467,233.7002263758547,3,155.3240994363102,1,True,False
455,090,13.079847,80.1898644,7821654508,660,1.1530066658086888,real_osm_road_node,synthetic,S09,hypothetical community bins,0.0,7821654508,True,8761.002276362891,142.97127205750192,765.7761660743945,0,249.5536085490056,1,True,False
456,091,13.0854166,80.1694388,1952411370,240,0.8708914449537973,real_osm_road_node,synthetic,S09,hypothetical community bins,0.0,1952411370,True,10971.576796369081,802.4143772432484,403.0874025724005,1,1059.5156607815898,1,True,False
457,091,13.0802646,80.176876,1952433713,660,1.4180065781367324,real_osm_road_node,synthetic,S09,hypothetical community bins,0.0,1952433713,True,10165.621777124335,55.533466249928175,459.6804147861863,1,584.4537865411068,1,True,False
458,091,13.0738071,80.1811559,7823176140,660,1.5122503940080685,real_osm_road_node,synthetic,S09,hypothetical community bins,0.0,7823176140,True,9748.86787587242,343.19026923205774,687.882257077385,0,440.87631079603284,1,True,False
459,091,13.0770197,80.1765502,11613186331,660,1.4116200159997159,real_osm_road_node,synthetic,S09,hypothetical community bins,0.0,11613186331,True,10216.91082497798,202.32613374278026,561.6027432363295,0,224.89316383747942,1,True,False
460,091,13.0754476,80.1775045,11806428874,660,1.3801931991608287,real_osm_road_node,synthetic,S09,hypothetical community bins,0.0,11806428874,True,10126.202601235009,202.32613374278026,707.7089734602088,0,134.06020309378516,1,True,False
461,092,13.0855185,80.1770938,1952411378,660,0.7982742479653495,real_osm_road_node,synthetic,S09,hypothetical community bins,0.0,1952411378,True,10143.159249879931,248.3440917665799,264.78598941832155,3,1164.4019473186247,1,True,False
462,092,13.0844694,80.1791191,7800541797,240,0.8664861975317919,real_osm_road_node,synthetic,S09,hypothetical community bins,0.0,7800541797,True,9920.932020096401,248.3440917665799,173.28290592451052,4,1040.246130596065,1,True,False
463,092,13.0786283,80.1778225,7821983813,660,0.6173986426052613,real_osm_road_node,synthetic,S09,hypothetical community bins,0.0,7821983813,True,10069.71615950773,157.76741871458069,487.4836121784891,1,439.2576761478943,1,True,False
464,092,13.0780629,80.1824265,11057689465,660,0.6471544761406154,real_osm_road_node,synthetic,S09,hypothetical community bins,0.0,11057689465,True,9574.779654743006,186.4342148756757,314.45438701362673,1,283.9933356501392,1,True,False
465,092,13.0799501,80.1772753,11806321434,660,0.8593719997084895,real_osm_road_node,synthetic,S09,hypothetical community bins,0.0,11806321434,True,10123.391660520905,55.533466249928175,455.6307916385904,2,558.3686713285673,1,True,False
466,093,13.078568,80.190056,2174338363,660,1.234844476564922,real_osm_road_node,synthetic,S09,hypothetical community bins,0.0,2174338363,True,8746.603229498278,142.97127205750192,762.6038506765233,0,108.75845373553285,1,True,False
467,093,13.0832851,80.1880717,2174338647,660,1.1861062091271815,real_osm_road_node,synthetic,S09,hypothetical community bins,0.0,2174338647,True,8949.597099385326,212.0020101837552,421.61575614014913,2,329.19894649389335,1,True,False
468,093,13.080731,80.1849738,7800774782,1100,1.0125955043812955,real_osm_road_node,synthetic,S09,hypothetical community bins,0.0,7800774782,True,9287.519130521194,404.160978250432,352.59299906590786,1,320.9170058869405,1,True,False
469,093,13.0764289,80.1828491,7821946700,660,1.6575824163015824,real_osm_road_node,synthetic,S09,hypothetical community bins,0.0,7821946700,True,9540.662730818069,186.4342148756757,500.88797523067444,0,203.57134236803378,1,True,False
470,093,13.0747806,80.1909558,13525498059,660,1.8,real_osm_road_node,synthetic,S09,hypothetical community bins,0.0,13525498059,True,8681.911013570707,430.08676336946047,487.3451173009044,1,82.36997975223613,1,True,False
471,094,13.1046268,80.2001154,2168732272,660,0.5971143281937519,real_osm_road_node,synthetic,S09,hypothetical community bins,0.0,2168732272,True,8023.986849690128,309.35473653496234,870.0125265766987,0,822.2872995896714,1,True,False
472,094,13.1097231,80.1989598,2168732427,1100,0.8794479589649236,real_osm_road_node,synthetic,S09,hypothetical community bins,0.0,2168732427,True,8330.471580076299,240.71061582602755,977.6526970616053,0,1181.174565744509,1,True,False
473,094,13.1118975,80.1988633,2168732473,240,0.7129376474114201,real_osm_road_node,synthetic,S09,hypothetical community bins,0.0,2168732473,True,8430.31582925853,240.71061582602755,737.4533815035235,0,1201.2087952010727,1,True,False
474,094,13.1160213,80.2065686,2272421879,660,0.8294067760669193,real_osm_road_node,synthetic,S09,hypothetical community bins,0.0,2272421879,True,7872.008569947714,187.6649923781102,962.0420085909055,0,966.7821471527408,1,True,False
475,094,13.1145535,80.2057,7812388524,660,1.3577520953165774,real_osm_road_node,synthetic,S09,hypothetical community bins,0.0,7812388524,True,7880.456179655072,187.6649923781102,937.2432240874302,0,1073.8914765432328,1,True,False
476,095,13.1015472,80.1994532,3599988327,660,0.7087005645147316,real_osm_road_node,synthetic,S09,hypothetical community bins,0.0,3599988327,True,7995.887655680243,164.42861766533719,942.5708669953539,0,607.6885891615439,1,True,False
477,095,13.1009175,80.2008272,4803446082,660,0.6267888704058225,real_osm_road_node,synthetic,S09,hypothetical community bins,0.0,4803446082,True,7833.988753308284,164.42861766533719,814.9146610531051,0,742.4272614989354,1,True,False
478,095,13.1066455,80.20733,9819171346,1100,1.2128077697640895,real_osm_road_node,synthetic,S09,hypothetical community bins,0.0,9819171346,True,7361.587790228018,657.4671694266284,394.7669859104045,2,500.32500347504924,1,True,False
479,095,13.1088552,80.2129604,10901563809,1100,0.6791820312138199,real_osm_road_node,synthetic,S09,hypothetical community bins,0.0,10901563809,True,6896.596830516442,541.9263962066408,830.5079430549159,0,740.685691533782,1,True,False
480,095,13.1030198,80.2024511,12150875795,1100,0.61595358086241,real_osm_road_node,synthetic,S09,hypothetical community bins,0.0,12150875795,True,7729.272848838304,291.63532130991615,601.1862392166535,0,739.987035145467,1,True,False
481,096,13.1018221,80.2236238,2172986160,660,0.7089911523798494,real_osm_road_node,synthetic,S09,hypothetical community bins,0.0,2172986160,True,5524.17136595711,236.35213945073065,1264.0149996802602,0,0.0,1,True,False
482,096,13.1083036,80.2242267,10279513766,1100,0.6839886809624542,real_osm_road_node,synthetic,S09,hypothetical community bins,0.0,10279513766,True,5782.6041767871875,625.8098091351792,1816.719146518824,0,527.8527608698724,1,True,False
483,096,13.0990483,80.2142373,10901554486,660,0.482486888615737,real_osm_road_node,synthetic,S09,hypothetical community bins,0.0,10901554486,True,6379.677926669541,882.3292407664211,748.1920377453736,0,2.0622228985054365,1,True,False
484,096,13.0988945,80.2231833,11786016459,660,0.6333832413639435,real_osm_road_node,synthetic,S09,hypothetical community bins,0.0,11786016459,True,5452.262384682865,252.46193328249518,975.4915624453231,0,14.06131925728969,1,True,False
485,096,13.1002267,80.2250744,11907659158,1100,0.6004959011610875,real_osm_road_node,synthetic,S09,hypothetical community bins,0.0,11907659158,True,5311.905212787514,236.35213945073065,1222.407623876114,0,0.0,1,True,False
486,097,13.0965483,80.2219663,618619939,240,0.7552076641000376,real_osm_road_node,synthetic,S09,hypothetical community bins,0.0,618619939,True,5498.175247065954,240.01919077678204,696.3610764803861,0,5.441040296945545,1,True,False
487,097,13.0924592,80.2298847,618736425,660,0.5635808893791499,real_osm_road_node,synthetic,S09,hypothetical community bins,0.0,618736425,True,4551.81562574263,100.45133739385061,1050.2017422018048,0,860.7074980825744,1,True,False
488,097,13.096615,80.2331315,618736655,660,0.810468063174696,real_osm_road_node,synthetic,S09,hypothetical community bins,0.0,618736655,True,4353.146438928147,454.9426236315811,1428.7818147657435,0,547.1789789798739,1,True,False
489,097,13.0933667,80.2298466,1954173284,660,1.2074463253157266,real_osm_road_node,synthetic,S09,hypothetical community bins,0.0,1954173284,True,4580.899948182813,100.45133739385061,1135.615261665931,0,761.4233803879632,1,True,False
490,097,13.0953599,80.2271059,11917575525,660,0.8546295099633969,real_osm_road_node,synthetic,S09,hypothetical community bins,0.0,11917575525,True,4926.891181635277,369.9642876315131,1069.5669227537967,0,535.4072745613543,1,True,False
491,098,13.0879843,80.2415621,618619823,1100,1.1690633531530132,real_osm_road_node,synthetic,S09,hypothetical community bins,0.0,618619823,True,3210.0921534042045,162.15351605342713,392.2384243334939,3,224.3426087988868,1,True,False
492,098,13.0980005,80.2375089,618620148,660,0.6863099106743809,real_osm_road_node,synthetic,S09,hypothetical community bins,0.0,618620148,True,3977.0551532431496,56.43931541779131,1158.9655079101833,0,49.380272453248445,1,True,False
493,098,13.0981685,80.2370173,10248266827,1100,1.146697996544187,real_osm_road_node,synthetic,S09,hypothetical community bins,0.0,10248266827,True,4033.1749170696007,56.43931541779131,1208.1742180647284,0,103.1597477299107,1,True,False
494,098,13.0953158,80.2407607,10266827648,660,1.472818037868307,real_osm_road_node,synthetic,S09,hypothetical community bins,67.34782383958718,344420302,True,3533.0412415590627,168.8541961082498,707.6527134853364,0,397.8395086229678,1,True,False
495,098,13.0946415,80.2373171,11690668044,1100,1.5212463646420604,real_osm_road_node,synthetic,S09,hypothetical community bins,0.0,11690668044,True,3851.690366459694,372.0747712791805,927.9538455716684,0,383.56906318503843,1,True,False
496,099,13.0893314,80.2530827,254498097,660,1.542345306944786,real_osm_road_node,synthetic,S09,hypothetical community bins,0.0,254498097,True,2045.6065926001668,178.30104183652796,404.14584941978643,1,235.37398312930756,1,True,True
497,099,13.089127,80.2514513,344454478,660,0.9598686471769168,real_osm_road_node,synthetic,S09,hypothetical community bins,0.0,344454478,True,2203.863953956816,178.30104183652796,467.40123093530974,1,61.0345646585779,1,True,True
498,099,13.0816468,80.2546839,611733904,1100,1.4117342709209049,real_osm_road_node,synthetic,S09,hypothetical community bins,0.0,611733904,True,1738.6367600761605,420.3529199579936,466.2249599375061,1,134.42331197947348,1,True,True
499,099,13.0767679,80.2474184,1280646974,1100,1.733477809686829,real_osm_road_node,synthetic,S09,hypothetical community bins,0.0,1280646974,True,2606.4779165930836,68.82579007073751,498.13022284904525,1,262.05397938736655,1,True,False
500,099,13.0762342,80.2470919,1280647058,660,1.0300769097724938,real_osm_road_node,synthetic,S09,hypothetical community bins,0.0,1280647058,True,2656.153179648219,68.82579007073751,518.9388549839454,0,203.705919910107,1,True,False
501,100,13.0808759,80.2416907,384508849,240,0.9619857800073874,real_osm_road_node,synthetic,S09,hypothetical community bins,0.0,384508849,True,3148.5139085984283,460.0878406383376,219.9418496404735,3,7.61484274207241,1,True,False
502,100,13.0855851,80.2443288,2174592569,660,0.5752015779622792,real_osm_road_node,synthetic,S09,hypothetical community bins,0.0,2174592569,True,2874.1761163414444,400.46679956190536,64.96395944346493,4,305.2636442117503,1,True,False
503,100,13.0821999,80.2376676,2174652547,660,0.6282975885562014,real_osm_road_node,synthetic,S09,hypothetical community bins,0.0,2174652547,True,3578.135071847944,292.1230228971402,286.63710639100174,2,262.77984501772727,1,True,False
504,100,13.0827628,80.235035,11786222433,660,0.5203260284490201,real_osm_road_node,synthetic,S09,hypothetical community bins,0.0,11786222433,True,3862.838847053489,292.1230228971402,537.7398944104758,0,335.4036475292828,1,True,False
505,100,13.0764149,80.2337821,13982514551,1100,0.8366423140742982,real_osm_road_node,synthetic,S09,hypothetical community bins,6.825613653862493,13982514552,True,4059.198880492737,623.2207485853231,774.7810451700126,0,311.81331573890805,1,True,False
506,101,13.0898949,80.2263071,259847118,240,0.9829068404920897,real_osm_road_node,synthetic,S09,hypothetical community bins,0.0,259847118,True,4874.177510858069,448.54682156568737,636.3131223236353,0,634.2684590641508,1,True,False
507,101,13.0818739,80.2271242,343168174,660,1.1447629821666696,real_osm_road_node,synthetic,S09,hypothetical community bins,0.0,343168174,True,4720.543943635741,129.49381452862485,252.16268854358069,4,286.2725514945648,1,True,False
508,101,13.0870551,80.229261,2174600370,240,1.052378304298092,real_osm_road_node,synthetic,S09,hypothetical community bins,0.0,2174600370,True,4514.218388893468,448.54682156568737,560.1870918155752,0,309.5922423678825,1,True,False
509,101,13.0740294,80.2272419,11597662069,1100,1.2524879173725065,real_osm_road_node,synthetic,S09,hypothetical community bins,0.0,11597662069,True,4804.703208867597,112.72767821019822,104.63595850222588,2,419.05211014838187,1,True,False
510,101,13.0830312,80.2273055,11836934609,660,0.9841091801188111,real_osm_road_node,synthetic,S09,hypothetical community bins,0.0,11836934609,True,4700.146950921088,129.49381452862485,202.12174802772302,4,210.9683601547663,1,True,False
511,102,13.0748287,80.2183293,331960371,1100,0.9079334691398236,real_osm_road_node,synthetic,S09,hypothetical community bins,12.837517804955402,1165550843,True,5739.4269341478575,198.29866239389176,362.267432084233,2,190.26872686462917,1,True,False
512,102,13.0784109,80.2198721,1281883030,1100,1.1811166227318972,real_osm_road_node,synthetic,S09,hypothetical community bins,0.0,1281883030,True,5525.776333454552,56.94727041245802,505.0175042356915,0,248.2887781900813,1,True,False
513,102,13.0779503,80.2196373,1281883040,1100,1.2304796456397773,real_osm_road_node,synthetic,S09,hypothetical community bins,0.0,1281883040,True,5555.752746315249,56.94727041245802,531.0712374493256,0,213.6824487937368,1,True,False
514,102,13.0944249,80.2215089,2174473665,240,1.397266613668108,real_osm_road_node,synthetic,S09,hypothetical community bins,0.0,2174473665,True,5484.903768401226,240.01919077678204,496.34061198879266,1,99.73791586641637,1,True,False
515,102,13.0800164,80.219982,11601596552,660,0.9888718018974325,real_osm_road_node,synthetic,S09,hypothetical community bins,0.0,11601596552,True,5501.3340688047265,177.9623108818843,406.52674023422827,2,325.3633331717532,1,True,False
516,103,13.0911038,80.2126433,262452112,660,0.7104504359851773,real_osm_road_node,synthetic,S09,hypothetical community bins,0.0,262452112,True,6357.000264743702,718.9461975250083,157.16464532130726,1,363.4393597020833,1,True,False
517,103,13.08396,80.2154079,288722533,660,0.6179113723346532,real_osm_road_node,synthetic,S09,hypothetical community bins,0.0,288722533,True,5990.243873830781,416.8416451536318,267.11483513517203,5,391.93400824694174,1,True,False
518,103,13.0788711,80.2121103,295544020,1100,0.8751027044510913,real_osm_road_node,synthetic,S09,hypothetical community bins,0.0,295544020,True,6360.095139225689,442.523472929843,257.3636213631683,2,253.98806651039385,1,True,False
519,103,13.0810534,80.2178556,343158123,1100,0.5786010409114966,real_osm_road_node,synthetic,S09,hypothetical community bins,0.0,343158123,True,5726.459972465194,257.4882145223731,201.0455261398821,1,309.39465727474845,1,True,False
520,103,13.0788077,80.2164682,1281882937,660,0.7677225689215017,real_osm_road_node,synthetic,S09,hypothetical community bins,0.0,1281882937,True,5889.750708160003,290.3642927238432,463.9256021744869,1,82.15102798219876,1,True,False
521,104,13.0922296,80.2028616,295544572,660,0.9765162577370314,real_osm_road_node,synthetic,S09,hypothetical community bins,0.0,295544572,True,7423.371218055404,442.6850548150494,403.66416697072145,1,91.70193944668155,1,True,False
522,104,13.0959143,80.2044566,2173036315,660,1.348601251489607,real_osm_road_node,synthetic,S09,hypothetical community bins,0.0,2173036315,True,7323.4690311184895,442.6850548150494,596.9492740846567,0,497.6942603050792,1,True,False
523,104,13.0852925,80.2029767,6583203806,660,0.8616483315744723,real_osm_road_node,synthetic,S09,hypothetical community bins,0.0,6583203806,True,7340.652683493608,146.25030739540952,27.845150543737677,8,192.1934887558349,1,True,False
524,104,13.0897587,80.2061552,11659436390,660,1.8,real_osm_road_node,synthetic,S09,hypothetical community bins,0.0,11659436390,True,7034.593800208997,449.63790101795144,119.3041157006148,2,2.292694353898567,1,True,False
525,104,13.0841094,80.2035793,11659436454,660,1.7183176242145959,real_osm_road_node,synthetic,S09,hypothetical community bins,0.0,11659436454,True,7271.430102944039,146.25030739540952,93.1058147550795,7,317.7872305187968,1,True,False
526,105,13.0770625,80.2084694,339997060,660,0.9172225280510848,real_osm_road_node,synthetic,S09,hypothetical community bins,0.0,339997060,True,6769.285438004133,158.9850380403614,139.6331757920499,3,486.4834598238517,1,True,False
527,105,13.0698703,80.2139417,2168734326,660,0.9523411171282447,real_osm_road_node,synthetic,S09,hypothetical community bins,0.0,2168734326,True,6310.939232847717,187.52013873543797,531.7166025571759,0,486.77447110697983,1,True,False
528,105,13.0748548,80.2086815,2174473572,660,1.0404567016172268,real_osm_road_node,synthetic,S09,hypothetical community bins,0.0,2174473572,True,6773.663033368955,96.3980185426595,261.84929672756766,4,360.2469801035597,1,True,False
529,105,13.069512,80.2122512,11340611168,660,0.795244442662162,real_osm_road_node,synthetic,S09,hypothetical community bins,0.0,11340611168,True,6498.311646440649,187.52013873543797,451.08861554692925,2,438.3218134241908,1,True,False
530,105,13.0756945,80.2089199,11919659535,660,0.8130823158323669,real_osm_road_node,synthetic,S09,hypothetical community bins,0.0,11919659535,True,6736.612281399702,96.3980185426595,233.26389733017862,4,364.161636791814,1,True,False
531,106,13.0627064,80.2148129,383178732,1100,0.9361249599858438,real_osm_road_node,synthetic,S09,hypothetical community bins,0.0,383178732,True,6448.652271049122,174.39339593155856,132.21274752492127,3,127.46338378554164,1,True,False
532,106,13.0628667,80.2175164,388125814,1100,0.7002843765103581,real_osm_road_node,synthetic,S09,hypothetical community bins,0.0,388125814,True,6168.2077714042025,286.06460982233386,423.3213635294529,2,323.77589050589245,1,True,False
533,106,13.0631122,80.2120289,9189488915,1100,1.5055992540157266,real_osm_road_node,synthetic,S09,hypothetical community bins,0.0,9189488915,True,6717.74205003588,305.16990771826204,173.05335517024952,2,251.02984858038093,1,True,False
534,106,13.0651499,80.2187562,11033770194,660,1.2443349334099874,real_osm_road_node,synthetic,S09,hypothetical community bins,0.0,11033770194,True,5955.004171407158,286.06460982233386,202.63807826704448,1,197.99189812340668,1,True,False
535,106,13.0611592,80.2145025,11818357806,1100,0.8127770901227142,real_osm_road_node,synthetic,S09,hypothetical community bins,0.0,11818357806,True,6541.258586146782,174.39339593155856,216.95435857181,2,8.9390790215472,1,True,False
536,107,13.0735676,80.2248966,310736072,240,0.8351771350411175,real_osm_road_node,synthetic,S09,hypothetical community bins,0.0,310736072,True,5063.86617767348,259.35290292283844,117.56222909554963,6,314.55517215757504,1,True,False
537,107,13.0738485,80.2198608,1983971981,660,0.8669395744970985,real_osm_road_node,synthetic,S09,hypothetical community bins,0.0,1983971981,True,5593.703203312495,198.29866239389176,168.57259084862991,2,364.61972650316517,1,True,False
538,107,13.0689482,80.2224534,11597488508,660,0.5358973335573747,real_osm_road_node,synthetic,S09,hypothetical community bins,7.809108234437856,11597488507,True,5444.80812708539,543.8948770439727,254.44413164933317,5,0.0,1,True,False
539,107,13.0730102,80.2272297,11794404875,1100,1.038166679697716,real_osm_road_node,synthetic,S09,hypothetical community bins,0.0,11794404875,True,4830.01844159667,112.72767821019822,132.4812351794808,5,325.6208247615256,1,True,False
540,107,13.0717421,80.2165725,12025350685,1100,0.8905918305308206,real_osm_road_node,synthetic,S09,hypothetical community bins,0.0,12025350685,True,5987.895991021252,352.43792424998065,354.5289838551731,1,485.1527673156662,1,True,False
541,108,13.073583,80.244779,310732146,1100,1.7740942551681063,real_osm_road_node,synthetic,S09,hypothetical community bins,0.0,310732146,True,2984.9470883100385,70.12995479120671,645.1040508890247,0,155.6235010141925,1,True,False
542,108,13.0734739,80.2454162,1280646848,1100,1.4553925956209368,real_osm_road_node,synthetic,S09,hypothetical community bins,0.0,1280646848,True,2924.362037971673,70.12995479120671,575.9692625610662,0,183.57174024890998,1,True,False
543,108,13.0692989,80.2428468,5455799478,660,1.1124122180087188,real_osm_road_node,synthetic,S09,hypothetical community bins,30.331804138349135,1280646926,True,3364.781383689667,382.56488562462863,381.15320562250355,6,488.6114557142479,1,True,False
544,108,13.0710402,80.2320549,11056644986,660,1.265451782625148,real_osm_road_node,synthetic,S09,hypothetical community bins,0.0,11056644986,True,4381.900195537855,449.35499236893736,151.7756716633415,1,610.8063113082084,1,True,False
545,108,13.0752886,80.250721,14030747290,1100,1.8,real_osm_road_node,synthetic,S09,hypothetical community bins,27.95115161469987,14030753127,True,2315.5489929050486,393.6652562777386,331.74748774407357,4,228.445362025903,1,True,False
546,109,13.0670031,80.2315875,388126156,660,1.4803377921355863,real_osm_road_node,synthetic,S09,hypothetical community bins,0.0,388126156,True,4581.838275377609,449.35499236893736,299.58922190084303,2,163.03774457804522,1,True,False
547,109,13.0594581,80.2235388,388131006,240,1.11049564619181,real_osm_road_node,synthetic,S09,hypothetical community bins,0.0,388131006,True,5724.759272313881,120.84236797157862,523.6247611234113,0,489.32221150968985,1,True,False
548,109,13.0591571,80.2224674,388131007,660,1.525839447536042,real_osm_road_node,synthetic,S09,hypothetical community bins,0.0,388131007,True,5843.464453748979,120.84236797157862,514.9474515210251,0,524.418262228253,1,True,False
549,109,13.0622925,80.2249259,6498209556,660,1.0744305044936562,real_osm_road_node,synthetic,S09,hypothetical community bins,0.0,6498209556,True,5452.569111145295,241.41270020211664,484.3166227859198,1,283.8699671492542,1,True,False
550,109,13.0644105,80.2243873,9189473082,1100,1.1190933165774364,real_osm_road_node,synthetic,S09,hypothetical community bins,0.0,9189473082,True,5412.835063704007,241.41270020211664,541.3376985952552,0,245.17534906404484,1,True,False
551,110,13.0568997,80.2424373,1975496450,1100,0.6836413992367076,real_osm_road_node,synthetic,S09,hypothetical community bins,0.0,1975496450,True,4195.435380786953,249.34829110591227,48.90252999132833,7,463.99401807033473,1,True,False
552,110,13.0546467,80.242351,2197496809,1100,1.2305360574216395,real_osm_road_node,synthetic,S09,hypothetical community bins,0.0,2197496809,True,4377.130403150028,249.34829110591227,250.50512486376027,8,226.80577469178155,1,True,False
553,110,13.0614952,80.2337848,3195430848,660,0.8182637008611913,real_osm_road_node,synthetic,S09,hypothetical community bins,0.0,3195430848,True,4641.856911857108,18.147591283814734,514.3203165524574,0,315.52065555721646,1,True,False
554,110,13.0616563,80.233753,3195430854,660,0.8989279299132457,real_osm_road_node,synthetic,S09,hypothetical community bins,0.0,3195430854,True,4635.755236806867,18.147591283814734,505.28075959359114,0,324.42404622822454,1,True,False
555,110,13.0662152,80.2412481,9908853275,660,0.9528309546658492,real_osm_road_node,synthetic,S09,hypothetical community bins,0.0,9908853275,True,3679.147294182773,382.56488562462863,105.31947610585225,9,108.77671064055139,1,True,False
556,111,13.0621011,80.2476489,243049720,660,0.8050917301171209,real_osm_road_node,synthetic,S09,hypothetical community bins,0.0,243049720,True,3388.225885615998,725.9615104659192,81.28119872606496,15,245.80553661930855,1,True,False
557,111,13.0621081,80.2631703,309182932,660,0.9822984010028603,real_osm_road_node,synthetic,S09,hypothetical community bins,0.0,309182932,True,2430.6260554063024,381.55239021413723,50.768152625797995,3,177.3918147160076,1,True,False
558,111,13.0631023,80.2542662,472021919,1100,0.7884586978809124,real_osm_road_node,synthetic,S09,hypothetical community bins,0.0,472021919,True,2813.7419971630466,725.9615104659192,357.1339203375871,5,0.0,1,True,False
559,111,13.0584266,80.2611136,2172951146,660,0.8232792443355087,real_osm_road_node,synthetic,S09,hypothetical community bins,96.37501618661665,14131220646,True,2891.9166954167063,184.38655473493742,190.61084761071544,5,364.22684068537114,1,True,False
560,111,13.0597037,80.2600204,7112119842,660,0.8547104384120748,real_osm_road_node,synthetic,S09,hypothetical community bins,94.38018473744522,259510071,True,2806.543014816428,184.38655473493742,263.6651614328441,5,377.77589856581045,1,True,False
561,112,13.0574698,80.2295595,291800118,1100,1.4296539916292987,real_osm_road_node,synthetic,S09,hypothetical community bins,0.0,291800118,True,5265.6947151587065,148.94978368712984,619.9751772283403,0,6.529923882194544,1,True,False
562,112,13.0565589,80.2274482,1954824827,660,0.7066436721287103,real_osm_road_node,synthetic,S09,hypothetical community bins,0.0,1954824827,True,5513.308965976896,197.3950475665577,426.3459425731854,1,145.6749108447098,1,True,False
563,112,13.0568826,80.2307958,1954824845,660,0.9270897502030496,real_osm_road_node,synthetic,S09,hypothetical community bins,0.0,1954824845,True,5188.710210492991,148.94978368712984,574.1363992618722,0,153.33388570244907,1,True,False
564,112,13.0583938,80.218831,1954824899,1100,0.8567224125508348,real_osm_road_node,synthetic,S09,hypothetical community bins,0.0,1954824899,True,6234.44355094152,118.03827321411009,316.36632047921506,2,524.4165578036188,1,True,False
565,112,13.0583232,80.2271729,2168615900,660,0.7617758257270774,real_osm_road_node,synthetic,S09,hypothetical community bins,0.0,2168615900,True,5438.260988578225,197.3950475665577,525.9692349571168,0,164.74638843604274,1,True,False
566,113,13.0495744,80.247566,247685068,660,1.7203314183726135,real_osm_road_node,synthetic,S09,hypothetical community bins,0.0,247685068,True,4454.927371846095,154.9342862108133,365.1992439491843,7,22.575738111839946,1,True,False
567,113,13.0509425,80.2405087,250364870,1100,0.6597999398256922,real_osm_road_node,synthetic,S09,hypothetical community bins,0.0,250364870,True,4812.904996750616,375.98566714637167,238.27239555678068,5,336.8624901848499,1,True,False
568,113,13.0505001,80.2464935,323189534,660,1.4767364056406076,real_osm_road_node,synthetic,S09,hypothetical community bins,0.0,323189534,True,4437.8309608560285,154.9342862108133,395.55725676920855,9,26.61656278055682,1,True,False
569,113,13.0598557,80.238995,1975496620,240,1.4025240390355131,real_osm_road_node,synthetic,S09,hypothetical community bins,0.0,1975496620,True,4271.467388110351,496.16494493377843,334.82797464115,2,309.98303120405313,1,True,False
570,113,13.0542249,80.249824,11593585878,660,1.4380987936136556,real_osm_road_node,synthetic,S09,hypothetical community bins,153.11294642118176,1282292930,False,3890.800412360651,547.8197659080223,64.1923591322127,10,93.98059521500367,1,True,False
571,114,13.0645892,80.2725821,259057575,660,0.7920774515643265,real_osm_road_node,synthetic,S09,hypothetical community bins,0.0,259057575,True,2024.1206983353038,188.52013179748704,158.26951524742674,12,262.8876135402266,1,True,True
572,114,13.0635775,80.2711827,259057716,660,1.2183721685089337,real_osm_road_node,synthetic,S09,hypothetical community bins,0.0,259057716,True,2126.9676582941656,188.52013179748704,252.31852904732196,8,398.23677906413366,1,True,True
573,114,13.0587881,80.2748973,259058000,660,0.9407713050491077,real_osm_road_node,synthetic,S09,hypothetical community bins,0.0,259058000,True,2697.4689217534537,265.69303889220095,84.76424539955775,8,174.54548917444853,1,True,False
574,114,13.0679422,80.2814764,663690632,660,0.8991099070881472,real_osm_road_node,synthetic,S09,hypothetical community bins,0.0,663690632,True,2013.7637250157175,380.6767758620422,565.8761722718804,0,106.47532281487415,1,True,True
575,114,13.0653649,80.2838037,2481956569,1100,1.2389042906467842,real_osm_road_node,synthetic,S09,hypothetical community bins,0.0,2481956569,True,2393.7306752470126,380.6767758620422,632.0578454773855,0,227.73872026484125,1,True,False
576,115,13.057682,80.2696647,259502678,660,1.6635996581346424,real_osm_road_node,synthetic,S09,hypothetical community bins,0.0,259502678,True,2784.1339025317748,238.03674842647976,350.13497689832695,1,293.22689400148556,1,True,False
577,115,13.0538058,80.2696462,259502752,1100,0.8830156590302467,real_osm_road_node,synthetic,S09,hypothetical community bins,0.0,259502752,True,3214.9153481772487,235.498856797865,90.55668665523055,1,119.96297794377661,1,True,False
578,115,13.0565167,80.2715105,259502800,1100,1.34651592878962,real_osm_road_node,synthetic,S09,hypothetical community bins,0.0,259502800,True,2912.7733716192456,238.03674842647976,271.94673989587676,4,316.8040721341025,1,True,False
579,115,13.055457,80.2644525,414712828,1100,0.779306313434314,real_osm_road_node,synthetic,S09,hypothetical community bins,0.0,414712828,True,3103.945236141699,375.04644981661585,550.1077202505218,0,19.02880194016878,1,True,False
580,115,13.0550548,80.2678871,2217293952,1100,0.7576650508845851,real_osm_road_node,synthetic,S09,hypothetical community bins,0.0,2217293952,True,3089.068146549511,235.498856797865,238.75202637441635,1,14.410437167587506,1,True,False
581,116,13.0581789,80.2772677,247691295,240,0.9998772492407494,real_osm_road_node,synthetic,S09,hypothetical community bins,0.0,247691295,True,2817.893088567735,208.99567342788836,75.45728677646146,7,316.7060768830274,1,True,False
582,116,13.0549371,80.2737977,259057928,1100,1.2298207301712243,real_osm_road_node,synthetic,S09,hypothetical community bins,0.0,259057928,True,3105.2738130043954,303.34494810952793,169.7814830311072,4,473.3557642491254,1,True,False
583,116,13.0563564,80.2777773,259058148,660,1.013755092183918,real_osm_road_node,synthetic,S09,hypothetical community bins,0.0,259058148,True,3027.917915993766,84.062106210673,270.04818338233264,6,314.4816880494311,1,True,False
584,116,13.0570729,80.2796971,3724693468,660,0.624447269189911,real_osm_road_node,synthetic,S09,hypothetical community bins,0.0,3724693468,True,3011.630929179345,150.65303617749197,364.54383572032515,4,107.19770865952354,1,True,False
585,116,13.0563032,80.2785507,11882657320,660,0.6865453753192042,real_osm_road_node,synthetic,S09,hypothetical community bins,0.0,11882657320,True,3055.8843062550486,84.062106210673,320.51513913491243,5,252.3318965586643,1,True,False
586,117,13.0457503,80.2436319,250365160,660,1.6352489127775254,real_osm_road_node,synthetic,S09,hypothetical community bins,0.0,250365160,True,5047.472701000048,141.51954892996827,155.70317531638275,11,381.4129279708761,1,True,False
587,117,13.0458656,80.2414885,1701464416,660,1.066363291907553,real_osm_road_node,synthetic,S09,hypothetical community bins,0.0,1701464416,True,5175.623923671042,232.7594712815113,56.14614191806151,11,610.9436990616366,1,True,False
588,117,13.0475999,80.2398762,1702258252,1100,1.0115178200514225,real_osm_road_node,synthetic,S09,hypothetical community bins,0.0,1702258252,True,5136.1593944907245,259.52345384185526,26.46867282398901,8,644.7559318478978,1,True,False
589,117,13.0445019,80.2439184,11052236535,1100,1.5553625545779532,real_osm_road_node,synthetic,S09,hypothetical community bins,67.11588399311715,11052236534,True,5143.536332470791,141.51954892996827,41.693735141943684,10,348.84047073980213,1,True,False
590,117,13.0369832,80.2430102,12702225686,660,1.4793961274811043,real_osm_road_node,synthetic,S09,hypothetical community bins,5.113343605017574,6497630118,True,5902.346128726484,391.8341828500325,348.58060666458323,2,133.71127243397711,1,True,False
591,118,13.0422986,80.2504083,247456641,660,1.1788568902962462,real_osm_road_node,synthetic,S09,hypothetical community bins,3.796725179816258,14119190485,True,5001.291346121501,308.00403867498073,54.096226302639934,7,0.0,1,True,False
592,118,13.0487396,80.2507266,248551248,660,1.115332530069598,real_osm_road_node,synthetic,S09,hypothetical community bins,0.0,248551248,True,4352.052112024209,354.9189388729609,298.53153238948954,7,143.2738957349,1,True,False
593,118,13.0522529,80.2628055,259662298,1100,1.4583868207936659,real_osm_road_node,synthetic,S09,hypothetical community bins,0.0,259662298,True,3491.8801817658555,396.8127904565531,626.0113584164044,0,405.7806773779805,1,True,False
594,118,13.0425168,80.2475765,9510232149,1100,0.7333046674624653,real_osm_road_node,synthetic,S09,hypothetical community bins,0.0,9510232149,True,5122.300070684382,308.00403867498073,357.85576156473974,7,21.3111511283647,1,True,False
595,118,13.0465178,80.2596492,11816476033,1100,1.2472700108592862,real_osm_road_node,synthetic,S09,hypothetical community bins,0.0,11816476033,True,4197.563003870159,616.2094704822402,101.07490628736205,10,222.44982969431507,1,True,False
596,119,13.0389443,80.2602802,243061237,660,0.6625021529826336,real_osm_road_node,synthetic,S09,hypothetical community bins,0.0,243061237,True,4994.606769710763,226.52156449955027,116.3560256370008,10,174.13132277495964,1,True,False
597,119,13.0452991,80.2684224,259773442,660,0.5954116739036058,real_osm_road_node,synthetic,S09,hypothetical community bins,0.0,259773442,True,4166.101210236065,396.3714660656699,236.1281900608958,2,375.2707073735507,1,True,False
598,119,13.0514048,80.2719521,3683332801,240,0.7518350272467068,real_osm_road_node,synthetic,S09,hypothetical community bins,0.0,3683332801,True,3482.5092869999535,197.35596974090933,404.4599403784897,1,77.63136483273702,1,True,False
599,119,13.0522285,80.2677128,11428568675,660,1.3848228674166028,real_osm_road_node,synthetic,S09,hypothetical community bins,0.0,11428568675,True,3403.690163460275,272.71903443164894,357.6874640326453,1,166.6221087094118,1,True,False
600,119,13.0480401,80.2660672,12343986717,660,0.891699791945299,real_osm_road_node,synthetic,S09,hypothetical community bins,0.0,12343986717,True,3886.5365438870895,396.3714660656699,284.4869197314796,3,331.9542474726331,1,True,False
601,120,13.0516479,80.2737553,259773566,1100,0.6767981812823729,real_osm_road_node,synthetic,S09,hypothetical community bins,0.0,259773566,True,3468.659019915325,197.35596974090933,515.406151605388,0,274.4018103504835,1,True,False
602,120,13.048227,80.2728182,2217160990,1100,0.9895669129830669,real_osm_road_node,synthetic,S09,hypothetical community bins,0.0,2217160990,True,3840.082949418956,363.7796636119436,464.28254104704496,1,311.2719779599812,1,True,False
603,120,13.0485046,80.2800291,11495020001,1100,0.8084064999408503,real_osm_road_node,synthetic,S09,hypothetical community bins,0.0,11495020001,True,3934.3361217663037,141.0407375851614,1079.9419024987048,0,985.2159098512401,1,True,False
604,120,13.0483306,80.2769236,11495020012,660,0.8082813674731699,real_osm_road_node,synthetic,S09,hypothetical community bins,0.0,11495020012,True,3880.7019460060146,217.42736232318586,906.4325809533855,0,673.2650436359362,1,True,False
605,120,13.0489724,80.278819,11722112220,660,0.7585135485445839,real_osm_road_node,synthetic,S09,hypothetical community bins,0.0,11722112220,True,3852.0661010544186,141.0407375851614,964.1923381586604,0,845.1253803208224,1,True,False
606,121,13.0414215,80.265243,259431069,1100,1.6379446628768652,real_osm_road_node,synthetic,S09,hypothetical community bins,0.0,259431069,True,4627.863303107384,44.70554239699541,359.9287599461718,5,11.637196087253653,1,True,False
607,121,13.0417183,80.2655229,259431343,660,1.2045656906732585,real_osm_road_node,synthetic,S09,hypothetical community bins,0.0,259431343,True,4591.331339675701,44.70554239699541,346.5724675355529,5,48.1914042984773,1,True,False
608,121,13.0462315,80.2802629,310728524,1100,0.7399785685350574,real_osm_road_node,synthetic,S09,hypothetical community bins,0.0,310728524,True,4185.3152098196815,252.66839214620902,1269.8615956649276,0,779.6256420351049,1,True,False
609,121,13.0426423,80.2734142,5987988106,660,0.9196590152689289,real_osm_road_node,synthetic,S09,hypothetical community bins,25.59181293232414,7680692833,True,4463.904900950337,131.21274548486616,742.0701560152747,0,689.2047328121541,1,True,False
610,121,13.044057,80.2647479,10672264356,1100,1.165905860379495,real_osm_road_node,synthetic,S09,hypothetical community bins,0.0,10672264356,True,4345.003455587478,271.95800235364203,95.63238172441513,5,75.00488965232961,1,True,False
611,122,13.0276243,80.2451043,249797970,660,1.3066310030493065,real_osm_road_node,synthetic,S09,hypothetical community bins,0.0,249797970,True,6722.506724795614,211.07305495026395,352.50999898825455,8,54.8852093489847,1,True,False
612,122,13.0281357,80.243229,9189073695,1100,1.8,real_osm_road_node,synthetic,S09,hypothetical community bins,0.0,9189073695,True,6757.697434012484,211.07305495026395,224.5129610108494,5,260.95659881795467,1,True,False
613,122,13.0298694,80.245721,11492771290,660,1.4287485574553807,real_osm_road_node,synthetic,S09,hypothetical community bins,0.0,11492771290,True,6467.66483479993,257.14609365956136,98.19451510161316,8,157.9464466244218,1,True,False
614,122,13.0300521,80.2422555,11598025958,660,1.1796374549928634,real_osm_road_node,synthetic,S09,hypothetical community bins,0.0,11598025958,True,6615.489672959522,236.7799323001181,12.499399823811668,5,302.41544466279566,1,True,False
615,122,13.0385965,80.2462274,11815976951,660,0.7952209622901303,real_osm_road_node,synthetic,S09,hypothetical community bins,0.0,11815976951,True,5574.672879070863,391.8341828500325,116.84987112612318,7,83.01710260538812,1,True,False
616,123,13.0234768,80.2553522,249798366,240,0.7773672759259946,real_osm_road_node,synthetic,S09,hypothetical community bins,0.0,249798366,True,6791.932045701897,359.55875768793095,322.10685811608846,5,256.32748108010566,1,True,False
617,123,13.0378452,80.253347,2218266283,1100,0.7051639471287584,real_osm_road_node,synthetic,S09,hypothetical community bins,0.0,2218266283,True,5330.057343028952,114.06701527702548,205.53749748071624,13,132.1558610479432,1,True,False
618,123,13.0387899,80.2581971,11640064873,660,0.5919678480962863,real_osm_road_node,synthetic,S09,hypothetical community bins,0.0,11640064873,True,5066.922563842041,226.52156449955027,110.32114306814542,12,103.02768414637829,1,True,False
619,123,13.0250539,80.2582517,11792407211,660,0.7358369745194532,real_osm_road_node,synthetic,S09,hypothetical community bins,0.0,11792407211,True,6550.247232240249,221.44378265908566,195.702334653501,4,191.51124858387814,1,True,False
620,123,13.0380144,80.2523093,11815976877,1100,0.9496080250991974,real_osm_road_node,synthetic,S09,hypothetical community bins,0.0,11815976877,True,5353.25836014033,114.06701527702548,195.93449508637974,13,89.55882985629124,1,True,False
621,124,13.0355566,80.2700849,243061457,1100,0.8519353400181437,real_osm_road_node,synthetic,S09,hypothetical community bins,0.0,243061457,True,5242.53030238187,249.20134811687407,136.4275173319068,18,37.8737376312267,1,True,False
622,124,13.0326037,80.2700477,262793221,660,0.7282247934267665,real_osm_road_node,synthetic,S09,hypothetical community bins,0.0,262793221,True,5570.902500843303,323.1570807858545,32.68721090327286,17,24.109186584426773,1,True,False
623,124,13.0302826,80.2682374,262793729,660,0.6801978762840288,real_osm_road_node,synthetic,S09,hypothetical community bins,0.0,262793729,True,5834.649788686306,323.1570807858545,219.6875645274754,16,2.2478570174858103,1,True,False
624,124,13.0354327,80.2677902,2188724594,660,0.6646258328979668,real_osm_road_node,synthetic,S09,hypothetical community bins,7.892436941771404,602309199,True,5265.326111872615,249.20134811687407,107.4079749832081,18,37.14017643678175,1,True,False
625,124,13.0383286,80.2711352,7034977526,660,0.8994136046339374,real_osm_road_node,synthetic,S09,hypothetical community bins,0.0,7034977526,True,4934.0997613017025,327.04036335583436,371.25343035946685,5,338.0918769288534,1,True,False
626,125,13.0420788,80.2744791,247973382,1100,0.7209907899670782,real_osm_road_node,synthetic,S09,hypothetical community bins,0.0,247973382,True,4535.381888895795,98.11053510542523,742.3152444985656,0,585.2025592716395,1,True,False
627,125,13.0386559,80.2759238,262792938,240,1.2533993546994446,real_osm_road_node,synthetic,S09,hypothetical community bins,0.0,262792938,True,4930.0591262821,324.8779821213525,468.67582878176137,1,302.0671206278548,1,True,False
628,125,13.0282868,80.2781063,262793603,660,1.2267145254907585,real_osm_road_node,synthetic,S09,hypothetical community bins,0.0,262793603,True,6103.427163936056,339.98903700186776,205.39458552551903,2,5.49950730482428,1,True,False
629,125,13.0411939,80.2744152,7680692800,1100,1.384089160455061,real_osm_road_node,synthetic,S09,hypothetical community bins,0.0,7680692800,True,4632.77890134237,98.11053510542523,645.3900382108524,0,543.3153582967325,1,True,False
630,125,13.0310723,80.2767798,11052330078,240,1.0948178451325847,real_osm_road_node,synthetic,S09,hypothetical community bins,0.0,11052330078,True,5778.389375717167,339.98903700186776,154.39836014202643,2,0.0,1,True,False
631,126,13.0272347,80.2693357,264031422,660,1.8,real_osm_road_node,synthetic,S09,hypothetical community bins,0.0,264031422,True,6169.23026155509,197.37871045456959,554.4674461166719,0,294.1017230382236,1,True,False
632,126,13.0253455,80.2709106,264031440,1100,1.0547770426068972,real_osm_road_node,synthetic,S09,hypothetical community bins,0.0,264031440,True,6377.570220329554,126.12964002790346,748.4606068035387,0,192.7067814214246,1,True,False
633,126,13.0254987,80.269758,264031442,240,0.9438589383057447,real_osm_road_node,synthetic,S09,hypothetical community bins,0.0,264031442,True,6361.312786486959,126.12964002790346,735.5851012801173,0,189.58352587583758,1,True,False
634,126,13.0279981,80.2623818,2215260500,240,1.296173564150733,real_osm_road_node,synthetic,S09,hypothetical community bins,0.0,2215260500,True,6148.9483462813405,517.6154738765542,176.9105959771483,2,219.55085441013,1,True,False
635,126,13.0235578,80.2782039,11576822156,1100,0.8588768693976099,real_osm_road_node,synthetic,S09,hypothetical community bins,0.0,11576822156,True,6626.355643063912,523.1100669850031,692.5675025039402,0,188.46502231604921,1,True,False
636,127,13.05606,80.1954871,290750970,660,1.4197627639050814,real_osm_road_node,synthetic,S09,hypothetical community bins,0.0,290750970,True,8668.498169924344,468.98646321433307,403.0094377475798,2,523.7432721940761,1,True,False
637,127,13.0702734,80.1978726,357930316,1100,0.6410687379645356,real_osm_road_node,synthetic,S09,hypothetical community bins,0.0,357930316,True,8008.156889366749,191.5560310197997,590.8540072807117,0,574.9429815891862,1,True,False
638,127,13.0597458,80.1933483,391522673,660,1.6389560718111802,real_osm_road_node,synthetic,S09,hypothetical community bins,0.0,391522673,True,8758.419882042082,468.98646321433307,206.5788053046291,2,952.8675798379777,1,True,False
639,127,13.0716628,80.1968177,391528349,660,1.0052460614072853,real_osm_road_node,synthetic,S09,hypothetical community bins,0.0,391528349,True,8095.846399064261,191.5560310197997,678.599944316087,0,458.0111647397772,1,True,False
640,127,13.0723772,80.200693,10567013594,660,0.8701726351532613,real_osm_road_node,synthetic,S09,hypothetical community bins,0.0,10567013594,True,7668.920264905988,384.2449892665692,264.06997011115527,6,214.604464119174,1,True,False
641,128,13.0468809,80.1893376,342747032,660,1.366650993842921,real_osm_road_node,synthetic,S09,hypothetical community bins,0.0,342747032,True,9671.130404925088,195.72780985286107,113.54451657730776,3,566.7417117918925,1,True,False
642,128,13.0525595,80.1905158,391396009,660,1.1436585009845357,real_osm_road_node,synthetic,S09,hypothetical community bins,0.0,391396009,True,9309.392001807213,363.61628374147904,166.04056018560888,2,427.73301537378404,1,True,False
643,128,13.050849,80.1933797,6305146005,240,1.3597303182653002,real_osm_road_node,synthetic,S09,hypothetical community bins,0.0,6305146005,True,9093.084939709903,363.61628374147904,257.16132723758835,4,78.33925985112677,1,True,False
644,128,13.0453284,80.1884711,11361255903,660,1.8,real_osm_road_node,synthetic,S09,hypothetical community bins,0.0,11361255903,True,9828.49449620279,195.72780985286107,267.7142360761111,4,710.6254974485298,1,True,False
645,128,13.048153,80.1876561,11380806589,1100,1.8,real_osm_road_node,synthetic,S09,hypothetical community bins,0.0,11380806589,True,9780.952038364003,230.2975674017963,200.10131611357363,4,698.8382364626009,1,True,False
646,129,13.0515401,80.205883,300218501,660,1.8,real_osm_road_node,synthetic,S09,hypothetical community bins,0.0,300218501,True,7829.121489541479,296.4974467793772,197.94929796015956,9,107.26108891459725,1,True,False
647,129,13.0486337,80.2059471,314706749,660,1.5309125578598333,real_osm_road_node,synthetic,S09,hypothetical community bins,0.0,314706749,True,7971.337750020112,321.51368718395645,36.28709634745844,8,10.34866631901069,1,True,False
648,129,13.0440942,80.2033759,3682316419,1100,1.2976536647979138,real_osm_road_node,synthetic,S09,hypothetical community bins,0.0,3682316419,True,8462.057226163393,144.65761752528775,555.5895190940511,0,28.786847901493235,1,True,False
649,129,13.0535486,80.2040718,5988959418,1100,1.413419021364199,real_osm_road_node,synthetic,S09,hypothetical community bins,0.0,5988959418,True,7911.391166647545,296.4974467793772,68.88385064350425,3,12.552514058110049,1,True,False
650,129,13.0447204,80.2046502,11083633135,660,1.6025074389961291,real_osm_road_node,synthetic,S09,hypothetical community bins,0.0,11083633135,True,8307.783064217138,154.5596074293886,430.85155829524444,1,8.202927766337808,1,True,False
651,130,13.0581375,80.2177742,1954824885,1100,0.9534862253848491,real_osm_road_node,synthetic,S09,hypothetical community bins,0.0,1954824885,True,6349.997169625264,118.03827321411009,207.294816522529,2,458.64753096568217,1,True,False
652,130,13.0494723,80.2119082,5444376204,660,0.5105001426749274,real_osm_road_node,synthetic,S09,hypothetical community bins,21.6563138605628,1168642573,True,7362.326761395153,382.4318297709261,198.89884425621165,5,118.03952077908845,1,True,False
653,130,13.0573947,80.2105932,9189483094,660,0.6514058171901613,real_osm_road_node,synthetic,S09,hypothetical community bins,0.0,9189483094,True,7092.479836662218,217.96620903325626,125.06915072460315,2,484.0888770679416,1,True,False
654,130,13.0477492,80.2088503,11411609599,660,0.7002116241997737,real_osm_road_node,synthetic,S09,hypothetical community bins,0.0,11411609599,True,7744.99150810981,156.42897388149598,195.24981018565296,6,115.1301470419083,1,True,False
655,130,13.05545,80.2109194,12638365710,1100,0.7764055696049538,real_osm_road_node,synthetic,S09,hypothetical community bins,0.0,12638365710,True,7149.019499514127,217.96620903325626,121.9028227563329,2,499.4253348013444,1,True,False
656,131,13.0344724,80.2192864,277499199,1100,0.7506997869712703,real_osm_road_node,synthetic,S09,hypothetical community bins,0.0,277499199,True,7731.294839964445,263.878886079095,199.56948997903785,9,620.6661971895174,1,True,False
657,131,13.0488121,80.2186691,298357623,1100,1.0481727532532232,real_osm_road_node,synthetic,S09,hypothetical community bins,0.0,298357623,True,6779.46805195483,132.5977830924348,611.829523301439,0,619.5546784532418,1,True,False
658,131,13.0484421,80.2175059,298357808,660,0.9216857575250395,real_osm_road_node,synthetic,S09,hypothetical community bins,0.0,298357808,True,6907.1708767948285,132.5977830924348,512.0288726568245,0,527.1686758159213,1,True,False
659,131,13.0446476,80.2200059,298357961,1100,1.1025579268567547,real_osm_road_node,synthetic,S09,hypothetical community bins,0.0,298357961,True,6932.161245327627,482.8492679099315,695.8637080949807,0,706.6239005181418,1,True,False
660,131,13.0373435,80.2175465,11799563366,660,1.8,real_osm_road_node,synthetic,S09,hypothetical community bins,0.0,11799563366,True,7654.087189301651,369.35415129985614,235.01802800663364,9,254.44317254360226,1,True,False
661,132,13.0518631,80.2247554,293552343,660,0.8736854962364082,real_osm_road_node,synthetic,S09,hypothetical community bins,0.0,293552343,True,6043.4347664159,314.8400252607334,329.46199069713504,1,545.1389607215779,1,True,False
662,132,13.0484265,80.2252373,928069023,1100,0.8660157563456696,real_osm_road_node,synthetic,S09,hypothetical community bins,0.0,928069023,True,6226.818078071859,237.0730865194595,173.09839198693942,1,331.628994094329,1,True,False
663,132,13.0494045,80.2232917,2168756202,660,1.0524057057775849,real_osm_road_node,synthetic,S09,hypothetical community bins,0.0,2168756202,True,6330.562693633698,237.0730865194595,405.4056948693357,1,556.3936289848994,1,True,False
664,132,13.0538544,80.2278472,7822140276,1100,0.8937959302431782,real_osm_road_node,synthetic,S09,hypothetical community bins,0.0,7822140276,True,5642.0266466209805,302.2201802590948,349.99909792466104,2,396.7396292549569,1,True,False
665,132,13.0486774,80.2279709,11851980438,660,1.063966531605475,real_osm_road_node,synthetic,S09,hypothetical community bins,0.0,11851980438,True,5977.700850169515,297.69941355542255,229.37577245520768,2,49.62517042767017,1,True,False
666,133,13.0427047,80.240815,250364321,240,0.6635197028345411,real_osm_road_node,synthetic,S09,hypothetical community bins,0.0,250364321,True,5500.6249933542185,357.1289319525132,158.64542720660913,14,596.3145204688217,1,True,False
667,133,13.0474538,80.2327289,864565814,1100,0.8697890964997484,real_osm_road_node,synthetic,S09,hypothetical community bins,0.0,864565814,True,5681.200991113459,533.3620360506715,227.6187965089881,2,158.35394458323643,1,True,False
668,133,13.0362747,80.2363691,2197202949,660,0.6869908240004319,real_osm_road_node,synthetic,S09,hypothetical community bins,0.0,2197202949,True,6362.196615201853,427.3608981438858,242.3441679588755,4,519.9581430407621,1,True,False
669,133,13.0407701,80.2308739,13360836215,1100,0.8391695414649135,real_osm_road_node,synthetic,S09,hypothetical community bins,85.84137886394846,13744376716,True,6351.967272516849,344.46346840553485,34.049315499144456,13,53.65566153106608,1,True,False
670,133,13.0350969,80.2298299,14070407310,1100,1.4872867867968556,real_osm_road_node,synthetic,S09,hypothetical community bins,0.0,14070407310,True,6900.4854628687,87.70045832931548,80.36277462551723,10,78.40457478346028,1,True,False
671,134,13.0378236,80.22499,298358105,1100,1.1521605148357559,real_osm_road_node,synthetic,S09,hypothetical community bins,0.0,298358105,True,7029.594954431656,111.05287553548649,391.5554051084261,2,589.3204007064078,1,True,False
672,134,13.0362037,80.2239293,298358113,660,0.8514680720166257,real_osm_road_node,synthetic,S09,hypothetical community bins,0.0,298358113,True,7238.536146649086,191.02922634529,371.1929130527877,1,604.3424503347128,1,True,False
673,134,13.0383526,80.2241195,298358229,240,1.430963507998978,real_osm_road_node,synthetic,S09,hypothetical community bins,0.0,298358229,True,7055.081358368698,111.05287553548649,290.1531669918271,1,699.6408260789575,1,True,False
674,134,13.0352543,80.2224576,11637723836,660,0.6226975196614016,real_osm_road_node,synthetic,S09,hypothetical community bins,0.0,11637723836,True,7425.6245760133215,191.02922634529,377.03442319388074,1,737.7405739461084,1,True,False
675,134,13.0424481,80.2281976,11811628646,1100,0.9708947729303573,real_osm_road_node,synthetic,S09,hypothetical community bins,0.0,11811628646,True,6420.860161637516,344.46346840553485,368.05061638906994,4,206.27312753670566,1,True,False
676,135,13.0354031,80.2132454,300216151,660,1.0963552596689916,real_osm_road_node,synthetic,S09,hypothetical community bins,0.0,300216151,True,8148.0096167635165,237.1522013090683,98.94694606282398,13,468.2169407098623,1,True,False
677,135,13.0426306,80.2097967,300218376,1100,1.0970528840317146,real_osm_road_node,synthetic,S09,hypothetical community bins,0.0,300218376,True,7960.569782054355,253.33665045162869,307.2930267973339,1,333.6863925958146,1,True,False
678,135,13.0463849,80.2084697,301214505,660,1.2257204093843987,real_osm_road_node,synthetic,S09,hypothetical community bins,0.0,301214505,True,7857.567432573617,156.42897388149598,272.9986282454645,6,174.70683142464733,1,True,False
679,135,13.0375251,80.2129308,7027588131,240,1.4563080652849698,real_osm_road_node,synthetic,S09,hypothetical community bins,0.0,7027588131,True,8024.266404146531,237.1522013090683,118.5565929103144,10,317.2265917935207,1,True,False
680,135,13.0422769,80.2140738,12014520757,660,0.8468053289408848,real_osm_road_node,synthetic,S09,hypothetical community bins,0.0,12014520757,True,7604.267413137612,465.4242961937846,240.65678485250425,1,102.80018007985493,1,True,False
681,136,13.0432892,80.207559,300220139,660,0.8046412756337261,real_osm_road_node,synthetic,S09,hypothetical community bins,0.0,300220139,True,8122.808615131413,253.33665045162869,555.3143817483129,0,277.83505241926025,1,True,False
682,136,13.0376741,80.1995399,389903305,1100,0.8387528348330586,real_osm_road_node,synthetic,S09,hypothetical community bins,0.0,389903305,True,9191.263283488586,239.05599818972829,733.18636639645,0,557.7739786891915,1,True,False
683,136,13.0431763,80.2024255,11144516741,660,0.5494122721325456,real_osm_road_node,synthetic,S09,hypothetical community bins,0.0,11144516741,True,8602.635711659008,144.65761752528775,697.1938597147404,0,143.3845266373393,1,True,False
684,136,13.0392325,80.2010676,11432039307,1100,0.7405757214837644,real_osm_road_node,synthetic,S09,hypothetical community bins,0.0,11432039307,True,8958.247684152017,239.05599818972829,909.003145442204,0,420.64006945618314,1,True,False
685,136,13.0450941,80.1977673,11782642239,660,1.1100400479546144,real_osm_road_node,synthetic,S09,hypothetical community bins,0.0,11782642239,True,8938.308264384992,346.8849668638543,313.1880375168994,2,286.91953503734686,1,True,False
686,137,13.0365156,80.1913263,277444010,240,0.7491037177926331,real_osm_road_node,synthetic,S09,hypothetical community bins,0.0,277444010,True,10014.642011280384,258.7709937579048,225.20839771142457,1,151.94414209742703,1,True,False
687,137,13.0425497,80.1958967,389787298,660,0.9157149192988254,real_osm_road_node,synthetic,S09,hypothetical community bins,0.0,389787298,True,9251.085278947725,346.8849668638543,558.7232602495565,0,558.2143210375048,1,True,False
688,137,13.0336897,80.1904207,392822991,660,0.5869050425042076,real_osm_road_node,synthetic,S09,hypothetical community bins,0.0,392822991,True,10262.379227594894,182.67822800566225,537.8821646091587,0,188.4774064157823,1,True,False
689,137,13.0364199,80.1889419,2166903676,660,1.2959146535844446,real_osm_road_node,synthetic,S09,hypothetical community bins,0.0,2166903676,True,10242.574898110388,222.72745368192003,450.402477097478,1,94.6129447250389,1,True,False
690,137,13.0344064,80.1889029,11597960464,1100,0.6893890459407592,real_osm_road_node,synthetic,S09,hypothetical community bins,0.0,11597960464,True,10360.515633299188,182.67822800566225,576.2923722202676,0,124.23487849499385,1,True,False
691,138,13.0304024,80.2019184,278989468,240,1.8,real_osm_road_node,synthetic,S09,hypothetical community bins,0.0,278989468,True,9451.240366334276,126.96116097997019,281.0500088229645,1,38.91305918132251,1,True,False
692,138,13.0296843,80.2061188,308313746,660,0.8081287329285978,real_osm_road_node,synthetic,S09,hypothetical community bins,0.0,308313746,True,9148.138022591236,437.5740829721811,287.1883445169661,5,247.84359491420298,1,True,False
693,138,13.0332942,80.2009245,392853589,660,0.9828843297051524,real_osm_road_node,synthetic,S09,hypothetical community bins,0.0,392853589,True,9343.696888420242,268.80036626466864,407.3370890505269,1,243.4197061712802,1,True,False
694,138,13.0310688,80.1985463,3683355571,1100,0.9213088142163477,real_osm_road_node,synthetic,S09,hypothetical community bins,0.0,3683355571,True,9697.714523513838,356.4846456187233,618.8077277504991,0,366.8168625615598,1,True,False
695,138,13.0314065,80.2024859,9816267288,240,0.7751621344459058,real_osm_road_node,synthetic,S09,hypothetical community bins,0.0,9816267288,True,9334.207742814355,126.96116097997019,189.97786752512982,1,2.8015602801447157,1,True,False
696,139,13.0276338,80.2107184,301300429,1100,0.8903605528637688,real_osm_road_node,synthetic,S09,hypothetical community bins,0.0,301300429,True,8927.85017010339,241.44185419850814,61.94450025387373,8,336.2832353795695,1,True,False
697,139,13.0254187,80.2114152,2172914926,660,0.7301305200432037,real_osm_road_node,synthetic,S09,hypothetical community bins,0.0,2172914926,True,9044.82002646384,131.13673230997307,176.80053258360994,6,367.32032800891477,1,True,False
698,139,13.0295792,80.2122542,2172914963,240,1.1715064324194813,real_osm_road_node,synthetic,S09,hypothetical community bins,0.0,2172914963,True,8658.512098905137,106.16115591330944,118.88870361465511,10,139.40117261612593,1,True,False
699,139,13.0297438,80.2112897,2172914965,660,1.4464630302808912,real_osm_road_node,synthetic,S09,hypothetical community bins,0.0,2172914965,True,8722.824778572303,106.16115591330944,24.228835603715684,9,245.53686107685382,1,True,False
700,139,13.0244844,80.2121598,11237596787,1100,1.5171826087000055,real_osm_road_node,synthetic,S09,hypothetical community bins,0.0,11237596787,True,9061.662544938055,131.13673230997307,54.397630762196535,5,237.50689163451122,1,True,False
701,140,13.027474,80.2197684,256029584,660,0.79344849646684,real_osm_road_node,synthetic,S09,hypothetical community bins,0.0,256029584,True,8255.111450193815,235.5004444889583,235.11341282027414,5,292.2663812441338,1,True,False
702,140,13.0264439,80.2216691,256031648,1100,1.8,real_osm_road_node,synthetic,S09,hypothetical community bins,0.0,256031648,True,8205.945243584569,235.5004444889583,151.91392828176294,5,179.4347929419092,1,True,False
703,140,13.0322087,80.2200554,277435875,660,1.8,real_osm_road_node,synthetic,S09,hypothetical community bins,0.0,277435875,True,7849.547946483592,174.55080746177532,358.64323750564273,4,622.4476967333454,1,True,False
704,140,13.0326938,80.2234829,11637722764,240,1.3931024845483446,real_osm_road_node,synthetic,S09,hypothetical community bins,0.0,11637722764,True,7554.933202814362,304.2248328784238,429.4946254181115,1,489.7709672809192,1,True,False
705,140,13.0309316,80.2210012,11798815462,240,1.1305641516943963,real_osm_road_node,synthetic,S09,hypothetical community bins,0.0,11798815462,True,7881.417663623718,174.55080746177532,399.3982550406468,1,450.8129670106323,1,True,False
706,141,13.0324669,80.2370398,248700660,1100,0.9058483901519905,real_osm_road_node,synthetic,S09,hypothetical community bins,0.0,248700660,True,6670.342113664065,272.9991238443022,195.94681979700326,2,416.2430140569551,1,True,False
707,141,13.0304679,80.2355628,269768263,660,1.1175350724711828,real_osm_road_node,synthetic,S09,hypothetical community bins,0.0,269768263,True,6943.946293814292,272.9991238443022,467.02797452453393,2,534.8685430348473,1,True,False
708,141,13.0295237,80.2307557,2237592486,1100,0.9327276131319797,real_osm_road_node,synthetic,S09,hypothetical community bins,0.0,2237592486,True,7326.92731481695,519.6465863377839,193.30229987949528,2,140.69217917627418,1,True,False
709,141,13.0347213,80.2291176,6846237514,660,0.8181813353250916,real_osm_road_node,synthetic,S09,hypothetical community bins,30.15084452368978,11074683089,True,6982.099173337771,87.70045832931548,153.16923297716815,8,29.493109540271327,1,True,False
710,141,13.0342136,80.2304642,13944842897,660,1.019460212227378,real_osm_road_node,synthetic,S09,hypothetical community bins,4.580778349385808,9920647757,True,6932.71854339941,119.47396378568732,70.00468797480949,9,85.62619774183199,1,True,False
711,142,13.019452,80.2194888,256029755,1100,0.41149360237256755,real_osm_road_node,synthetic,S09,hypothetical community bins,0.0,256029755,True,8957.342333216464,185.21912415783314,309.60575733596875,2,0.0,1,True,False
712,142,13.0200381,80.2174282,256031616,660,0.4,real_osm_road_node,synthetic,S09,hypothetical community bins,0.0,256031616,True,9046.973423006659,232.6681682855597,512.8523793076434,0,0.0,1,True,False
713,142,13.0185344,80.2209176,2237675557,660,0.4,real_osm_road_node,synthetic,S09,hypothetical community bins,0.0,2237675557,True,8943.515888857803,185.21912415783314,254.9241637396545,3,55.587182565899134,1,True,False
714,142,13.0169559,80.223514,11402631470,1100,0.7510505941928735,real_osm_road_node,synthetic,S09,hypothetical community bins,0.0,11402631470,True,8920.083211381236,264.07200279071344,294.80279318436175,8,0.0,1,True,False
715,142,13.0210493,80.2252307,11824517909,240,0.6866294865261244,real_osm_road_node,synthetic,S09,hypothetical community bins,0.0,11824517909,True,8441.170262501504,489.49643645821965,49.18404027745368,4,238.48548639785514,1,True,False
716,143,13.0765468,80.1653786,1183292904,1100,0.7674594628211143,real_osm_road_node,synthetic,S09,hypothetical community bins,0.0,1183292904,True,11427.87632163247,279.13954709138767,66.19896774628162,1,2.162167029574019,1,True,False
717,143,13.0775595,80.1677369,7824984490,1100,1.5432069000697712,real_osm_road_node,synthetic,S09,hypothetical community bins,0.0,7824984490,True,11166.56419060027,279.13954709138767,293.7946240738736,3,266.05465922229587,1,True,False
718,143,13.0716403,80.1710893,7824984548,660,0.9236335194565415,real_osm_road_node,synthetic,S09,hypothetical community bins,0.0,7824984548,True,10858.81870415359,636.5938538858029,681.2254118574399,0,11.224709032849828,1,True,False
719,143,13.0700152,80.1654567,7825242172,660,1.3559534844076633,real_osm_road_node,synthetic,S09,hypothetical community bins,0.0,7825242172,True,11486.000693379587,636.5938538858029,659.3174489702877,0,52.08841450322413,1,True,False
720,143,13.0792172,80.1655939,11808847012,660,1.068390473664706,real_osm_road_node,synthetic,S09,hypothetical community bins,3.4700795629386825,11808847010,True,11390.580249605991,295.9643959447991,297.99015550585017,2,297.8525023149354,1,True,False
721,144,13.0598379,80.1779514,391476984,1100,1.0740120159439042,real_osm_road_node,synthetic,S09,hypothetical community bins,0.0,391476984,True,10362.611588262596,193.47265426076055,259.3804607695482,1,1012.5158698194342,1,True,False
722,144,13.0595805,80.1751782,6598190556,240,0.9664630249523013,real_osm_road_node,synthetic,S09,hypothetical community bins,0.0,6598190556,True,10660.93429766884,68.13772468356201,325.7193499700501,1,918.2504454263544,1,True,False
723,144,13.0589672,80.1751185,6598190557,660,1.1669847940203009,real_osm_road_node,synthetic,S09,hypothetical community bins,0.0,6598190557,True,10683.862433267763,68.13772468356201,385.97630194269084,1,982.2199860134866,1,True,False
724,144,13.0597106,80.1736361,11801265153,1100,1.1854499116958985,real_osm_road_node,synthetic,S09,hypothetical community bins,0.0,11801265153,True,10819.681328998206,167.8219472545286,436.6155711814517,1,869.4748300467681,1,True,False
725,144,13.0673577,80.1780858,13279310716,660,1.6131148206586625,real_osm_road_node,synthetic,S09,hypothetical community bins,0.0,13279310716,True,10175.27607256249,558.6765061777857,609.2461968089779,0,502.34425069116094,1,True,False
726,145,13.0694555,80.1863517,391783887,240,0.8728603533666294,real_osm_road_node,synthetic,S09,hypothetical community bins,0.0,391783887,True,9253.848728493303,178.31926162638172,323.0648637480642,1,400.6219525388146,1,True,False
727,145,13.0629759,80.1812255,7820100774,660,1.1556647212529076,real_osm_road_node,synthetic,S09,hypothetical community bins,0.0,7820100774,True,9936.336265211774,472.6424421161494,477.6917052904378,1,1009.1861697338761,1,True,False
728,145,13.0683407,80.1875399,9931129498,1100,1.020423931463875,real_osm_road_node,synthetic,S09,hypothetical community bins,0.0,9931129498,True,9147.656539421154,22.80028539412582,430.67380545078237,1,554.7979131064985,1,True,False
729,145,13.0682553,80.1877313,9931129500,660,0.7231070505526995,real_osm_road_node,synthetic,S09,hypothetical community bins,0.0,9931129500,True,9128.912105118281,22.80028539412582,441.85192353384843,1,571.3044452824504,1,True,False
730,145,13.0685451,80.1830942,11050745750,1100,1.3517721127722218,real_osm_road_node,synthetic,S09,hypothetical community bins,0.0,11050745750,True,9618.404985081701,367.2560846922798,610.7539553330197,0,544.9784701966892,1,True,False
731,146,13.0595919,80.1659291,256018691,660,0.9924146300803376,real_osm_road_node,synthetic,S09,hypothetical community bins,0.0,256018691,True,11635.405010776882,145.07570443796772,1222.601131615851,0,886.1138365430405,1,True,False
732,146,13.052159,80.1630119,256019289,1100,1.0499449299283534,real_osm_road_node,synthetic,S09,hypothetical community bins,0.0,256019289,True,12148.600659168016,405.1072902497914,1420.2495432988046,0,1076.5577912327983,1,True,False
733,146,13.0463801,80.1641858,338694252,660,0.9476936911077961,real_osm_road_node,synthetic,S09,hypothetical community bins,0.0,338694252,True,12223.701064334562,316.66040725751435,1112.6912552089782,0,727.6088815999182,1,True,False
734,146,13.0587338,80.1649171,391789711,660,0.7052822394727039,real_osm_road_node,synthetic,S09,hypothetical community bins,0.0,391789711,True,11763.604578258215,145.07570443796772,1351.9103585131866,0,1021.53931293467,1,True,False
735,146,13.0485638,80.162297,7809378613,660,0.8128027759058528,real_osm_road_node,synthetic,S09,hypothetical community bins,0.0,7809378613,True,12340.096664920711,316.66040725751435,1421.459848963502,0,715.5914919655027,1,True,False
736,147,13.0515207,80.1742433,391476885,660,0.6803902702413596,real_osm_road_node,synthetic,S09,hypothetical community bins,0.0,391476885,True,11007.98880884201,234.70078782704405,322.8818188307548,1,1015.4195597615362,1,True,False
737,147,13.0431526,80.1642204,392629730,660,1.346405545571058,real_osm_road_node,synthetic,S09,hypothetical community bins,0.0,392629730,True,12343.48768350632,187.81204651178726,949.1911181933424,0,392.3666203771934,1,True,False
738,147,13.0551248,80.17248,6595777605,660,1.192332767529035,real_osm_road_node,synthetic,S09,hypothetical community bins,0.0,6595777605,True,11071.734899360532,442.0867520709095,764.581781589929,0,1324.9725841895051,1,True,False
739,147,13.0417669,80.1652216,11363420232,660,0.7397359566365828,real_osm_road_node,synthetic,S09,hypothetical community bins,0.0,11363420232,True,12298.43456119088,187.81204651178726,807.7657509259682,0,207.23342358176575,1,True,False
740,147,13.0591106,80.1705914,11801182695,240,1.2607290393377255,real_osm_road_node,synthetic,S09,hypothetical community bins,0.0,11801182695,True,11155.911236781645,336.7289589254923,757.4847666458816,0,853.3324762289622,1,True,False
741,148,13.058975,80.1877936,342837905,660,0.9688549686715157,real_osm_road_node,synthetic,S09,hypothetical community bins,0.0,342837905,True,9359.412319047897,219.25020652267096,812.7099963839352,0,1120.279394083296,1,True,False
742,148,13.0590359,80.1795372,391469701,660,1.3392457467147008,real_osm_road_node,synthetic,S09,hypothetical community bins,0.0,391469701,True,10218.79803997073,80.18919956575604,429.0155754396388,1,1182.404031406726,1,True,False
743,148,13.0551033,80.1867395,5694557051,1100,1.1950342799321274,real_osm_road_node,synthetic,S09,hypothetical community bins,0.0,5694557051,True,9597.931628068172,443.19056647359724,629.6262341652443,0,921.0383598642553,1,True,False
744,148,13.0583317,80.1797133,7806718627,240,1.1467411334693933,real_osm_road_node,synthetic,S09,hypothetical community bins,0.0,7806718627,True,10220.86135447752,80.18919956575604,501.6747702204647,0,1256.772096961079,1,True,False
745,148,13.0598735,80.1859911,11602030032,660,1.4392275317036067,real_osm_road_node,synthetic,S09,hypothetical community bins,0.0,11602030032,True,9519.751146208728,219.25020652267096,1004.407290594099,0,1321.694275495573,1,True,False
746,149,13.0463156,80.1835817,391407659,660,1.3639822570203426,real_osm_road_node,synthetic,S09,hypothetical community bins,0.0,391407659,True,10267.098907947566,329.92834833225885,71.9750505018591,3,213.323880502042,1,True,False
747,149,13.0517883,80.184343,391459940,1100,1.3761078111323517,real_osm_road_node,synthetic,S09,hypothetical community bins,0.0,391459940,True,9965.35177191689,449.3765477965696,539.8300694529134,0,761.7530555554523,1,True,False
748,149,13.0528389,80.1759396,391469858,1100,1.112734150666386,real_osm_road_node,synthetic,S09,hypothetical community bins,0.0,391469858,True,10787.718967986591,213.8088966042371,428.1081200773967,1,1006.7120955847282,1,True,False
749,149,13.0510416,80.1766659,391469874,660,1.2793848516859583,real_osm_road_node,synthetic,S09,hypothetical community bins,0.0,391469874,True,10776.54893649086,213.8088966042371,251.34992408381,1,799.0503687726871,1,True,False
750,149,13.0487846,80.17984,6586521057,660,0.917639309106335,real_osm_road_node,synthetic,S09,hypothetical community bins,0.0,6586521057,True,10539.423559184097,425.1605430159419,449.2675385519389,2,411.44231893763856,1,True,False
751,150,13.0380218,80.1594579,338665969,1100,0.6157408302854811,real_osm_road_node,synthetic,S09,hypothetical community bins,0.0,338665969,True,13033.552056292207,104.46455824647694,529.5552361735682,0,582.783584931123,1,True,False
752,150,13.0489518,80.1530571,338694627,240,1.0183863374788542,real_osm_road_node,synthetic,S09,hypothetical community bins,0.0,338694627,True,13283.707222634644,1002.8133414648664,1917.160702024651,0,687.8914759636405,1,True,False
753,150,13.039765,80.1641411,11080324718,1100,0.8411197978250062,real_osm_road_node,synthetic,S09,hypothetical community bins,0.0,11080324718,True,12490.65768429896,208.42038314292705,767.3329287260572,0,159.75577566574287,1,True,False
754,150,13.0385688,80.1626559,11777920699,660,1.0207384604117296,real_osm_road_node,synthetic,S09,hypothetical community bins,0.0,11777920699,True,12690.331170700743,208.42038314292705,585.1316951462294,0,327.8681727823374,1,True,False
755,150,13.0363565,80.1507492,11782489356,1100,0.9911660840175616,real_osm_road_node,synthetic,S09,hypothetical community bins,0.0,11782489356,True,13977.543175735169,566.6269285277772,1164.2537345995222,0,285.7986612099688,1,True,False
756,151,13.0343822,80.1673236,6583330934,660,1.2777769023555958,real_osm_road_node,synthetic,S09,hypothetical community bins,0.0,6583330934,True,12419.888265929361,668.2081843651836,464.5792893827204,1,251.91782983929843,1,True,False
757,151,13.0372062,80.1599438,7809257829,660,0.70385219197241,real_osm_road_node,synthetic,S09,hypothetical community bins,0.0,7809257829,True,13019.894809819843,104.46455824647694,427.4007193079033,1,497.35496369712934,1,True,False
758,151,13.0343274,80.1611617,7819562897,660,1.1971402300299518,real_osm_road_node,synthetic,S09,hypothetical community bins,46.55495998429719,338665693,True,13027.375169643434,344.6924921652638,91.08084134227742,2,190.7944096044174,1,True,False
759,151,13.0343159,80.1567735,9580401345,660,0.9261396866739853,real_osm_road_node,synthetic,S09,hypothetical community bins,0.0,9580401345,True,13462.237403359772,383.9313249086704,476.0163749556288,1,654.2529222052675,1,True,False
760,151,13.0255586,80.1688278,11617958963,660,1.21326332498866,real_osm_road_node,synthetic,S09,hypothetical community bins,0.0,11617958963,True,12733.456541959249,598.9699244095766,690.6699716488442,0,263.50669564196784,1,True,False
761,152,13.0425614,80.1863503,313031952,660,1.4151859263377358,real_osm_road_node,synthetic,S09,hypothetical community bins,0.0,313031952,True,10168.426774564941,292.4366166337507,60.95729919979691,2,542.8840385468706,1,True,False
762,152,13.0385089,80.1749121,7806083274,660,1.5939167275330042,real_osm_road_node,synthetic,S09,hypothetical community bins,0.0,7806083274,True,11480.364460359848,378.0940792259468,342.0177497982758,2,889.3477569745323,1,True,False
763,152,13.045752,80.1741211,7809685330,1100,0.884399794716731,real_osm_road_node,synthetic,S09,hypothetical community bins,0.0,7809685330,True,11238.966749878176,558.2681912570181,395.5042994834377,1,759.7839277017571,1,True,False
764,152,13.045205,80.1864057,7822139939,660,1.1368103875868083,real_osm_road_node,synthetic,S09,hypothetical community bins,0.0,7822139939,True,10037.372124139574,224.37109246412328,129.3036707856402,4,486.2706970680291,1,True,False
765,152,13.0414936,80.1713567,11054423928,1100,1.071485023528938,real_osm_road_node,synthetic,S09,hypothetical community bins,0.0,11054423928,True,11695.54635055209,507.54206105314347,165.90498465459518,1,562.4266110847634,1,True,False
766,153,13.0284995,80.1545453,338665206,660,1.1065093945425377,real_osm_road_node,synthetic,S09,hypothetical community bins,0.0,338665206,True,13950.920425148948,356.53301123445635,899.8189664443564,0,1019.6692159657184,1,True,False
767,153,13.0278318,80.1600235,338665448,1100,1.0162316850260276,real_osm_road_node,synthetic,S09,hypothetical community bins,0.0,338665448,True,13451.721241438992,288.59593797191366,608.9709620900254,0,629.3790208137254,1,True,False
768,153,13.0322759,80.1539088,2734146691,1100,1.0350871001022457,real_osm_road_node,synthetic,S09,hypothetical community bins,0.0,2734146691,True,13837.638904916485,383.9313249086704,790.0129520771961,0,838.4204481091414,1,True,False
769,153,13.0237742,80.1622671,2734155031,660,1.6066191479140328,real_osm_road_node,synthetic,S09,hypothetical community bins,0.0,2734155031,True,13449.608930088447,510.4715647939445,368.2738820317756,1,872.7856640366507,1,True,False
770,153,13.0270529,80.1574835,3915978180,1100,1.0774405961432671,real_osm_road_node,synthetic,S09,hypothetical community bins,0.0,3915978180,True,13736.311346392982,288.59593797191366,727.5344240414765,0,865.1669133252711,1,True,False
771,154,13.0307729,80.1780211,313025676,240,1.2307231791706812,real_osm_road_node,synthetic,S09,hypothetical community bins,0.0,313025676,True,11581.055551839052,229.64304292606877,283.14758759353356,2,343.02216229958907,1,True,False
772,154,13.0275599,80.181389,2168820558,240,1.065647119029538,real_osm_road_node,synthetic,S09,hypothetical community bins,0.0,2168820558,True,11453.553053040374,497.07648026303673,252.2273535305262,3,286.6620189054202,1,True,False
773,154,13.0298277,80.1743855,2168820826,1100,1.38864021497154,real_osm_road_node,synthetic,S09,hypothetical community bins,0.0,2168820826,True,11975.308074898348,180.79117373879143,16.694214663725877,4,516.4347771523622,1,True,False
774,154,13.0300444,80.176038,2168820867,1100,1.4697212197071274,real_osm_road_node,synthetic,S09,hypothetical community bins,0.0,2168820867,True,11807.720655648378,180.79117373879143,197.21027095593573,5,565.1960503935181,1,True,False
775,154,13.0356228,80.176781,6503515516,1100,1.5085631001675477,real_osm_road_node,synthetic,S09,hypothetical community bins,0.0,6503515516,True,11441.024207586548,378.0940792259468,616.7754326993075,0,655.448698932869,1,True,False
776,155,13.0344427,80.1825338,370984364,660,1.2688710640331529,real_osm_road_node,synthetic,S09,hypothetical community bins,0.0,370984364,True,10954.36719901733,181.62644688890163,396.19284500202286,1,326.2755069547941,1,True,False
777,155,13.0352099,80.1860126,392822939,660,0.9706840986356112,real_osm_road_node,synthetic,S09,hypothetical community bins,0.0,392822939,True,10584.62436057661,325.7691859197277,725.1042737717224,0,376.6176490885727,1,True,False
778,155,13.0315903,80.1834176,11607632980,660,0.9656849240477436,real_osm_road_node,synthetic,S09,hypothetical community bins,0.0,11607632980,True,11031.061324076298,123.3386711697855,312.2495759886371,2,207.80792438821578,1,True,False
779,155,13.0360797,80.1826674,11658469275,1100,0.9399880859204153,real_osm_road_node,synthetic,S09,hypothetical community bins,0.0,11658469275,True,10853.616968268841,181.62644688890163,562.57141511744,0,503.6627208912461,1,True,False
780,155,13.0309832,80.1843717,11786156071,1100,1.237301575934304,real_osm_road_node,synthetic,S09,hypothetical community bins,0.0,11786156071,True,10977.835336844853,123.3386711697855,299.98246501978497,2,316.38178472272233,1,True,False
781,156,13.0216564,80.1549592,2562531599,660,0.7281799600305412,real_osm_road_node,synthetic,S09,hypothetical community bins,0.0,2562531599,True,14256.828947171261,406.9009060551559,580.6370915962484,0,702.1971487123392,1,True,False
782,156,13.0172937,80.1595744,2830828835,1100,0.653857753167634,real_osm_road_node,synthetic,S09,hypothetical community bins,0.0,2830828835,True,14063.964083863008,695.1997518201114,425.00138926596566,1,342.6005224594493,1,True,False
783,156,13.0191376,80.1516979,7811488157,660,1.3961451315954279,real_osm_road_node,synthetic,S09,hypothetical community bins,0.0,7811488157,True,14701.102869561959,450.2048865489573,955.031435482778,0,616.7542902169903,1,True,False
784,156,13.0241177,80.1521703,11618083461,660,0.8716123286473699,real_osm_road_node,synthetic,S09,hypothetical community bins,0.0,11618083461,True,14397.268257498234,406.9009060551559,941.7194599920936,0,1049.9214823909174,1,True,False
785,156,13.0203489,80.1673187,11645310122,660,0.7175090446142641,real_osm_road_node,synthetic,S09,hypothetical community bins,0.0,11645310122,True,13170.991633710382,575.8624280334678,767.4539205072241,0,564.1757092013725,1,True,False
786,157,13.0061329,80.1798312,1185628424,1100,0.9263493276587368,real_osm_road_node,synthetic,S09,hypothetical community bins,383.4163000908094,7784062396,False,13014.563114089642,714.94459882157,1087.0941342741928,0,735.2404409424803,1,True,False
787,157,13.0155461,80.1737171,1750901912,660,0.4,real_osm_road_node,synthetic,S09,hypothetical community bins,0.0,1750901912,True,12888.941130539624,249.59302741350743,66.65035160062473,5,275.647741275195,1,True,False
788,157,13.0168616,80.1755872,2164120702,660,0.7323974076635381,real_osm_road_node,synthetic,S09,hypothetical community bins,0.0,2164120702,True,12639.058154352257,249.59302741350743,90.20585750935004,5,457.1928637555386,1,True,False
789,157,13.0200131,80.1726179,7818735942,660,0.41117038794779587,real_osm_road_node,synthetic,S09,hypothetical community bins,0.0,7818735942,True,12706.983364661475,474.52232117956623,288.34306587116964,4,367.43861960743686,1,True,False
790,157,13.0123352,80.1816894,11845914058,1100,1.2057043338799531,real_osm_road_node,synthetic,S09,hypothetical community bins,0.0,11845914058,True,12417.184720256924,508.22759362687634,391.5674633828458,2,176.5326055702777,1,True,False
791,158,13.0166868,80.1903128,10277606419,660,1.001259409877828,real_osm_road_node,synthetic,S09,hypothetical community bins,0.0,10277606419,True,11388.869032676394,734.442636453237,281.5190522619414,1,321.49567795271753,1,True,False
792,158,13.0103112,80.1861619,11059101388,660,0.9266338505462965,real_osm_road_node,synthetic,S09,hypothetical community bins,0.0,11059101388,True,12192.277365545755,221.65202468343224,580.3709618873263,0,226.10228572148458,1,True,False
793,158,13.010376,80.1882047,11175960837,660,1.6983243653235256,real_osm_road_node,synthetic,S09,hypothetical community bins,0.0,11175960837,True,12022.136074257218,221.65202468343224,666.1549449343687,0,418.34011647046236,1,True,False
794,158,13.0167631,80.1830869,11607161186,240,0.8867317387228512,real_osm_road_node,synthetic,S09,hypothetical community bins,0.0,11607161186,True,11992.759156754968,4.594430065220306,155.24930930712569,3,189.27423136641022,1,True,False
795,158,13.0167286,80.1830633,11607161187,660,1.008651116918792,real_osm_road_node,synthetic,S09,hypothetical community bins,0.0,11607161187,True,11997.128114920348,4.594430065220306,153.19241023775692,3,192.83690290021053,1,True,False
796,159,12.9867012,80.1695887,313443637,660,0.98166026236289,real_osm_road_node,synthetic,S09,hypothetical community bins,0.0,313443637,True,15294.539763803963,171.71765220970426,2036.516857239037,0,71.35252690297924,1,True,False
797,159,12.9821348,80.1672669,4396209790,660,1.1486958925405761,real_osm_road_node,synthetic,S09,hypothetical community bins,0.0,4396209790,True,15830.242875398566,159.82785998160642,1974.744787733567,0,582.2303963056679,1,True,False
798,159,12.983034,80.1684205,4396209801,1100,0.8942364299746296,real_osm_road_node,synthetic,S09,hypothetical community bins,0.0,4396209801,True,15671.152092232556,159.82785998160642,1915.7569727660689,0,432.5313135014778,1,True,False
799,159,12.9862288,80.1680805,9181654713,1100,1.2189362564422213,real_osm_road_node,synthetic,S09,hypothetical community bins,153.64931216552853,6849224637,False,15448.406514403077,171.71765220970426,2152.866557842954,0,239.0185194019183,1,True,False
800,159,12.9862791,80.1717518,11182926154,660,1.01534395774441,real_osm_road_node,synthetic,S09,hypothetical community bins,0.0,11182926154,True,15160.76905484969,239.2052100745574,1801.4568333647956,0,0.0,1,True,False
801,160,13.004603,80.2040789,256119099,660,1.2581012316393607,real_osm_road_node,synthetic,S09,hypothetical community bins,0.0,256119099,True,11291.313546048486,169.46556273419375,247.15524614244825,4,585.4885898596616,1,True,False
802,160,12.9991291,80.2009879,300198100,660,0.8948230851130737,real_osm_road_node,synthetic,S09,hypothetical community bins,0.0,300198100,True,11974.216348337484,46.18879753665788,410.68399570341006,1,649.9252976220304,1,True,False
803,160,13.0035705,80.2029243,330416351,1100,0.972477640431043,real_osm_road_node,synthetic,S09,hypothetical community bins,0.0,330416351,True,11459.5837555373,169.46556273419375,342.1418797608287,4,617.1420184513005,1,True,False
804,160,13.0036271,80.2083694,339291590,660,0.8982672924278042,real_osm_road_node,synthetic,S09,hypothetical community bins,0.0,339291590,True,11085.941061580132,401.93203752056013,197.80427343402678,4,635.0506787321056,1,True,False
805,160,12.9994129,80.2021211,11733982476,1100,1.1793460876205286,real_osm_road_node,synthetic,S09,hypothetical community bins,0.0,11733982476,True,11872.544801254091,126.84226413746829,288.29609429978535,1,537.9025826800383,1,True,False
806,161,12.9944162,80.2002484,277912695,660,0.9150523707926492,real_osm_road_node,synthetic,S09,hypothetical community bins,0.0,277912695,True,12434.370207868309,180.51146312654123,106.64975844992159,2,577.5537385169981,1,True,False
807,161,12.9942828,80.2058426,6518316956,660,0.7129742593472468,real_osm_road_node,synthetic,S09,hypothetical community bins,0.0,6518316956,True,12083.968469122328,134.25545038558772,621.0252725196664,0,391.9201513445025,1,True,False
808,161,12.9962427,80.2048199,7826394712,660,0.8331599610435009,real_osm_road_node,synthetic,S09,hypothetical community bins,0.0,7826394712,True,11973.02048642791,243.48746003419285,508.27509736773106,0,293.4169027698339,1,True,False
809,161,12.9934834,80.1988826,7826460043,660,1.061774886638116,real_osm_road_node,synthetic,S09,hypothetical community bins,0.0,7826460043,True,12607.189041115074,180.51146312654123,92.81446588288391,2,458.11676468014247,1,True,False
810,161,12.9995048,80.2008019,13922355747,660,0.9215059060557299,real_osm_road_node,synthetic,S09,hypothetical community bins,0.0,13922355747,True,11954.57312935925,46.18879753665788,412.36666361639055,1,678.8281727007013,1,True,False
811,162,12.9895555,80.1885894,300462271,660,0.8910602922653637,real_osm_road_node,synthetic,S09,hypothetical community bins,0.0,300462271,True,13652.549089992024,66.11619659610967,359.769659248751,1,248.57939808117365,1,True,False
812,162,12.9867388,80.1829487,6304963419,1100,1.5652166966271708,real_osm_road_node,synthetic,S09,hypothetical community bins,0.0,6304963419,True,14290.661414986973,302.4685511369053,588.970323198828,0,166.46129718067002,1,True,False
813,162,12.9901236,80.1887792,7800250804,1100,1.302456654800365,real_osm_road_node,synthetic,S09,hypothetical community bins,0.0,7800250804,True,13591.248192407522,66.11619659610967,424.1756899517678,3,182.72946142734477,1,True,False
814,162,12.9863971,80.1936064,7800419745,660,1.1718191876270185,real_osm_road_node,synthetic,S09,hypothetical community bins,0.0,7800419745,True,13580.05672956196,77.10076934778509,289.87509439457733,4,670.3908366003456,1,True,False
815,162,12.9870821,80.1944207,11626608746,660,1.445633088237365,real_osm_road_node,synthetic,S09,hypothetical community bins,0.0,11626608746,True,13465.757335064045,116.35822949170976,399.7811372798593,2,634.5080434599323,1,True,False
816,163,12.9845223,80.1988857,300135909,1100,0.6599203984123443,real_osm_road_node,synthetic,S09,hypothetical community bins,0.0,300135909,True,13405.26245389962,98.39284745819164,745.7767569340527,0,1145.7903180293426,1,True,False
817,163,12.9950937,80.2018423,1197445372,660,0.9037929113168037,real_osm_road_node,synthetic,S09,hypothetical community bins,0.0,1197445372,True,12269.24262062994,188.40504913121293,261.157299760879,2,631.3409634364756,1,True,False
818,163,12.9911868,80.2033944,3674401334,660,0.9645970650552339,real_osm_road_node,synthetic,S09,hypothetical community bins,0.0,3674401334,True,12518.29335767243,433.29211406014196,423.2732492743644,2,821.3612910340277,1,True,False
819,163,12.9850563,80.1996113,7806766997,660,0.915362608761303,real_osm_road_node,synthetic,S09,hypothetical community bins,0.0,7806766997,True,13311.317007841411,98.39284745819164,831.5358589493812,0,1158.7654012359667,1,True,False
820,163,12.9900117,80.1988342,12055235103,660,0.8381098935564942,real_osm_road_node,synthetic,S09,hypothetical community bins,41.46645706463715,300134199,True,12916.345227108986,383.9937297400298,399.97203088194107,2,694.1439059665645,1,True,False
821,164,12.9825303,80.1884054,1920399117,660,1.4869154122485821,real_osm_road_node,synthetic,S09,hypothetical community bins,0.0,1920399117,True,14266.778135597751,322.88806848100495,14.721714680209606,11,842.011192588049,1,True,False
822,164,12.9870128,80.1858414,1926708194,660,0.8777097269770415,real_osm_road_node,synthetic,S09,hypothetical community bins,0.0,1926708194,True,14061.083828782972,106.12192428448705,284.15505002154197,1,274.7847823870668,1,True,False
823,164,12.9814567,80.1856175,7799964680,240,1.4642803707893446,real_osm_road_node,synthetic,S09,hypothetical community bins,0.0,7799964680,True,14549.608721735858,286.6192036347902,265.13526611713826,7,818.3791941215682,1,True,False
824,164,12.9882174,80.1852948,10676477000,660,0.9375947661292484,real_osm_road_node,synthetic,S09,hypothetical community bins,0.0,10676477000,True,13999.050929221714,42.80365069013294,393.8506554612907,1,129.02142356376208,1,True,False
825,164,12.9879323,80.1855617,10676484208,660,0.6401178893446398,real_osm_road_node,synthetic,S09,hypothetical community bins,0.0,10676484208,True,14003.802244844761,42.80365069013294,352.69361471135744,1,169.9600474469721,1,True,False
826,165,12.9834953,80.1932504,299883177,1100,0.6321636268104974,real_osm_road_node,synthetic,S09,hypothetical community bins,0.0,299883177,True,13859.256262148752,164.12182321767241,136.58051487882906,5,955.2910815028583,1,True,False
827,165,12.9843406,80.1949836,300186480,660,0.739216399288176,real_osm_road_node,synthetic,S09,hypothetical community bins,0.0,300186480,True,13671.083016067985,209.9440671744883,323.43611192577873,4,936.5927272821867,1,True,False
828,165,12.9811597,80.1979127,2230781443,1100,0.9442207408671259,real_osm_road_node,synthetic,S09,hypothetical community bins,0.0,2230781443,True,13771.585769176841,386.57474199197316,684.8805696365873,0,1048.717187212291,1,True,False
829,165,12.9857587,80.1933208,6283344927,1100,1.2488219832065615,real_osm_road_node,synthetic,S09,hypothetical community bins,0.0,6283344927,True,13655.079830562949,77.10076934778509,245.4722441552323,4,724.8918970669282,1,True,False
830,165,12.975874,80.208545,12027873720,1100,0.6011184654578663,real_osm_road_node,synthetic,S09,hypothetical community bins,0.0,12027873720,True,13654.211267415367,337.3792244943331,457.1547129260104,1,962.7474458296589,1,True,False
831,166,12.9709404,80.1822803,303682539,1100,0.9843899878506394,real_osm_road_node,synthetic,S09,hypothetical community bins,0.0,303682539,True,15690.319946222904,497.8053117918958,342.14044979501466,1,546.0369388182424,1,True,False
832,166,12.9819177,80.1773806,7799998123,660,1.078693854560584,real_osm_road_node,synthetic,S09,hypothetical community bins,0.0,7799998123,True,15092.534580449428,215.44287131916994,1106.026165187213,0,423.7340652870667,1,True,False
833,166,12.9809834,80.1756376,7799998152,1100,1.4423476990625737,real_osm_road_node,synthetic,S09,hypothetical community bins,123.39781734846726,306453054,False,15296.32743001643,215.44287131916994,1153.8560241750652,0,557.3196133399138,1,True,False
834,166,12.9770926,80.1795641,7799998162,660,1.183049493279417,real_osm_road_node,synthetic,S09,hypothetical community bins,0.0,7799998162,True,15341.867852644755,284.5468150363398,549.259540962619,0,988.0434142181604,1,True,False
835,166,12.9794239,80.1781396,11829714174,660,1.0380267688346443,real_osm_road_node,synthetic,S09,hypothetical community bins,0.0,11829714174,True,15245.388976320957,287.8300672193561,840.1661032419946,0,705.24098334346,1,True,False
836,167,12.9760223,80.1867225,278612338,1100,1.4018510056528368,real_osm_road_node,synthetic,S09,hypothetical community bins,0.0,278612338,True,14948.957865591752,142.07256547964892,140.38802962067484,6,429.22466889409793,1,True,False
837,167,12.9779797,80.1820267,6590432822,1100,1.532111336450395,real_osm_road_node,synthetic,S09,hypothetical community bins,0.0,6590432822,True,15095.331463031112,284.5468150363398,481.3897627015787,1,948.5868108255839,1,True,False
838,167,12.9771977,80.187251,6595340472,660,1.8,real_osm_road_node,synthetic,S09,hypothetical community bins,0.0,6595340472,True,14810.431907592949,142.07256547964892,47.49249425819818,6,463.47645495052717,1,True,False
839,167,12.9797244,80.187583,7799766319,1100,1.0879124135593292,real_osm_road_node,synthetic,S09,hypothetical community bins,0.0,7799766319,True,14566.607010624675,281.75513613014766,71.70462185816788,8,660.9439044482726,1,True,False
840,167,12.9732662,80.1862097,7800460037,660,1.2970059378644567,real_osm_road_node,synthetic,S09,hypothetical community bins,0.0,7800460037,True,15226.642055797623,309.84840956076073,312.4703820049384,4,259.2299331148085,1,True,False
841,168,13.0200739,80.2006126,364637101,660,0.9178736944758235,real_osm_road_node,synthetic,S09,hypothetical community bins,0.0,364637101,True,10302.053907200572,1151.0413096229906,605.3908336924808,0,55.7858861629814,1,True,False
842,168,13.0166448,80.2134044,368389292,1100,0.6985715444379736,real_osm_road_node,synthetic,S09,hypothetical community bins,0.0,368389292,True,9616.08316165731,575.5381422225457,810.8682322422825,0,103.37679088651784,1,True,False
843,168,13.0130742,80.222307,5528559501,660,1.0573054920510632,real_osm_road_node,synthetic,S09,hypothetical community bins,0.0,5528559501,True,9349.812976955423,92.24345605179857,44.62494548466592,7,151.92982670445744,1,True,False
844,168,13.0178691,80.2189044,11428752897,1100,1.1736192314210672,real_osm_road_node,synthetic,S09,hypothetical community bins,0.0,11428752897,True,9134.944817467871,186.18062535101168,455.7743112830016,1,60.411696976258106,1,True,False
845,168,13.0146395,80.2241047,13657487340,660,0.6392238671503755,real_osm_road_node,synthetic,S09,hypothetical community bins,0.0,13657487340,True,9096.722486665522,260.7204958052281,88.32319843926014,9,120.26701749693451,1,True,False
846,169,13.0192447,80.2302987,256035578,1100,1.2118024078348244,real_osm_road_node,synthetic,S09,hypothetical community bins,0.0,256035578,True,8302.922085506438,281.59121040287897,285.14324701957776,3,7.821682194798081,1,True,False
847,169,13.0217251,80.2308849,10574445777,1100,1.5515133201682894,real_osm_road_node,synthetic,S09,hypothetical community bins,0.0,10574445777,True,8035.576614328868,281.59121040287897,9.093316305345573,2,22.019646980326982,1,True,False
848,169,13.012019,80.2307611,10699192947,660,1.8,real_osm_road_node,synthetic,S09,hypothetical community bins,0.0,10699192947,True,8971.454962563703,777.8597590104146,354.41251738589347,1,413.7312456677037,1,True,False
849,169,13.012372,80.222766,11402790670,1100,1.2396252183566372,real_osm_road_node,synthetic,S09,hypothetical community bins,0.0,11402790670,True,9386.979077415846,51.149237761851,86.84174183507723,7,120.10624494867297,1,True,False
850,169,13.0121587,80.2231845,11402790675,660,1.2431244653907405,real_osm_road_node,synthetic,S09,hypothetical community bins,0.0,11402790675,True,9381.800866319621,51.149237761851,75.78496287415437,8,151.43455116611594,1,True,False
851,170,13.0014652,80.2480228,1945715637,660,0.5934936753611925,real_osm_road_node,synthetic,S09,hypothetical community bins,29.098859617228772,11465900504,True,9360.974704265132,892.7567084214108,500.90023035391954,0,71.47590485009364,1,True,False
852,170,13.0158267,80.2439283,2218345867,660,0.9050230765304831,real_osm_road_node,synthetic,S09,hypothetical community bins,0.0,2218345867,True,7981.459290727918,431.87778307981284,344.62280018618924,3,73.75930199072927,1,True,False
853,170,13.0119504,80.2450626,10172868202,1100,1.0471639632314453,real_osm_road_node,synthetic,S09,hypothetical community bins,0.0,10172868202,True,8342.794292409397,446.0000327726667,608.0824222987894,0,117.47769584710925,1,True,False
854,170,13.0255753,80.241675,11777067359,660,1.0008793624760448,real_osm_road_node,synthetic,S09,hypothetical community bins,0.0,11777067359,True,7087.489751434318,329.5173920650565,351.6531566230428,2,0.0,1,True,False
855,170,13.0169352,80.247747,11821049872,240,1.8,real_osm_road_node,synthetic,S09,hypothetical community bins,0.0,11821049872,True,7723.837019031566,431.87778307981284,648.8250130003474,0,278.71353892306206,1,True,False
856,171,13.0239627,80.2599639,264031668,660,1.0283534461676425,real_osm_road_node,synthetic,S09,hypothetical community bins,0.0,264031668,True,6634.0186967649615,221.44378265908566,211.38966774188015,3,178.6613162900011,1,True,False
857,171,13.0225048,80.2702166,332095379,1100,1.0310956180188913,real_osm_road_node,synthetic,S09,hypothetical community bins,0.0,332095379,True,6693.605663983549,49.20062953048517,593.5668875395811,0,0.0,1,True,False
858,171,13.0224685,80.2697644,9181580902,240,0.971309860715944,real_osm_road_node,synthetic,S09,hypothetical community bins,0.0,9181580902,True,6698.203967968176,49.20062953048517,573.3291230247582,0,9.400276307164136,1,True,False
859,171,13.0191529,80.2723619,9853373945,1100,0.8532668039872606,real_osm_road_node,synthetic,S09,hypothetical community bins,0.0,9853373945,True,7068.407931444618,437.6542454835844,272.92279994409455,4,3.6701347170184078,1,True,False
860,171,13.0238937,80.2660831,11043868026,240,0.9783688986594475,real_osm_road_node,synthetic,S09,hypothetical community bins,0.0,11043868026,True,6558.058955107989,429.19006635070787,595.217361349046,0,147.61476642268764,1,True,False
861,172,13.0033246,80.2120627,247714666,660,1.8,real_osm_road_node,synthetic,S09,hypothetical community bins,0.0,247714666,True,10874.194883713646,401.93203752056013,204.39665603585675,1,584.1337630897478,1,True,False
862,172,13.006561,80.2188777,247714796,240,1.501613069173669,real_osm_road_node,synthetic,S09,hypothetical community bins,0.0,247714796,True,10158.301540654658,655.3498633359029,271.4971967543643,1,3.397694191403933,1,True,False
863,172,12.9965635,80.2090681,299880562,660,1.5227174258889604,real_osm_road_node,synthetic,S09,hypothetical community bins,0.0,299880562,True,11675.2653144211,297.01698171677754,694.1295064752794,0,58.24716820133927,1,True,False
864,172,12.9902449,80.2184966,11419441936,660,1.1702383023660456,real_osm_road_node,synthetic,S09,hypothetical community bins,55.59852664621002,338406743,True,11733.291287133545,459.63021725687736,28.480346262445185,24,585.0842516507822,1,True,False
865,172,13.0006916,80.2180473,11770605177,660,1.5710090698516828,real_osm_road_node,synthetic,S09,hypothetical community bins,0.0,11770605177,True,10755.78084772469,655.3498633359029,849.6143590658565,0,230.92480425565327,1,True,False
866,173,12.9880483,80.252071,310535896,1100,0.47814158736106555,real_osm_road_node,synthetic,S09,hypothetical community bins,0.0,310535896,True,10716.519485478722,198.9678216605031,391.9173517104251,4,0.0,1,True,False
867,173,12.9853168,80.2547261,2167013044,1100,0.7668371239680939,real_osm_road_node,synthetic,S09,hypothetical community bins,0.0,2167013044,True,10965.914028561105,275.72257922677113,307.29829190226945,4,0.0,1,True,False
868,173,12.9934434,80.2543853,3997350948,1100,0.8414071306939481,real_osm_road_node,synthetic,S09,hypothetical community bins,0.0,3997350948,True,10081.010433406658,584.7686333637969,300.424352440243,4,0.0,1,True,False
869,173,13.0050351,80.2554061,11414318735,660,0.9091591495240844,real_osm_road_node,synthetic,S09,hypothetical community bins,0.0,11414318735,True,8793.420499856778,349.2922492082228,77.31551688710167,17,84.12844640938417,1,True,False
870,173,12.9876617,80.2538627,12768599311,1100,1.3622975184603192,real_osm_road_node,synthetic,S09,hypothetical community bins,64.14205365538098,5458023328,True,10724.029231318504,198.9678216605031,205.05992633288108,5,28.03118816293301,1,True,False
871,174,13.0071466,80.258388,249497673,660,0.5839264559713666,real_osm_road_node,synthetic,S09,hypothetical community bins,0.0,249497673,True,8506.360081987435,398.8817126787568,64.49709601589575,11,356.799517342458,1,True,False
872,174,13.0007847,80.2629123,257430115,660,1.0446413289371224,real_osm_road_node,synthetic,S09,hypothetical community bins,0.0,257430115,True,9147.549330307744,397.00114028125097,362.99911104654467,2,57.78245214252025,1,True,False
873,174,12.9984211,80.2681738,10285692128,660,0.9229030256054063,real_osm_road_node,synthetic,S09,hypothetical community bins,0.0,10285692128,True,9375.38080728054,421.27449477649753,69.03789667043262,15,57.701504867823836,1,True,False
874,174,13.0032224,80.2580436,11046276522,660,1.0209874920604853,real_osm_road_node,synthetic,S09,hypothetical community bins,0.0,11046276522,True,8943.221234289642,349.2922492082228,208.65010522873914,12,69.98150260030924,1,True,False
875,174,12.9994102,80.2595306,11402432431,240,0.8062493092223263,real_osm_road_node,synthetic,S09,hypothetical community bins,0.0,11402432431,True,9340.105120982276,397.00114028125097,49.72166674513186,6,288.0019621866019,1,True,False
876,175,12.9825588,80.2064137,299385834,660,0.5838019143224359,real_osm_road_node,synthetic,S09,hypothetical community bins,0.0,299385834,True,13133.634655043825,306.4058433442273,394.3559153534714,1,1112.7096486273856,1,True,False
877,175,12.9943789,80.2128607,300164812,1100,1.0652008818325633,real_osm_road_node,synthetic,S09,hypothetical community bins,0.0,300164812,True,11649.34770851784,477.03075328076005,486.8386546238841,5,166.95539226783475,1,True,False
878,175,12.9886751,80.2082945,300194175,1100,1.0442525732556014,real_osm_road_node,synthetic,S09,hypothetical community bins,0.0,300194175,True,12450.352468027004,453.20163745648114,280.010159831126,6,539.2000897788204,1,True,False
879,175,12.98529,80.2059396,300303931,660,0.6692284401612688,real_osm_road_node,synthetic,S09,hypothetical community bins,0.0,300303931,True,12904.984417404354,306.4058433442273,670.2005641194337,0,967.5189035935118,1,True,False
880,175,12.9949891,80.2068494,1197468436,660,0.5621847849907688,real_osm_road_node,synthetic,S09,hypothetical community bins,0.0,1197468436,True,11956.729828349879,134.25545038558772,640.8712784074278,0,273.70518842227324,1,True,False
881,176,12.9846807,80.2112893,300304832,660,1.1756328512746943,real_osm_road_node,synthetic,S09,hypothetical community bins,0.0,300304832,True,12657.623185652428,103.15974753365855,578.2201070144727,0,576.086531408177,1,True,False
882,176,12.983839,80.2116992,300305468,660,0.7457088563164884,real_osm_road_node,synthetic,S09,hypothetical community bins,0.0,300305468,True,12715.931068543114,103.15974753365855,520.6674871625398,0,530.9698932878476,1,True,False
883,176,12.9815419,80.2092246,300305741,660,1.262804396845007,real_osm_road_node,synthetic,S09,hypothetical community bins,0.0,300305741,True,13071.915457975116,324.9502491917484,174.50241820256537,1,833.2827880460222,1,True,False
884,176,12.9864566,80.2167539,7806767007,660,0.8518587164156441,real_osm_road_node,synthetic,S09,hypothetical community bins,0.0,7806767007,True,12193.444343009995,346.6008260177181,164.16725387135833,20,246.03530805840956,1,True,False
885,176,12.9856744,80.2136593,11770291533,660,0.7925709843187363,real_osm_road_node,synthetic,S09,hypothetical community bins,0.0,11770291533,True,12433.020752587958,279.55272382296414,401.2735639215159,7,355.2354466154863,1,True,False
886,177,12.9780251,80.2288632,300464731,1100,0.9980646431761874,real_osm_road_node,synthetic,S09,hypothetical community bins,0.0,300464731,True,12490.597749956803,168.34493824934555,17.37409042691752,8,168.55895828215523,1,True,False
887,177,12.9849623,80.2209088,3426336738,660,1.3125443541903958,real_osm_road_node,synthetic,S09,hypothetical community bins,0.0,3426336738,True,12132.85208655127,359.22644992993384,149.26718817989538,17,367.8606436568056,1,True,False
888,177,12.9852836,80.2242047,11431594492,240,1.4000461280924859,real_osm_road_node,synthetic,S09,hypothetical community bins,0.0,11431594492,True,11945.984248555405,359.22644992993384,137.66819617559713,8,723.2486184722173,1,True,False
889,177,12.9676912,80.2200726,11508116877,660,1.096125973985422,real_osm_road_node,synthetic,S09,hypothetical community bins,0.0,11508116877,True,13914.90664746933,743.02278253633,325.45335021337087,8,74.26743769747718,1,True,False
890,177,12.974401,80.2204184,12253013430,660,1.0011249580472208,real_osm_road_node,synthetic,S09,hypothetical community bins,0.0,12253013430,True,13216.967161308034,743.02278253633,152.35030591858782,20,0.0,1,True,False
891,178,12.9815913,80.2394492,338466239,660,1.082545018778177,real_osm_road_node,synthetic,S09,hypothetical community bins,0.0,338466239,True,11741.426853329343,226.6379816557914,391.39069725717076,2,610.974958913715,1,True,False
892,178,12.9802612,80.2306946,338471961,1100,1.0893197669374521,real_osm_road_node,synthetic,S09,hypothetical community bins,0.0,338471961,True,12187.27175361404,149.04629025021922,111.80086187791312,11,375.6460461686584,1,True,False
893,178,12.9770702,80.2327974,10098189315,660,0.874965623945081,real_osm_road_node,synthetic,S09,hypothetical community bins,0.0,10098189315,True,12442.52639650179,404.69725632395114,440.31047926121903,1,140.09390038362838,1,True,False
894,178,12.9795544,80.2392201,11613035214,660,0.6287228509758582,real_osm_road_node,synthetic,S09,hypothetical community bins,0.0,11613035214,True,11965.532861864363,226.6379816557914,448.8127292297171,1,543.0704376145311,1,True,False
895,178,12.9792426,80.2297948,11763161814,660,0.8636567757375001,real_osm_road_node,synthetic,S09,hypothetical community bins,0.0,11763161814,True,12327.902685832585,149.04629025021922,152.67267211109657,11,271.34725005067844,1,True,False
896,179,12.9963276,80.2619228,257430049,1100,1.1124253492639748,real_osm_road_node,synthetic,S09,hypothetical community bins,0.0,257430049,True,9651.123265653192,296.019964032729,305.2758901984921,3,129.74157207240978,1,True,False
897,179,12.9895731,80.2663306,319500459,660,0.738160028537213,real_osm_road_node,synthetic,S09,hypothetical community bins,0.0,319500459,True,10366.051108606478,586.8117455327395,601.2351433127105,0,24.93140869234319,1,True,False
898,179,12.9959129,80.2710973,10292613443,660,1.0295364730329328,real_osm_road_node,synthetic,S09,hypothetical community bins,0.0,10292613443,True,9650.381190240661,284.32044210816065,99.57543052910877,9,425.17573103022664,1,True,False
899,179,12.9938353,80.2695532,11757720108,660,0.8503130591238829,real_osm_road_node,synthetic,S09,hypothetical community bins,0.0,11757720108,True,9882.084701586029,284.32044210816065,209.54214387021568,6,258.4988371935134,1,True,False
900,179,12.9956648,80.2592783,11772697239,1100,1.1973733085711904,real_osm_road_node,synthetic,S09,hypothetical community bins,0.0,11772697239,True,9756.643998693673,296.019964032729,169.5033360530716,4,278.53031321787114,1,True,False
901,180,12.9810931,80.2550328,333719167,660,1.7935279391703027,real_osm_road_node,synthetic,S09,hypothetical community bins,0.0,333719167,True,11424.943054055952,235.28353998347694,579.873270914672,0,102.78201077125448,1,True,False
902,180,12.9790679,80.2543684,334190089,660,1.8,real_osm_road_node,synthetic,S09,hypothetical community bins,0.0,334190089,True,11658.390756728912,235.28353998347694,694.2027774754717,0,28.914446932214986,1,True,False
903,180,12.9815327,80.2660336,9179560466,1100,1.4418104161813137,real_osm_road_node,synthetic,S09,hypothetical community bins,0.0,9179560466,True,11260.643089498619,730.4767060313712,473.38929094595426,1,248.73393394536882,1,True,False
904,180,12.9814436,80.2592991,11756873980,1100,1.084117540160911,real_osm_road_node,synthetic,S09,hypothetical community bins,0.0,11756873980,True,11326.73555347743,362.0098166609682,251.4317946078752,2,176.66244131626632,1,True,False
905,180,12.9837802,80.2569616,11757871804,1100,1.5526281176762387,real_osm_road_node,synthetic,S09,hypothetical community bins,0.0,11757871804,True,11099.61067583132,296.08145423396707,294.98050077180335,3,1.4773418131211284,1,True,False
906,181,12.9658991,80.2619812,301299749,1100,1.1105590775466943,real_osm_road_node,synthetic,S09,hypothetical community bins,0.0,301299749,True,13021.968892678919,439.2268850997438,598.251162769235,0,5.493873030966628,1,True,False
907,181,12.9721961,80.2581306,1451948783,660,1.489089391289274,real_osm_road_node,synthetic,S09,hypothetical community bins,0.0,1451948783,True,12362.692605355303,553.5872287362756,107.36321265747442,4,49.96944394108521,1,True,False
908,181,12.9706276,80.2640497,1453466191,660,0.6903086213041582,real_osm_road_node,synthetic,S09,hypothetical community bins,0.0,1453466191,True,12482.690311168995,95.44515283447114,191.13004056965804,1,115.1527731905665,1,True,False
909,181,12.9671906,80.2581518,1453574558,660,0.9016744138217083,real_osm_road_node,synthetic,S09,hypothetical community bins,0.0,1453574558,True,12915.797326829648,236.08236999667378,164.8316331048734,2,16.836110931286363,1,True,False
910,181,12.9713468,80.2645361,11755260275,660,1.544786001366626,real_osm_road_node,synthetic,S09,hypothetical community bins,0.0,11755260275,True,12399.90380018061,95.44515283447114,96.5713360486434,1,151.00845329523406,1,True,False
911,182,12.9765901,80.2386435,1141164436,660,0.9281529680049199,real_osm_road_node,synthetic,S09,hypothetical community bins,0.0,1141164436,True,12299.333027486187,333.7494115060774,692.5144589609807,0,561.1095991011588,1,True,False
912,182,12.9571036,80.2452095,3919340739,1100,1.8,real_osm_road_node,synthetic,S09,hypothetical community bins,0.0,3919340739,True,14236.095825566312,558.1614327908043,285.4297672855735,2,267.111745818057,1,True,False
913,182,12.9654171,80.241987,7800528142,660,1.2470909714376888,real_osm_road_node,synthetic,S09,hypothetical community bins,0.0,7800528142,True,13407.103830682123,341.34330624535255,413.14071399693887,1,0.18209866842158468,1,True,False
914,182,12.9655949,80.2451288,7803529070,660,1.0827217727686311,real_osm_road_node,synthetic,S09,hypothetical community bins,0.0,7803529070,True,13312.907945296554,341.34330624535255,216.42852848924602,5,50.58251556635977,1,True,False
915,182,12.9524383,80.2420216,9834967976,1100,1.8,real_osm_road_node,synthetic,S09,hypothetical community bins,0.0,9834967976,True,14813.91531650597,274.87807345034025,820.8917815126536,0,161.9937050128152,1,True,False
916,183,12.9609335,80.2602278,2168902434,660,1.004510135021588,real_osm_road_node,synthetic,S09,hypothetical community bins,0.0,2168902434,True,13587.264605760554,209.3881069542862,421.5428511877949,1,0.0,1,True,False
917,183,12.9588579,80.2556958,4386686085,660,0.7831179727468537,real_osm_road_node,synthetic,S09,hypothetical community bins,0.0,4386686085,True,13866.218589942386,439.98628364329124,296.70340590707383,1,0.0,1,True,False
918,183,12.9663101,80.256169,7042629735,660,1.8,real_osm_road_node,synthetic,S09,hypothetical community bins,82.74348619342055,4461968967,True,13037.354668102245,236.08236999667378,112.43503231339892,1,0.0,1,True,False
919,183,12.9617469,80.2584846,11043302768,660,1.225856016857296,real_osm_road_node,synthetic,S09,hypothetical community bins,0.0,11043302768,True,13514.320581367749,209.3881069542862,230.74056590709492,1,0.0,1,True,False
920,183,12.9633433,80.2567554,13475790991,660,1.1686895120434422,real_osm_road_node,synthetic,S09,hypothetical community bins,0.0,13475790991,True,13357.560797355616,257.5846916584874,212.71058458247936,2,0.0,1,True,False
921,184,12.9717509,80.2338037,2168810008,1100,1.094203982259473,real_osm_road_node,synthetic,S09,hypothetical community bins,0.0,2168810008,True,12968.335761107337,598.3296693017114,623.1240940740479,0,420.5639627094925,1,True,False
922,184,12.9591287,80.2344427,3921871692,660,0.9223188542481187,real_osm_road_node,synthetic,S09,hypothetical community bins,0.0,3921871692,True,14290.91656816207,665.1377250712753,833.3406255015011,0,228.32944334807758,1,True,False
923,184,12.9665349,80.2358372,7151309296,1100,1.024841826945416,real_osm_road_node,synthetic,S09,hypothetical community bins,0.0,7151309296,True,13457.807675590388,169.55772113522312,28.799708553260423,1,58.724559630298415,1,True,False
924,184,12.965004,80.2357528,7800644227,660,0.6995282690998337,real_osm_road_node,synthetic,S09,hypothetical community bins,0.0,7800644227,True,13623.819999922376,169.55772113522312,178.84083885874537,1,0.0,1,True,False
925,184,12.9545875,80.2407488,9894921086,240,0.8580477111573157,real_osm_road_node,synthetic,S09,hypothetical community bins,0.0,9894921086,True,14610.338028187638,274.87807345034025,601.0190315198599,0,117.4485590900273,1,True,False
926,185,12.9763596,80.1923188,300279202,240,1.1842713458157126,real_osm_road_node,synthetic,S09,hypothetical community bins,0.0,300279202,True,14557.457274308483,221.82410696550622,70.30495250613934,6,249.02650307473735,1,True,False
927,185,12.9805342,80.1933531,3895056018,1100,0.4946391730070458,real_osm_road_node,synthetic,S09,hypothetical community bins,0.0,3895056018,True,14116.154781184785,161.01401298180969,293.3210186837461,4,714.0694468061226,1,True,False
928,185,12.9778407,80.1909397,7800088441,1100,0.7170221966095301,real_osm_road_node,synthetic,S09,hypothetical community bins,0.0,7800088441,True,14512.441772188477,221.82410696550622,287.16706942063206,8,369.6843032418009,1,True,False
929,185,12.9821382,80.1926382,7800250939,660,0.7600435885229619,real_osm_road_node,synthetic,S09,hypothetical community bins,0.0,7800250939,True,14019.580834903636,164.12182321767241,110.56968413064965,7,863.5343886420777,1,True,False
930,185,12.9796406,80.1945251,12506600652,660,0.8590097217155275,real_osm_road_node,synthetic,S09,hypothetical community bins,0.0,12506600652,True,14121.685010858982,161.01401298180969,449.75803663213907,2,683.6900258638358,1,True,False
931,186,12.9750355,80.2045336,300367500,660,1.1305928948713906,real_osm_road_node,synthetic,S09,hypothetical community bins,0.0,300367500,True,13953.580243113589,262.73567608017794,726.7299384564672,0,1407.3759887987474,1,True,False
932,186,12.9730037,80.2074916,300367953,1100,1.682161428631329,real_osm_road_node,synthetic,S09,hypothetical community bins,0.0,300367953,True,13988.283015687564,337.3792244943331,788.3409689437666,0,1185.085899982291,1,True,False
933,186,12.9737991,80.2012055,300369708,240,1.3431195321563099,real_osm_road_node,synthetic,S09,hypothetical community bins,0.0,300369708,True,14258.753410306237,165.21578502550818,876.0639739024889,0,1100.9256254258505,1,True,False
934,186,12.9686588,80.1940709,2166857706,660,1.8,real_osm_road_node,synthetic,S09,hypothetical community bins,0.0,2166857706,True,15156.450036679931,104.19977252335532,453.86751939908225,3,606.9587644996635,1,True,False
935,186,12.975,80.2021115,2230781363,660,1.5210441244641917,real_osm_road_node,synthetic,S09,hypothetical community bins,0.0,2230781363,True,14093.524030885563,165.21578502550818,923.2001177760923,0,1201.9523296938326,1,True,False
936,187,12.961945,80.194753,1760913255,660,0.6141790877416684,real_osm_road_node,synthetic,S09,hypothetical community bins,0.0,1760913255,True,15747.67239203805,178.57506430331856,649.0908267234709,0,605.6182960530684,1,True,False
937,187,12.9651214,80.190426,2166872784,660,1.2483363537863184,real_osm_road_node,synthetic,S09,hypothetical community bins,0.0,2166872784,True,15702.274372713238,317.113937590763,126.03437825185146,1,530.3901330258568,1,True,False
938,187,12.9676195,80.1918611,11431736321,1100,0.8614182096874811,real_osm_road_node,synthetic,S09,hypothetical community bins,0.0,11431736321,True,15384.88089429469,251.55130961723424,200.2986144928546,4,492.92192144356915,1,True,False
939,187,12.9677225,80.1941779,11868047396,1100,0.9932498323868455,real_osm_road_node,synthetic,S09,hypothetical community bins,0.0,11868047396,True,15237.361836746346,104.19977252335532,414.513770785721,1,674.8423936192887,1,True,False
940,187,12.9612089,80.1932877,12060637424,240,0.8505413705066024,real_osm_road_node,synthetic,S09,hypothetical community bins,0.0,12060637424,True,15900.678169739456,178.57506430331856,624.2508751297901,0,431.77165089512636,1,True,False
941,188,12.9626819,80.2109688,338250223,660,1.3069137236668078,real_osm_road_node,synthetic,S09,hypothetical community bins,0.0,338250223,True,14831.501399807652,985.571821169205,240.50970128092013,2,1073.921576463115,1,True,False
942,188,12.9537716,80.2111159,11056210295,660,1.1632120448437795,real_osm_road_node,synthetic,S09,hypothetical community bins,0.0,11056210295,True,15722.445960825418,673.4170458679157,1148.5296228957989,0,788.8226409752741,1,True,False
943,188,12.9629904,80.1996817,11169037834,1100,0.8859523860901236,real_osm_road_node,synthetic,S09,hypothetical community bins,0.0,11169037834,True,15374.636579087384,546.9645301758391,264.0410389800044,2,255.39747587382044,1,True,False
944,188,12.9516714,80.1929768,11414440062,660,1.390780134312291,real_osm_road_node,synthetic,S09,hypothetical community bins,0.0,11414440062,True,16827.912938676884,247.53874589261457,1360.6542309676113,0,41.23059537229263,1,True,False
945,188,12.9537033,80.1939338,11786367803,660,0.9171693355038117,real_osm_road_node,synthetic,S09,hypothetical community bins,0.0,11786367803,True,16580.4157581956,247.53874589261457,1124.135416852609,0,269.784705892295,1,True,False
946,189,12.9351081,80.2112639,2186792401,660,1.0995659567842013,real_osm_road_node,synthetic,S09,hypothetical community bins,0.0,2186792401,True,17629.573715725943,495.6023862112846,963.6074370426252,0,126.95023389021335,1,True,False
947,189,12.9379723,80.2165153,2186792510,660,1.1278474437102268,real_osm_road_node,synthetic,S09,hypothetical community bins,0.0,2186792510,True,17130.25800182059,501.97065697590995,1351.287438417412,0,377.3955535743781,1,True,False
948,189,12.948687,80.2077003,6596229112,660,0.9869523969974037,real_osm_road_node,synthetic,S09,hypothetical community bins,0.0,6596229112,True,16390.270323712684,673.4170458679157,907.1197838764976,0,157.11196864183043,1,True,False
949,189,12.9395025,80.2121588,7812041993,660,1.3642721280890546,real_osm_road_node,synthetic,S09,hypothetical community bins,0.0,7812041993,True,17139.493394354475,495.6023862112846,852.0921699710019,0,75.35330119889268,1,True,False
950,189,12.9293371,80.2075616,11817966297,660,1.214884224157629,real_osm_road_node,synthetic,S09,hypothetical community bins,0.0,11817966297,True,18374.006532260682,290.3951139400246,495.97976278776935,1,399.0905571306117,1,True,False
951,190,12.940721,80.2057745,308899795,1100,0.6259794842798615,real_osm_road_node,synthetic,S09,hypothetical community bins,0.0,308899795,True,17283.450991953243,705.5404216008973,147.2965118901338,1,153.92847897471088,1,True,False
952,190,12.933128,80.2036641,964603701,660,0.8932309257147756,real_osm_road_node,synthetic,S09,hypothetical community bins,0.0,964603701,True,18148.26558538826,595.433593035211,205.66646084544396,2,409.1678305584157,1,True,False
953,190,12.9251058,80.1974549,2190710129,1100,0.6994968727038163,real_osm_road_node,synthetic,S09,hypothetical community bins,0.0,2190710129,True,19236.7658406648,975.5603017064198,621.0956752585984,0,399.57134524740377,1,True,False
954,190,12.9267546,80.2159823,7792988802,1100,0.6625559169395002,real_osm_road_node,synthetic,S09,hypothetical community bins,0.0,7792988802,True,18325.71246590346,638.152745227589,1371.3895582706875,0,742.9736600350561,1,True,False
955,190,12.9299209,80.2101715,11047580196,240,0.7281081982238813,real_osm_road_node,synthetic,S09,hypothetical community bins,0.0,11047580196,True,18210.042235388468,290.3951139400246,764.2614387674404,0,355.3093970863677,1,True,False
956,191,12.9195274,80.2044209,3933670361,660,1.376013035683645,real_osm_road_node,synthetic,S09,hypothetical community bins,0.0,3933670361,True,19513.32549410644,398.15636792772426,455.65033410978054,2,388.9733673660513,1,True,False
957,191,12.9235373,80.2110991,11647445231,1100,1.5444213698594516,real_osm_road_node,synthetic,S09,hypothetical community bins,0.0,11647445231,True,18839.318295450867,500.6663735591594,852.1449415307995,0,985.4108663355865,1,True,False
958,191,12.9225978,80.2063372,11648228571,1100,0.7862928716540925,real_osm_road_node,synthetic,S09,hypothetical community bins,0.0,11648228571,True,19119.56949045966,56.16053571456851,349.50418631931785,2,600.0279682409941,1,True,False
959,191,12.9230772,80.2065079,11817873140,1100,1.170783251706526,real_osm_road_node,synthetic,S09,hypothetical community bins,0.0,11817873140,True,19063.18701508293,56.16053571456851,356.87504590680226,2,633.7677581239457,1,True,False
960,191,12.9132066,80.2034594,13256223021,660,1.2109196029768465,real_osm_road_node,synthetic,S09,hypothetical community bins,0.0,13256223021,True,20205.86126752843,706.7931354362356,1136.6994951690137,0,1.187454973411192,1,True,False
961,192,12.9543334,80.262427,2165481338,660,1.0904980530118535,real_osm_road_node,synthetic,S09,hypothetical community bins,0.0,2165481338,True,14301.826191031709,671.9128747489855,1025.170012666322,0,0.0,1,True,False
962,192,12.9517951,80.2567991,3878186949,660,0.8832280348119181,real_osm_road_node,synthetic,S09,hypothetical community bins,0.0,3878186949,True,14633.65960046204,671.9128747489855,1039.039089686453,0,5.458473284175594,1,True,False
963,192,12.9408723,80.2510765,7806401204,1100,0.925683223995839,real_osm_road_node,synthetic,S09,hypothetical community bins,0.0,7806401204,True,15913.177784592268,278.0065144628789,292.13281391509236,4,300.1180594349577,1,True,False
964,192,12.9457041,80.2579873,11056420200,660,0.6171784360639259,real_osm_road_node,synthetic,S09,hypothetical community bins,0.0,11056420200,True,15295.384018501418,634.2263571075214,591.7665203441959,0,106.22271259521327,1,True,False
965,192,12.9424802,80.2531519,11644850042,1100,1.1680474554278386,real_osm_road_node,synthetic,S09,hypothetical community bins,0.0,11644850042,True,15707.209649010349,286.8890725676039,40.54091522516067,4,55.42039266385384,1,True,False
966,193,12.9453186,80.2358619,11050780626,1100,1.050703386452366,real_osm_road_node,synthetic,S09,hypothetical community bins,0.0,11050780626,True,15735.474938221501,533.5258495519802,292.9218176973158,2,204.5846128948591,1,True,False
967,193,12.9510604,80.2332726,11428240398,660,0.9196281760411112,real_osm_road_node,synthetic,S09,hypothetical community bins,0.0,11428240398,True,15188.888215204117,451.34030574630754,957.4376404711253,0,115.37969255084477,1,True,False
968,193,12.9517561,80.2373726,11630213620,660,0.8107445459477448,real_osm_road_node,synthetic,S09,hypothetical community bins,0.0,11630213620,True,15001.291025024637,451.34030574630754,883.8755323680007,0,62.98753004671842,1,True,False
969,193,12.9494359,80.2408252,11925544598,1100,0.779331052584196,real_osm_road_node,synthetic,S09,hypothetical community bins,0.0,11925544598,True,15167.636258624494,356.5099525202273,691.3766026830369,0,84.76932082607368,1,True,False
970,193,12.945468,80.240778,12871466192,660,0.7943423628975063,real_osm_road_node,synthetic,S09,hypothetical community bins,0.0,12871466192,True,15600.035849099304,438.86003917154454,344.06115106015085,3,207.56400915896657,1,True,False
971,194,12.9192582,80.2509722,30143492,1100,0.4159795436696513,real_osm_road_node,synthetic,S09,hypothetical community bins,0.0,30143492,True,18299.155159349717,602.2180819001188,957.3911975874507,0,227.74496256321626,1,True,False
972,194,12.9419598,80.2487659,3878060913,660,0.9231707473819322,real_osm_road_node,synthetic,S09,hypothetical community bins,0.0,3878060913,True,15828.986471452947,278.0065144628789,494.6464770053108,1,509.67301170269644,1,True,False
973,194,12.9209261,80.2567611,7784058831,660,0.6001360483849795,real_osm_road_node,synthetic,S09,hypothetical community bins,0.0,7784058831,True,18051.719129379977,111.45539953944426,911.2913170297644,0,429.1081398521765,1,True,False
974,194,12.9199575,80.2564774,7784058839,1100,0.7649243581515505,real_osm_road_node,synthetic,S09,hypothetical community bins,0.0,7784058839,True,18161.629555433727,111.45539953944426,987.9033741516022,0,422.6592477032203,1,True,False
975,194,12.9394497,80.2578789,7806254573,660,0.8142103769267981,real_osm_road_node,synthetic,S09,hypothetical community bins,0.0,7806254573,True,15989.156493521268,612.5829006570176,557.4151927827368,0,231.27939388433091,1,True,False
976,195,12.9377738,80.2444115,2084531923,660,1.0515749033643897,real_osm_road_node,synthetic,S09,hypothetical community bins,0.0,2084531923,True,16364.804514918644,450.35739831860275,586.1765847723717,0,367.9880275975918,1,True,False
977,195,12.9319799,80.2336837,7793866714,1100,1.3002121350932934,real_osm_road_node,synthetic,S09,hypothetical community bins,0.0,7793866714,True,17232.46605068273,48.47447141758212,191.08625819753178,3,187.12050287364357,1,True,False
978,195,12.9334844,80.2367766,7794314123,660,1.8,real_osm_road_node,synthetic,S09,hypothetical community bins,0.0,7794314123,True,16994.203555171458,374.5094984473318,391.0522076550027,1,233.57798830530885,1,True,False
979,195,12.9339907,80.2428753,7806401251,1100,1.2041697629183576,real_osm_road_node,synthetic,S09,hypothetical community bins,0.0,7806401251,True,16808.26070737117,450.35739831860275,845.4081497382075,0,0.0,1,True,False
980,195,12.9337753,80.2321148,11374673617,660,1.06625915249283,real_osm_road_node,synthetic,S09,hypothetical community bins,0.0,11374673617,True,17079.175340153655,261.5205844103416,126.89887150279247,3,329.05517738913414,1,True,False
981,196,12.9295695,80.2402953,1905796884,240,1.1280491400031487,real_osm_road_node,synthetic,S09,hypothetical community bins,0.0,1905796884,True,17343.048182844876,300.9058446389261,870.5850851982617,0,0.0,1,True,False
982,196,12.9315436,80.233641,2124735288,660,0.7731474597645828,real_osm_road_node,synthetic,S09,hypothetical community bins,0.0,2124735288,True,17280.727108320392,48.47447141758212,158.8320954172947,3,151.00279899407442,1,True,False
983,196,12.9277027,80.2423132,7793753654,660,1.1055002775273228,real_osm_road_node,synthetic,S09,hypothetical community bins,0.0,7793753654,True,17507.168694857275,285.6899432742486,1070.5505111571958,0,0.0,1,True,False
984,196,12.927685,80.236459,7794425305,660,1.3752401052593772,real_osm_road_node,synthetic,S09,hypothetical community bins,0.0,7794425305,True,17631.57461037574,398.68704139964274,514.8747618689589,0,0.0,1,True,False
985,196,12.9265609,80.2399509,7800983535,1100,0.897302648924449,real_osm_road_node,synthetic,S09,hypothetical community bins,0.0,7800983535,True,17678.610715126135,285.6899432742486,897.5367412550781,0,0.0,1,True,False
986,197,12.9070556,80.2496016,30142989,1100,1.5007713991616585,real_osm_road_node,synthetic,S09,hypothetical community bins,0.0,30142989,True,19664.089246925036,178.1262021855079,178.213387338295,1,545.3643187453806,1,True,False
987,197,12.9106713,80.2472748,7025050581,1100,0.8499778945668953,real_osm_road_node,synthetic,S09,hypothetical community bins,0.0,7025050581,True,19296.35992365409,386.2611841971611,348.4866621903925,1,664.1597810149765,1,True,False
988,197,12.9084047,80.2520022,7784058903,1100,1.5965513157648399,real_osm_road_node,synthetic,S09,hypothetical community bins,0.0,7784058903,True,19486.345309589167,204.33333683686064,246.18982656959938,1,844.2860712319444,1,True,False
989,197,12.9066079,80.2541748,7784058921,1100,0.8977384398578834,real_osm_road_node,synthetic,S09,hypothetical community bins,0.0,7784058921,True,19662.238299565448,308.29418367036453,531.2161517923491,0,1010.6878220627952,1,True,False
990,197,12.9085814,80.2501274,11668963563,1100,0.6120573708407803,real_osm_road_node,synthetic,S09,hypothetical community bins,0.0,11668963563,True,19488.989763603688,178.1262021855079,42.082676007744794,1,677.6562922111597,1,True,False
991,198,12.9020933,80.2311775,2000953011,240,0.5142006484920657,real_osm_road_node,synthetic,S09,hypothetical community bins,0.0,2000953011,True,20534.019474324814,154.8472029817073,132.59418944004096,2,230.28833496975562,1,True,False
992,198,12.9076206,80.2318367,4405297254,1100,0.7866992752289749,real_osm_road_node,synthetic,S09,hypothetical community bins,0.0,4405297254,True,19918.105611599098,246.13167524050098,740.1665254478507,0,498.103400162078,1,True,False
993,198,12.9061671,80.2301187,7800620820,660,0.44375945227882435,real_osm_road_node,synthetic,S09,hypothetical community bins,0.0,7800620820,True,20115.97059738222,246.13167524050098,581.9107372935356,0,257.32502561673937,1,True,False
994,198,12.915302,80.2317864,11043395976,660,0.4724392606636413,real_osm_road_node,synthetic,S09,hypothetical community bins,0.0,11043395976,True,19085.32001558758,849.5418676385337,440.9760303024921,2,300.14124086293555,1,True,False
995,198,12.9034141,80.2248812,11412052956,660,0.9427982061908345,real_osm_road_node,synthetic,S09,hypothetical community bins,0.0,11412052956,True,20544.49934171045,278.254682535739,698.7224472013662,0,49.14568333642216,1,True,False
996,199,12.9003822,80.2303876,2000961425,660,0.9447399826952314,real_osm_road_node,synthetic,S09,hypothetical community bins,0.0,2000961425,True,20737.99960900329,120.00157451428245,77.77211209422933,2,22.550990638125537,1,True,False
997,199,12.9017227,80.2182174,2001018426,660,0.7180547126598328,real_osm_road_node,synthetic,S09,hypothetical community bins,96.02737722752688,7791345840,True,20911.738403149724,667.0034515264446,1369.0192247853213,0,474.72063380557586,1,True,False
998,199,12.900717,80.2314397,7034698772,660,0.7299369355718792,real_osm_road_node,synthetic,S09,hypothetical community bins,0.0,7034698772,True,20677.85645451282,120.00157451428245,72.8752968103826,2,136.42577736444466,1,True,False
999,199,12.9008333,80.2288845,13293856219,1100,0.7021272202024734,real_osm_road_node,synthetic,S09,hypothetical community bins,0.0,13293856219,True,20723.960225417602,170.53748723792222,209.42928730748815,2,71.69696027800921,1,True,False
1000,199,12.90096,80.2243159,14046111646,1100,1.0458279391757912,real_osm_road_node,synthetic,S09,hypothetical community bins,0.0,14046111646,True,20824.103403027624,278.254682535739,704.6996438559045,0,191.2712640671758,1,True,False
