osm_node_id,longitude,latitude,poi_type,tag_key,data_origin,source_id,nearest_hypothetical_bin_m,coverage_origin
248420920,80.2052158,13.0386493,hospital,amenity,real,S09,454.4087223327466,"proxy: straight-line distance to synthetic bins, not resident walking access"
248560797,80.2960584,13.122775,hospital,amenity,real,S09,140.158709933931,"proxy: straight-line distance to synthetic bins, not resident walking access"
257532623,80.1874068,12.9946821,restaurant,amenity,real,S09,525.6682815483537,"proxy: straight-line distance to synthetic bins, not resident walking access"
258978416,80.2792912,13.0922007,hospital,amenity,real,S09,250.43075537726077,"proxy: straight-line distance to synthetic bins, not resident walking access"
258978417,80.2796178,13.0985007,hospital,amenity,real,S09,210.0631538218981,"proxy: straight-line distance to synthetic bins, not resident walking access"
262452334,80.2160862,13.08438,hospital,amenity,real,S09,86.97946317126902,"proxy: straight-line distance to synthetic bins, not resident walking access"
289486820,80.2905623,13.1289367,hospital,amenity,real,S09,82.32633712678292,"proxy: straight-line distance to synthetic bins, not resident walking access"
295544111,80.2130591,13.0844992,hospital,amenity,real,S09,261.53325162029694,"proxy: straight-line distance to synthetic bins, not resident walking access"
295552091,80.2069819,13.08217,hospital,amenity,real,S09,426.71894127567595,"proxy: straight-line distance to synthetic bins, not resident walking access"
295552092,80.1994692,13.0887983,hospital,amenity,real,S09,488.90446417117556,"proxy: straight-line distance to synthetic bins, not resident walking access"
300467984,80.2029459,12.9853147,school,amenity,real,S09,324.70139882281524,"proxy: straight-line distance to synthetic bins, not resident walking access"
300468062,80.206505,12.9868373,school,amenity,real,S09,181.78099201544376,"proxy: straight-line distance to synthetic bins, not resident walking access"
301725737,80.2556216,13.0392554,restaurant,amenity,real,S09,283.9750819010378,"proxy: straight-line distance to synthetic bins, not resident walking access"
301725738,80.2558968,13.0421141,restaurant,amenity,real,S09,444.26811839631176,"proxy: straight-line distance to synthetic bins, not resident walking access"
301725751,80.2566708,13.0383186,restaurant,amenity,real,S09,173.5157015462489,"proxy: straight-line distance to synthetic bins, not resident walking access"
301725766,80.2508349,13.0390386,supermarket,shop,real,S09,195.93449508637974,"proxy: straight-line distance to synthetic bins, not resident walking access"
301738570,80.2471051,13.0392095,restaurant,amenity,real,S09,116.84987112612318,"proxy: straight-line distance to synthetic bins, not resident walking access"
301816128,80.2586973,13.0409358,restaurant,amenity,real,S09,243.44554522601953,"proxy: straight-line distance to synthetic bins, not resident walking access"
303590777,80.2572467,13.0336624,hospital,amenity,real,S09,576.3661449867396,"proxy: straight-line distance to synthetic bins, not resident walking access"
308811614,80.1846471,12.9787682,hospital,amenity,real,S09,297.28980015509296,"proxy: straight-line distance to synthetic bins, not resident walking access"
310504820,80.2826483,13.084889,hospital,amenity,real,S09,522.7136919257732,"proxy: straight-line distance to synthetic bins, not resident walking access"
310732936,80.2433369,13.0785984,hospital,amenity,real,S09,308.7034733829135,"proxy: straight-line distance to synthetic bins, not resident walking access"
310909754,80.1905906,12.9847145,hospital,amenity,real,S09,317.8352391776705,"proxy: straight-line distance to synthetic bins, not resident walking access"
310910945,80.1904116,12.9887616,hospital,amenity,real,S09,216.2560220790028,"proxy: straight-line distance to synthetic bins, not resident walking access"
311429396,80.1841397,12.973463,hospital,amenity,real,S09,225.57176049521834,"proxy: straight-line distance to synthetic bins, not resident walking access"
312000326,80.239884,13.0061338,hospital,amenity,real,S09,853.9424852847936,"proxy: straight-line distance to synthetic bins, not resident walking access"
312014519,80.186583,12.9704142,school,amenity,real,S09,318.0097888564483,"proxy: straight-line distance to synthetic bins, not resident walking access"
312015795,80.1894583,12.985101,school,amenity,real,S09,306.38777368194457,"proxy: straight-line distance to synthetic bins, not resident walking access"
320275820,80.2589871,13.0720996,hospital,amenity,real,S09,359.0183240620045,"proxy: straight-line distance to synthetic bins, not resident walking access"
320275824,80.257025,13.0735496,hospital,amenity,real,S09,234.98700440865045,"proxy: straight-line distance to synthetic bins, not resident walking access"
320275839,80.2591463,13.0735431,hospital,amenity,real,S09,212.60997426642174,"proxy: straight-line distance to synthetic bins, not resident walking access"
321504325,80.2518431,13.005869,supermarket,shop,real,S09,397.25314697747956,"proxy: straight-line distance to synthetic bins, not resident walking access"
321504330,80.251822,13.0055904,restaurant,amenity,real,S09,393.50975457269215,"proxy: straight-line distance to synthetic bins, not resident walking access"
325787882,80.2517763,12.9329807,restaurant,amenity,real,S09,876.064488528638,"proxy: straight-line distance to synthetic bins, not resident walking access"
330775561,80.2422869,12.9875968,restaurant,amenity,real,S09,732.0228536883975,"proxy: straight-line distance to synthetic bins, not resident walking access"
332065787,80.2704268,13.0324107,restaurant,amenity,real,S09,46.31917572328803,"proxy: straight-line distance to synthetic bins, not resident walking access"
332065792,80.2712197,13.0327388,restaurant,amenity,real,S09,127.96177266010301,"proxy: straight-line distance to synthetic bins, not resident walking access"
332065806,80.2676459,13.0323689,restaurant,amenity,real,S09,239.48360999735232,"proxy: straight-line distance to synthetic bins, not resident walking access"
332065818,80.2685043,13.0322517,restaurant,amenity,real,S09,171.82768695269834,"proxy: straight-line distance to synthetic bins, not resident walking access"
332065830,80.2677522,13.0340003,restaurant,amenity,real,S09,158.47008112918166,"proxy: straight-line distance to synthetic bins, not resident walking access"
332066407,80.273014,13.0355223,restaurant,amenity,real,S09,317.6375074136765,"proxy: straight-line distance to synthetic bins, not resident walking access"
334267136,80.2678,12.9960126,supermarket,shop,real,S09,269.434852350358,"proxy: straight-line distance to synthetic bins, not resident walking access"
339120850,80.2513502,13.0313113,restaurant,amenity,real,S09,630.8997577426609,"proxy: straight-line distance to synthetic bins, not resident walking access"
339125302,80.2567668,13.0384527,restaurant,amenity,real,S09,159.51273026972112,"proxy: straight-line distance to synthetic bins, not resident walking access"
339129986,80.2592552,13.0451417,restaurant,amenity,real,S09,158.0728903092518,"proxy: straight-line distance to synthetic bins, not resident walking access"
339130052,80.2605083,13.0468725,restaurant,amenity,real,S09,101.07490628736205,"proxy: straight-line distance to synthetic bins, not resident walking access"
339280986,80.2043612,13.0008164,restaurant,amenity,real,S09,288.29609429978535,"proxy: straight-line distance to synthetic bins, not resident walking access"
343298745,80.2582413,12.9968115,restaurant,amenity,real,S09,169.5033360530716,"proxy: straight-line distance to synthetic bins, not resident walking access"
344405874,80.2475712,13.0609985,restaurant,amenity,real,S09,122.23365985093054,"proxy: straight-line distance to synthetic bins, not resident walking access"
344408914,80.2432841,13.065426,restaurant,amenity,real,S09,237.37592289046933,"proxy: straight-line distance to synthetic bins, not resident walking access"
344408915,80.2421706,13.0659169,restaurant,amenity,real,S09,105.31947610585225,"proxy: straight-line distance to synthetic bins, not resident walking access"
347356350,80.1943992,13.0542557,school,amenity,real,S09,231.80711814983354,"proxy: straight-line distance to synthetic bins, not resident walking access"
347362882,80.1967081,13.0530994,school,amenity,real,S09,353.18560746122415,"proxy: straight-line distance to synthetic bins, not resident walking access"
347444724,80.2790177,13.0889622,restaurant,amenity,real,S09,96.01329686125514,"proxy: straight-line distance to synthetic bins, not resident walking access"
347444889,80.2626235,13.0747305,restaurant,amenity,real,S09,312.55129313240775,"proxy: straight-line distance to synthetic bins, not resident walking access"
353206130,80.2331563,13.0454388,restaurant,amenity,real,S09,227.6187965089881,"proxy: straight-line distance to synthetic bins, not resident walking access"
353977800,80.2526113,13.0729298,restaurant,amenity,real,S09,331.74748774407357,"proxy: straight-line distance to synthetic bins, not resident walking access"
354959926,80.2739101,13.0633479,restaurant,amenity,real,S09,198.94164707237746,"proxy: straight-line distance to synthetic bins, not resident walking access"
357189520,80.258173,13.0458581,restaurant,amenity,real,S09,175.9082358132237,"proxy: straight-line distance to synthetic bins, not resident walking access"
358910747,80.2709135,13.0322882,restaurant,amenity,real,S09,100.15803469490275,"proxy: straight-line distance to synthetic bins, not resident walking access"
359289706,80.2569388,13.0333788,restaurant,amenity,real,S09,613.800043486769,"proxy: straight-line distance to synthetic bins, not resident walking access"
360806894,80.2481523,13.0610272,restaurant,amenity,real,S09,130.70986199492154,"proxy: straight-line distance to synthetic bins, not resident walking access"
361176093,80.2512477,13.0607599,restaurant,amenity,real,S09,417.39794722284006,"proxy: straight-line distance to synthetic bins, not resident walking access"
363704809,80.2553943,13.0368042,restaurant,amenity,real,S09,250.07487970200802,"proxy: straight-line distance to synthetic bins, not resident walking access"
364119253,80.2547014,13.0308675,restaurant,amenity,real,S09,749.4058506705462,"proxy: straight-line distance to synthetic bins, not resident walking access"
364650995,80.1858412,13.0211808,hospital,amenity,real,S09,572.6504861896027,"proxy: straight-line distance to synthetic bins, not resident walking access"
365269904,80.2674307,13.0383754,restaurant,amenity,real,S09,327.77472936718374,"proxy: straight-line distance to synthetic bins, not resident walking access"
365351250,80.2581673,13.0750359,restaurant,amenity,real,S09,29.551479956686954,"proxy: straight-line distance to synthetic bins, not resident walking access"
365975754,80.2467821,13.0342752,restaurant,amenity,real,S09,481.6872596466269,"proxy: straight-line distance to synthetic bins, not resident walking access"
366073581,80.2030731,13.0718703,restaurant,amenity,real,S09,264.06997011115527,"proxy: straight-line distance to synthetic bins, not resident walking access"
366845051,80.2566293,13.0677438,restaurant,amenity,real,S09,573.7175465094035,"proxy: straight-line distance to synthetic bins, not resident walking access"
366849874,80.2589124,13.0650516,restaurant,amenity,real,S09,547.9432160469936,"proxy: straight-line distance to synthetic bins, not resident walking access"
367869160,80.2717553,13.0688689,restaurant,amenity,real,S09,413.74023183287693,"proxy: straight-line distance to synthetic bins, not resident walking access"
370317723,80.2431296,13.0654928,restaurant,amenity,real,S09,219.08290609130876,"proxy: straight-line distance to synthetic bins, not resident walking access"
370972611,80.1640666,13.0316532,restaurant,amenity,real,S09,432.08850485734285,"proxy: straight-line distance to synthetic bins, not resident walking access"
375668400,80.2440921,13.0293624,hospital,amenity,real,S09,164.81909230891003,"proxy: straight-line distance to synthetic bins, not resident walking access"
378684854,80.259468,13.0221142,supermarket,shop,real,S09,211.38966774188015,"proxy: straight-line distance to synthetic bins, not resident walking access"
378684857,80.253254,13.0287554,restaurant,amenity,real,S09,626.5601929298333,"proxy: straight-line distance to synthetic bins, not resident walking access"
378684866,80.2526956,13.0276871,restaurant,amenity,real,S09,547.5491139004491,"proxy: straight-line distance to synthetic bins, not resident walking access"
378688532,80.2556765,13.026914,restaurant,amenity,real,S09,346.8450400471894,"proxy: straight-line distance to synthetic bins, not resident walking access"
378688535,80.2495317,13.0287447,supermarket,shop,real,S09,431.5383280391991,"proxy: straight-line distance to synthetic bins, not resident walking access"
378688549,80.2521158,13.0321755,restaurant,amenity,real,S09,641.0983077042944,"proxy: straight-line distance to synthetic bins, not resident walking access"
378688557,80.2566384,13.031996,supermarket,shop,real,S09,738.8184341479517,"proxy: straight-line distance to synthetic bins, not resident walking access"
378688560,80.2570496,13.0328095,supermarket,shop,real,S09,673.0072327477451,"proxy: straight-line distance to synthetic bins, not resident walking access"
378688574,80.2437255,13.0403208,restaurant,amenity,real,S09,331.6086704151263,"proxy: straight-line distance to synthetic bins, not resident walking access"
378688582,80.2476349,13.0460421,restaurant,amenity,real,S09,389.93450745351424,"proxy: straight-line distance to synthetic bins, not resident walking access"
378688585,80.2500813,13.0529661,restaurant,amenity,real,S09,141.98570661118166,"proxy: straight-line distance to synthetic bins, not resident walking access"
378688588,80.2498533,13.0528789,restaurant,amenity,real,S09,148.8957658791207,"proxy: straight-line distance to synthetic bins, not resident walking access"
378691598,80.2612723,13.0630743,restaurant,amenity,real,S09,231.8760494920638,"proxy: straight-line distance to synthetic bins, not resident walking access"
378693534,80.2556827,12.9881641,restaurant,amenity,real,S09,205.05992633288108,"proxy: straight-line distance to synthetic bins, not resident walking access"
384700520,80.2449931,13.0851955,restaurant,amenity,real,S09,83.92445722777231,"proxy: straight-line distance to synthetic bins, not resident walking access"
384700521,80.2447589,13.0851761,restaurant,amenity,real,S09,64.96395944346493,"proxy: straight-line distance to synthetic bins, not resident walking access"
386002548,80.2457033,13.0307571,restaurant,amenity,real,S09,98.19451510161316,"proxy: straight-line distance to synthetic bins, not resident walking access"
386002549,80.2460431,13.0312456,restaurant,amenity,real,S09,156.1579353611171,"proxy: straight-line distance to synthetic bins, not resident walking access"
386890403,80.2637655,13.0443358,supermarket,shop,real,S09,110.89515003234952,"proxy: straight-line distance to synthetic bins, not resident walking access"
386890406,80.2570003,13.0387921,restaurant,amenity,real,S09,129.7730693184596,"proxy: straight-line distance to synthetic bins, not resident walking access"
391835427,80.2057624,13.0064035,restaurant,amenity,real,S09,270.15832257928787,"proxy: straight-line distance to synthetic bins, not resident walking access"
391835432,80.2057624,13.0062581,restaurant,amenity,real,S09,258.5340471602916,"proxy: straight-line distance to synthetic bins, not resident walking access"
391835434,80.2057662,13.0061052,restaurant,amenity,real,S09,247.15524614244825,"proxy: straight-line distance to synthetic bins, not resident walking access"
393360402,80.2459839,13.0311615,restaurant,amenity,real,S09,145.7165154861724,"proxy: straight-line distance to synthetic bins, not resident walking access"
415866031,80.2521808,12.9278334,restaurant,amenity,real,S09,911.2913170297644,"proxy: straight-line distance to synthetic bins, not resident walking access"
416852438,80.2459383,12.9856448,restaurant,amenity,real,S09,716.2772470611482,"proxy: straight-line distance to synthetic bins, not resident walking access"
417750163,80.2712305,13.0012892,restaurant,amenity,real,S09,458.80853886817584,"proxy: straight-line distance to synthetic bins, not resident walking access"
417750169,80.2706983,13.0010216,restaurant,amenity,real,S09,397.07843322374,"proxy: straight-line distance to synthetic bins, not resident walking access"
417750171,80.2704376,13.0007325,restaurant,amenity,real,S09,354.43026615024786,"proxy: straight-line distance to synthetic bins, not resident walking access"
417750314,80.2662523,13.00057,restaurant,amenity,real,S09,316.07918750974716,"proxy: straight-line distance to synthetic bins, not resident walking access"
417750979,80.2679346,12.9970909,restaurant,amenity,real,S09,149.38295377616853,"proxy: straight-line distance to synthetic bins, not resident walking access"
417776186,80.2677285,13.0034528,school,amenity,real,S09,558.5717234234816,"proxy: straight-line distance to synthetic bins, not resident walking access"
442508332,80.2067733,12.9653846,hospital,amenity,real,S09,544.4602629372303,"proxy: straight-line distance to synthetic bins, not resident walking access"
459635161,80.2041657,13.05244,hospital,amenity,real,S09,123.02970538031593,"proxy: straight-line distance to synthetic bins, not resident walking access"
459639891,80.2041201,13.0520052,supermarket,shop,real,S09,170.77553622082175,"proxy: straight-line distance to synthetic bins, not resident walking access"
459641978,80.2036334,13.0542712,school,amenity,real,S09,92.9856626973558,"proxy: straight-line distance to synthetic bins, not resident walking access"
459643717,80.2040134,13.0541688,convenience,shop,real,S09,68.88385064350425,"proxy: straight-line distance to synthetic bins, not resident walking access"
459648701,80.2070144,13.0483819,hospital,amenity,real,S09,119.03105069580697,"proxy: straight-line distance to synthetic bins, not resident walking access"
459650602,80.2133316,13.0506067,convenience,shop,real,S09,198.89884425621165,"proxy: straight-line distance to synthetic bins, not resident walking access"
459651460,80.1960547,13.0476071,convenience,shop,real,S09,334.2597317871982,"proxy: straight-line distance to synthetic bins, not resident walking access"
459652832,80.1981602,13.0438348,school,amenity,real,S09,145.6450227480035,"proxy: straight-line distance to synthetic bins, not resident walking access"
459814471,80.207616,13.0492377,restaurant,amenity,real,S09,192.8947832979361,"proxy: straight-line distance to synthetic bins, not resident walking access"
472595228,80.219622,13.070585,supermarket,shop,real,S09,354.5289838551731,"proxy: straight-line distance to synthetic bins, not resident walking access"
473396856,80.2613841,13.0074771,school,amenity,real,S09,326.96703132524453,"proxy: straight-line distance to synthetic bins, not resident walking access"
473397850,80.2548775,13.00636,restaurant,amenity,real,S09,157.34211285244274,"proxy: straight-line distance to synthetic bins, not resident walking access"
577319935,80.2563991,12.9986633,restaurant,amenity,real,S09,349.5140680406817,"proxy: straight-line distance to synthetic bins, not resident walking access"
577376030,80.2560996,13.0005001,restaurant,amenity,real,S09,367.5491343676742,"proxy: straight-line distance to synthetic bins, not resident walking access"
577376031,80.2442513,13.00651,restaurant,amenity,real,S09,608.0824222987894,"proxy: straight-line distance to synthetic bins, not resident walking access"
577376032,80.2099012,13.049367,restaurant,amenity,real,S09,212.12727927423649,"proxy: straight-line distance to synthetic bins, not resident walking access"
595657131,80.1937294,13.060167,school,amenity,real,S09,62.26916572723178,"proxy: straight-line distance to synthetic bins, not resident walking access"
595659824,80.1952529,13.0596967,supermarket,shop,real,S09,206.5788053046291,"proxy: straight-line distance to synthetic bins, not resident walking access"
595704962,80.1963823,13.0475791,restaurant,amenity,real,S09,313.1880375168994,"proxy: straight-line distance to synthetic bins, not resident walking access"
595706154,80.211027,13.0495316,hospital,amenity,real,S09,95.77301320012988,"proxy: straight-line distance to synthetic bins, not resident walking access"
595713127,80.2072397,13.0485387,supermarket,shop,real,S09,140.55008057909578,"proxy: straight-line distance to synthetic bins, not resident walking access"
595714975,80.192033,13.052763,restaurant,amenity,real,S09,166.04056018560888,"proxy: straight-line distance to synthetic bins, not resident walking access"
595735861,80.1873415,13.0474865,school,amenity,real,S09,81.22359399131422,"proxy: straight-line distance to synthetic bins, not resident walking access"
597590621,80.1942138,13.0571293,hospital,amenity,real,S09,181.78659496051114,"proxy: straight-line distance to synthetic bins, not resident walking access"
604185916,80.2507421,13.0354299,recycling,amenity,real,S09,332.5359714451504,"proxy: straight-line distance to synthetic bins, not resident walking access"
612546126,80.2088301,13.0735855,school,amenity,real,S09,141.30217456750597,"proxy: straight-line distance to synthetic bins, not resident walking access"
612546662,80.2103428,13.0731363,supermarket,shop,real,S09,261.84929672756766,"proxy: straight-line distance to synthetic bins, not resident walking access"
612552098,80.2108686,13.0768878,supermarket,shop,real,S09,249.1068850755072,"proxy: straight-line distance to synthetic bins, not resident walking access"
612558725,80.2081295,13.0713909,convenience,shop,real,S09,387.7432490332917,"proxy: straight-line distance to synthetic bins, not resident walking access"
614436617,80.2062046,13.0734099,school,amenity,real,S09,312.49300720401425,"proxy: straight-line distance to synthetic bins, not resident walking access"
653152094,80.1725724,13.0405828,restaurant,amenity,real,S09,165.90498465459518,"proxy: straight-line distance to synthetic bins, not resident walking access"
700879862,80.2607741,12.9863717,restaurant,amenity,real,S09,503.10814472961357,"proxy: straight-line distance to synthetic bins, not resident walking access"
700910944,80.2500834,13.0070874,restaurant,amenity,real,S09,620.2550147417146,"proxy: straight-line distance to synthetic bins, not resident walking access"
747616456,80.2224844,12.9787977,school,amenity,real,S09,535.4040689324096,"proxy: straight-line distance to synthetic bins, not resident walking access"
747616893,80.2225074,12.9823833,supermarket,shop,real,S09,333.78919036200443,"proxy: straight-line distance to synthetic bins, not resident walking access"
754093962,80.2560376,12.9880438,restaurant,amenity,real,S09,239.63508658332935,"proxy: straight-line distance to synthetic bins, not resident walking access"
762597556,80.248,13.0558502,restaurant,amenity,real,S09,267.2514720448392,"proxy: straight-line distance to synthetic bins, not resident walking access"
864565812,80.2516758,13.0398647,supermarket,shop,real,S09,215.85673399582652,"proxy: straight-line distance to synthetic bins, not resident walking access"
934859077,80.1853388,13.0442984,school,amenity,real,S09,153.09125176541724,"proxy: straight-line distance to synthetic bins, not resident walking access"
934859085,80.1855534,13.0443873,supermarket,shop,real,S09,129.3036707856402,"proxy: straight-line distance to synthetic bins, not resident walking access"
941467276,80.2136124,13.0629161,supermarket,shop,real,S09,132.21274752492127,"proxy: straight-line distance to synthetic bins, not resident walking access"
941467495,80.2139192,13.0745115,school,amenity,real,S09,420.1961926798078,"proxy: straight-line distance to synthetic bins, not resident walking access"
941471945,80.2151198,13.0750445,hospital,amenity,real,S09,348.78641710286263,"proxy: straight-line distance to synthetic bins, not resident walking access"
941581387,80.2213633,13.0734564,supermarket,shop,real,S09,168.57259084862991,"proxy: straight-line distance to synthetic bins, not resident walking access"
941611681,80.2148826,13.073239,hospital,amenity,real,S09,246.93406181199316,"proxy: straight-line distance to synthetic bins, not resident walking access"
941618660,80.217598,13.0828536,restaurant,amenity,real,S09,201.0455261398821,"proxy: straight-line distance to synthetic bins, not resident walking access"
941621037,80.2178866,13.0892073,hospital,amenity,real,S09,605.8983405149067,"proxy: straight-line distance to synthetic bins, not resident walking access"
1003378082,80.2104214,12.9831591,school,amenity,real,S09,157.6731971356093,"proxy: straight-line distance to synthetic bins, not resident walking access"
1015568367,80.1774604,13.0301954,school,amenity,real,S09,88.18283276706691,"proxy: straight-line distance to synthetic bins, not resident walking access"
1015571498,80.1810857,13.0331325,hospital,amenity,real,S09,213.67057636124034,"proxy: straight-line distance to synthetic bins, not resident walking access"
1015571601,80.1801201,13.0321291,hospital,amenity,real,S09,272.58920789944483,"proxy: straight-line distance to synthetic bins, not resident walking access"
1015578645,80.1996798,13.0397071,school,amenity,real,S09,159.37656430517427,"proxy: straight-line distance to synthetic bins, not resident walking access"
1015585631,80.1976842,13.0382542,school,amenity,real,S09,211.20314947763399,"proxy: straight-line distance to synthetic bins, not resident walking access"
1018359163,80.2537868,13.0293339,convenience,shop,real,S09,669.6408052122976,"proxy: straight-line distance to synthetic bins, not resident walking access"
1024554835,80.2163485,13.0349987,restaurant,amenity,real,S09,290.0442204794912,"proxy: straight-line distance to synthetic bins, not resident walking access"
1024556272,80.2160673,13.0354172,supermarket,shop,real,S09,266.6723787689883,"proxy: straight-line distance to synthetic bins, not resident walking access"
1025848875,80.212066,13.0328373,restaurant,amenity,real,S09,311.2560934712301,"proxy: straight-line distance to synthetic bins, not resident walking access"
1044780333,80.2606515,12.9515892,school,amenity,real,S09,359.44265468718214,"proxy: straight-line distance to synthetic bins, not resident walking access"
1053605071,80.2430546,13.051775,restaurant,amenity,real,S09,290.9966865875682,"proxy: straight-line distance to synthetic bins, not resident walking access"
1067520551,80.2614084,13.0267144,supermarket,shop,real,S09,176.9105959771483,"proxy: straight-line distance to synthetic bins, not resident walking access"
1069489829,80.2757144,13.0880874,restaurant,amenity,real,S09,435.0064805228712,"proxy: straight-line distance to synthetic bins, not resident walking access"
1069491369,80.2777394,13.0885001,school,amenity,real,S09,223.35756934601915,"proxy: straight-line distance to synthetic bins, not resident walking access"
1069491576,80.2772191,13.0883355,school,amenity,real,S09,279.4736017085785,"proxy: straight-line distance to synthetic bins, not resident walking access"
1080219492,80.2644988,13.0448865,restaurant,amenity,real,S09,95.63238172441513,"proxy: straight-line distance to synthetic bins, not resident walking access"
1108029781,80.2392199,13.0544491,restaurant,amenity,real,S09,340.19755663772514,"proxy: straight-line distance to synthetic bins, not resident walking access"
1121392657,80.2106059,13.0083726,restaurant,amenity,real,S09,578.1694859725,"proxy: straight-line distance to synthetic bins, not resident walking access"
1127285905,80.2118365,13.0554597,hospital,amenity,real,S09,99.44422789756307,"proxy: straight-line distance to synthetic bins, not resident walking access"
1127295227,80.2143813,13.0538146,school,amenity,real,S09,416.66839477352454,"proxy: straight-line distance to synthetic bins, not resident walking access"
1152858038,80.2434416,13.0508335,hospital,amenity,real,S09,318.2377306393609,"proxy: straight-line distance to synthetic bins, not resident walking access"
1171632614,80.2308167,13.0277769,restaurant,amenity,real,S09,193.30229987949528,"proxy: straight-line distance to synthetic bins, not resident walking access"
1177974039,80.2460438,13.0671869,restaurant,amenity,real,S09,417.9773207363771,"proxy: straight-line distance to synthetic bins, not resident walking access"
1190124248,80.2656063,13.0635727,restaurant,amenity,real,S09,87.90617392564302,"proxy: straight-line distance to synthetic bins, not resident walking access"
1241205340,80.2583585,12.9712514,restaurant,amenity,real,S09,107.36321265747442,"proxy: straight-line distance to synthetic bins, not resident walking access"
1306385769,80.189912,13.0247563,school,amenity,real,S09,893.519949641779,"proxy: straight-line distance to synthetic bins, not resident walking access"
1315895438,80.211745,13.0583046,hospital,amenity,real,S09,160.38414674822306,"proxy: straight-line distance to synthetic bins, not resident walking access"
1329321951,80.2024966,12.9284826,school,amenity,real,S09,529.1428862099299,"proxy: straight-line distance to synthetic bins, not resident walking access"
1329321958,80.2029956,12.9291074,supermarket,shop,real,S09,450.5365509025139,"proxy: straight-line distance to synthetic bins, not resident walking access"
1329325018,80.2030143,12.923764,convenience,shop,real,S09,382.8620816965288,"proxy: straight-line distance to synthetic bins, not resident walking access"
1329336746,80.1982298,12.9242267,school,amenity,real,S09,128.52820409386115,"proxy: straight-line distance to synthetic bins, not resident walking access"
1330439618,80.2033582,12.9274057,convenience,shop,real,S09,503.5455749065772,"proxy: straight-line distance to synthetic bins, not resident walking access"
1330443392,80.2003719,12.9253386,school,amenity,real,S09,317.49313363104335,"proxy: straight-line distance to synthetic bins, not resident walking access"
1344584749,80.2042319,13.031548,convenience,shop,real,S09,189.97786752512982,"proxy: straight-line distance to synthetic bins, not resident walking access"
1411883069,80.2430807,13.0206071,supermarket,shop,real,S09,536.6217512240364,"proxy: straight-line distance to synthetic bins, not resident walking access"
1415646050,80.1769318,13.0420426,supermarket,shop,real,S09,447.9981396189483,"proxy: straight-line distance to synthetic bins, not resident walking access"
1446415367,80.2474724,12.9663879,hospital,amenity,real,S09,268.9026441504274,"proxy: straight-line distance to synthetic bins, not resident walking access"
1446841958,80.2028196,13.0542995,school,amenity,real,S09,159.1579818004227,"proxy: straight-line distance to synthetic bins, not resident walking access"
1446842407,80.2059776,13.0543125,school,amenity,real,S09,223.24549358837737,"proxy: straight-line distance to synthetic bins, not resident walking access"
1446842408,80.2061707,13.0538945,school,amenity,real,S09,230.77235313709042,"proxy: straight-line distance to synthetic bins, not resident walking access"
1446843033,80.2040587,13.0501632,supermarket,shop,real,S09,249.63414757122507,"proxy: straight-line distance to synthetic bins, not resident walking access"
1446844312,80.2061063,13.0483451,restaurant,amenity,real,S09,36.28709634745844,"proxy: straight-line distance to synthetic bins, not resident walking access"
1450869063,80.2581256,12.9739862,restaurant,amenity,real,S09,197.97661097355763,"proxy: straight-line distance to synthetic bins, not resident walking access"
1450869067,80.2580999,12.9737686,supermarket,shop,real,S09,173.94229844899957,"proxy: straight-line distance to synthetic bins, not resident walking access"
1450869071,80.2580826,12.9735902,supermarket,shop,real,S09,154.26817259379993,"proxy: straight-line distance to synthetic bins, not resident walking access"
1457114930,80.2648774,12.9721533,restaurant,amenity,real,S09,96.5713360486434,"proxy: straight-line distance to synthetic bins, not resident walking access"
1472969165,80.2305209,13.0626045,hospital,amenity,real,S09,365.7903012774881,"proxy: straight-line distance to synthetic bins, not resident walking access"
1474055555,80.2405731,13.0787952,hospital,amenity,real,S09,260.06747521302054,"proxy: straight-line distance to synthetic bins, not resident walking access"
1488328052,80.1903845,13.0468582,supermarket,shop,real,S09,113.54451657730776,"proxy: straight-line distance to synthetic bins, not resident walking access"
1493118614,80.2174636,13.0342232,supermarket,shop,real,S09,199.56948997903785,"proxy: straight-line distance to synthetic bins, not resident walking access"
1527955052,80.2326981,12.9821542,restaurant,amenity,real,S09,301.74266605021313,"proxy: straight-line distance to synthetic bins, not resident walking access"
1527955639,80.2327044,12.9822545,restaurant,amenity,real,S09,310.02222692689656,"proxy: straight-line distance to synthetic bins, not resident walking access"
1532684633,80.249748,12.9086606,restaurant,amenity,real,S09,42.082676007744794,"proxy: straight-line distance to synthetic bins, not resident walking access"
1560720462,80.2552541,13.0015307,hospital,amenity,real,S09,355.69876771567687,"proxy: straight-line distance to synthetic bins, not resident walking access"
1560729725,80.2522381,12.9952269,supermarket,shop,real,S09,305.17922209596446,"proxy: straight-line distance to synthetic bins, not resident walking access"
1563555334,80.2227101,13.0131553,restaurant,amenity,real,S09,44.62494548466592,"proxy: straight-line distance to synthetic bins, not resident walking access"
1586615387,80.2399315,13.0835386,convenience,shop,real,S09,286.63710639100174,"proxy: straight-line distance to synthetic bins, not resident walking access"
1596154407,80.221575,12.9758373,school,amenity,real,S09,202.4100564546985,"proxy: straight-line distance to synthetic bins, not resident walking access"
1597151538,80.2011738,13.0584072,hospital,amenity,real,S09,622.4758727145303,"proxy: straight-line distance to synthetic bins, not resident walking access"
1597154725,80.201324,13.0583419,convenience,shop,real,S09,608.1098042288575,"proxy: straight-line distance to synthetic bins, not resident walking access"
1597159985,80.2010021,13.0583955,convenience,shop,real,S09,630.9782386909225,"proxy: straight-line distance to synthetic bins, not resident walking access"
1597160003,80.2015466,13.0582087,convenience,shop,real,S09,583.6061776228271,"proxy: straight-line distance to synthetic bins, not resident walking access"
1621240490,80.1549408,13.1195338,school,amenity,real,S09,92.6081060274231,"proxy: straight-line distance to synthetic bins, not resident walking access"
1621246558,80.1572422,13.1187083,hospital,amenity,real,S09,188.04112680131215,"proxy: straight-line distance to synthetic bins, not resident walking access"
1636170540,80.2155154,12.9667572,school,amenity,real,S09,504.97569021632586,"proxy: straight-line distance to synthetic bins, not resident walking access"
1636171309,80.2123879,12.9757851,school,amenity,real,S09,416.9233657621634,"proxy: straight-line distance to synthetic bins, not resident walking access"
1636178008,80.1928829,12.9579014,school,amenity,real,S09,368.4233371475605,"proxy: straight-line distance to synthetic bins, not resident walking access"
1640625232,80.229992,12.9810009,supermarket,shop,real,S09,111.80086187791312,"proxy: straight-line distance to synthetic bins, not resident walking access"
1653993044,80.2075894,13.0916188,school,amenity,real,S09,257.8696294557785,"proxy: straight-line distance to synthetic bins, not resident walking access"
1666846319,80.20327,12.931309,convenience,shop,real,S09,205.66646084544396,"proxy: straight-line distance to synthetic bins, not resident walking access"
1672262615,80.266308,13.0017,school,amenity,real,S09,381.92085296895846,"proxy: straight-line distance to synthetic bins, not resident walking access"
1685079568,80.2551167,13.038511,restaurant,amenity,real,S09,205.53749748071624,"proxy: straight-line distance to synthetic bins, not resident walking access"
1712341782,80.2681092,12.9961478,restaurant,amenity,real,S09,251.51282484918963,"proxy: straight-line distance to synthetic bins, not resident walking access"
1722539546,80.276637,13.0296649,restaurant,amenity,real,S09,156.41961626465104,"proxy: straight-line distance to synthetic bins, not resident walking access"
1722539548,80.2768515,13.029678,convenience,shop,real,S09,154.39836014202643,"proxy: straight-line distance to synthetic bins, not resident walking access"
1728641528,80.2589417,13.0651778,restaurant,amenity,real,S09,556.475538063818,"proxy: straight-line distance to synthetic bins, not resident walking access"
1751208048,80.2182307,12.9841726,restaurant,amenity,real,S09,299.101573984156,"proxy: straight-line distance to synthetic bins, not resident walking access"
1751210935,80.2177291,12.9847606,restaurant,amenity,real,S09,215.33593894436308,"proxy: straight-line distance to synthetic bins, not resident walking access"
1751218586,80.217641,12.9822407,convenience,shop,real,S09,464.9868606245128,"proxy: straight-line distance to synthetic bins, not resident walking access"
1760694106,80.1944308,12.9694641,school,amenity,real,S09,97.2426070311065,"proxy: straight-line distance to synthetic bins, not resident walking access"
1760907465,80.1970465,12.9705025,school,amenity,real,S09,381.76434397591373,"proxy: straight-line distance to synthetic bins, not resident walking access"
1764127530,80.2190475,12.9719364,supermarket,shop,real,S09,310.49307224202937,"proxy: straight-line distance to synthetic bins, not resident walking access"
1789987574,80.2044922,12.9799192,hospital,amenity,real,S09,358.68595160795303,"proxy: straight-line distance to synthetic bins, not resident walking access"
1797130848,80.2071871,13.0769447,supermarket,shop,real,S09,139.6331757920499,"proxy: straight-line distance to synthetic bins, not resident walking access"
1800295840,80.2563781,12.9614559,supermarket,shop,real,S09,212.71058458247936,"proxy: straight-line distance to synthetic bins, not resident walking access"
1825978766,80.2515179,13.1355943,school,amenity,real,S09,180.27614285770534,"proxy: straight-line distance to synthetic bins, not resident walking access"
1875969687,80.259754,13.057334,restaurant,amenity,real,S09,190.61084761071544,"proxy: straight-line distance to synthetic bins, not resident walking access"
1880480390,80.2598232,13.0440675,convenience,shop,real,S09,271.6479724731658,"proxy: straight-line distance to synthetic bins, not resident walking access"
1906653451,80.2620463,13.0330669,convenience,shop,real,S09,561.7644729986126,"proxy: straight-line distance to synthetic bins, not resident walking access"
1921331566,80.1882311,12.9795964,convenience,shop,real,S09,71.70462185816788,"proxy: straight-line distance to synthetic bins, not resident walking access"
1921333681,80.1882525,12.9797375,convenience,shop,real,S09,72.62880121457088,"proxy: straight-line distance to synthetic bins, not resident walking access"
1926709450,80.1855109,12.9862277,school,amenity,real,S09,93.93748655089462,"proxy: straight-line distance to synthetic bins, not resident walking access"
1926722718,80.1883346,12.9831007,convenience,shop,real,S09,63.5499903446659,"proxy: straight-line distance to synthetic bins, not resident walking access"
1926734878,80.2235173,13.0211473,marketplace,amenity,real,S09,186.1198331965149,"proxy: straight-line distance to synthetic bins, not resident walking access"
1928542139,80.253221,13.06004,restaurant,amenity,real,S09,357.1339203375871,"proxy: straight-line distance to synthetic bins, not resident walking access"
1928941030,80.2467629,13.059543,supermarket,shop,real,S09,298.77961811317147,"proxy: straight-line distance to synthetic bins, not resident walking access"
1948616260,80.2050055,13.0677233,hospital,amenity,real,S09,695.3711505711235,"proxy: straight-line distance to synthetic bins, not resident walking access"
1950161471,80.2050056,13.0676158,supermarket,shop,real,S09,704.2240604140056,"proxy: straight-line distance to synthetic bins, not resident walking access"
1955943159,80.2165845,13.0385656,hospital,amenity,real,S09,170.7325642590557,"proxy: straight-line distance to synthetic bins, not resident walking access"
1955943165,80.2163431,13.0369167,recycling,amenity,real,S09,138.76549968372035,"proxy: straight-line distance to synthetic bins, not resident walking access"
1955972448,80.1742193,13.0221546,convenience,shop,real,S09,293.6890292581122,"proxy: straight-line distance to synthetic bins, not resident walking access"
1957903721,80.2004752,13.0849671,hospital,amenity,real,S09,273.5758672367917,"proxy: straight-line distance to synthetic bins, not resident walking access"
1957904106,80.1991661,13.0868667,hospital,amenity,real,S09,448.30954726243766,"proxy: straight-line distance to synthetic bins, not resident walking access"
1973406457,80.174252,13.0950704,restaurant,amenity,real,S09,188.84935659167837,"proxy: straight-line distance to synthetic bins, not resident walking access"
1974528161,80.251587,13.0055967,restaurant,amenity,real,S09,418.8043787838325,"proxy: straight-line distance to synthetic bins, not resident walking access"
1974865055,80.2032443,12.9234824,convenience,shop,real,S09,349.50418631931785,"proxy: straight-line distance to synthetic bins, not resident walking access"
1974891243,80.2030753,12.9279815,convenience,shop,real,S09,509.25263542922585,"proxy: straight-line distance to synthetic bins, not resident walking access"
1974891247,80.2030753,12.9267685,convenience,shop,real,S09,552.5665715973743,"proxy: straight-line distance to synthetic bins, not resident walking access"
1987889350,80.2200478,12.9730064,supermarket,shop,real,S09,159.38868312552577,"proxy: straight-line distance to synthetic bins, not resident walking access"
1987889351,80.2216517,12.975984,restaurant,amenity,real,S09,220.32679641436036,"proxy: straight-line distance to synthetic bins, not resident walking access"
1987889352,80.221856,12.9761386,restaurant,amenity,real,S09,247.47168250189537,"proxy: straight-line distance to synthetic bins, not resident walking access"
1987889353,80.2200413,12.9729662,convenience,shop,real,S09,163.86931531627317,"proxy: straight-line distance to synthetic bins, not resident walking access"
1990726878,80.259599,13.0428655,restaurant,amenity,real,S09,403.96437518540796,"proxy: straight-line distance to synthetic bins, not resident walking access"
1990726883,80.2546452,13.0471789,restaurant,amenity,real,S09,458.6125594076022,"proxy: straight-line distance to synthetic bins, not resident walking access"
1990726921,80.2483233,13.0290737,restaurant,amenity,real,S09,295.5902707169056,"proxy: straight-line distance to synthetic bins, not resident walking access"
1992147671,80.2267092,12.979042,restaurant,amenity,real,S09,259.28369173835245,"proxy: straight-line distance to synthetic bins, not resident walking access"
1992398105,80.248271,13.061691,restaurant,amenity,real,S09,81.28119872606496,"proxy: straight-line distance to synthetic bins, not resident walking access"
1993242611,80.1741571,13.022139,convenience,shop,real,S09,288.34306587116964,"proxy: straight-line distance to synthetic bins, not resident walking access"
1993266479,80.2276904,12.9796065,restaurant,amenity,real,S09,216.2611814067894,"proxy: straight-line distance to synthetic bins, not resident walking access"
1993266486,80.2286587,12.9800456,hospital,amenity,real,S09,151.88912619404243,"proxy: straight-line distance to synthetic bins, not resident walking access"
2000840330,80.2380816,13.0408188,restaurant,amenity,real,S09,362.42103192004606,"proxy: straight-line distance to synthetic bins, not resident walking access"
2001077840,80.2385427,13.0414126,supermarket,shop,real,S09,284.83143223095584,"proxy: straight-line distance to synthetic bins, not resident walking access"
2001148133,80.2381571,13.0414192,restaurant,amenity,real,S09,321.36109346160856,"proxy: straight-line distance to synthetic bins, not resident walking access"
2059560611,80.239775,12.9459767,school,amenity,real,S09,122.4845628110729,"proxy: straight-line distance to synthetic bins, not resident walking access"
2064178200,80.2395863,12.9456616,school,amenity,real,S09,131.02975255939361,"proxy: straight-line distance to synthetic bins, not resident walking access"
2071087259,80.2395755,12.9456667,school,amenity,real,S09,132.2781955631374,"proxy: straight-line distance to synthetic bins, not resident walking access"
2071090050,80.2404649,12.9494627,school,amenity,real,S09,39.19482521168279,"proxy: straight-line distance to synthetic bins, not resident walking access"
2072479943,80.1644897,13.0358564,hospital,amenity,real,S09,347.87389697049014,"proxy: straight-line distance to synthetic bins, not resident walking access"
2084165165,80.2178866,12.969707,restaurant,amenity,real,S09,325.45335021337087,"proxy: straight-line distance to synthetic bins, not resident walking access"
2115851259,80.2488853,12.9215926,school,amenity,real,S09,343.3777713224343,"proxy: straight-line distance to synthetic bins, not resident walking access"
2117666024,80.2416769,12.9214372,school,amenity,real,S09,596.7893282182449,"proxy: straight-line distance to synthetic bins, not resident walking access"
2117671390,80.2410536,12.9177981,school,amenity,real,S09,976.475876419617,"proxy: straight-line distance to synthetic bins, not resident walking access"
2120418003,80.2293217,13.0630707,supermarket,shop,real,S09,484.3166227859198,"proxy: straight-line distance to synthetic bins, not resident walking access"
2120763195,80.2009134,12.9933638,hospital,amenity,real,S09,136.92557375423172,"proxy: straight-line distance to synthetic bins, not resident walking access"
2120765877,80.2001919,12.9933742,restaurant,amenity,real,S09,115.40432518094467,"proxy: straight-line distance to synthetic bins, not resident walking access"
2120776178,80.1997306,12.9935964,restaurant,amenity,real,S09,92.81446588288391,"proxy: straight-line distance to synthetic bins, not resident walking access"
2123575602,80.2446878,12.9530789,school,amenity,real,S09,297.75642174719655,"proxy: straight-line distance to synthetic bins, not resident walking access"
2124725682,80.2365085,12.9334921,school,amenity,real,S09,29.09578420171549,"proxy: straight-line distance to synthetic bins, not resident walking access"
2124734395,80.2337388,12.9321684,hospital,amenity,real,S09,21.687148225689356,"proxy: straight-line distance to synthetic bins, not resident walking access"
2124744016,80.2317217,12.9274004,restaurant,amenity,real,S09,503.30310037605,"proxy: straight-line distance to synthetic bins, not resident walking access"
2124745932,80.2306441,12.9196464,restaurant,amenity,real,S09,496.19327832162924,"proxy: straight-line distance to synthetic bins, not resident walking access"
2124745933,80.2306816,12.9191392,restaurant,amenity,real,S09,440.9760303024921,"proxy: straight-line distance to synthetic bins, not resident walking access"
2124849459,80.2505858,12.9766406,school,amenity,real,S09,490.2828223893853,"proxy: straight-line distance to synthetic bins, not resident walking access"
2124854755,80.2482807,12.9554398,school,amenity,real,S09,380.5720495765799,"proxy: straight-line distance to synthetic bins, not resident walking access"
2126456077,80.18853,12.9825831,supermarket,shop,real,S09,14.721714680209606,"proxy: straight-line distance to synthetic bins, not resident walking access"
2126461371,80.1932105,12.9837958,hospital,amenity,real,S09,33.5148322171996,"proxy: straight-line distance to synthetic bins, not resident walking access"
2127107074,80.2433123,12.9647302,school,amenity,real,S09,162.58844662201588,"proxy: straight-line distance to synthetic bins, not resident walking access"
2128807439,80.187849,12.9775601,supermarket,shop,real,S09,76.24466566785547,"proxy: straight-line distance to synthetic bins, not resident walking access"
2128809211,80.1876076,12.9769485,convenience,shop,real,S09,47.49249425819818,"proxy: straight-line distance to synthetic bins, not resident walking access"
2135004019,80.1920439,12.9838491,supermarket,shop,real,S09,136.58051487882906,"proxy: straight-line distance to synthetic bins, not resident walking access"
2135005595,80.191427,12.9830023,supermarket,shop,real,S09,162.44980005580067,"proxy: straight-line distance to synthetic bins, not resident walking access"
2142658611,80.1879754,12.9808241,convenience,shop,real,S09,128.8547100779491,"proxy: straight-line distance to synthetic bins, not resident walking access"
2145405955,80.1850278,12.9786524,hospital,amenity,real,S09,289.8764095372018,"proxy: straight-line distance to synthetic bins, not resident walking access"
2145424658,80.1883615,12.9863102,restaurant,amenity,real,S09,284.15505002154197,"proxy: straight-line distance to synthetic bins, not resident walking access"
2146414134,80.2287613,12.9803074,restaurant,amenity,real,S09,162.58155006858735,"proxy: straight-line distance to synthetic bins, not resident walking access"
2146414135,80.2230137,12.988058,restaurant,amenity,real,S09,332.9179354347282,"proxy: straight-line distance to synthetic bins, not resident walking access"
2168329696,80.1749834,13.0163006,supermarket,shop,real,S09,90.20585750935004,"proxy: straight-line distance to synthetic bins, not resident walking access"
2168329705,80.1736,13.0149545,convenience,shop,real,S09,66.65035160062473,"proxy: straight-line distance to synthetic bins, not resident walking access"
2253361647,80.1886083,12.9842586,hospital,amenity,real,S09,192.40688140618576,"proxy: straight-line distance to synthetic bins, not resident walking access"
2296730807,80.2695735,13.0748904,marketplace,amenity,real,S09,327.9210989579716,"proxy: straight-line distance to synthetic bins, not resident walking access"
2296731083,80.2693697,13.0755331,restaurant,amenity,real,S09,273.9968030539783,"proxy: straight-line distance to synthetic bins, not resident walking access"
2296731456,80.268345,13.076782,hospital,amenity,real,S09,144.3368237987743,"proxy: straight-line distance to synthetic bins, not resident walking access"
2296731781,80.2678381,13.0768734,hospital,amenity,real,S09,139.2460962439199,"proxy: straight-line distance to synthetic bins, not resident walking access"
2296732187,80.2672427,13.0764345,hospital,amenity,real,S09,96.54168588907537,"proxy: straight-line distance to synthetic bins, not resident walking access"
2296733697,80.2720867,13.0756063,school,amenity,real,S09,309.353399517757,"proxy: straight-line distance to synthetic bins, not resident walking access"
2296734281,80.2722477,13.0755096,school,amenity,real,S09,328.56862167206543,"proxy: straight-line distance to synthetic bins, not resident walking access"
2296735136,80.2719607,13.0763065,school,amenity,real,S09,242.48919817939407,"proxy: straight-line distance to synthetic bins, not resident walking access"
2296736065,80.2732159,13.075008,school,amenity,real,S09,440.19434668775796,"proxy: straight-line distance to synthetic bins, not resident walking access"
2296739472,80.2666606,13.076586,school,amenity,real,S09,46.49454427837262,"proxy: straight-line distance to synthetic bins, not resident walking access"
2296744654,80.2678488,13.0736154,school,amenity,real,S09,187.17076061441264,"proxy: straight-line distance to synthetic bins, not resident walking access"
2296745323,80.2694716,13.074522,school,amenity,real,S09,317.28179443169887,"proxy: straight-line distance to synthetic bins, not resident walking access"
2341521161,80.2453424,12.9636492,supermarket,shop,real,S09,216.42852848924602,"proxy: straight-line distance to synthetic bins, not resident walking access"
2341521164,80.2463937,12.9636596,restaurant,amenity,real,S09,254.23257465256017,"proxy: straight-line distance to synthetic bins, not resident walking access"
2394693044,80.2173031,13.0922181,supermarket,shop,real,S09,517.1654012898495,"proxy: straight-line distance to synthetic bins, not resident walking access"
2394701226,80.2184356,13.0907453,restaurant,amenity,real,S09,525.9446281034474,"proxy: straight-line distance to synthetic bins, not resident walking access"
2394703603,80.2178412,13.0883486,restaurant,amenity,real,S09,552.4230866491804,"proxy: straight-line distance to synthetic bins, not resident walking access"
2394720835,80.2418285,13.08286,restaurant,amenity,real,S09,219.9418496404735,"proxy: straight-line distance to synthetic bins, not resident walking access"
2394723955,80.2444917,13.0900655,restaurant,amenity,real,S09,231.3998042901988,"proxy: straight-line distance to synthetic bins, not resident walking access"
2398060288,80.2126022,13.0846594,restaurant,amenity,real,S09,313.8592713892866,"proxy: straight-line distance to synthetic bins, not resident walking access"
2398071952,80.2182684,13.0875854,restaurant,amenity,real,S09,506.89235235205086,"proxy: straight-line distance to synthetic bins, not resident walking access"
2424060961,80.1750645,13.0158805,restaurant,amenity,real,S09,122.42088347251533,"proxy: straight-line distance to synthetic bins, not resident walking access"
2448757042,80.1917975,12.9827037,supermarket,shop,real,S09,110.56968413064965,"proxy: straight-line distance to synthetic bins, not resident walking access"
2485567524,80.2594411,13.0921812,hospital,amenity,real,S09,107.26154646114021,"proxy: straight-line distance to synthetic bins, not resident walking access"
2517035812,80.1970157,12.9657555,school,amenity,real,S09,376.9201345296244,"proxy: straight-line distance to synthetic bins, not resident walking access"
2517035814,80.191882,12.9658002,hospital,amenity,real,S09,174.8628708883462,"proxy: straight-line distance to synthetic bins, not resident walking access"
2559180846,80.2236256,13.0929667,hospital,amenity,real,S09,280.474466023736,"proxy: straight-line distance to synthetic bins, not resident walking access"
2583555357,80.2987442,13.1511436,school,amenity,real,S09,338.63052352049976,"proxy: straight-line distance to synthetic bins, not resident walking access"
2587530807,80.2574322,13.005343,restaurant,amenity,real,S09,222.34914003049943,"proxy: straight-line distance to synthetic bins, not resident walking access"
2587530810,80.2594702,13.0205681,hospital,amenity,real,S09,379.2246657458002,"proxy: straight-line distance to synthetic bins, not resident walking access"
2623045662,80.221979,12.9841137,supermarket,shop,real,S09,149.26718817989538,"proxy: straight-line distance to synthetic bins, not resident walking access"
2623046184,80.2226282,12.9837296,supermarket,shop,real,S09,231.00192196935316,"proxy: straight-line distance to synthetic bins, not resident walking access"
2623046185,80.2183798,12.989024,restaurant,amenity,real,S09,135.61953677813125,"proxy: straight-line distance to synthetic bins, not resident walking access"
2653514035,80.2445544,12.9596032,restaurant,amenity,real,S09,285.4297672855735,"proxy: straight-line distance to synthetic bins, not resident walking access"
2669702938,80.2082964,12.9710287,hospital,amenity,real,S09,235.22385280215255,"proxy: straight-line distance to synthetic bins, not resident walking access"
2676965109,80.2023937,12.965964,supermarket,shop,real,S09,441.2324485721623,"proxy: straight-line distance to synthetic bins, not resident walking access"
2678483193,80.1862123,13.0430957,supermarket,shop,real,S09,60.95729919979691,"proxy: straight-line distance to synthetic bins, not resident walking access"
2728294977,80.2045907,12.9298318,school,amenity,real,S09,326.8995580084373,"proxy: straight-line distance to synthetic bins, not resident walking access"
2734244476,80.1745662,13.0175064,supermarket,shop,real,S09,131.70011976542068,"proxy: straight-line distance to synthetic bins, not resident walking access"
2779899224,80.1892365,13.0490872,convenience,shop,real,S09,200.10131611357363,"proxy: straight-line distance to synthetic bins, not resident walking access"
2779907360,80.2412002,13.054758,school,amenity,real,S09,125.3830550011735,"proxy: straight-line distance to synthetic bins, not resident walking access"
2794348661,80.1784622,13.0405941,hospital,amenity,real,S09,448.74784597815994,"proxy: straight-line distance to synthetic bins, not resident walking access"
2868606331,80.2618804,12.9828491,supermarket,shop,real,S09,320.2196709377553,"proxy: straight-line distance to synthetic bins, not resident walking access"
2878238136,80.1871316,12.9941605,convenience,shop,real,S09,480.8993555320261,"proxy: straight-line distance to synthetic bins, not resident walking access"
2878241398,80.1871212,12.9941032,restaurant,amenity,real,S09,475.447179412627,"proxy: straight-line distance to synthetic bins, not resident walking access"
3040095075,80.1918021,12.973039,restaurant,amenity,real,S09,371.49833236461365,"proxy: straight-line distance to synthetic bins, not resident walking access"
3097012397,80.1978774,12.926285,school,amenity,real,S09,138.2345862870623,"proxy: straight-line distance to synthetic bins, not resident walking access"
3118828098,80.2592138,13.0388272,supermarket,shop,real,S09,110.32114306814542,"proxy: straight-line distance to synthetic bins, not resident walking access"
3118864398,80.2573008,13.0381705,hospital,amenity,real,S09,118.90456100488453,"proxy: straight-line distance to synthetic bins, not resident walking access"
3149264021,80.1692038,13.02092,school,amenity,real,S09,213.9618164072703,"proxy: straight-line distance to synthetic bins, not resident walking access"
3216148367,80.2461636,13.0315839,restaurant,amenity,real,S09,195.59590819874802,"proxy: straight-line distance to synthetic bins, not resident walking access"
3372786283,80.2298924,12.9862735,hospital,amenity,real,S09,626.5101899173219,"proxy: straight-line distance to synthetic bins, not resident walking access"
3376338616,80.266752,13.0325923,supermarket,shop,real,S09,301.9839285610427,"proxy: straight-line distance to synthetic bins, not resident walking access"
3377475238,80.2634323,13.0079508,convenience,shop,real,S09,554.2207859533726,"proxy: straight-line distance to synthetic bins, not resident walking access"
3378125118,80.2528473,13.0597092,supermarket,shop,real,S09,405.5726598192414,"proxy: straight-line distance to synthetic bins, not resident walking access"
3379346350,80.2681364,13.0659239,restaurant,amenity,real,S09,101.19080494186346,"proxy: straight-line distance to synthetic bins, not resident walking access"
3397754749,80.2180065,13.0231287,school,amenity,real,S09,347.5140816546738,"proxy: straight-line distance to synthetic bins, not resident walking access"
3450042000,80.2212113,13.0243276,restaurant,amenity,real,S09,239.26163321643517,"proxy: straight-line distance to synthetic bins, not resident walking access"
3450042001,80.2211984,13.0246165,restaurant,amenity,real,S09,208.44945810480166,"proxy: straight-line distance to synthetic bins, not resident walking access"
3484134719,80.2505372,13.0070553,supermarket,shop,real,S09,573.3444955515988,"proxy: straight-line distance to synthetic bins, not resident walking access"
3485845889,80.2224448,13.0253001,supermarket,shop,real,S09,151.91392828176294,"proxy: straight-line distance to synthetic bins, not resident walking access"
3490433702,80.2875692,13.0889275,restaurant,amenity,real,S09,389.1286607771378,"proxy: straight-line distance to synthetic bins, not resident walking access"
3508291445,80.2305246,13.0348438,restaurant,amenity,real,S09,70.00468797480949,"proxy: straight-line distance to synthetic bins, not resident walking access"
3508291448,80.2248352,12.9864594,convenience,shop,real,S09,146.92221067700777,"proxy: straight-line distance to synthetic bins, not resident walking access"
3568386700,80.2316514,12.9297291,restaurant,amenity,real,S09,294.71065432224503,"proxy: straight-line distance to synthetic bins, not resident walking access"
3568403893,80.2323729,12.9308257,restaurant,amenity,real,S09,158.8320954172947,"proxy: straight-line distance to synthetic bins, not resident walking access"
3599952165,80.225602,13.0213047,restaurant,amenity,real,S09,49.18404027745368,"proxy: straight-line distance to synthetic bins, not resident walking access"
3657312622,80.2847614,13.1182089,restaurant,amenity,real,S09,303.9353272647299,"proxy: straight-line distance to synthetic bins, not resident walking access"
3685449090,80.2214489,13.0385168,supermarket,shop,real,S09,290.1531669918271,"proxy: straight-line distance to synthetic bins, not resident walking access"
3685475121,80.21636,13.0355652,restaurant,amenity,real,S09,235.01802800663364,"proxy: straight-line distance to synthetic bins, not resident walking access"
3685501075,80.2129456,13.0345581,restaurant,amenity,real,S09,98.94694606282398,"proxy: straight-line distance to synthetic bins, not resident walking access"
3686383394,80.2614492,13.0445136,restaurant,amenity,real,S09,295.3372867332753,"proxy: straight-line distance to synthetic bins, not resident walking access"
3686393758,80.2534304,13.0335251,restaurant,amenity,real,S09,477.86922645109024,"proxy: straight-line distance to synthetic bins, not resident walking access"
3687688696,80.2010975,12.9610483,convenience,shop,real,S09,264.0410389800044,"proxy: straight-line distance to synthetic bins, not resident walking access"
3687697987,80.2412019,13.0180379,restaurant,amenity,real,S09,383.6907022920056,"proxy: straight-line distance to synthetic bins, not resident walking access"
3687697988,80.2411617,13.0180196,restaurant,amenity,real,S09,385.7843668023359,"proxy: straight-line distance to synthetic bins, not resident walking access"
3687697989,80.2415412,13.0178837,restaurant,amenity,real,S09,344.62280018618924,"proxy: straight-line distance to synthetic bins, not resident walking access"
3687708989,80.2405136,12.9969608,supermarket,shop,real,S09,954.662822892368,"proxy: straight-line distance to synthetic bins, not resident walking access"
3687711447,80.2223505,12.9767775,hospital,amenity,real,S09,336.1470528816809,"proxy: straight-line distance to synthetic bins, not resident walking access"
3687714163,80.2507067,13.0065651,restaurant,amenity,real,S09,536.9954027202385,"proxy: straight-line distance to synthetic bins, not resident walking access"
3687714983,80.2576812,13.0069508,restaurant,amenity,real,S09,79.65043635555705,"proxy: straight-line distance to synthetic bins, not resident walking access"
3687715185,80.2575979,13.0069018,restaurant,amenity,real,S09,89.85949258756823,"proxy: straight-line distance to synthetic bins, not resident walking access"
3687726098,80.2509856,13.0071295,supermarket,shop,real,S09,532.4187613616348,"proxy: straight-line distance to synthetic bins, not resident walking access"
3687729139,80.2508354,13.0065703,restaurant,amenity,real,S09,523.9537507544957,"proxy: straight-line distance to synthetic bins, not resident walking access"
3687731869,80.2577985,13.0070694,restaurant,amenity,real,S09,64.49709601589575,"proxy: straight-line distance to synthetic bins, not resident walking access"
3687823820,80.212701,12.9640395,restaurant,amenity,real,S09,240.50970128092013,"proxy: straight-line distance to synthetic bins, not resident walking access"
3690725166,80.2239795,13.0547433,restaurant,amenity,real,S09,329.46199069713504,"proxy: straight-line distance to synthetic bins, not resident walking access"
3702797921,80.1870589,13.0859961,hospital,amenity,real,S09,319.30338582340977,"proxy: straight-line distance to synthetic bins, not resident walking access"
3736887372,80.2355696,13.0455027,restaurant,amenity,real,S09,376.08238348827064,"proxy: straight-line distance to synthetic bins, not resident walking access"
3875702945,80.2598799,13.0989018,supermarket,shop,real,S09,227.6627267717886,"proxy: straight-line distance to synthetic bins, not resident walking access"
3961459333,80.225507,13.0835126,restaurant,amenity,real,S09,202.12174802772302,"proxy: straight-line distance to synthetic bins, not resident walking access"
3978303408,80.1955743,13.0597055,supermarket,shop,real,S09,241.3965483376337,"proxy: straight-line distance to synthetic bins, not resident walking access"
3982078512,80.2488406,13.1260907,hospital,amenity,real,S09,295.2683377751644,"proxy: straight-line distance to synthetic bins, not resident walking access"
3998858427,80.238973,13.0348934,school,amenity,real,S09,321.03160432975,"proxy: straight-line distance to synthetic bins, not resident walking access"
4011491489,80.2343301,13.0353775,restaurant,amenity,real,S09,242.3441679588755,"proxy: straight-line distance to synthetic bins, not resident walking access"
4035159042,80.2285669,13.0977041,school,amenity,real,S09,303.8123263568844,"proxy: straight-line distance to synthetic bins, not resident walking access"
4090239218,80.1920857,12.968849,school,amenity,real,S09,138.14337082039012,"proxy: straight-line distance to synthetic bins, not resident walking access"
4142948010,80.2246365,12.9824641,restaurant,amenity,real,S09,315.3219806977873,"proxy: straight-line distance to synthetic bins, not resident walking access"
4142984489,80.2312088,12.9853716,restaurant,amenity,real,S09,567.9326066499696,"proxy: straight-line distance to synthetic bins, not resident walking access"
4153810890,80.2243406,13.0286604,school,amenity,real,S09,379.4928297689289,"proxy: straight-line distance to synthetic bins, not resident walking access"
4175851801,80.2611408,13.0449084,restaurant,amenity,real,S09,240.497920489734,"proxy: straight-line distance to synthetic bins, not resident walking access"
4186895419,80.1839551,13.0150919,restaurant,amenity,real,S09,205.22969192948105,"proxy: straight-line distance to synthetic bins, not resident walking access"
4186906491,80.1750099,13.0161035,restaurant,amenity,real,S09,104.63845367947934,"proxy: straight-line distance to synthetic bins, not resident walking access"
4213294489,80.1798944,13.0504588,school,amenity,real,S09,185.25622746482395,"proxy: straight-line distance to synthetic bins, not resident walking access"
4218907921,80.2453673,12.9692702,restaurant,amenity,real,S09,407.2926186113976,"proxy: straight-line distance to synthetic bins, not resident walking access"
4221573903,80.2497746,13.0642564,hospital,amenity,real,S09,331.56799048270625,"proxy: straight-line distance to synthetic bins, not resident walking access"
4221574806,80.2101801,13.0034121,supermarket,shop,real,S09,197.80427343402678,"proxy: straight-line distance to synthetic bins, not resident walking access"
4232045988,80.2180657,13.091467,restaurant,amenity,real,S09,496.34061198879266,"proxy: straight-line distance to synthetic bins, not resident walking access"
4239255889,80.2288982,12.9781784,restaurant,amenity,real,S09,17.37409042691752,"proxy: straight-line distance to synthetic bins, not resident walking access"
4241509490,80.2412295,13.045426,restaurant,amenity,real,S09,56.14614191806151,"proxy: straight-line distance to synthetic bins, not resident walking access"
4252200443,80.2220064,12.9758138,restaurant,amenity,real,S09,232.55029977732931,"proxy: straight-line distance to synthetic bins, not resident walking access"
4270297092,80.2246466,13.0701906,restaurant,amenity,real,S09,274.6330496113085,"proxy: straight-line distance to synthetic bins, not resident walking access"
4270329892,80.2247741,13.0692905,supermarket,shop,real,S09,254.44413164933317,"proxy: straight-line distance to synthetic bins, not resident walking access"
4270351990,80.2248039,13.0698579,supermarket,shop,real,S09,273.9838116333035,"proxy: straight-line distance to synthetic bins, not resident walking access"
4278326228,80.2405139,12.9850891,restaurant,amenity,real,S09,403.707905945867,"proxy: straight-line distance to synthetic bins, not resident walking access"
4290851202,80.2242291,13.0679752,school,amenity,real,S09,220.55661766002484,"proxy: straight-line distance to synthetic bins, not resident walking access"
4294274187,80.2320468,12.9801464,school,amenity,real,S09,147.20717657135765,"proxy: straight-line distance to synthetic bins, not resident walking access"
4300667140,80.218948,12.9852163,school,amenity,real,S09,214.5106576178926,"proxy: straight-line distance to synthetic bins, not resident walking access"
4308319797,80.2126484,13.024373,marketplace,amenity,real,S09,54.397630762196535,"proxy: straight-line distance to synthetic bins, not resident walking access"
4308320004,80.2144512,13.024337,supermarket,shop,real,S09,249.0147838139156,"proxy: straight-line distance to synthetic bins, not resident walking access"
4308320094,80.2176024,13.0273791,restaurant,amenity,real,S09,235.11341282027414,"proxy: straight-line distance to synthetic bins, not resident walking access"
4315323191,80.1609081,13.0352427,school,amenity,real,S09,104.89895543704165,"proxy: straight-line distance to synthetic bins, not resident walking access"
4329387869,80.187599,12.9733792,hospital,amenity,real,S09,151.20551337188246,"proxy: straight-line distance to synthetic bins, not resident walking access"
4335525920,80.2624199,13.0387128,restaurant,amenity,real,S09,233.42263688855138,"proxy: straight-line distance to synthetic bins, not resident walking access"
4348942389,80.2624809,13.0366167,restaurant,amenity,real,S09,351.0129075984977,"proxy: straight-line distance to synthetic bins, not resident walking access"
4351216397,80.2792156,13.1185939,school,amenity,real,S09,299.9435486778544,"proxy: straight-line distance to synthetic bins, not resident walking access"
4355633301,80.2457245,13.0621968,restaurant,amenity,real,S09,208.91800149469532,"proxy: straight-line distance to synthetic bins, not resident walking access"
4358666332,80.2182482,12.9859913,restaurant,amenity,real,S09,170.04109445645702,"proxy: straight-line distance to synthetic bins, not resident walking access"
4358676515,80.2299642,12.9857172,waste_disposal,amenity,real,S09,608.5875123352513,"proxy: straight-line distance to synthetic bins, not resident walking access"
4358676516,80.2297912,12.9864412,waste_disposal,amenity,real,S09,619.2728529139481,"proxy: straight-line distance to synthetic bins, not resident walking access"
4358935393,80.1819043,13.0270459,school,amenity,real,S09,79.71236013819716,"proxy: straight-line distance to synthetic bins, not resident walking access"
4359466590,80.2433336,13.0643655,restaurant,amenity,real,S09,304.9200603367948,"proxy: straight-line distance to synthetic bins, not resident walking access"
4359484398,80.2436537,13.062755,restaurant,amenity,real,S09,439.16759604454353,"proxy: straight-line distance to synthetic bins, not resident walking access"
4369751391,80.2702331,12.9956088,restaurant,amenity,real,S09,99.57543052910877,"proxy: straight-line distance to synthetic bins, not resident walking access"
4369777490,80.2878586,13.0891115,restaurant,amenity,real,S09,392.89841935035435,"proxy: straight-line distance to synthetic bins, not resident walking access"
4377440092,80.2334005,13.0372385,school,amenity,real,S09,339.088343046665,"proxy: straight-line distance to synthetic bins, not resident walking access"
4377440093,80.2333714,13.0371111,school,amenity,real,S09,337.9602858707364,"proxy: straight-line distance to synthetic bins, not resident walking access"
4379537181,80.251867,13.0064298,supermarket,shop,real,S09,413.6424860421525,"proxy: straight-line distance to synthetic bins, not resident walking access"
4379540072,80.2314302,12.9833026,restaurant,amenity,real,S09,345.6977076752158,"proxy: straight-line distance to synthetic bins, not resident walking access"
4379595810,80.2315254,12.9832616,restaurant,amenity,real,S09,343.84760290807526,"proxy: straight-line distance to synthetic bins, not resident walking access"
4383204790,80.282892,13.0784245,school,amenity,real,S09,109.27126397551345,"proxy: straight-line distance to synthetic bins, not resident walking access"
4411778293,80.1835547,13.0283918,restaurant,amenity,real,S09,252.2273535305262,"proxy: straight-line distance to synthetic bins, not resident walking access"
4411778295,80.2185153,12.9875802,school,amenity,real,S09,227.8958811933134,"proxy: straight-line distance to synthetic bins, not resident walking access"
4411798691,80.2181128,12.9840888,supermarket,shop,real,S09,300.4948033586176,"proxy: straight-line distance to synthetic bins, not resident walking access"
4411841291,80.1816259,13.0234374,school,amenity,real,S09,456.66024788307044,"proxy: straight-line distance to synthetic bins, not resident walking access"
4411855589,80.1829882,13.026489,hospital,amenity,real,S09,210.0031668338318,"proxy: straight-line distance to synthetic bins, not resident walking access"
4413961908,80.2380696,12.9437934,restaurant,amenity,real,S09,292.9218176973158,"proxy: straight-line distance to synthetic bins, not resident walking access"
4413961928,80.2381152,12.9437777,restaurant,amenity,real,S09,297.9691070635132,"proxy: straight-line distance to synthetic bins, not resident walking access"
4421925894,80.2336977,13.0654103,school,amenity,real,S09,288.7511247220479,"proxy: straight-line distance to synthetic bins, not resident walking access"
4421948894,80.2491591,13.0681334,school,amenity,real,S09,686.9469991212551,"proxy: straight-line distance to synthetic bins, not resident walking access"
4447008637,80.252718,13.0048641,school,amenity,real,S09,292.13184199227624,"proxy: straight-line distance to synthetic bins, not resident walking access"
4447073028,80.1545457,13.0404737,school,amenity,real,S09,597.711786611454,"proxy: straight-line distance to synthetic bins, not resident walking access"
4447298329,80.2699958,13.0502159,school,amenity,real,S09,249.56433974625006,"proxy: straight-line distance to synthetic bins, not resident walking access"
4450536979,80.226075,12.9767972,school,amenity,real,S09,331.5017842958362,"proxy: straight-line distance to synthetic bins, not resident walking access"
4452123289,80.2424119,13.0624328,restaurant,amenity,real,S09,436.93500917548596,"proxy: straight-line distance to synthetic bins, not resident walking access"
4452136289,80.2424649,13.0658718,restaurant,amenity,real,S09,137.28527041196526,"proxy: straight-line distance to synthetic bins, not resident walking access"
4469843449,80.2405195,12.9969526,convenience,shop,real,S09,954.5908751636335,"proxy: straight-line distance to synthetic bins, not resident walking access"
4470686694,80.2594573,12.9989664,restaurant,amenity,real,S09,49.72166674513186,"proxy: straight-line distance to synthetic bins, not resident walking access"
4486583996,80.1889685,13.0380047,hospital,amenity,real,S09,175.29807010031976,"proxy: straight-line distance to synthetic bins, not resident walking access"
4488082604,80.2114304,13.0515961,hospital,amenity,real,S09,240.53080108035695,"proxy: straight-line distance to synthetic bins, not resident walking access"
4517223590,80.169752,13.1232153,school,amenity,real,S09,227.32914905894583,"proxy: straight-line distance to synthetic bins, not resident walking access"
4544752297,80.2530681,13.0719315,restaurant,amenity,real,S09,450.1154609705456,"proxy: straight-line distance to synthetic bins, not resident walking access"
4549736617,80.2093652,12.9648137,supermarket,shop,real,S09,292.9864462724263,"proxy: straight-line distance to synthetic bins, not resident walking access"
4594634241,80.2362976,13.0143187,supermarket,shop,real,S09,652.0535719952671,"proxy: straight-line distance to synthetic bins, not resident walking access"
4604870491,80.2431365,13.1101564,school,amenity,real,S09,187.9701083502191,"proxy: straight-line distance to synthetic bins, not resident walking access"
4633798289,80.2388201,13.1128208,school,amenity,real,S09,300.6552044665456,"proxy: straight-line distance to synthetic bins, not resident walking access"
4639377291,80.2740076,13.0592026,restaurant,amenity,real,S09,106.80320812536787,"proxy: straight-line distance to synthetic bins, not resident walking access"
4681428385,80.2301551,13.0378221,restaurant,amenity,real,S09,303.45230136690265,"proxy: straight-line distance to synthetic bins, not resident walking access"
4681428855,80.2297373,13.0379675,supermarket,shop,real,S09,317.6358832296633,"proxy: straight-line distance to synthetic bins, not resident walking access"
4688927500,80.2306035,13.0356535,supermarket,shop,real,S09,104.04877906672753,"proxy: straight-line distance to synthetic bins, not resident walking access"
4688930495,80.2294591,13.03801,supermarket,shop,real,S09,324.67673496458946,"proxy: straight-line distance to synthetic bins, not resident walking access"
4688956689,80.2315235,13.0388997,convenience,shop,real,S09,218.52268944022714,"proxy: straight-line distance to synthetic bins, not resident walking access"
4691858289,80.2118114,13.0922676,restaurant,amenity,real,S09,157.16464532130726,"proxy: straight-line distance to synthetic bins, not resident walking access"
4714387190,80.2764136,13.083556,restaurant,amenity,real,S09,171.0214643314257,"proxy: straight-line distance to synthetic bins, not resident walking access"
4714404289,80.2776473,13.0839331,supermarket,shop,real,S09,31.623061119419393,"proxy: straight-line distance to synthetic bins, not resident walking access"
4718285889,80.2580421,13.0554515,restaurant,amenity,real,S09,468.1562687423242,"proxy: straight-line distance to synthetic bins, not resident walking access"
4764302980,80.2395364,13.0135999,hospital,amenity,real,S09,536.1802720387518,"proxy: straight-line distance to synthetic bins, not resident walking access"
4766458866,80.2307424,12.9856682,supermarket,shop,real,S09,598.012962895157,"proxy: straight-line distance to synthetic bins, not resident walking access"
4797659563,80.2849229,13.0886358,restaurant,amenity,real,S09,254.04630853537967,"proxy: straight-line distance to synthetic bins, not resident walking access"
4797659568,80.2036178,13.0849504,restaurant,amenity,real,S09,79.13514571134331,"proxy: straight-line distance to synthetic bins, not resident walking access"
4797659569,80.2525172,12.9361317,restaurant,amenity,real,S09,547.0826138101983,"proxy: straight-line distance to synthetic bins, not resident walking access"
4797659570,80.2304855,13.0363714,restaurant,amenity,real,S09,157.86712377660226,"proxy: straight-line distance to synthetic bins, not resident walking access"
4798026739,80.2609259,13.0770838,restaurant,amenity,real,S09,209.8253965799155,"proxy: straight-line distance to synthetic bins, not resident walking access"
4799120033,80.2417991,13.1083317,restaurant,amenity,real,S09,39.89062401125987,"proxy: straight-line distance to synthetic bins, not resident walking access"
4799120036,80.2885634,13.113747,restaurant,amenity,real,S09,120.63942069627618,"proxy: straight-line distance to synthetic bins, not resident walking access"
4799154411,80.2766839,13.0585503,restaurant,amenity,real,S09,75.45728677646146,"proxy: straight-line distance to synthetic bins, not resident walking access"
4799154413,80.2749374,13.0823797,restaurant,amenity,real,S09,371.95620676427563,"proxy: straight-line distance to synthetic bins, not resident walking access"
4799154416,80.1850851,13.0882618,restaurant,amenity,real,S09,256.34124042623046,"proxy: straight-line distance to synthetic bins, not resident walking access"
4799154417,80.1817229,13.0808212,restaurant,amenity,real,S09,314.45438701362673,"proxy: straight-line distance to synthetic bins, not resident walking access"
4799154419,80.245526,13.1080731,restaurant,amenity,real,S09,315.1084925857015,"proxy: straight-line distance to synthetic bins, not resident walking access"
4799176112,80.2541479,13.0858295,restaurant,amenity,real,S09,404.14584941978643,"proxy: straight-line distance to synthetic bins, not resident walking access"
4799176115,80.2249226,13.0843038,restaurant,amenity,real,S09,294.1922354160691,"proxy: straight-line distance to synthetic bins, not resident walking access"
4799194310,80.2916801,13.1081671,restaurant,amenity,real,S09,449.39942267391325,"proxy: straight-line distance to synthetic bins, not resident walking access"
4812799921,80.2617411,13.04479,restaurant,amenity,real,S09,296.58678781945827,"proxy: straight-line distance to synthetic bins, not resident walking access"
4813324323,80.2905249,13.1133021,hospital,amenity,real,S09,257.95964560984476,"proxy: straight-line distance to synthetic bins, not resident walking access"
4816004523,80.1927849,13.0379652,supermarket,shop,real,S09,225.20839771142457,"proxy: straight-line distance to synthetic bins, not resident walking access"
4832843522,80.2582073,13.0268229,restaurant,amenity,real,S09,195.702334653501,"proxy: straight-line distance to synthetic bins, not resident walking access"
4903254021,80.2611367,13.0770717,restaurant,amenity,real,S09,226.58008545015815,"proxy: straight-line distance to synthetic bins, not resident walking access"
4929654623,80.2446612,13.1082434,restaurant,amenity,real,S09,264.329496119556,"proxy: straight-line distance to synthetic bins, not resident walking access"
4944476650,80.2249871,12.9862638,supermarket,shop,real,S09,137.66819617559713,"proxy: straight-line distance to synthetic bins, not resident walking access"
4948882565,80.2095947,13.0823097,restaurant,amenity,real,S09,467.9845272592778,"proxy: straight-line distance to synthetic bins, not resident walking access"
4948927697,80.1881554,13.0871698,supermarket,shop,real,S09,423.8244945342199,"proxy: straight-line distance to synthetic bins, not resident walking access"
4948937229,80.1880112,13.0870968,restaurant,amenity,real,S09,421.61575614014913,"proxy: straight-line distance to synthetic bins, not resident walking access"
5079379086,80.2615255,13.0777234,restaurant,amenity,real,S09,198.8263905608095,"proxy: straight-line distance to synthetic bins, not resident walking access"
5198139026,80.2577919,13.0747212,restaurant,amenity,real,S09,81.67478955828518,"proxy: straight-line distance to synthetic bins, not resident walking access"
5227400230,80.1989719,13.0852612,restaurant,amenity,real,S09,434.1913203539965,"proxy: straight-line distance to synthetic bins, not resident walking access"
5229484359,80.199766,13.085416,supermarket,shop,real,S09,348.3534769917149,"proxy: straight-line distance to synthetic bins, not resident walking access"
5229698418,80.2193289,12.9774267,restaurant,amenity,real,S09,354.8815894729506,"proxy: straight-line distance to synthetic bins, not resident walking access"
5229774271,80.2308112,12.9009495,restaurant,amenity,real,S09,72.8752968103826,"proxy: straight-line distance to synthetic bins, not resident walking access"
5229778052,80.2322854,12.9009425,restaurant,amenity,real,S09,95.08195479148827,"proxy: straight-line distance to synthetic bins, not resident walking access"
5230272395,80.2400944,13.0474926,restaurant,amenity,real,S09,26.46867282398901,"proxy: straight-line distance to synthetic bins, not resident walking access"
5230348879,80.2559976,12.9877999,restaurant,amenity,real,S09,232.04545191513733,"proxy: straight-line distance to synthetic bins, not resident walking access"
5230370408,80.1698754,13.0817972,restaurant,amenity,real,S09,403.0874025724005,"proxy: straight-line distance to synthetic bins, not resident walking access"
5230405188,80.1670292,13.081515,supermarket,shop,real,S09,297.99015550585017,"proxy: straight-line distance to synthetic bins, not resident walking access"
5242605023,80.2621523,12.9771822,supermarket,shop,real,S09,563.8046767065549,"proxy: straight-line distance to synthetic bins, not resident walking access"
5263563022,80.2429369,13.1131363,hospital,amenity,real,S09,166.95792812510098,"proxy: straight-line distance to synthetic bins, not resident walking access"
5263569122,80.2781615,13.0845384,supermarket,shop,real,S09,58.272808329706265,"proxy: straight-line distance to synthetic bins, not resident walking access"
5282323260,80.2030227,13.0850448,restaurant,amenity,real,S09,27.845150543737677,"proxy: straight-line distance to synthetic bins, not resident walking access"
5318547955,80.2041095,13.0702196,restaurant,amenity,real,S09,440.6258379529699,"proxy: straight-line distance to synthetic bins, not resident walking access"
5320053509,80.2365642,13.0361057,school,amenity,real,S09,28.229479789571865,"proxy: straight-line distance to synthetic bins, not resident walking access"
5326981421,80.2353398,13.0425459,restaurant,amenity,real,S09,522.5595472336157,"proxy: straight-line distance to synthetic bins, not resident walking access"
5332419164,80.2528173,12.938573,school,amenity,real,S09,316.7372930322885,"proxy: straight-line distance to synthetic bins, not resident walking access"
5332423485,80.2535154,12.9425654,restaurant,amenity,real,S09,40.54091522516067,"proxy: straight-line distance to synthetic bins, not resident walking access"
5332452322,80.2561491,12.9913488,restaurant,amenity,real,S09,300.424352440243,"proxy: straight-line distance to synthetic bins, not resident walking access"
5332620121,80.2511875,13.0591012,restaurant,amenity,real,S09,507.2250533048081,"proxy: straight-line distance to synthetic bins, not resident walking access"
5336398867,80.2093113,13.1031947,school,amenity,real,S09,437.9359929735815,"proxy: straight-line distance to synthetic bins, not resident walking access"
5336542921,80.2727336,13.0527235,hospital,amenity,real,S09,162.5507517451824,"proxy: straight-line distance to synthetic bins, not resident walking access"
5346397021,80.2719053,13.0557408,school,amenity,real,S09,95.89516286176021,"proxy: straight-line distance to synthetic bins, not resident walking access"
5355838817,80.2061789,13.0196561,restaurant,amenity,real,S09,605.3908336924808,"proxy: straight-line distance to synthetic bins, not resident walking access"
5367536436,80.1837764,13.0155329,restaurant,amenity,real,S09,153.19241023775692,"proxy: straight-line distance to synthetic bins, not resident walking access"
5367950021,80.2375326,13.0590329,hospital,amenity,real,S09,182.81699983981957,"proxy: straight-line distance to synthetic bins, not resident walking access"
5372752960,80.1926397,13.0866635,waste_disposal,amenity,real,S09,165.59921069842258,"proxy: straight-line distance to synthetic bins, not resident walking access"
5393427427,80.2511081,13.0365816,restaurant,amenity,real,S09,205.12261017388312,"proxy: straight-line distance to synthetic bins, not resident walking access"
5393429271,80.2493101,13.0354735,restaurant,amenity,real,S09,429.8061711262415,"proxy: straight-line distance to synthetic bins, not resident walking access"
5400381037,80.20342,13.0713977,restaurant,amenity,real,S09,314.8827618300173,"proxy: straight-line distance to synthetic bins, not resident walking access"
5400382374,80.2117342,13.0572287,restaurant,amenity,real,S09,125.06915072460315,"proxy: straight-line distance to synthetic bins, not resident walking access"
5492573024,80.1805593,13.0799682,hospital,amenity,real,S09,292.2062229626448,"proxy: straight-line distance to synthetic bins, not resident walking access"
5492577281,80.1804976,13.0800478,hospital,amenity,real,S09,303.1918131275739,"proxy: straight-line distance to synthetic bins, not resident walking access"
5500158687,80.2083222,13.0497391,hospital,amenity,real,S09,227.40395329764033,"proxy: straight-line distance to synthetic bins, not resident walking access"
5547728024,80.275747,13.0615207,hospital,amenity,real,S09,315.94273674238696,"proxy: straight-line distance to synthetic bins, not resident walking access"
5570522545,80.2293536,12.9856999,hospital,amenity,real,S09,560.3294830387455,"proxy: straight-line distance to synthetic bins, not resident walking access"
5570545748,80.2277188,12.9853379,school,amenity,real,S09,381.17673331730055,"proxy: straight-line distance to synthetic bins, not resident walking access"
5570584566,80.2295534,12.9813012,supermarket,shop,real,S09,168.96551091126963,"proxy: straight-line distance to synthetic bins, not resident walking access"
5570584569,80.2294099,12.9816004,recycling,amenity,real,S09,203.35029396033318,"proxy: straight-line distance to synthetic bins, not resident walking access"
5600222750,80.2089352,12.9799898,supermarket,shop,real,S09,174.50241820256537,"proxy: straight-line distance to synthetic bins, not resident walking access"
5608483795,80.2539436,13.0113027,restaurant,amenity,real,S09,666.0149476639697,"proxy: straight-line distance to synthetic bins, not resident walking access"
5617333880,80.1761226,13.0251187,restaurant,amenity,real,S09,544.8468135511908,"proxy: straight-line distance to synthetic bins, not resident walking access"
5617342892,80.1759143,13.0256747,restaurant,amenity,real,S09,483.4635716262111,"proxy: straight-line distance to synthetic bins, not resident walking access"
5617351534,80.1759233,13.0256218,restaurant,amenity,real,S09,489.2861645846128,"proxy: straight-line distance to synthetic bins, not resident walking access"
5617370037,80.1610851,13.0335073,restaurant,amenity,real,S09,91.08084134227742,"proxy: straight-line distance to synthetic bins, not resident walking access"
5631872252,80.2221332,13.0205073,restaurant,amenity,real,S09,254.9241637396545,"proxy: straight-line distance to synthetic bins, not resident walking access"
5631872258,80.2245284,13.0210587,restaurant,amenity,real,S09,76.16569642725716,"proxy: straight-line distance to synthetic bins, not resident walking access"
5631872259,80.224007,13.0288445,restaurant,amenity,real,S09,367.0977752850091,"proxy: straight-line distance to synthetic bins, not resident walking access"
5631872266,80.2228983,13.031147,hospital,amenity,real,S09,182.43794099109937,"proxy: straight-line distance to synthetic bins, not resident walking access"
5631872277,80.2207913,13.0319539,hospital,amenity,real,S09,84.62833880660745,"proxy: straight-line distance to synthetic bins, not resident walking access"
5672728830,80.2332305,12.9341202,restaurant,amenity,real,S09,126.89887150279247,"proxy: straight-line distance to synthetic bins, not resident walking access"
5737223329,80.2675812,13.0808614,restaurant,amenity,real,S09,214.27720771455742,"proxy: straight-line distance to synthetic bins, not resident walking access"
5744866562,80.256646,13.0689007,restaurant,amenity,real,S09,691.2399319009508,"proxy: straight-line distance to synthetic bins, not resident walking access"
5744866570,80.2572161,13.0695817,restaurant,amenity,real,S09,640.2051469841081,"proxy: straight-line distance to synthetic bins, not resident walking access"
5792664046,80.2043658,12.9794,hospital,amenity,real,S09,413.9821138049673,"proxy: straight-line distance to synthetic bins, not resident walking access"
5875330425,80.2444728,13.0278146,school,amenity,real,S09,71.64003204093572,"proxy: straight-line distance to synthetic bins, not resident walking access"
5909601885,80.2596797,12.9836862,restaurant,amenity,real,S09,251.4317946078752,"proxy: straight-line distance to synthetic bins, not resident walking access"
5992069281,80.1628252,13.0383691,school,amenity,real,S09,28.719866150844467,"proxy: straight-line distance to synthetic bins, not resident walking access"
6018924741,80.1992312,13.1705767,restaurant,amenity,real,S09,97.73751345604926,"proxy: straight-line distance to synthetic bins, not resident walking access"
6036590821,80.208451,13.1084682,school,amenity,real,S09,235.38091400180608,"proxy: straight-line distance to synthetic bins, not resident walking access"
6039274064,80.1932926,13.087552,restaurant,amenity,real,S09,194.86264502988672,"proxy: straight-line distance to synthetic bins, not resident walking access"
6039287955,80.1966386,13.0874539,supermarket,shop,real,S09,176.67379300451145,"proxy: straight-line distance to synthetic bins, not resident walking access"
6039331089,80.1980697,13.0874492,restaurant,amenity,real,S09,329.17579392143455,"proxy: straight-line distance to synthetic bins, not resident walking access"
6110317147,80.2681846,13.0175213,supermarket,shop,real,S09,487.61102808533076,"proxy: straight-line distance to synthetic bins, not resident walking access"
6185882385,80.2085951,13.0289663,hospital,amenity,real,S09,273.37187503350646,"proxy: straight-line distance to synthetic bins, not resident walking access"
6186662086,80.2737743,13.065415,restaurant,amenity,real,S09,158.26951524742674,"proxy: straight-line distance to synthetic bins, not resident walking access"
6187778766,80.2547297,13.0048142,restaurant,amenity,real,S09,77.31551688710167,"proxy: straight-line distance to synthetic bins, not resident walking access"
6223302386,80.2741366,13.0589649,restaurant,amenity,real,S09,84.76424539955775,"proxy: straight-line distance to synthetic bins, not resident walking access"
6235479733,80.2408779,13.0456112,restaurant,amenity,real,S09,71.93796266722237,"proxy: straight-line distance to synthetic bins, not resident walking access"
6235557537,80.2407688,13.045587,supermarket,shop,real,S09,83.90010352242174,"proxy: straight-line distance to synthetic bins, not resident walking access"
6235557538,80.2406636,13.0455141,supermarket,shop,real,S09,97.52702515683349,"proxy: straight-line distance to synthetic bins, not resident walking access"
6239054386,80.1978426,13.079402,supermarket,shop,real,S09,559.2392536758028,"proxy: straight-line distance to synthetic bins, not resident walking access"
6261227886,80.2651244,13.0711234,restaurant,amenity,real,S09,119.9884075580401,"proxy: straight-line distance to synthetic bins, not resident walking access"
6269209686,80.2775228,13.0645766,restaurant,amenity,real,S09,535.6801196002168,"proxy: straight-line distance to synthetic bins, not resident walking access"
6274159285,80.2750941,13.0660805,restaurant,amenity,real,S09,318.40058435779747,"proxy: straight-line distance to synthetic bins, not resident walking access"
6274159286,80.2755988,13.0657429,restaurant,amenity,real,S09,351.0810952858744,"proxy: straight-line distance to synthetic bins, not resident walking access"
6274195589,80.275554,13.0659087,restaurant,amenity,real,S09,353.72250259156607,"proxy: straight-line distance to synthetic bins, not resident walking access"
6274266785,80.2781411,13.0640066,restaurant,amenity,real,S09,565.8761722718804,"proxy: straight-line distance to synthetic bins, not resident walking access"
6274318400,80.2740643,13.0634046,restaurant,amenity,real,S09,207.3386815058036,"proxy: straight-line distance to synthetic bins, not resident walking access"
6274341387,80.2737229,13.0665236,restaurant,amenity,real,S09,247.11707768156663,"proxy: straight-line distance to synthetic bins, not resident walking access"
6274344086,80.2740626,13.0634528,restaurant,amenity,real,S09,203.86704800588703,"proxy: straight-line distance to synthetic bins, not resident walking access"
6274366692,80.2737861,13.0665337,restaurant,amenity,real,S09,251.57115282746372,"proxy: straight-line distance to synthetic bins, not resident walking access"
6276224285,80.254166,13.0708438,restaurant,amenity,real,S09,617.3739230282468,"proxy: straight-line distance to synthetic bins, not resident walking access"
6297565846,80.2447632,13.0473514,restaurant,amenity,real,S09,215.41294627968654,"proxy: straight-line distance to synthetic bins, not resident walking access"
6300603985,80.2113999,13.0650397,restaurant,amenity,real,S09,223.8184574648665,"proxy: straight-line distance to synthetic bins, not resident walking access"
6313597586,80.2769575,13.0605324,restaurant,amenity,real,S09,262.4496432200581,"proxy: straight-line distance to synthetic bins, not resident walking access"
6313597985,80.2775443,13.0645408,restaurant,amenity,real,S09,538.0360354271128,"proxy: straight-line distance to synthetic bins, not resident walking access"
6313598285,80.2769475,13.060303,restaurant,amenity,real,S09,237.46666694505035,"proxy: straight-line distance to synthetic bins, not resident walking access"
6313846485,80.2767198,13.0586043,restaurant,amenity,real,S09,75.77904660380433,"proxy: straight-line distance to synthetic bins, not resident walking access"
6314457408,80.2422867,13.0299433,restaurant,amenity,real,S09,12.499399823811668,"proxy: straight-line distance to synthetic bins, not resident walking access"
6326683088,80.2300553,13.0369935,marketplace,amenity,real,S09,211.17570026197063,"proxy: straight-line distance to synthetic bins, not resident walking access"
6356473263,80.2453529,13.0470852,restaurant,amenity,real,S09,237.94657243931277,"proxy: straight-line distance to synthetic bins, not resident walking access"
6356479646,80.2465644,13.0490522,school,amenity,real,S09,123.0036185971918,"proxy: straight-line distance to synthetic bins, not resident walking access"
6547612971,80.2253397,12.981013,waste_disposal,amenity,real,S09,488.0887273106458,"proxy: straight-line distance to synthetic bins, not resident walking access"
6611585677,80.2452539,13.1081205,restaurant,amenity,real,S09,300.75480922767645,"proxy: straight-line distance to synthetic bins, not resident walking access"
6637689502,80.1947286,13.0879425,restaurant,amenity,real,S09,37.33174208919102,"proxy: straight-line distance to synthetic bins, not resident walking access"
6760732842,80.2041932,13.0684153,restaurant,amenity,real,S09,579.6661336946378,"proxy: straight-line distance to synthetic bins, not resident walking access"
6763217588,80.2700245,13.0545358,convenience,shop,real,S09,90.55668665523055,"proxy: straight-line distance to synthetic bins, not resident walking access"
6854766085,80.2675804,12.9981951,restaurant,amenity,real,S09,69.03789667043262,"proxy: straight-line distance to synthetic bins, not resident walking access"
6886285320,80.2451004,13.0337515,hospital,amenity,real,S09,423.21873377171903,"proxy: straight-line distance to synthetic bins, not resident walking access"
6914280086,80.230346,13.0329888,hospital,amenity,real,S09,136.06307455752057,"proxy: straight-line distance to synthetic bins, not resident walking access"
6914280093,80.177473,13.042307,hospital,amenity,real,S09,503.5497812562507,"proxy: straight-line distance to synthetic bins, not resident walking access"
6914764653,80.2507134,13.0063976,hospital,amenity,real,S09,530.752449752175,"proxy: straight-line distance to synthetic bins, not resident walking access"
6914768001,80.2418775,13.1105649,hospital,amenity,real,S09,140.20665542048357,"proxy: straight-line distance to synthetic bins, not resident walking access"
6914768046,80.2272588,13.0757435,hospital,amenity,real,S09,189.5822754680054,"proxy: straight-line distance to synthetic bins, not resident walking access"
6914768063,80.2112943,13.1026603,hospital,amenity,real,S09,511.2431314271998,"proxy: straight-line distance to synthetic bins, not resident walking access"
6914768069,80.1670808,13.0229098,hospital,amenity,real,S09,284.40187111477974,"proxy: straight-line distance to synthetic bins, not resident walking access"
6914768085,80.1796965,13.0829726,hospital,amenity,real,S09,176.98319947800078,"proxy: straight-line distance to synthetic bins, not resident walking access"
6914768086,80.2156412,13.0838202,hospital,amenity,real,S09,29.644518180683242,"proxy: straight-line distance to synthetic bins, not resident walking access"
6914768088,80.2572808,13.079494,hospital,amenity,real,S09,141.17536998406726,"proxy: straight-line distance to synthetic bins, not resident walking access"
6914880538,80.234026,13.0762935,hospital,amenity,real,S09,29.656367019846588,"proxy: straight-line distance to synthetic bins, not resident walking access"
6914880539,80.2246302,12.9789449,hospital,amenity,real,S09,470.246486967141,"proxy: straight-line distance to synthetic bins, not resident walking access"
6914880540,80.2410534,13.0917939,hospital,amenity,real,S09,227.26272640449977,"proxy: straight-line distance to synthetic bins, not resident walking access"
6914880546,80.2558082,13.0268492,hospital,amenity,real,S09,331.1072664279634,"proxy: straight-line distance to synthetic bins, not resident walking access"
6914880552,80.2341561,13.0833606,hospital,amenity,real,S09,115.9760413786697,"proxy: straight-line distance to synthetic bins, not resident walking access"
6914880584,80.2157642,13.0723588,hospital,amenity,real,S09,111.04920530501207,"proxy: straight-line distance to synthetic bins, not resident walking access"
6914896212,80.2481786,13.0788127,hospital,amenity,real,S09,240.69707116929197,"proxy: straight-line distance to synthetic bins, not resident walking access"
6914896214,80.2278288,13.0240792,hospital,amenity,real,S09,421.4428305083999,"proxy: straight-line distance to synthetic bins, not resident walking access"
6914896215,80.2311788,13.0485912,hospital,amenity,real,S09,209.93693213058015,"proxy: straight-line distance to synthetic bins, not resident walking access"
6914896269,80.2317998,13.0714757,hospital,amenity,real,S09,55.54093276819231,"proxy: straight-line distance to synthetic bins, not resident walking access"
6914911764,80.2187696,13.0433091,hospital,amenity,real,S09,199.71081774126597,"proxy: straight-line distance to synthetic bins, not resident walking access"
6914927162,80.2133146,13.0516559,hospital,amenity,real,S09,285.6157010572107,"proxy: straight-line distance to synthetic bins, not resident walking access"
6915117046,80.2876528,13.1232306,hospital,amenity,real,S09,35.34788246911623,"proxy: straight-line distance to synthetic bins, not resident walking access"
6915134068,80.2502386,13.0838812,hospital,amenity,real,S09,541.5956131791219,"proxy: straight-line distance to synthetic bins, not resident walking access"
6915201226,80.2189144,12.9855882,hospital,amenity,real,S09,227.11352497709763,"proxy: straight-line distance to synthetic bins, not resident walking access"
6915218991,80.2605303,13.0995855,hospital,amenity,real,S09,173.12210405809503,"proxy: straight-line distance to synthetic bins, not resident walking access"
6915463333,80.2899749,13.1238765,hospital,amenity,real,S09,166.3371182429239,"proxy: straight-line distance to synthetic bins, not resident walking access"
6915836812,80.235353,13.0282655,hospital,amenity,real,S09,244.6365261797214,"proxy: straight-line distance to synthetic bins, not resident walking access"
6916178396,80.2485046,13.1418442,hospital,amenity,real,S09,294.65968980782657,"proxy: straight-line distance to synthetic bins, not resident walking access"
6916205172,80.2287099,13.1177888,hospital,amenity,real,S09,336.92780842094214,"proxy: straight-line distance to synthetic bins, not resident walking access"
6926045326,80.2162984,13.0379757,hospital,amenity,real,S09,152.33141337939867,"proxy: straight-line distance to synthetic bins, not resident walking access"
6926049961,80.1883923,12.9779713,hospital,amenity,real,S09,150.47706643667163,"proxy: straight-line distance to synthetic bins, not resident walking access"
6926055600,80.2469972,13.0813959,hospital,amenity,real,S09,513.8713952752668,"proxy: straight-line distance to synthetic bins, not resident walking access"
6926055920,80.220515,13.0741442,hospital,amenity,real,S09,78.10396580473713,"proxy: straight-line distance to synthetic bins, not resident walking access"
6926055922,80.2159045,13.0331935,hospital,amenity,real,S09,377.9683833381952,"proxy: straight-line distance to synthetic bins, not resident walking access"
6926055923,80.2013517,13.0379671,hospital,amenity,real,S09,143.29973176408976,"proxy: straight-line distance to synthetic bins, not resident walking access"
6926060954,80.2923493,13.1113868,hospital,amenity,real,S09,386.2277532396909,"proxy: straight-line distance to synthetic bins, not resident walking access"
6926107781,80.2394965,13.0339283,hospital,amenity,real,S09,311.590799770879,"proxy: straight-line distance to synthetic bins, not resident walking access"
6926118208,80.2044211,13.0400969,hospital,amenity,real,S09,375.99061655073143,"proxy: straight-line distance to synthetic bins, not resident walking access"
6926280322,80.2090184,13.0924039,hospital,amenity,real,S09,418.45891410418494,"proxy: straight-line distance to synthetic bins, not resident walking access"
6926411928,80.2498054,13.0847009,hospital,amenity,real,S09,521.016712071066,"proxy: straight-line distance to synthetic bins, not resident walking access"
6926437405,80.2517212,13.0323531,hospital,amenity,real,S09,629.353681024521,"proxy: straight-line distance to synthetic bins, not resident walking access"
6926437416,80.2744473,13.0477722,hospital,amenity,real,S09,183.6630841084782,"proxy: straight-line distance to synthetic bins, not resident walking access"
6926437428,80.2274586,13.0764653,hospital,amenity,real,S09,270.42446709906864,"proxy: straight-line distance to synthetic bins, not resident walking access"
6926437454,80.2381137,13.0374924,hospital,amenity,real,S09,232.21506771241232,"proxy: straight-line distance to synthetic bins, not resident walking access"
6926494055,80.2068955,12.9952982,hospital,amenity,real,S09,34.5489975830167,"proxy: straight-line distance to synthetic bins, not resident walking access"
6926494067,80.2585199,13.0899919,hospital,amenity,real,S09,340.21221006419466,"proxy: straight-line distance to synthetic bins, not resident walking access"
6926808792,80.2601581,12.9864526,hospital,amenity,real,S09,455.5655773693238,"proxy: straight-line distance to synthetic bins, not resident walking access"
6926953017,80.2566481,13.0274616,hospital,amenity,real,S09,318.03103862259206,"proxy: straight-line distance to synthetic bins, not resident walking access"
6926953024,80.1986745,12.9911179,hospital,amenity,real,S09,123.56180291882768,"proxy: straight-line distance to synthetic bins, not resident walking access"
6927267098,80.2107431,13.0760812,hospital,amenity,real,S09,202.2417460250399,"proxy: straight-line distance to synthetic bins, not resident walking access"
6927292449,80.2339764,13.0343985,hospital,amenity,real,S09,332.223027942369,"proxy: straight-line distance to synthetic bins, not resident walking access"
6927308315,80.2230605,13.0842894,hospital,amenity,real,S09,480.79627783801396,"proxy: straight-line distance to synthetic bins, not resident walking access"
6927380447,80.2646568,13.0476871,hospital,amenity,real,S09,157.83285613098343,"proxy: straight-line distance to synthetic bins, not resident walking access"
6927647007,80.2110462,13.054729,hospital,amenity,real,S09,80.91679723068104,"proxy: straight-line distance to synthetic bins, not resident walking access"
6927769046,80.2691898,12.995229,hospital,amenity,real,S09,159.09480414094315,"proxy: straight-line distance to synthetic bins, not resident walking access"
6928042666,80.2219681,13.0847414,hospital,amenity,real,S09,565.1927308754468,"proxy: straight-line distance to synthetic bins, not resident walking access"
6928094720,80.2222002,12.9762711,hospital,amenity,real,S09,283.06341758987287,"proxy: straight-line distance to synthetic bins, not resident walking access"
6928167787,80.2519137,13.0349787,hospital,amenity,real,S09,338.4642344157323,"proxy: straight-line distance to synthetic bins, not resident walking access"
6928327073,80.2923614,13.1152895,hospital,amenity,real,S09,364.92677806924564,"proxy: straight-line distance to synthetic bins, not resident walking access"
6928330859,80.1691809,13.0840124,hospital,amenity,real,S09,157.7986840895731,"proxy: straight-line distance to synthetic bins, not resident walking access"
6928384708,80.2618016,13.0407013,hospital,amenity,real,S09,254.89928244339777,"proxy: straight-line distance to synthetic bins, not resident walking access"
6928444701,80.1877418,13.0896987,hospital,amenity,real,S09,145.36416037307484,"proxy: straight-line distance to synthetic bins, not resident walking access"
6928727073,80.2541439,13.0268688,hospital,amenity,real,S09,397.3635253069512,"proxy: straight-line distance to synthetic bins, not resident walking access"
6928752799,80.257671,13.0541946,hospital,amenity,real,S09,596.6985473384537,"proxy: straight-line distance to synthetic bins, not resident walking access"
6928779096,80.228211,12.9109406,hospital,amenity,real,S09,538.0926547097799,"proxy: straight-line distance to synthetic bins, not resident walking access"
6928800365,80.1523131,13.1185204,hospital,amenity,real,S09,197.24421043501664,"proxy: straight-line distance to synthetic bins, not resident walking access"
6928878284,80.2336988,13.0780204,hospital,amenity,real,S09,177.79193875567265,"proxy: straight-line distance to synthetic bins, not resident walking access"
6928899364,80.2299839,13.0748591,hospital,amenity,real,S09,311.12290305817595,"proxy: straight-line distance to synthetic bins, not resident walking access"
6928920472,80.2520867,13.0022187,hospital,amenity,real,S09,448.53691369532623,"proxy: straight-line distance to synthetic bins, not resident walking access"
6928920473,80.2279374,13.034051,hospital,amenity,real,S09,147.89684641993878,"proxy: straight-line distance to synthetic bins, not resident walking access"
6928936148,80.2176077,12.9832681,hospital,amenity,real,S09,364.5909793792014,"proxy: straight-line distance to synthetic bins, not resident walking access"
6928936149,80.1891661,12.9827844,hospital,amenity,real,S09,87.15977959681538,"proxy: straight-line distance to synthetic bins, not resident walking access"
6928936160,80.2422899,13.0465492,hospital,amenity,real,S09,115.18155801831172,"proxy: straight-line distance to synthetic bins, not resident walking access"
6929250392,80.1942193,13.0973284,hospital,amenity,real,S09,110.97465047804963,"proxy: straight-line distance to synthetic bins, not resident walking access"
6929255218,80.2318051,13.1183119,hospital,amenity,real,S09,240.59940198951227,"proxy: straight-line distance to synthetic bins, not resident walking access"
6929257550,80.2581659,13.1638346,hospital,amenity,real,S09,99.14579127458926,"proxy: straight-line distance to synthetic bins, not resident walking access"
6929259906,80.2218689,13.0314888,hospital,amenity,real,S09,112.4752429706104,"proxy: straight-line distance to synthetic bins, not resident walking access"
6929266356,80.2315475,12.9327959,hospital,amenity,real,S09,124.57841519499,"proxy: straight-line distance to synthetic bins, not resident walking access"
6929359057,80.245015,13.0480981,hospital,amenity,real,S09,299.8541860728632,"proxy: straight-line distance to synthetic bins, not resident walking access"
6929359073,80.2444142,13.0699812,hospital,amenity,real,S09,185.93803952341005,"proxy: straight-line distance to synthetic bins, not resident walking access"
6929359084,80.2917197,13.1105084,hospital,amenity,real,S09,323.0251318177084,"proxy: straight-line distance to synthetic bins, not resident walking access"
6929372896,80.1937835,12.9823277,hospital,amenity,real,S09,125.97409561383117,"proxy: straight-line distance to synthetic bins, not resident walking access"
6929398895,80.2582785,13.0382607,hospital,amenity,real,S09,59.188911233905884,"proxy: straight-line distance to synthetic bins, not resident walking access"
6929592168,80.2269866,13.0274436,hospital,amenity,real,S09,469.01105003722887,"proxy: straight-line distance to synthetic bins, not resident walking access"
6929599461,80.1504859,13.1190773,hospital,amenity,real,S09,373.32580438403915,"proxy: straight-line distance to synthetic bins, not resident walking access"
6929625895,80.2655232,13.026013,hospital,amenity,real,S09,242.12038981835775,"proxy: straight-line distance to synthetic bins, not resident walking access"
6929625901,80.2454831,13.0519442,hospital,amenity,real,S09,193.67547139036108,"proxy: straight-line distance to synthetic bins, not resident walking access"
6929731466,80.2558136,13.037303,hospital,amenity,real,S09,274.1024061697294,"proxy: straight-line distance to synthetic bins, not resident walking access"
6929737121,80.2476483,13.0518247,hospital,amenity,real,S09,192.7149735292653,"proxy: straight-line distance to synthetic bins, not resident walking access"
6929969774,80.2313016,13.0395483,hospital,amenity,real,S09,142.86333690569984,"proxy: straight-line distance to synthetic bins, not resident walking access"
6930080547,80.2998984,13.1512288,hospital,amenity,real,S09,346.41733767447926,"proxy: straight-line distance to synthetic bins, not resident walking access"
6930163091,80.2146873,13.0405732,hospital,amenity,real,S09,199.82176239795325,"proxy: straight-line distance to synthetic bins, not resident walking access"
6930163175,80.2619625,13.0376198,hospital,amenity,real,S09,233.95198048742904,"proxy: straight-line distance to synthetic bins, not resident walking access"
6930188138,80.2592924,13.0210394,hospital,amenity,real,S09,331.40200374250236,"proxy: straight-line distance to synthetic bins, not resident walking access"
6930467954,80.228278,13.0743327,hospital,amenity,real,S09,117.23376581793454,"proxy: straight-line distance to synthetic bins, not resident walking access"
6930489015,80.1798642,13.0844527,hospital,amenity,real,S09,80.80126891725236,"proxy: straight-line distance to synthetic bins, not resident walking access"
6931010523,80.2927141,13.1456863,hospital,amenity,real,S09,198.83196062273174,"proxy: straight-line distance to synthetic bins, not resident walking access"
6931566251,80.2705644,13.0641326,hospital,amenity,real,S09,90.90055615187703,"proxy: straight-line distance to synthetic bins, not resident walking access"
6931658649,80.1979979,13.0462892,hospital,amenity,real,S09,134.51877337323373,"proxy: straight-line distance to synthetic bins, not resident walking access"
6931772941,80.1989025,13.0807741,hospital,amenity,real,S09,587.4656061098759,"proxy: straight-line distance to synthetic bins, not resident walking access"
6932068862,80.215956,13.0850496,hospital,amenity,real,S09,134.36045195380083,"proxy: straight-line distance to synthetic bins, not resident walking access"
6932103990,80.2568208,13.0390564,hospital,amenity,real,S09,152.11915606396315,"proxy: straight-line distance to synthetic bins, not resident walking access"
6932138889,80.2179844,13.0916495,hospital,amenity,real,S09,490.1155560817769,"proxy: straight-line distance to synthetic bins, not resident walking access"
6932203729,80.255186,12.9507835,hospital,amenity,real,S09,207.6844365167878,"proxy: straight-line distance to synthetic bins, not resident walking access"
6932740110,80.2159721,13.08497,hospital,amenity,real,S09,127.35368678541177,"proxy: straight-line distance to synthetic bins, not resident walking access"
6932938089,80.2636349,13.0435469,hospital,amenity,real,S09,133.21836127876273,"proxy: straight-line distance to synthetic bins, not resident walking access"
6932938090,80.2087516,13.1368213,hospital,amenity,real,S09,160.21388003225618,"proxy: straight-line distance to synthetic bins, not resident walking access"
6932966221,80.2547595,13.0893773,hospital,amenity,real,S09,181.8547832910306,"proxy: straight-line distance to synthetic bins, not resident walking access"
6933010451,80.2623196,13.0269457,hospital,amenity,real,S09,116.58568130677898,"proxy: straight-line distance to synthetic bins, not resident walking access"
6933016136,80.253244,13.0821536,hospital,amenity,real,S09,165.8634456665251,"proxy: straight-line distance to synthetic bins, not resident walking access"
6933038486,80.2934799,13.1354513,hospital,amenity,real,S09,270.96738554030725,"proxy: straight-line distance to synthetic bins, not resident walking access"
6933038566,80.2622388,13.0222055,hospital,amenity,real,S09,314.04330206886266,"proxy: straight-line distance to synthetic bins, not resident walking access"
6933038567,80.2057502,13.0766658,hospital,amenity,real,S09,298.0564870426433,"proxy: straight-line distance to synthetic bins, not resident walking access"
6933130958,80.2952072,13.1119458,hospital,amenity,real,S09,366.3325493563847,"proxy: straight-line distance to synthetic bins, not resident walking access"
6933279103,80.2551001,12.9504267,hospital,amenity,real,S09,238.46791751463317,"proxy: straight-line distance to synthetic bins, not resident walking access"
6933370913,80.2459216,13.0776912,hospital,amenity,real,S09,191.73237839944662,"proxy: straight-line distance to synthetic bins, not resident walking access"
6933510851,80.2357346,13.0739408,hospital,amenity,real,S09,345.9512345871349,"proxy: straight-line distance to synthetic bins, not resident walking access"
6933510877,80.2603345,12.9958562,hospital,amenity,real,S09,116.48630298680736,"proxy: straight-line distance to synthetic bins, not resident walking access"
6933514287,80.2415295,13.0778545,hospital,amenity,real,S09,334.61195165966285,"proxy: straight-line distance to synthetic bins, not resident walking access"
6933522070,80.2302911,13.0600349,hospital,amenity,real,S09,294.57184616185987,"proxy: straight-line distance to synthetic bins, not resident walking access"
6933523232,80.2421558,13.1282303,hospital,amenity,real,S09,556.049699146773,"proxy: straight-line distance to synthetic bins, not resident walking access"
6933737012,80.2916855,13.1302259,hospital,amenity,real,S09,83.90325741671076,"proxy: straight-line distance to synthetic bins, not resident walking access"
6933757130,80.220851,13.0842489,hospital,amenity,real,S09,477.48737469398,"proxy: straight-line distance to synthetic bins, not resident walking access"
6933794368,80.2527237,13.0731975,hospital,amenity,real,S09,317.22106930994215,"proxy: straight-line distance to synthetic bins, not resident walking access"
6933802716,80.2812195,13.1109009,hospital,amenity,real,S09,95.35787830855837,"proxy: straight-line distance to synthetic bins, not resident walking access"
6933828333,80.2220044,13.0461063,hospital,amenity,real,S09,270.15766628922955,"proxy: straight-line distance to synthetic bins, not resident walking access"
6933831617,80.1747546,13.0411063,hospital,amenity,real,S09,287.77324445729005,"proxy: straight-line distance to synthetic bins, not resident walking access"
6933833923,80.2576911,13.0535505,hospital,amenity,real,S09,572.8072819107765,"proxy: straight-line distance to synthetic bins, not resident walking access"
6933869777,80.2421169,13.0884107,hospital,amenity,real,S09,76.43008580869414,"proxy: straight-line distance to synthetic bins, not resident walking access"
6933875088,80.2357775,13.0741955,hospital,amenity,real,S09,327.18648019170035,"proxy: straight-line distance to synthetic bins, not resident walking access"
6933910999,80.2740124,13.0584745,hospital,amenity,real,S09,102.02078063422859,"proxy: straight-line distance to synthetic bins, not resident walking access"
6933998001,80.2367672,13.0743836,hospital,amenity,real,S09,393.96823577162536,"proxy: straight-line distance to synthetic bins, not resident walking access"
6934018868,80.2241461,13.0473239,hospital,amenity,real,S09,169.91045546063654,"proxy: straight-line distance to synthetic bins, not resident walking access"
6934031649,80.1927643,12.9652266,hospital,amenity,real,S09,253.89459615690672,"proxy: straight-line distance to synthetic bins, not resident walking access"
6934036697,80.2362643,13.0981213,hospital,amenity,real,S09,81.79779534095286,"proxy: straight-line distance to synthetic bins, not resident walking access"
6934061609,80.1851381,12.97853,hospital,amenity,real,S09,272.45084836226084,"proxy: straight-line distance to synthetic bins, not resident walking access"
6934098007,80.2328438,13.1160177,hospital,amenity,real,S09,244.38380322369994,"proxy: straight-line distance to synthetic bins, not resident walking access"
6934146446,80.2778479,13.0350623,hospital,amenity,real,S09,448.86885366737374,"proxy: straight-line distance to synthetic bins, not resident walking access"
6934163318,80.1904562,12.9697917,hospital,amenity,real,S09,284.4902338598898,"proxy: straight-line distance to synthetic bins, not resident walking access"
6934186203,80.185987,12.9857914,hospital,amenity,real,S09,136.00280686280567,"proxy: straight-line distance to synthetic bins, not resident walking access"
6934246102,80.2466847,13.1100467,hospital,amenity,real,S09,238.5149535354919,"proxy: straight-line distance to synthetic bins, not resident walking access"
6934271069,80.2195783,13.0725279,hospital,amenity,real,S09,149.23086496116306,"proxy: straight-line distance to synthetic bins, not resident walking access"
6934271075,80.2336653,13.0810328,hospital,amenity,real,S09,242.19592190592908,"proxy: straight-line distance to synthetic bins, not resident walking access"
6934271106,80.2956927,13.1121574,hospital,amenity,real,S09,334.96476673310167,"proxy: straight-line distance to synthetic bins, not resident walking access"
6934271111,80.2603599,12.996767,hospital,amenity,real,S09,169.17055767224937,"proxy: straight-line distance to synthetic bins, not resident walking access"
6934301423,80.2864189,13.1170802,hospital,amenity,real,S09,241.5894929412443,"proxy: straight-line distance to synthetic bins, not resident walking access"
6934325848,80.2309737,13.1122162,hospital,amenity,real,S09,74.3105028879889,"proxy: straight-line distance to synthetic bins, not resident walking access"
6934325849,80.2597135,13.0965878,hospital,amenity,real,S09,270.7402501376436,"proxy: straight-line distance to synthetic bins, not resident walking access"
6934325866,80.289427,13.117412,hospital,amenity,real,S09,199.70791659979503,"proxy: straight-line distance to synthetic bins, not resident walking access"
6934325876,80.2610184,13.1184216,hospital,amenity,real,S09,265.5574759439373,"proxy: straight-line distance to synthetic bins, not resident walking access"
6934325882,80.2615173,13.0328516,hospital,amenity,real,S09,544.8984025374974,"proxy: straight-line distance to synthetic bins, not resident walking access"
6934326572,80.2138799,13.1308907,hospital,amenity,real,S09,91.60363735688658,"proxy: straight-line distance to synthetic bins, not resident walking access"
6934340601,80.2247932,12.9784706,hospital,amenity,real,S09,444.1742936215699,"proxy: straight-line distance to synthetic bins, not resident walking access"
6934340623,80.2607878,13.0265108,hospital,amenity,real,S09,238.6077287612475,"proxy: straight-line distance to synthetic bins, not resident walking access"
6934340638,80.2030747,13.083452,hospital,amenity,real,S09,90.9890539472842,"proxy: straight-line distance to synthetic bins, not resident walking access"
6934340658,80.2311185,13.0316469,hospital,amenity,real,S09,238.09022705901074,"proxy: straight-line distance to synthetic bins, not resident walking access"
6934340659,80.2414826,13.0777579,hospital,amenity,real,S09,345.5760896622911,"proxy: straight-line distance to synthetic bins, not resident walking access"
6934340664,80.2415201,13.0776821,hospital,amenity,real,S09,353.7059323684331,"proxy: straight-line distance to synthetic bins, not resident walking access"
6934340665,80.2940284,13.111251,hospital,amenity,real,S09,481.86931952192873,"proxy: straight-line distance to synthetic bins, not resident walking access"
6934340710,80.1507749,13.1184222,hospital,amenity,real,S09,305.2893410235996,"proxy: straight-line distance to synthetic bins, not resident walking access"
6934340749,80.2086724,13.0390564,hospital,amenity,real,S09,413.66681043729125,"proxy: straight-line distance to synthetic bins, not resident walking access"
6934340766,80.2537027,12.9996223,hospital,amenity,real,S09,616.5623743073761,"proxy: straight-line distance to synthetic bins, not resident walking access"
6934340781,80.2235084,13.0122123,hospital,amenity,real,S09,35.62222792899805,"proxy: straight-line distance to synthetic bins, not resident walking access"
6934340782,80.2126005,13.0420391,hospital,amenity,real,S09,161.90439391593338,"proxy: straight-line distance to synthetic bins, not resident walking access"
6934340789,80.1835965,12.9801472,hospital,amenity,real,S09,262.7213113497813,"proxy: straight-line distance to synthetic bins, not resident walking access"
6934347087,80.2523656,13.060131,hospital,amenity,real,S09,387.8803385038686,"proxy: straight-line distance to synthetic bins, not resident walking access"
6934347093,80.2337551,13.0356881,hospital,amenity,real,S09,290.7785290298069,"proxy: straight-line distance to synthetic bins, not resident walking access"
6934407803,80.2511633,13.0919709,hospital,amenity,real,S09,213.2536900898243,"proxy: straight-line distance to synthetic bins, not resident walking access"
6934897845,80.222632,13.0710341,hospital,amenity,real,S09,231.5046040532534,"proxy: straight-line distance to synthetic bins, not resident walking access"
6934903332,80.3018933,13.1577727,hospital,amenity,real,S09,106.83439120001853,"proxy: straight-line distance to synthetic bins, not resident walking access"
6935224404,80.2300054,13.0517176,hospital,amenity,real,S09,332.5781825566583,"proxy: straight-line distance to synthetic bins, not resident walking access"
6935224405,80.3032967,13.1652175,hospital,amenity,real,S09,260.00489753571156,"proxy: straight-line distance to synthetic bins, not resident walking access"
6935272552,80.2382156,13.074266,hospital,amenity,real,S09,536.214707381123,"proxy: straight-line distance to synthetic bins, not resident walking access"
6935274089,80.2244673,13.0850183,hospital,amenity,real,S09,378.12345227032387,"proxy: straight-line distance to synthetic bins, not resident walking access"
6936134771,80.2505444,13.0670837,hospital,amenity,real,S09,597.2595526177538,"proxy: straight-line distance to synthetic bins, not resident walking access"
6936244762,80.1846506,13.0449677,hospital,amenity,real,S09,188.82955385396724,"proxy: straight-line distance to synthetic bins, not resident walking access"
6936264375,80.1715896,13.0309126,hospital,amenity,real,S09,326.064032393537,"proxy: straight-line distance to synthetic bins, not resident walking access"
6936271569,80.2461429,12.9640779,hospital,amenity,real,S09,200.615529097739,"proxy: straight-line distance to synthetic bins, not resident walking access"
6936275517,80.2270764,13.1135903,hospital,amenity,real,S09,143.50850558033937,"proxy: straight-line distance to synthetic bins, not resident walking access"
6936294078,80.3043053,13.1665521,hospital,amenity,real,S09,295.79863573807813,"proxy: straight-line distance to synthetic bins, not resident walking access"
6936315219,80.1749497,13.0834455,hospital,amenity,real,S09,326.4949224479695,"proxy: straight-line distance to synthetic bins, not resident walking access"
6936316468,80.2424652,13.0827016,hospital,amenity,real,S09,218.6786251068912,"proxy: straight-line distance to synthetic bins, not resident walking access"
6936339695,80.2366224,13.07604,hospital,amenity,real,S09,310.71676266122256,"proxy: straight-line distance to synthetic bins, not resident walking access"
6936339711,80.2040416,13.0483992,hospital,amenity,real,S09,208.23516438819607,"proxy: straight-line distance to synthetic bins, not resident walking access"
6936339822,80.2637114,13.0441485,hospital,amenity,real,S09,112.84310189582742,"proxy: straight-line distance to synthetic bins, not resident walking access"
6936356289,80.2486159,13.0806801,hospital,amenity,real,S09,451.732062065225,"proxy: straight-line distance to synthetic bins, not resident walking access"
6936359923,80.2371521,13.0430125,hospital,amenity,real,S09,398.63121316486183,"proxy: straight-line distance to synthetic bins, not resident walking access"
6936359940,80.2528444,12.9938673,hospital,amenity,real,S09,173.56643403335437,"proxy: straight-line distance to synthetic bins, not resident walking access"
6936359972,80.2490893,13.0790289,hospital,amenity,real,S09,308.78007272933894,"proxy: straight-line distance to synthetic bins, not resident walking access"
6936369001,80.1996361,13.1217887,hospital,amenity,real,S09,199.84595598084485,"proxy: straight-line distance to synthetic bins, not resident walking access"
6936386662,80.1619336,13.0381353,hospital,amenity,real,S09,91.83223088115237,"proxy: straight-line distance to synthetic bins, not resident walking access"
6936391765,80.2711008,13.0177957,hospital,amenity,real,S09,203.05663652621564,"proxy: straight-line distance to synthetic bins, not resident walking access"
6936411410,80.2423476,13.0877615,hospital,amenity,real,S09,88.65106437794536,"proxy: straight-line distance to synthetic bins, not resident walking access"
6936415699,80.2579902,13.0685338,hospital,amenity,real,S09,723.7847874297114,"proxy: straight-line distance to synthetic bins, not resident walking access"
6936434314,80.1822808,13.0353484,hospital,amenity,real,S09,91.09859721976963,"proxy: straight-line distance to synthetic bins, not resident walking access"
6936469837,80.2182426,13.0843952,hospital,amenity,real,S09,311.0684876775083,"proxy: straight-line distance to synthetic bins, not resident walking access"
6936663153,80.2114016,12.9763914,hospital,amenity,real,S09,315.0711809520655,"proxy: straight-line distance to synthetic bins, not resident walking access"
6936669886,80.25267,13.0790015,hospital,amenity,real,S09,365.0508240940192,"proxy: straight-line distance to synthetic bins, not resident walking access"
6936681265,80.2336198,13.0440365,hospital,amenity,real,S09,390.0902256752607,"proxy: straight-line distance to synthetic bins, not resident walking access"
6936684311,80.2469368,13.0788382,hospital,amenity,real,S09,234.84481321587072,"proxy: straight-line distance to synthetic bins, not resident walking access"
6936684328,80.2061465,12.9925116,hospital,amenity,real,S09,198.6416412592597,"proxy: straight-line distance to synthetic bins, not resident walking access"
6936684391,80.2290894,13.0389519,hospital,amenity,real,S09,279.0654521786911,"proxy: straight-line distance to synthetic bins, not resident walking access"
6936695126,80.2706811,13.0427786,hospital,amenity,real,S09,296.73629548940073,"proxy: straight-line distance to synthetic bins, not resident walking access"
6936695172,80.2631588,13.0269877,hospital,amenity,real,S09,139.95057000480156,"proxy: straight-line distance to synthetic bins, not resident walking access"
6936695177,80.2181782,12.9833895,hospital,amenity,real,S09,343.45992800336074,"proxy: straight-line distance to synthetic bins, not resident walking access"
6936695178,80.2329075,13.0478465,hospital,amenity,real,S09,47.55297643458953,"proxy: straight-line distance to synthetic bins, not resident walking access"
6936695226,80.2541493,13.0791504,hospital,amenity,real,S09,282.10943339605643,"proxy: straight-line distance to synthetic bins, not resident walking access"
6936696196,80.2522811,13.0816938,hospital,amenity,real,S09,260.550407393711,"proxy: straight-line distance to synthetic bins, not resident walking access"
6936696229,80.2252632,13.0838857,hospital,amenity,real,S09,240.73985864376957,"proxy: straight-line distance to synthetic bins, not resident walking access"
6936696239,80.2415402,13.0892193,hospital,amenity,real,S09,127.13222571843238,"proxy: straight-line distance to synthetic bins, not resident walking access"
6936696240,80.2076291,13.082343,hospital,amenity,real,S09,480.56020635584633,"proxy: straight-line distance to synthetic bins, not resident walking access"
6936708005,80.2371645,13.0332775,hospital,amenity,real,S09,90.66306358478933,"proxy: straight-line distance to synthetic bins, not resident walking access"
6936708989,80.2035199,13.0481888,hospital,amenity,real,S09,267.74211056608544,"proxy: straight-line distance to synthetic bins, not resident walking access"
6936709086,80.2410582,13.0496502,hospital,amenity,real,S09,154.84500517665293,"proxy: straight-line distance to synthetic bins, not resident walking access"
6936738654,80.2803303,13.1166714,hospital,amenity,real,S09,116.02590424261072,"proxy: straight-line distance to synthetic bins, not resident walking access"
6936874933,80.2069719,13.0475826,hospital,amenity,real,S09,160.8141491726016,"proxy: straight-line distance to synthetic bins, not resident walking access"
6936953154,80.2481343,13.0558855,hospital,amenity,real,S09,259.4117007490869,"proxy: straight-line distance to synthetic bins, not resident walking access"
6936976871,80.2187347,13.047269,hospital,amenity,real,S09,170.8095706137095,"proxy: straight-line distance to synthetic bins, not resident walking access"
6936994823,80.204346,13.1184203,hospital,amenity,real,S09,358.39050479048365,"proxy: straight-line distance to synthetic bins, not resident walking access"
6937055902,80.2205016,12.9758647,hospital,amenity,real,S09,162.13040843779092,"proxy: straight-line distance to synthetic bins, not resident walking access"
6937067452,80.2432201,13.0606718,hospital,amenity,real,S09,425.7253621969188,"proxy: straight-line distance to synthetic bins, not resident walking access"
6937109075,80.304324,13.1694824,hospital,amenity,real,S09,105.2779298944641,"proxy: straight-line distance to synthetic bins, not resident walking access"
6937111102,80.2398249,13.1450072,hospital,amenity,real,S09,211.12640320038625,"proxy: straight-line distance to synthetic bins, not resident walking access"
6937320470,80.293498,13.1228878,hospital,amenity,real,S09,276.95109821192,"proxy: straight-line distance to synthetic bins, not resident walking access"
6937351599,80.2452886,13.0781955,hospital,amenity,real,S09,279.7242926649723,"proxy: straight-line distance to synthetic bins, not resident walking access"
6937398987,80.1836944,13.0345893,hospital,amenity,real,S09,126.8919497531282,"proxy: straight-line distance to synthetic bins, not resident walking access"
6937434309,80.2299377,13.0503377,hospital,amenity,real,S09,281.418875348395,"proxy: straight-line distance to synthetic bins, not resident walking access"
6937467152,80.2507684,13.0394065,hospital,amenity,real,S09,227.20277733228068,"proxy: straight-line distance to synthetic bins, not resident walking access"
6937497904,80.1865241,13.0463676,hospital,amenity,real,S09,129.21973171175696,"proxy: straight-line distance to synthetic bins, not resident walking access"
6950288001,80.2541614,12.9531897,hospital,amenity,real,S09,325.03741863294954,"proxy: straight-line distance to synthetic bins, not resident walking access"
6979962072,80.243297,13.0654508,restaurant,amenity,real,S09,237.68782137615554,"proxy: straight-line distance to synthetic bins, not resident walking access"
7031887585,80.2789515,13.0893026,restaurant,amenity,real,S09,66.78779174035044,"proxy: straight-line distance to synthetic bins, not resident walking access"
7053805485,80.249499,12.9097665,school,amenity,real,S09,147.73622877152016,"proxy: straight-line distance to synthetic bins, not resident walking access"
7054906485,80.2592721,13.0573094,restaurant,amenity,real,S09,234.8025632866773,"proxy: straight-line distance to synthetic bins, not resident walking access"
7056554785,80.2506786,13.0605273,restaurant,amenity,real,S09,371.75483077326334,"proxy: straight-line distance to synthetic bins, not resident walking access"
7080292285,80.2632742,13.0616605,restaurant,amenity,real,S09,50.768152625797995,"proxy: straight-line distance to synthetic bins, not resident walking access"
7080292287,80.2580654,13.0458647,restaurant,amenity,real,S09,186.30300241649638,"proxy: straight-line distance to synthetic bins, not resident walking access"
7087524685,80.268977,13.03232,restaurant,amenity,real,S09,120.2669256489081,"proxy: straight-line distance to synthetic bins, not resident walking access"
7114840195,80.2065287,13.0195262,restaurant,amenity,real,S09,644.4114953115162,"proxy: straight-line distance to synthetic bins, not resident walking access"
7114851355,80.2066863,13.0216123,restaurant,amenity,real,S09,663.4683624859135,"proxy: straight-line distance to synthetic bins, not resident walking access"
7130269553,80.2588035,13.1664434,restaurant,amenity,real,S09,203.87289716161203,"proxy: straight-line distance to synthetic bins, not resident walking access"
7136008687,80.2581387,13.0494342,school,amenity,real,S09,361.74175321439185,"proxy: straight-line distance to synthetic bins, not resident walking access"
7136010486,80.2566304,13.0499352,school,amenity,real,S09,499.9875796104674,"proxy: straight-line distance to synthetic bins, not resident walking access"
7136028385,80.2566442,13.0502398,school,amenity,real,S09,524.9849494742915,"proxy: straight-line distance to synthetic bins, not resident walking access"
7176551868,80.1772279,13.0261003,restaurant,amenity,real,S09,454.89127229443585,"proxy: straight-line distance to synthetic bins, not resident walking access"
7176619367,80.1805422,13.0314394,restaurant,amenity,real,S09,283.14758759353356,"proxy: straight-line distance to synthetic bins, not resident walking access"
7181684162,80.2741693,13.0619796,hospital,amenity,real,S09,336.0201510305811,"proxy: straight-line distance to synthetic bins, not resident walking access"
7181711080,80.2650954,13.0476113,hospital,amenity,real,S09,115.55125205846643,"proxy: straight-line distance to synthetic bins, not resident walking access"
7181721033,80.2736449,13.0524884,hospital,amenity,real,S09,93.72280861185844,"proxy: straight-line distance to synthetic bins, not resident walking access"
7181722911,80.259169,13.0432085,hospital,amenity,real,S09,369.67870499107465,"proxy: straight-line distance to synthetic bins, not resident walking access"
7181748147,80.2013205,13.0380111,hospital,amenity,real,S09,137.83843971257303,"proxy: straight-line distance to synthetic bins, not resident walking access"
7181795816,80.294082,13.1738112,hospital,amenity,real,S09,192.43797458914034,"proxy: straight-line distance to synthetic bins, not resident walking access"
7188064766,80.1570095,13.1011119,supermarket,shop,real,S09,168.2801932177897,"proxy: straight-line distance to synthetic bins, not resident walking access"
7210895386,80.2147555,13.0748708,hospital,amenity,real,S09,387.49383306042483,"proxy: straight-line distance to synthetic bins, not resident walking access"
7210911300,80.2636265,13.0290525,hospital,amenity,real,S09,178.36972384396088,"proxy: straight-line distance to synthetic bins, not resident walking access"
7210948177,80.2446245,13.0297278,hospital,amenity,real,S09,119.92847300329817,"proxy: straight-line distance to synthetic bins, not resident walking access"
7213394742,80.2421492,12.9609724,hospital,amenity,real,S09,491.87708576465224,"proxy: straight-line distance to synthetic bins, not resident walking access"
7213449202,80.2540981,13.003026,hospital,amenity,real,S09,263.61522863091614,"proxy: straight-line distance to synthetic bins, not resident walking access"
7213492568,80.2423799,13.0465056,hospital,amenity,real,S09,119.80046661732142,"proxy: straight-line distance to synthetic bins, not resident walking access"
7222914141,80.2479976,13.0642227,restaurant,amenity,real,S09,237.6665664398471,"proxy: straight-line distance to synthetic bins, not resident walking access"
7252256177,80.2506039,13.1297134,hospital,amenity,real,S09,161.80015622074558,"proxy: straight-line distance to synthetic bins, not resident walking access"
7252256184,80.243196,13.13468,hospital,amenity,real,S09,340.6325286880528,"proxy: straight-line distance to synthetic bins, not resident walking access"
7252256194,80.3042862,13.1685958,hospital,amenity,real,S09,106.71717079378048,"proxy: straight-line distance to synthetic bins, not resident walking access"
7252333314,80.243753,13.07832,hospital,amenity,real,S09,360.40870760016674,"proxy: straight-line distance to synthetic bins, not resident walking access"
7252333318,80.285818,13.12038,hospital,amenity,real,S09,230.8198607273286,"proxy: straight-line distance to synthetic bins, not resident walking access"
7252333320,80.2301988,13.0991743,hospital,amenity,real,S09,425.67064160079013,"proxy: straight-line distance to synthetic bins, not resident walking access"
7252333321,80.2461174,13.0433937,hospital,amenity,real,S09,185.57104846579028,"proxy: straight-line distance to synthetic bins, not resident walking access"
7252333330,80.2745135,13.061988,hospital,amenity,real,S09,355.82453735951117,"proxy: straight-line distance to synthetic bins, not resident walking access"
7252333337,80.286804,13.10618,hospital,amenity,real,S09,117.94530598461819,"proxy: straight-line distance to synthetic bins, not resident walking access"
7252333341,80.1895003,13.0469783,hospital,amenity,real,S09,20.67055426102293,"proxy: straight-line distance to synthetic bins, not resident walking access"
7252333346,80.1799109,13.0692631,hospital,amenity,real,S09,289.07676421563235,"proxy: straight-line distance to synthetic bins, not resident walking access"
7252333347,80.2233851,13.1153048,hospital,amenity,real,S09,461.01720859182507,"proxy: straight-line distance to synthetic bins, not resident walking access"
7252333349,80.2453103,13.0431134,hospital,amenity,real,S09,215.31345488507486,"proxy: straight-line distance to synthetic bins, not resident walking access"
7252333352,80.1922458,13.0508643,hospital,amenity,real,S09,122.95987139442146,"proxy: straight-line distance to synthetic bins, not resident walking access"
7252333354,80.2957982,13.1129012,hospital,amenity,real,S09,252.0574388428469,"proxy: straight-line distance to synthetic bins, not resident walking access"
7252333356,80.2428501,13.0586646,hospital,amenity,real,S09,200.25663941403903,"proxy: straight-line distance to synthetic bins, not resident walking access"
7252333369,80.175293,13.09041,hospital,amenity,real,S09,351.3145841641074,"proxy: straight-line distance to synthetic bins, not resident walking access"
7252333371,80.275793,13.0616195,hospital,amenity,real,S09,327.8528309289021,"proxy: straight-line distance to synthetic bins, not resident walking access"
7252333372,80.2735131,13.0508818,hospital,amenity,real,S09,88.70345087237942,"proxy: straight-line distance to synthetic bins, not resident walking access"
7252333375,80.1954415,13.0594024,hospital,amenity,real,S09,230.1124008540722,"proxy: straight-line distance to synthetic bins, not resident walking access"
7252333378,80.2475507,13.044837,hospital,amenity,real,S09,256.61942570525935,"proxy: straight-line distance to synthetic bins, not resident walking access"
7252333380,80.2275376,13.0535971,hospital,amenity,real,S09,44.00743151560197,"proxy: straight-line distance to synthetic bins, not resident walking access"
7252333381,80.2825418,13.0993782,hospital,amenity,real,S09,82.17501546929863,"proxy: straight-line distance to synthetic bins, not resident walking access"
7252333383,80.2672078,13.068807,hospital,amenity,real,S09,253.83543993367107,"proxy: straight-line distance to synthetic bins, not resident walking access"
7252333388,80.1898468,13.0524675,hospital,amenity,real,S09,73.24904505964648,"proxy: straight-line distance to synthetic bins, not resident walking access"
7252333389,80.2844517,13.1142928,hospital,amenity,real,S09,230.59926409965942,"proxy: straight-line distance to synthetic bins, not resident walking access"
7252333390,80.1964532,13.0410091,hospital,amenity,real,S09,180.75561210846584,"proxy: straight-line distance to synthetic bins, not resident walking access"
7252333394,80.2645448,13.0487028,hospital,amenity,real,S09,180.61127430153013,"proxy: straight-line distance to synthetic bins, not resident walking access"
7252333396,80.2489796,13.1267531,hospital,amenity,real,S09,348.69875457157127,"proxy: straight-line distance to synthetic bins, not resident walking access"
7252333397,80.2757357,13.0572714,hospital,amenity,real,S09,190.7877507547492,"proxy: straight-line distance to synthetic bins, not resident walking access"
7252333398,80.2329957,13.0480821,hospital,amenity,real,S09,75.26891575922764,"proxy: straight-line distance to synthetic bins, not resident walking access"
7252333402,80.1927125,13.0538856,hospital,amenity,real,S09,279.7178489171221,"proxy: straight-line distance to synthetic bins, not resident walking access"
7252333403,80.2139939,13.0916464,hospital,amenity,real,S09,158.24063248872173,"proxy: straight-line distance to synthetic bins, not resident walking access"
7252333406,80.2195494,13.0535089,hospital,amenity,real,S09,528.1462827966689,"proxy: straight-line distance to synthetic bins, not resident walking access"
7252333407,80.256712,13.0887,hospital,amenity,real,S09,333.42278363262193,"proxy: straight-line distance to synthetic bins, not resident walking access"
7252333409,80.2747981,13.060986,hospital,amenity,real,S09,243.31503631694318,"proxy: straight-line distance to synthetic bins, not resident walking access"
7252333416,80.1928218,13.0590564,hospital,amenity,real,S09,95.24831244168463,"proxy: straight-line distance to synthetic bins, not resident walking access"
7252446776,80.2455557,13.054753,supermarket,shop,real,S09,347.67347994541467,"proxy: straight-line distance to synthetic bins, not resident walking access"
7252462953,80.2117295,13.0331629,restaurant,amenity,real,S09,297.32887592841564,"proxy: straight-line distance to synthetic bins, not resident walking access"
7255706468,80.2478331,13.0561828,hospital,amenity,real,S09,305.75424920407,"proxy: straight-line distance to synthetic bins, not resident walking access"
7255708050,80.2485052,13.0557267,restaurant,amenity,real,S09,219.1659021181171,"proxy: straight-line distance to synthetic bins, not resident walking access"
7255753339,80.2428855,13.0568503,restaurant,amenity,real,S09,48.90252999132833,"proxy: straight-line distance to synthetic bins, not resident walking access"
7256147371,80.2456105,13.0554705,supermarket,shop,real,S09,364.97074548099516,"proxy: straight-line distance to synthetic bins, not resident walking access"
7257289123,80.1967559,12.9107782,hospital,amenity,real,S09,775.2657601882108,"proxy: straight-line distance to synthetic bins, not resident walking access"
7257421540,80.2099892,13.0319129,hospital,amenity,real,S09,278.275322839688,"proxy: straight-line distance to synthetic bins, not resident walking access"
7257421549,80.169935,13.0369528,hospital,amenity,real,S09,401.26557550690535,"proxy: straight-line distance to synthetic bins, not resident walking access"
7257421557,80.2511993,13.0312006,hospital,amenity,real,S09,612.0220991148288,"proxy: straight-line distance to synthetic bins, not resident walking access"
7257421559,80.2562121,12.9979497,hospital,amenity,real,S09,394.478525440816,"proxy: straight-line distance to synthetic bins, not resident walking access"
7257421569,80.2389389,13.0374624,hospital,amenity,real,S09,308.06276503630403,"proxy: straight-line distance to synthetic bins, not resident walking access"
7257421583,80.21204,13.03968,hospital,amenity,real,S09,257.1552673910295,"proxy: straight-line distance to synthetic bins, not resident walking access"
7257421586,80.190944,13.0374234,hospital,amenity,real,S09,108.6217130204368,"proxy: straight-line distance to synthetic bins, not resident walking access"
7257421589,80.1567342,13.036525,hospital,amenity,real,S09,244.35915297984278,"proxy: straight-line distance to synthetic bins, not resident walking access"
7257421593,80.2465468,13.034922,hospital,amenity,real,S09,407.85700508584057,"proxy: straight-line distance to synthetic bins, not resident walking access"
7257421596,80.2398192,13.0342203,hospital,amenity,real,S09,358.3833829203471,"proxy: straight-line distance to synthetic bins, not resident walking access"
7257421601,80.2572398,13.038362,hospital,amenity,real,S09,114.0817272802369,"proxy: straight-line distance to synthetic bins, not resident walking access"
7257421602,80.2261208,13.0298989,hospital,amenity,real,S09,421.15163259081527,"proxy: straight-line distance to synthetic bins, not resident walking access"
7257421613,80.2025432,13.0048164,hospital,amenity,real,S09,143.85709674335814,"proxy: straight-line distance to synthetic bins, not resident walking access"
7257421615,80.1909256,13.0313233,hospital,amenity,real,S09,267.38229263777987,"proxy: straight-line distance to synthetic bins, not resident walking access"
7263948757,80.2457969,13.0553682,supermarket,shop,real,S09,382.0525156031191,"proxy: straight-line distance to synthetic bins, not resident walking access"
7263967744,80.250339,13.0539386,restaurant,amenity,real,S09,64.1923591322127,"proxy: straight-line distance to synthetic bins, not resident walking access"
7263972901,80.2494941,13.0533468,restaurant,amenity,real,S09,103.49225924861545,"proxy: straight-line distance to synthetic bins, not resident walking access"
7271112274,80.2430596,13.0574051,supermarket,shop,real,S09,87.61795885665431,"proxy: straight-line distance to synthetic bins, not resident walking access"
7271141689,80.241796,13.0585809,restaurant,amenity,real,S09,198.51016868428286,"proxy: straight-line distance to synthetic bins, not resident walking access"
7320948885,80.21879,13.0753606,hospital,amenity,real,S09,77.17108750364987,"proxy: straight-line distance to synthetic bins, not resident walking access"
7551657315,80.2439087,12.9695845,supermarket,shop,real,S09,460.6489605276419,"proxy: straight-line distance to synthetic bins, not resident walking access"
7592381392,80.2108108,13.051694,school,amenity,real,S09,273.0079729128304,"proxy: straight-line distance to synthetic bins, not resident walking access"
7652395379,80.2195129,12.9733479,restaurant,amenity,real,S09,152.35030591858782,"proxy: straight-line distance to synthetic bins, not resident walking access"
7652449746,80.1958518,12.9645886,hospital,amenity,real,S09,315.7317387059769,"proxy: straight-line distance to synthetic bins, not resident walking access"
7652543515,80.1602804,13.0210736,supermarket,shop,real,S09,368.2738820317756,"proxy: straight-line distance to synthetic bins, not resident walking access"
7652633327,80.2162828,13.034046,restaurant,amenity,real,S09,329.0950754560576,"proxy: straight-line distance to synthetic bins, not resident walking access"
7652633330,80.2171992,13.034045,restaurant,amenity,real,S09,231.21125006374658,"proxy: straight-line distance to synthetic bins, not resident walking access"
7652633333,80.2155103,13.0342714,supermarket,shop,real,S09,275.65053112576203,"proxy: straight-line distance to synthetic bins, not resident walking access"
7652633334,80.2151382,13.0341642,supermarket,shop,real,S09,246.78028545730578,"proxy: straight-line distance to synthetic bins, not resident walking access"
7652723881,80.2183545,12.98886,restaurant,amenity,real,S09,153.9377772533087,"proxy: straight-line distance to synthetic bins, not resident walking access"
7658575222,80.2360977,12.9665853,supermarket,shop,real,S09,28.799708553260423,"proxy: straight-line distance to synthetic bins, not resident walking access"
7723762942,80.2563567,13.039242,school,amenity,real,S09,205.72876194372435,"proxy: straight-line distance to synthetic bins, not resident walking access"
7807143740,80.1897943,13.0932135,supermarket,shop,real,S09,265.42002933190963,"proxy: straight-line distance to synthetic bins, not resident walking access"
7818702357,80.301391,13.156154,hospital,amenity,real,S09,50.96930005072907,"proxy: straight-line distance to synthetic bins, not resident walking access"
7818702358,80.2058879,13.1345397,hospital,amenity,real,S09,296.26725117914344,"proxy: straight-line distance to synthetic bins, not resident walking access"
7818702367,80.2984201,13.1503301,hospital,amenity,real,S09,262.5536014872158,"proxy: straight-line distance to synthetic bins, not resident walking access"
7818702393,80.25871,13.165259,hospital,amenity,real,S09,72.53809052713405,"proxy: straight-line distance to synthetic bins, not resident walking access"
7818702395,80.3006482,13.1537616,hospital,amenity,real,S09,226.37781507965983,"proxy: straight-line distance to synthetic bins, not resident walking access"
7818702399,80.193567,13.1702776,hospital,amenity,real,S09,525.0827526515633,"proxy: straight-line distance to synthetic bins, not resident walking access"
7818702406,80.3002146,13.1521728,hospital,amenity,real,S09,408.26747939694934,"proxy: straight-line distance to synthetic bins, not resident walking access"
7818702409,80.2982812,13.1486276,hospital,amenity,real,S09,128.55418824196772,"proxy: straight-line distance to synthetic bins, not resident walking access"
7818702419,80.2998808,13.1523333,hospital,amenity,real,S09,402.3799577463002,"proxy: straight-line distance to synthetic bins, not resident walking access"
7818702420,80.204431,13.161861,hospital,amenity,real,S09,261.40271418101344,"proxy: straight-line distance to synthetic bins, not resident walking access"
7819840745,80.184358,13.0471845,hospital,amenity,real,S09,127.75104567800196,"proxy: straight-line distance to synthetic bins, not resident walking access"
7819840748,80.1803453,13.0401817,hospital,amenity,real,S09,518.8630039493588,"proxy: straight-line distance to synthetic bins, not resident walking access"
7819840797,80.1815603,13.0472622,hospital,amenity,real,S09,242.90271598899744,"proxy: straight-line distance to synthetic bins, not resident walking access"
7819840806,80.1841129,13.0470409,hospital,amenity,real,S09,98.7536079903865,"proxy: straight-line distance to synthetic bins, not resident walking access"
7822259986,80.216804,12.9044723,hospital,amenity,real,S09,340.5683145416853,"proxy: straight-line distance to synthetic bins, not resident walking access"
7822259995,80.229384,12.912214,hospital,amenity,real,S09,429.60801739673224,"proxy: straight-line distance to synthetic bins, not resident walking access"
7822260009,80.2326252,12.9319677,hospital,amenity,real,S09,114.83412312156383,"proxy: straight-line distance to synthetic bins, not resident walking access"
7822260021,80.2381651,12.9498749,hospital,amenity,real,S09,225.111711350218,"proxy: straight-line distance to synthetic bins, not resident walking access"
7822260033,80.2412342,12.9402236,hospital,amenity,real,S09,438.40501031656584,"proxy: straight-line distance to synthetic bins, not resident walking access"
7822260044,80.2286,12.9011793,hospital,amenity,real,S09,49.16311935170241,"proxy: straight-line distance to synthetic bins, not resident walking access"
7822543424,80.2029589,12.9296419,hospital,amenity,real,S09,393.06469516269686,"proxy: straight-line distance to synthetic bins, not resident walking access"
7822543438,80.2041509,12.9339688,hospital,amenity,real,S09,106.93762602253692,"proxy: straight-line distance to synthetic bins, not resident walking access"
7822543455,80.200805,12.928263,hospital,amenity,real,S09,503.9873799825159,"proxy: straight-line distance to synthetic bins, not resident walking access"
7822543501,80.199546,12.9280452,hospital,amenity,real,S09,396.41066035627256,"proxy: straight-line distance to synthetic bins, not resident walking access"
7823212559,80.2543198,12.9753651,hospital,amenity,real,S09,409.54505424334434,"proxy: straight-line distance to synthetic bins, not resident walking access"
7823212570,80.2590077,12.9757686,hospital,amenity,real,S09,406.39157643797216,"proxy: straight-line distance to synthetic bins, not resident walking access"
7823212576,80.2030844,13.0036449,hospital,amenity,real,S09,19.213890830263427,"proxy: straight-line distance to synthetic bins, not resident walking access"
7823212579,80.2033269,13.0017797,hospital,amenity,real,S09,202.81178952925066,"proxy: straight-line distance to synthetic bins, not resident walking access"
7823212581,80.1772853,13.0164671,hospital,amenity,real,S09,189.24828166462325,"proxy: straight-line distance to synthetic bins, not resident walking access"
7823212607,80.2582571,12.9751423,hospital,amenity,real,S09,326.12334522832174,"proxy: straight-line distance to synthetic bins, not resident walking access"
7823212610,80.2566138,12.9693629,hospital,amenity,real,S09,292.4820982286692,"proxy: straight-line distance to synthetic bins, not resident walking access"
7823212623,80.207025,13.0027883,hospital,amenity,real,S09,172.81084572147415,"proxy: straight-line distance to synthetic bins, not resident walking access"
7823212631,80.2063632,13.003406,hospital,amenity,real,S09,218.94170230992006,"proxy: straight-line distance to synthetic bins, not resident walking access"
7823415020,80.2615046,12.9915347,hospital,amenity,real,S09,516.6571920842961,"proxy: straight-line distance to synthetic bins, not resident walking access"
7823415021,80.258947,12.978253,hospital,amenity,real,S09,354.92451242562544,"proxy: straight-line distance to synthetic bins, not resident walking access"
7823415033,80.267354,13.041251,hospital,amenity,real,S09,205.1653997037268,"proxy: straight-line distance to synthetic bins, not resident walking access"
7823415037,80.273209,13.0512111,hospital,amenity,real,S09,76.43499008340197,"proxy: straight-line distance to synthetic bins, not resident walking access"
7823415048,80.2581929,13.0385371,hospital,amenity,real,S09,27.962230231175273,"proxy: straight-line distance to synthetic bins, not resident walking access"
7823415049,80.260187,12.986383,hospital,amenity,real,S09,453.02579709972485,"proxy: straight-line distance to synthetic bins, not resident walking access"
7823415056,80.2624479,12.9916719,hospital,amenity,real,S09,480.8309784637221,"proxy: straight-line distance to synthetic bins, not resident walking access"
7823415059,80.2747953,13.0490602,hospital,amenity,real,S09,233.33978057855995,"proxy: straight-line distance to synthetic bins, not resident walking access"
7823415061,80.2668731,13.0454703,hospital,amenity,real,S09,169.0543623696658,"proxy: straight-line distance to synthetic bins, not resident walking access"
7823415065,80.258796,13.0013494,hospital,amenity,real,S09,222.63642687785705,"proxy: straight-line distance to synthetic bins, not resident walking access"
7823415083,80.2639406,13.0436591,hospital,amenity,real,S09,97.97501848928562,"proxy: straight-line distance to synthetic bins, not resident walking access"
7823415084,80.2727865,13.0528771,hospital,amenity,real,S09,171.79903593860567,"proxy: straight-line distance to synthetic bins, not resident walking access"
7823415087,80.2774772,13.0546321,hospital,amenity,real,S09,193.45519300205137,"proxy: straight-line distance to synthetic bins, not resident walking access"
7823415088,80.2756509,13.0547617,hospital,amenity,real,S09,201.86887868863,"proxy: straight-line distance to synthetic bins, not resident walking access"
7823415091,80.2599586,12.9890173,hospital,amenity,real,S09,664.1699092297032,"proxy: straight-line distance to synthetic bins, not resident walking access"
7823776196,80.2068588,13.0549375,hospital,amenity,real,S09,338.98824044938317,"proxy: straight-line distance to synthetic bins, not resident walking access"
7823776197,80.192755,13.038873,hospital,amenity,real,S09,303.27605428577,"proxy: straight-line distance to synthetic bins, not resident walking access"
7823776209,80.2012868,13.0553167,hospital,amenity,real,S09,359.75684317421934,"proxy: straight-line distance to synthetic bins, not resident walking access"
7823776213,80.204702,13.051996,hospital,amenity,real,S09,137.62347361213367,"proxy: straight-line distance to synthetic bins, not resident walking access"
7823776215,80.243818,13.051051,hospital,amenity,real,S09,296.4287947144483,"proxy: straight-line distance to synthetic bins, not resident walking access"
7823776217,80.2076585,13.0520108,hospital,amenity,real,S09,199.4295729523586,"proxy: straight-line distance to synthetic bins, not resident walking access"
7823776221,80.2477343,13.0554543,hospital,amenity,real,S09,264.24375578035216,"proxy: straight-line distance to synthetic bins, not resident walking access"
7823776223,80.2434943,13.0616711,hospital,amenity,real,S09,452.95926590525767,"proxy: straight-line distance to synthetic bins, not resident walking access"
7823776225,80.243704,13.0616367,hospital,amenity,real,S09,430.7921852296863,"proxy: straight-line distance to synthetic bins, not resident walking access"
7823776227,80.1939117,13.0516365,hospital,amenity,real,S09,104.46564534273999,"proxy: straight-line distance to synthetic bins, not resident walking access"
7823776231,80.2459459,13.0594426,hospital,amenity,real,S09,347.19063990310053,"proxy: straight-line distance to synthetic bins, not resident walking access"
7823776233,80.1991968,13.0539266,hospital,amenity,real,S09,466.32974404722034,"proxy: straight-line distance to synthetic bins, not resident walking access"
7823776246,80.1899425,13.0526943,hospital,amenity,real,S09,63.925012442962114,"proxy: straight-line distance to synthetic bins, not resident walking access"
7823776250,80.191781,13.0527721,hospital,amenity,real,S09,139.18452141137922,"proxy: straight-line distance to synthetic bins, not resident walking access"
7823776253,80.2031882,13.0514652,hospital,amenity,real,S09,249.54220554496177,"proxy: straight-line distance to synthetic bins, not resident walking access"
7823776254,80.1989274,13.0538214,hospital,amenity,real,S09,447.70940779406527,"proxy: straight-line distance to synthetic bins, not resident walking access"
7824965206,80.2522439,13.0802093,hospital,amenity,real,S09,308.63006723264476,"proxy: straight-line distance to synthetic bins, not resident walking access"
7824965209,80.2416011,13.0886474,hospital,amenity,real,S09,73.45814461504482,"proxy: straight-line distance to synthetic bins, not resident walking access"
7824965211,80.2709938,13.0828855,hospital,amenity,real,S09,404.3674403252286,"proxy: straight-line distance to synthetic bins, not resident walking access"
7824965213,80.2418555,13.0888843,hospital,amenity,real,S09,89.93476924937119,"proxy: straight-line distance to synthetic bins, not resident walking access"
7824965216,80.2421491,13.0704319,hospital,amenity,real,S09,146.36781478916262,"proxy: straight-line distance to synthetic bins, not resident walking access"
7824965221,80.2537976,13.0746638,hospital,amenity,real,S09,340.63965963681255,"proxy: straight-line distance to synthetic bins, not resident walking access"
7824965222,80.2622655,13.0715459,hospital,amenity,real,S09,372.2702415529174,"proxy: straight-line distance to synthetic bins, not resident walking access"
7824965223,80.2450769,13.0771575,hospital,amenity,real,S09,241.1471510789832,"proxy: straight-line distance to synthetic bins, not resident walking access"
7824965225,80.2540859,13.0786423,hospital,amenity,real,S09,280.180568536252,"proxy: straight-line distance to synthetic bins, not resident walking access"
7824965227,80.2340062,13.0807479,hospital,amenity,real,S09,249.1957280587608,"proxy: straight-line distance to synthetic bins, not resident walking access"
7824965229,80.2506114,13.0812406,hospital,amenity,real,S09,443.7984607434069,"proxy: straight-line distance to synthetic bins, not resident walking access"
7824965232,80.2669979,13.0849581,hospital,amenity,real,S09,53.97606794582172,"proxy: straight-line distance to synthetic bins, not resident walking access"
7824965237,80.2473996,13.0793874,hospital,amenity,real,S09,289.71341628068603,"proxy: straight-line distance to synthetic bins, not resident walking access"
7824965238,80.2705905,13.0826737,hospital,amenity,real,S09,375.87397813888185,"proxy: straight-line distance to synthetic bins, not resident walking access"
7824965240,80.2268354,13.0737332,hospital,amenity,real,S09,54.91344781136485,"proxy: straight-line distance to synthetic bins, not resident walking access"
7824965241,80.2625981,13.0713435,hospital,amenity,real,S09,330.84420999154156,"proxy: straight-line distance to synthetic bins, not resident walking access"
7824965243,80.234299,13.0833684,hospital,amenity,real,S09,104.1770816652716,"proxy: straight-line distance to synthetic bins, not resident walking access"
7824965244,80.2520834,13.0811868,hospital,amenity,real,S09,286.48570304740474,"proxy: straight-line distance to synthetic bins, not resident walking access"
7824965245,80.260048,13.071832,hospital,amenity,real,S09,425.57388199240154,"proxy: straight-line distance to synthetic bins, not resident walking access"
7824965246,80.2699983,13.0850158,hospital,amenity,real,S09,270.5173545401378,"proxy: straight-line distance to synthetic bins, not resident walking access"
7824965249,80.2694819,13.0761303,hospital,amenity,real,S09,208.8365275753384,"proxy: straight-line distance to synthetic bins, not resident walking access"
7824965252,80.2710331,13.0825738,hospital,amenity,real,S09,423.24391057395775,"proxy: straight-line distance to synthetic bins, not resident walking access"
7824965254,80.2553965,13.0813334,hospital,amenity,real,S09,84.67524178169444,"proxy: straight-line distance to synthetic bins, not resident walking access"
7824965258,80.2454945,13.0844036,hospital,amenity,real,S09,181.78483060280354,"proxy: straight-line distance to synthetic bins, not resident walking access"
7824965259,80.2290477,13.0793157,hospital,amenity,real,S09,351.47707854595444,"proxy: straight-line distance to synthetic bins, not resident walking access"
7824965260,80.2333756,13.0814203,hospital,amenity,real,S09,233.26019634711386,"proxy: straight-line distance to synthetic bins, not resident walking access"
7824965262,80.2620778,13.0811497,hospital,amenity,real,S09,251.1762643690614,"proxy: straight-line distance to synthetic bins, not resident walking access"
7824965264,80.267569,13.074301,hospital,amenity,real,S09,120.09253915602866,"proxy: straight-line distance to synthetic bins, not resident walking access"
7824965266,80.2339377,13.0768584,hospital,amenity,real,S09,51.869434449270784,"proxy: straight-line distance to synthetic bins, not resident walking access"
7825002779,80.2236766,13.1216771,hospital,amenity,real,S09,247.63621099714314,"proxy: straight-line distance to synthetic bins, not resident walking access"
7825002781,80.2454243,13.1160443,hospital,amenity,real,S09,255.17434597366272,"proxy: straight-line distance to synthetic bins, not resident walking access"
7825002782,80.2394367,13.113594,hospital,amenity,real,S09,293.18910798452464,"proxy: straight-line distance to synthetic bins, not resident walking access"
7825009786,80.2457851,13.1155627,hospital,amenity,real,S09,247.9884886508316,"proxy: straight-line distance to synthetic bins, not resident walking access"
7825009787,80.2172747,13.1297562,hospital,amenity,real,S09,189.14861895846187,"proxy: straight-line distance to synthetic bins, not resident walking access"
7825009790,80.2243993,13.1204837,hospital,amenity,real,S09,102.89943049387168,"proxy: straight-line distance to synthetic bins, not resident walking access"
7825009792,80.2418486,13.1102652,hospital,amenity,real,S09,171.8649117230778,"proxy: straight-line distance to synthetic bins, not resident walking access"
7825009797,80.216941,13.1300779,hospital,amenity,real,S09,239.82502056387884,"proxy: straight-line distance to synthetic bins, not resident walking access"
7825009798,80.2160951,13.1222839,hospital,amenity,real,S09,265.24693537077076,"proxy: straight-line distance to synthetic bins, not resident walking access"
7825009799,80.2258076,13.1185,hospital,amenity,real,S09,128.92185229388275,"proxy: straight-line distance to synthetic bins, not resident walking access"
7825009803,80.2159086,13.129071,hospital,amenity,real,S09,294.1622429634945,"proxy: straight-line distance to synthetic bins, not resident walking access"
7825009805,80.2236309,13.121994,hospital,amenity,real,S09,282.5214298854498,"proxy: straight-line distance to synthetic bins, not resident walking access"
7825009807,80.214109,13.129869,hospital,amenity,real,S09,133.1791170666253,"proxy: straight-line distance to synthetic bins, not resident walking access"
7825009815,80.2312849,13.1093369,hospital,amenity,real,S09,156.15386376352546,"proxy: straight-line distance to synthetic bins, not resident walking access"
7825009816,80.2152624,13.129327,hospital,amenity,real,S09,270.89223017602876,"proxy: straight-line distance to synthetic bins, not resident walking access"
7825009817,80.2404022,13.1131038,hospital,amenity,real,S09,176.43643862926743,"proxy: straight-line distance to synthetic bins, not resident walking access"
7825009819,80.2244516,13.1101477,hospital,amenity,real,S09,205.40362130041936,"proxy: straight-line distance to synthetic bins, not resident walking access"
7825009820,80.2441515,13.1148422,hospital,amenity,real,S09,349.8339770436909,"proxy: straight-line distance to synthetic bins, not resident walking access"
7825009823,80.2192658,13.1263043,hospital,amenity,real,S09,66.81324476728099,"proxy: straight-line distance to synthetic bins, not resident walking access"
7825009824,80.2374461,13.1106227,hospital,amenity,real,S09,113.89986029496345,"proxy: straight-line distance to synthetic bins, not resident walking access"
7843183653,80.1602145,13.1209097,convenience,shop,real,S09,174.28592110041288,"proxy: straight-line distance to synthetic bins, not resident walking access"
7843183657,80.1610258,13.1192353,convenience,shop,real,S09,32.12134212263641,"proxy: straight-line distance to synthetic bins, not resident walking access"
7843400329,80.1537233,13.1189931,supermarket,shop,real,S09,195.0329757868725,"proxy: straight-line distance to synthetic bins, not resident walking access"
7868260221,80.1531164,13.1179953,restaurant,amenity,real,S09,117.22945264892013,"proxy: straight-line distance to synthetic bins, not resident walking access"
7869169218,80.1543578,13.1157918,restaurant,amenity,real,S09,182.22919041793838,"proxy: straight-line distance to synthetic bins, not resident walking access"
7930758686,80.2284843,12.9248332,school,amenity,real,S09,920.8148659630175,"proxy: straight-line distance to synthetic bins, not resident walking access"
7953366985,80.268615,13.0474258,convenience,shop,real,S09,236.1281900608958,"proxy: straight-line distance to synthetic bins, not resident walking access"
7953367285,80.2606286,13.1183857,hospital,amenity,real,S09,293.6092925316509,"proxy: straight-line distance to synthetic bins, not resident walking access"
7999631143,80.1894155,12.9754659,convenience,shop,real,S09,298.50063673985886,"proxy: straight-line distance to synthetic bins, not resident walking access"
8041636713,80.2240566,12.9773969,restaurant,amenity,real,S09,515.2616373505415,"proxy: straight-line distance to synthetic bins, not resident walking access"
8042009290,80.2220222,12.9759453,convenience,shop,real,S09,243.78101585967838,"proxy: straight-line distance to synthetic bins, not resident walking access"
8094624025,80.2121432,13.0364073,restaurant,amenity,real,S09,150.2559206771989,"proxy: straight-line distance to synthetic bins, not resident walking access"
8094633725,80.2121821,13.0367439,restaurant,amenity,real,S09,118.5565929103144,"proxy: straight-line distance to synthetic bins, not resident walking access"
8095338805,80.2096111,13.0299235,restaurant,amenity,real,S09,183.10617144639525,"proxy: straight-line distance to synthetic bins, not resident walking access"
8095515268,80.2114987,13.0260311,school,amenity,real,S09,68.33185533557122,"proxy: straight-line distance to synthetic bins, not resident walking access"
8096237707,80.2068015,13.0293598,school,amenity,real,S09,82.27133047163075,"proxy: straight-line distance to synthetic bins, not resident walking access"
8096940514,80.2124208,13.0294143,school,amenity,real,S09,25.67051350922881,"proxy: straight-line distance to synthetic bins, not resident walking access"
8097021262,80.2161917,13.0312424,restaurant,amenity,real,S09,432.38402924784697,"proxy: straight-line distance to synthetic bins, not resident walking access"
8099947735,80.2013389,13.0371216,hospital,amenity,real,S09,204.42115313589866,"proxy: straight-line distance to synthetic bins, not resident walking access"
8100655627,80.2107079,13.0270738,restaurant,amenity,real,S09,61.94450025387373,"proxy: straight-line distance to synthetic bins, not resident walking access"
8100708635,80.2095824,13.0279813,convenience,shop,real,S09,129.04277546105442,"proxy: straight-line distance to synthetic bins, not resident walking access"
8100718329,80.2091487,13.0283513,school,amenity,real,S09,187.80480890602828,"proxy: straight-line distance to synthetic bins, not resident walking access"
8108467017,80.2036274,13.0487242,hospital,amenity,real,S09,251.72451368887278,"proxy: straight-line distance to synthetic bins, not resident walking access"
8108591031,80.212368,13.026029,hospital,amenity,real,S09,123.41475875871292,"proxy: straight-line distance to synthetic bins, not resident walking access"
8108595516,80.2123238,13.0284745,supermarket,shop,real,S09,122.40880780380529,"proxy: straight-line distance to synthetic bins, not resident walking access"
8108612205,80.2087661,13.0297592,restaurant,amenity,real,S09,273.66013227576354,"proxy: straight-line distance to synthetic bins, not resident walking access"
8108619430,80.2111579,13.0295669,restaurant,amenity,real,S09,24.228835603715684,"proxy: straight-line distance to synthetic bins, not resident walking access"
8108621717,80.2088159,13.0299976,supermarket,shop,real,S09,269.71902996211963,"proxy: straight-line distance to synthetic bins, not resident walking access"
8111861614,80.2103124,13.0318828,hospital,amenity,real,S09,259.21885785149044,"proxy: straight-line distance to synthetic bins, not resident walking access"
8197934476,80.2489789,12.9120483,hospital,amenity,real,S09,239.52205761718682,"proxy: straight-line distance to synthetic bins, not resident walking access"
8228218791,80.2323815,13.0365972,supermarket,shop,real,S09,322.62259988460556,"proxy: straight-line distance to synthetic bins, not resident walking access"
8247970000,80.2513463,12.9983201,supermarket,shop,real,S09,500.90023035391954,"proxy: straight-line distance to synthetic bins, not resident walking access"
8248013969,80.2211935,12.9761125,supermarket,shop,real,S09,207.11406987918141,"proxy: straight-line distance to synthetic bins, not resident walking access"
8248064776,80.2443029,13.0445056,supermarket,shop,real,S09,41.693735141943684,"proxy: straight-line distance to synthetic bins, not resident walking access"
8248160064,80.212224,13.0838561,supermarket,shop,real,S09,345.3723324889197,"proxy: straight-line distance to synthetic bins, not resident walking access"
8248241799,80.2534825,12.942059,supermarket,shop,real,S09,58.78779144929505,"proxy: straight-line distance to synthetic bins, not resident walking access"
8273581151,80.2383491,13.033688,restaurant,amenity,real,S09,195.94681979700326,"proxy: straight-line distance to synthetic bins, not resident walking access"
8418648279,80.2079955,13.1031362,restaurant,amenity,real,S09,394.7669859104045,"proxy: straight-line distance to synthetic bins, not resident walking access"
8432260601,80.2430286,12.9811415,restaurant,amenity,real,S09,391.39069725717076,"proxy: straight-line distance to synthetic bins, not resident walking access"
8445003084,80.2807246,13.0859974,supermarket,shop,real,S09,372.7034123107654,"proxy: straight-line distance to synthetic bins, not resident walking access"
8483600267,80.1742318,13.0298363,restaurant,amenity,real,S09,16.694214663725877,"proxy: straight-line distance to synthetic bins, not resident walking access"
8491548217,80.256701,13.0018711,convenience,shop,real,S09,208.65010522873914,"proxy: straight-line distance to synthetic bins, not resident walking access"
8491548317,80.256367,13.0012911,restaurant,amenity,real,S09,280.50366458130634,"proxy: straight-line distance to synthetic bins, not resident walking access"
8562785519,80.1914452,12.9728077,restaurant,amenity,real,S09,404.0938351589964,"proxy: straight-line distance to synthetic bins, not resident walking access"
8562785521,80.1915414,12.973021,restaurant,amenity,real,S09,378.74273411835037,"proxy: straight-line distance to synthetic bins, not resident walking access"
8562785540,80.1911414,12.9720719,supermarket,shop,real,S09,491.0992762437521,"proxy: straight-line distance to synthetic bins, not resident walking access"
8595961904,80.1925149,12.9757537,restaurant,amenity,real,S09,70.30495250613934,"proxy: straight-line distance to synthetic bins, not resident walking access"
8597345825,80.1942822,12.969047,school,amenity,real,S09,48.667792453925564,"proxy: straight-line distance to synthetic bins, not resident walking access"
8597345826,80.1949092,12.9694645,school,amenity,real,S09,127.30958927500431,"proxy: straight-line distance to synthetic bins, not resident walking access"
8604493118,80.2706996,13.0009865,restaurant,amenity,real,S09,394.37381868761526,"proxy: straight-line distance to synthetic bins, not resident walking access"
8606026730,80.1905786,12.9709195,supermarket,shop,real,S09,390.57977886456854,"proxy: straight-line distance to synthetic bins, not resident walking access"
8616601058,80.2188896,12.9716144,supermarket,shop,real,S09,349.96329429774477,"proxy: straight-line distance to synthetic bins, not resident walking access"
8616601064,80.2192115,12.9723375,restaurant,amenity,real,S09,263.0922622570753,"proxy: straight-line distance to synthetic bins, not resident walking access"
8616601066,80.2194965,12.9731363,restaurant,amenity,real,S09,171.9361760452675,"proxy: straight-line distance to synthetic bins, not resident walking access"
8631827333,80.2253583,12.982487,restaurant,amenity,real,S09,333.6403416584756,"proxy: straight-line distance to synthetic bins, not resident walking access"
8631827336,80.2254882,12.9770646,convenience,shop,real,S09,381.1560701540832,"proxy: straight-line distance to synthetic bins, not resident walking access"
8639416762,80.2544953,13.0475624,restaurant,amenity,real,S09,428.87603303284,"proxy: straight-line distance to synthetic bins, not resident walking access"
8639896900,80.2214698,12.9784544,hospital,amenity,real,S09,462.56597479671285,"proxy: straight-line distance to synthetic bins, not resident walking access"
8688105916,80.1891132,12.981822,convenience,shop,real,S09,109.68016308601142,"proxy: straight-line distance to synthetic bins, not resident walking access"
8688106217,80.223386,12.9709314,convenience,shop,real,S09,500.8455891674755,"proxy: straight-line distance to synthetic bins, not resident walking access"
8714264556,80.189259,12.971306,convenience,shop,real,S09,395.4574735812104,"proxy: straight-line distance to synthetic bins, not resident walking access"
8714893206,80.30835,13.1832459,restaurant,amenity,real,S09,189.6293759937166,"proxy: straight-line distance to synthetic bins, not resident walking access"
8714921187,80.3083534,13.183236,restaurant,amenity,real,S09,189.24021737247674,"proxy: straight-line distance to synthetic bins, not resident walking access"
8718513893,80.2264976,12.9794189,restaurant,amenity,real,S09,299.3181885027733,"proxy: straight-line distance to synthetic bins, not resident walking access"
8869350452,80.1619363,13.0381458,hospital,amenity,real,S09,90.98009303748401,"proxy: straight-line distance to synthetic bins, not resident walking access"
8910220602,80.2507705,13.0059052,restaurant,amenity,real,S09,511.84762067503556,"proxy: straight-line distance to synthetic bins, not resident walking access"
8935514615,80.2407095,13.0439323,hospital,amenity,real,S09,136.2485838475683,"proxy: straight-line distance to synthetic bins, not resident walking access"
8935525377,80.240596,13.044123,supermarket,shop,real,S09,158.64542720660913,"proxy: straight-line distance to synthetic bins, not resident walking access"
8935540225,80.2464292,13.0482979,school,amenity,real,S09,187.4141679751056,"proxy: straight-line distance to synthetic bins, not resident walking access"
8996138893,80.183571,13.0469663,supermarket,shop,real,S09,71.9750505018591,"proxy: straight-line distance to synthetic bins, not resident walking access"
9006119303,80.2494992,13.0354377,restaurant,amenity,real,S09,417.2021846057668,"proxy: straight-line distance to synthetic bins, not resident walking access"
9022356735,80.2048073,13.0848937,restaurant,amenity,real,S09,158.89767209846661,"proxy: straight-line distance to synthetic bins, not resident walking access"
9022362167,80.2061677,13.0853781,supermarket,shop,real,S09,313.7446349090524,"proxy: straight-line distance to synthetic bins, not resident walking access"
9106660530,80.2801127,13.048451,school,amenity,real,S09,10.830844928538372,"proxy: straight-line distance to synthetic bins, not resident walking access"
9399859051,80.2230336,12.9709728,convenience,shop,real,S09,473.50692807619913,"proxy: straight-line distance to synthetic bins, not resident walking access"
9418560325,80.2552947,13.0335737,restaurant,amenity,real,S09,517.4693494785517,"proxy: straight-line distance to synthetic bins, not resident walking access"
9418560326,80.2534355,13.0482571,restaurant,amenity,real,S09,298.53153238948954,"proxy: straight-line distance to synthetic bins, not resident walking access"
9418560328,80.2346309,13.0416717,restaurant,amenity,real,S09,419.40749240171687,"proxy: straight-line distance to synthetic bins, not resident walking access"
9488493356,80.2684474,12.9963828,restaurant,amenity,real,S09,227.36988914682783,"proxy: straight-line distance to synthetic bins, not resident walking access"
9489057178,80.1906699,12.9662356,restaurant,amenity,real,S09,126.03437825185146,"proxy: straight-line distance to synthetic bins, not resident walking access"
9554147385,80.2181097,12.9876442,restaurant,amenity,real,S09,197.16383190907501,"proxy: straight-line distance to synthetic bins, not resident walking access"
9559749692,80.2763834,13.0635552,restaurant,amenity,real,S09,427.7143983204521,"proxy: straight-line distance to synthetic bins, not resident walking access"
9575096617,80.2547228,13.0309488,supermarket,shop,real,S09,755.9568151510819,"proxy: straight-line distance to synthetic bins, not resident walking access"
9575448417,80.2536679,13.0258758,restaurant,amenity,real,S09,322.10685811608846,"proxy: straight-line distance to synthetic bins, not resident walking access"
9819135522,80.2640619,12.9945334,supermarket,shop,real,S09,305.2758901984921,"proxy: straight-line distance to synthetic bins, not resident walking access"
9865812617,80.2566324,12.9672195,convenience,shop,real,S09,112.43503231339892,"proxy: straight-line distance to synthetic bins, not resident walking access"
9872513774,80.288426,13.0888446,convenience,shop,real,S09,343.3598131782965,"proxy: straight-line distance to synthetic bins, not resident walking access"
9872527231,80.2867827,13.0887528,restaurant,amenity,real,S09,382.0881429525731,"proxy: straight-line distance to synthetic bins, not resident walking access"
9902043329,80.1833882,12.9738369,restaurant,amenity,real,S09,312.4703820049384,"proxy: straight-line distance to synthetic bins, not resident walking access"
9920387334,80.2441589,13.0799423,restaurant,amenity,real,S09,286.82041318986,"proxy: straight-line distance to synthetic bins, not resident walking access"
9920387337,80.2527299,13.0330561,restaurant,amenity,real,S09,533.8631827601962,"proxy: straight-line distance to synthetic bins, not resident walking access"
9920576651,80.2044784,12.9411181,restaurant,amenity,real,S09,147.2965118901338,"proxy: straight-line distance to synthetic bins, not resident walking access"
9979919329,80.286806,13.088904,restaurant,amenity,real,S09,375.1534586159173,"proxy: straight-line distance to synthetic bins, not resident walking access"
9980280803,80.2014918,13.1255155,supermarket,shop,real,S09,8.566651196929042,"proxy: straight-line distance to synthetic bins, not resident walking access"
9980280804,80.2014392,13.1266701,hospital,amenity,real,S09,134.74166542362408,"proxy: straight-line distance to synthetic bins, not resident walking access"
9980881646,80.2865499,13.0887415,restaurant,amenity,real,S09,362.1695062669883,"proxy: straight-line distance to synthetic bins, not resident walking access"
9980882521,80.2905767,13.0905767,restaurant,amenity,real,S09,536.172516097595,"proxy: straight-line distance to synthetic bins, not resident walking access"
9982769122,80.2899754,13.0924448,convenience,shop,real,S09,422.4803337224732,"proxy: straight-line distance to synthetic bins, not resident walking access"
9983048500,80.284971,13.0886372,restaurant,amenity,real,S09,256.31826829986727,"proxy: straight-line distance to synthetic bins, not resident walking access"
9989808500,80.2862359,13.0887346,restaurant,amenity,real,S09,335.85093363492217,"proxy: straight-line distance to synthetic bins, not resident walking access"
9989811629,80.2852408,13.0890597,restaurant,amenity,real,S09,233.76544367831625,"proxy: straight-line distance to synthetic bins, not resident walking access"
9991774509,80.1922065,13.0149457,restaurant,amenity,real,S09,281.5190522619414,"proxy: straight-line distance to synthetic bins, not resident walking access"
10013621143,80.2017441,13.126522,supermarket,shop,real,S09,119.90711842008925,"proxy: straight-line distance to synthetic bins, not resident walking access"
10036718970,80.2905294,13.1026805,restaurant,amenity,real,S09,253.5465587901407,"proxy: straight-line distance to synthetic bins, not resident walking access"
10036718996,80.2904264,13.1022825,restaurant,amenity,real,S09,250.4785921948064,"proxy: straight-line distance to synthetic bins, not resident walking access"
10038809125,80.2738948,13.0169477,restaurant,amenity,real,S09,295.14728290940593,"proxy: straight-line distance to synthetic bins, not resident walking access"
10038809126,80.2739851,13.0171169,restaurant,amenity,real,S09,285.8077650758572,"proxy: straight-line distance to synthetic bins, not resident walking access"
10038809127,80.274099,13.0173672,restaurant,amenity,real,S09,272.92279994409455,"proxy: straight-line distance to synthetic bins, not resident walking access"
10107983225,80.2913537,13.0942585,restaurant,amenity,real,S09,257.0181154068931,"proxy: straight-line distance to synthetic bins, not resident walking access"
10107983235,80.2914241,13.0944064,restaurant,amenity,real,S09,247.2444431024721,"proxy: straight-line distance to synthetic bins, not resident walking access"
10107995482,80.2914659,13.0959376,convenience,shop,real,S09,147.00563161711202,"proxy: straight-line distance to synthetic bins, not resident walking access"
10107995496,80.2911867,13.0960127,restaurant,amenity,real,S09,115.62906478287987,"proxy: straight-line distance to synthetic bins, not resident walking access"
10116132946,80.2878998,13.0965713,restaurant,amenity,real,S09,246.4046644805295,"proxy: straight-line distance to synthetic bins, not resident walking access"
10116259643,80.2882079,13.0965119,restaurant,amenity,real,S09,212.42305916865413,"proxy: straight-line distance to synthetic bins, not resident walking access"
10139491414,80.2643566,13.07648,restaurant,amenity,real,S09,89.63375545143765,"proxy: straight-line distance to synthetic bins, not resident walking access"
10156167510,80.2866796,13.0969063,restaurant,amenity,real,S09,157.7379254561749,"proxy: straight-line distance to synthetic bins, not resident walking access"
10156167516,80.2866516,13.097062,restaurant,amenity,real,S09,148.16665556808834,"proxy: straight-line distance to synthetic bins, not resident walking access"
10173145886,80.2555131,13.0453571,restaurant,amenity,real,S09,466.4874967075179,"proxy: straight-line distance to synthetic bins, not resident walking access"
10205248978,80.2870288,13.0968585,restaurant,amenity,real,S09,194.459070196549,"proxy: straight-line distance to synthetic bins, not resident walking access"
10208685806,80.2908894,13.09688,restaurant,amenity,real,S09,105.36204642677865,"proxy: straight-line distance to synthetic bins, not resident walking access"
10208798643,80.2902357,13.0964397,restaurant,amenity,real,S09,21.810533103937438,"proxy: straight-line distance to synthetic bins, not resident walking access"
10209600084,80.2932418,13.0976067,restaurant,amenity,real,S09,244.309172001527,"proxy: straight-line distance to synthetic bins, not resident walking access"
10224910219,80.2488332,13.0294985,restaurant,amenity,real,S09,339.96267633993364,"proxy: straight-line distance to synthetic bins, not resident walking access"
10261422409,80.2126037,13.1180276,hospital,amenity,real,S09,274.7606037412856,"proxy: straight-line distance to synthetic bins, not resident walking access"
10268908443,80.2674775,12.9984885,convenience,shop,real,S09,75.88108834273692,"proxy: straight-line distance to synthetic bins, not resident walking access"
10268908447,80.267535,12.9984715,restaurant,amenity,real,S09,69.50205096833284,"proxy: straight-line distance to synthetic bins, not resident walking access"
10269012180,80.2166021,12.9919466,restaurant,amenity,real,S09,278.6336610167817,"proxy: straight-line distance to synthetic bins, not resident walking access"
10269012184,80.216663,12.9911157,supermarket,shop,real,S09,220.95614401322388,"proxy: straight-line distance to synthetic bins, not resident walking access"
10271805421,80.1982422,13.0972767,hospital,amenity,real,S09,346.1924027384474,"proxy: straight-line distance to synthetic bins, not resident walking access"
10294576078,80.2146876,13.040756,hospital,amenity,real,S09,180.895186143655,"proxy: straight-line distance to synthetic bins, not resident walking access"
10307972067,80.2317501,13.0408892,restaurant,amenity,real,S09,95.91766531022343,"proxy: straight-line distance to synthetic bins, not resident walking access"
10307972076,80.2315892,13.0407815,convenience,shop,real,S09,77.57233830092275,"proxy: straight-line distance to synthetic bins, not resident walking access"
10307972083,80.2311764,13.0408527,restaurant,amenity,real,S09,34.049315499144456,"proxy: straight-line distance to synthetic bins, not resident walking access"
10308012367,80.2322275,13.0406949,restaurant,amenity,real,S09,147.0103037153635,"proxy: straight-line distance to synthetic bins, not resident walking access"
10316739368,80.2496472,13.0528083,restaurant,amenity,real,S09,157.838373982181,"proxy: straight-line distance to synthetic bins, not resident walking access"
10558960213,80.2169537,12.9913342,restaurant,amenity,real,S09,206.1907932196636,"proxy: straight-line distance to synthetic bins, not resident walking access"
10558960229,80.2170556,12.9918725,restaurant,amenity,real,S09,238.383551621778,"proxy: straight-line distance to synthetic bins, not resident walking access"
10558996779,80.2170363,12.9911631,restaurant,amenity,real,S09,188.1369128119388,"proxy: straight-line distance to synthetic bins, not resident walking access"
10558996783,80.216939,12.9914076,restaurant,amenity,real,S09,212.3029961000648,"proxy: straight-line distance to synthetic bins, not resident walking access"
10558996793,80.2170766,12.9911032,restaurant,amenity,real,S09,180.91041516955653,"proxy: straight-line distance to synthetic bins, not resident walking access"
10559049577,80.217063,12.9912272,restaurant,amenity,real,S09,189.67525023574007,"proxy: straight-line distance to synthetic bins, not resident walking access"
10559072543,80.2170186,12.9913743,restaurant,amenity,real,S09,203.21604173022266,"proxy: straight-line distance to synthetic bins, not resident walking access"
10574108890,80.2761696,13.1020646,convenience,shop,real,S09,248.58302325885379,"proxy: straight-line distance to synthetic bins, not resident walking access"
10574142263,80.2776734,13.1023292,convenience,shop,real,S09,90.35789714235449,"proxy: straight-line distance to synthetic bins, not resident walking access"
10574382742,80.2309677,13.0217381,convenience,shop,real,S09,9.093316305345573,"proxy: straight-line distance to synthetic bins, not resident walking access"
10574444999,80.2311815,13.0223338,convenience,shop,real,S09,74.60863045040358,"proxy: straight-line distance to synthetic bins, not resident walking access"
10575518798,80.2926089,13.1019911,restaurant,amenity,real,S09,161.6947354765012,"proxy: straight-line distance to synthetic bins, not resident walking access"
10575684705,80.2923742,13.0985064,restaurant,amenity,real,S09,153.23338492886552,"proxy: straight-line distance to synthetic bins, not resident walking access"
10584033828,80.2916643,13.101165,convenience,shop,real,S09,253.65919816047958,"proxy: straight-line distance to synthetic bins, not resident walking access"
10593554605,80.2613554,13.0771123,restaurant,amenity,real,S09,239.2672593561223,"proxy: straight-line distance to synthetic bins, not resident walking access"
10593879576,80.2872676,13.0988941,convenience,shop,real,S09,160.87907965934698,"proxy: straight-line distance to synthetic bins, not resident walking access"
10593879603,80.2874679,13.0998623,convenience,shop,real,S09,230.04895487175318,"proxy: straight-line distance to synthetic bins, not resident walking access"
10595541649,80.287964,13.0966737,convenience,shop,real,S09,241.39763252229167,"proxy: straight-line distance to synthetic bins, not resident walking access"
10595586117,80.288623,13.0995988,convenience,shop,real,S09,118.93379198503814,"proxy: straight-line distance to synthetic bins, not resident walking access"
10675445750,80.2911375,13.0981862,convenience,shop,real,S09,17.774786643104044,"proxy: straight-line distance to synthetic bins, not resident walking access"
10691381619,80.2420892,12.9598605,convenience,shop,real,S09,455.5379579644368,"proxy: straight-line distance to synthetic bins, not resident walking access"
10742375559,80.2792897,13.0987901,convenience,shop,real,S09,174.28912137790908,"proxy: straight-line distance to synthetic bins, not resident walking access"
10742379751,80.2799633,13.0986362,convenience,shop,real,S09,232.58244742688032,"proxy: straight-line distance to synthetic bins, not resident walking access"
10742455218,80.2850274,13.0933262,convenience,shop,real,S09,138.42747480233987,"proxy: straight-line distance to synthetic bins, not resident walking access"
10742504914,80.2847721,13.0886236,restaurant,amenity,real,S09,248.2937141261933,"proxy: straight-line distance to synthetic bins, not resident walking access"
10742709880,80.2761096,13.0847852,restaurant,amenity,real,S09,209.03123170825089,"proxy: straight-line distance to synthetic bins, not resident walking access"
10742709889,80.2760161,13.0849943,restaurant,amenity,real,S09,227.7592215071353,"proxy: straight-line distance to synthetic bins, not resident walking access"
10742858729,80.2762218,13.0835958,restaurant,amenity,real,S09,189.4302304023808,"proxy: straight-line distance to synthetic bins, not resident walking access"
10742858734,80.2763247,13.0835518,restaurant,amenity,real,S09,180.2704437766454,"proxy: straight-line distance to synthetic bins, not resident walking access"
10798116920,80.2823069,13.0886025,restaurant,amenity,real,S09,285.05267726347756,"proxy: straight-line distance to synthetic bins, not resident walking access"
10798116921,80.2822784,13.0886066,restaurant,amenity,real,S09,286.5243088100123,"proxy: straight-line distance to synthetic bins, not resident walking access"
10798123413,80.2825231,13.0916476,restaurant,amenity,real,S09,179.92905766772748,"proxy: straight-line distance to synthetic bins, not resident walking access"
10798123418,80.2825771,13.0919729,convenience,shop,real,S09,175.35231860621548,"proxy: straight-line distance to synthetic bins, not resident walking access"
10817613288,80.1571339,13.0994566,convenience,shop,real,S09,36.041295239449774,"proxy: straight-line distance to synthetic bins, not resident walking access"
10833567149,80.2760058,13.0910648,convenience,shop,real,S09,227.65314692014223,"proxy: straight-line distance to synthetic bins, not resident walking access"
10833632689,80.2755976,13.0886531,restaurant,amenity,real,S09,424.23060784211964,"proxy: straight-line distance to synthetic bins, not resident walking access"
10875499880,80.2784045,13.0835677,convenience,shop,real,S09,78.82201370164091,"proxy: straight-line distance to synthetic bins, not resident walking access"
10883889408,80.2859105,13.1046141,restaurant,amenity,real,S09,96.46830842640026,"proxy: straight-line distance to synthetic bins, not resident walking access"
10890731095,80.2116533,13.056285,restaurant,amenity,real,S09,121.9028227563329,"proxy: straight-line distance to synthetic bins, not resident walking access"
10892847718,80.2855257,13.1047537,restaurant,amenity,real,S09,99.39357482904263,"proxy: straight-line distance to synthetic bins, not resident walking access"
10892974729,80.2846056,13.1043444,restaurant,amenity,real,S09,108.03465935780606,"proxy: straight-line distance to synthetic bins, not resident walking access"
10893149196,80.2736521,13.1038579,restaurant,amenity,real,S09,89.24867099069746,"proxy: straight-line distance to synthetic bins, not resident walking access"
10893149197,80.2736287,13.1038553,restaurant,amenity,real,S09,91.28884596898305,"proxy: straight-line distance to synthetic bins, not resident walking access"
10895468841,80.2855786,13.0976962,convenience,shop,real,S09,29.154219053360922,"proxy: straight-line distance to synthetic bins, not resident walking access"
10895930310,80.2795454,13.0930095,restaurant,amenity,real,S09,268.57973930681516,"proxy: straight-line distance to synthetic bins, not resident walking access"
10913194707,80.2793527,13.0930201,restaurant,amenity,real,S09,247.83966898763742,"proxy: straight-line distance to synthetic bins, not resident walking access"
10913194731,80.279431,13.0936496,restaurant,amenity,real,S09,270.84664901863744,"proxy: straight-line distance to synthetic bins, not resident walking access"
10913194768,80.2794732,13.0943685,restaurant,amenity,real,S09,251.53683672750242,"proxy: straight-line distance to synthetic bins, not resident walking access"
10915898218,80.2796221,13.0926879,restaurant,amenity,real,S09,276.7068005235947,"proxy: straight-line distance to synthetic bins, not resident walking access"
10915906412,80.2792058,13.0908796,restaurant,amenity,real,S09,123.5461773580628,"proxy: straight-line distance to synthetic bins, not resident walking access"
10931437365,80.2803433,13.0945783,convenience,shop,real,S09,240.2861752739233,"proxy: straight-line distance to synthetic bins, not resident walking access"
10931437381,80.2803738,13.0947927,convenience,shop,real,S09,216.41474119111584,"proxy: straight-line distance to synthetic bins, not resident walking access"
10931437402,80.2800014,13.0951046,convenience,shop,real,S09,187.09854585286996,"proxy: straight-line distance to synthetic bins, not resident walking access"
10931543608,80.2804541,13.0945745,restaurant,amenity,real,S09,238.4758543474067,"proxy: straight-line distance to synthetic bins, not resident walking access"
10931543609,80.2804608,13.0946218,convenience,shop,real,S09,233.19597985808628,"proxy: straight-line distance to synthetic bins, not resident walking access"
10931543614,80.280721,13.0949911,convenience,shop,real,S09,189.53766858648535,"proxy: straight-line distance to synthetic bins, not resident walking access"
10933186983,80.2842613,13.0943739,convenience,shop,real,S09,32.502352676628654,"proxy: straight-line distance to synthetic bins, not resident walking access"
10933382983,80.2800036,13.0966877,restaurant,amenity,real,S09,80.5532366788109,"proxy: straight-line distance to synthetic bins, not resident walking access"
10933383015,80.2799579,13.0961055,restaurant,amenity,real,S09,95.34888140517819,"proxy: straight-line distance to synthetic bins, not resident walking access"
10933383023,80.2799538,13.0959704,restaurant,amenity,real,S09,104.84676215111317,"proxy: straight-line distance to synthetic bins, not resident walking access"
10933383032,80.2802074,13.0951485,restaurant,amenity,real,S09,183.7929878601545,"proxy: straight-line distance to synthetic bins, not resident walking access"
10933383035,80.2800706,13.0951634,restaurant,amenity,real,S09,184.6805822161952,"proxy: straight-line distance to synthetic bins, not resident walking access"
10933383042,80.2798947,13.0954499,restaurant,amenity,real,S09,147.75183457047933,"proxy: straight-line distance to synthetic bins, not resident walking access"
10933457927,80.2807435,13.0951087,convenience,shop,real,S09,176.4361220876222,"proxy: straight-line distance to synthetic bins, not resident walking access"
10933484198,80.2833342,13.0984553,restaurant,amenity,real,S09,69.9872214099186,"proxy: straight-line distance to synthetic bins, not resident walking access"
10933574900,80.283007,13.0923417,convenience,shop,real,S09,133.04257924632913,"proxy: straight-line distance to synthetic bins, not resident walking access"
10933682415,80.2798635,13.0960869,convenience,shop,real,S09,88.86996416933073,"proxy: straight-line distance to synthetic bins, not resident walking access"
10933682420,80.2797296,13.0960626,restaurant,amenity,real,S09,80.92927845431592,"proxy: straight-line distance to synthetic bins, not resident walking access"
10933682421,80.2796733,13.0960722,convenience,shop,real,S09,76.39289888951117,"proxy: straight-line distance to synthetic bins, not resident walking access"
10933682481,80.2799297,13.0974165,convenience,shop,real,S09,112.82227521357567,"proxy: straight-line distance to synthetic bins, not resident walking access"
10933795458,80.2796197,13.0945951,convenience,shop,real,S09,228.7373895623854,"proxy: straight-line distance to synthetic bins, not resident walking access"
10933856341,80.279084,13.0945634,convenience,shop,real,S09,229.7607924826611,"proxy: straight-line distance to synthetic bins, not resident walking access"
10943965129,80.2828907,13.0942438,convenience,shop,real,S09,127.88357582132015,"proxy: straight-line distance to synthetic bins, not resident walking access"
10963478990,80.2846562,13.1024344,convenience,shop,real,S09,180.30167330405905,"proxy: straight-line distance to synthetic bins, not resident walking access"
10963479039,80.2842207,13.1025597,convenience,shop,real,S09,197.2065644587794,"proxy: straight-line distance to synthetic bins, not resident walking access"
10966825114,80.2807709,13.0960999,convenience,shop,real,S09,66.79525464779336,"proxy: straight-line distance to synthetic bins, not resident walking access"
10967223053,80.2811802,13.0984836,convenience,shop,real,S09,168.24223831994772,"proxy: straight-line distance to synthetic bins, not resident walking access"
10967640655,80.2815014,13.090063,restaurant,amenity,real,S09,236.4239824910501,"proxy: straight-line distance to synthetic bins, not resident walking access"
10968565445,80.2811153,13.089712,restaurant,amenity,real,S09,192.45020212194447,"proxy: straight-line distance to synthetic bins, not resident walking access"
10973664969,80.2790006,13.0894835,convenience,shop,real,S09,48.67656167885351,"proxy: straight-line distance to synthetic bins, not resident walking access"
10973840859,80.2210455,13.0077889,supermarket,shop,real,S09,271.4971967543643,"proxy: straight-line distance to synthetic bins, not resident walking access"
11107521908,80.2692146,13.0008762,restaurant,amenity,real,S09,294.0485754363467,"proxy: straight-line distance to synthetic bins, not resident walking access"
11125618139,80.1769423,13.0619643,restaurant,amenity,real,S09,259.3804607695482,"proxy: straight-line distance to synthetic bins, not resident walking access"
11159473174,80.2705304,13.0808889,restaurant,amenity,real,S09,340.04126264659516,"proxy: straight-line distance to synthetic bins, not resident walking access"
11162390408,80.1797716,13.0856699,hospital,amenity,real,S09,150.4421056486945,"proxy: straight-line distance to synthetic bins, not resident walking access"
11164628005,80.2578026,13.03985,restaurant,amenity,real,S09,124.80220646904274,"proxy: straight-line distance to synthetic bins, not resident walking access"
11178386321,80.2617168,13.0774212,restaurant,amenity,real,S09,189.21923640928108,"proxy: straight-line distance to synthetic bins, not resident walking access"
11206792095,80.2619675,12.9860999,restaurant,amenity,real,S09,590.7141167894594,"proxy: straight-line distance to synthetic bins, not resident walking access"
11215592100,80.1757012,13.0489751,convenience,shop,real,S09,251.34992408381,"proxy: straight-line distance to synthetic bins, not resident walking access"
11229984135,80.2593989,13.0079506,restaurant,amenity,real,S09,141.15585789385253,"proxy: straight-line distance to synthetic bins, not resident walking access"
11245252427,80.1655614,13.0759757,supermarket,shop,real,S09,66.19896774628162,"proxy: straight-line distance to synthetic bins, not resident walking access"
11245258485,80.1714303,13.0777907,supermarket,shop,real,S09,401.2481443843298,"proxy: straight-line distance to synthetic bins, not resident walking access"
11295076883,80.254119,13.0069358,restaurant,amenity,real,S09,252.3309486129033,"proxy: straight-line distance to synthetic bins, not resident walking access"
11299228769,80.2910545,13.0960708,restaurant,amenity,real,S09,100.2218032148331,"proxy: straight-line distance to synthetic bins, not resident walking access"
11300088669,80.2858471,13.0901878,restaurant,amenity,real,S09,222.32913156183255,"proxy: straight-line distance to synthetic bins, not resident walking access"
11306582873,80.2698337,13.0809129,restaurant,amenity,real,S09,331.38902967861475,"proxy: straight-line distance to synthetic bins, not resident walking access"
11309436645,80.2780031,13.0822667,restaurant,amenity,real,S09,200.76595110669425,"proxy: straight-line distance to synthetic bins, not resident walking access"
11309436650,80.278006,13.0822821,restaurant,amenity,real,S09,199.08377253234977,"proxy: straight-line distance to synthetic bins, not resident walking access"
11309436653,80.2780088,13.0822992,restaurant,amenity,real,S09,197.21413131257478,"proxy: straight-line distance to synthetic bins, not resident walking access"
11309946622,80.275948,13.0825495,restaurant,amenity,real,S09,270.7663649658962,"proxy: straight-line distance to synthetic bins, not resident walking access"
11386758484,80.2748749,13.0827405,restaurant,amenity,real,S09,359.63883639136293,"proxy: straight-line distance to synthetic bins, not resident walking access"
11386758485,80.2749268,13.0824383,restaurant,amenity,real,S09,369.72467411832855,"proxy: straight-line distance to synthetic bins, not resident walking access"
11395977092,80.2263691,13.0473227,supermarket,shop,real,S09,173.09839198693942,"proxy: straight-line distance to synthetic bins, not resident walking access"
11395977097,80.2302313,13.0517209,restaurant,amenity,real,S09,349.99909792466104,"proxy: straight-line distance to synthetic bins, not resident walking access"
11468740371,80.1697458,13.0868727,hospital,amenity,real,S09,164.44528371885173,"proxy: straight-line distance to synthetic bins, not resident walking access"
11505502999,80.2798963,13.102361,restaurant,amenity,real,S09,136.65912800992513,"proxy: straight-line distance to synthetic bins, not resident walking access"
11505691823,80.2825789,13.1015647,restaurant,amenity,real,S09,259.7461605130346,"proxy: straight-line distance to synthetic bins, not resident walking access"
11513226090,80.2845375,13.1002136,restaurant,amenity,real,S09,250.2619375237327,"proxy: straight-line distance to synthetic bins, not resident walking access"
11513276648,80.2798533,13.1020525,restaurant,amenity,real,S09,148.56040646625644,"proxy: straight-line distance to synthetic bins, not resident walking access"
11533218762,80.2830744,13.1014696,convenience,shop,real,S09,307.3676377353487,"proxy: straight-line distance to synthetic bins, not resident walking access"
11533319778,80.2842159,13.0977527,restaurant,amenity,real,S09,127.59668864709687,"proxy: straight-line distance to synthetic bins, not resident walking access"
11578023471,80.2076279,13.0492981,restaurant,amenity,real,S09,196.50477284425506,"proxy: straight-line distance to synthetic bins, not resident walking access"
11578023669,80.2076268,13.0492863,restaurant,amenity,real,S09,195.9096210995733,"proxy: straight-line distance to synthetic bins, not resident walking access"
11612949469,80.2593262,13.0572977,restaurant,amenity,real,S09,230.53353417975688,"proxy: straight-line distance to synthetic bins, not resident walking access"
11626579769,80.2198563,13.0666311,convenience,shop,real,S09,202.63807826704448,"proxy: straight-line distance to synthetic bins, not resident walking access"
11626667669,80.2159205,13.0585963,convenience,shop,real,S09,207.294816522529,"proxy: straight-line distance to synthetic bins, not resident walking access"
11626667769,80.2161173,13.0559092,convenience,shop,real,S09,304.9728970676342,"proxy: straight-line distance to synthetic bins, not resident walking access"
11679595256,80.2513405,12.9569147,hospital,amenity,real,S09,518.998048199536,"proxy: straight-line distance to synthetic bins, not resident walking access"
11772373803,80.2797805,13.0947269,restaurant,amenity,real,S09,218.20778206781358,"proxy: straight-line distance to synthetic bins, not resident walking access"
11772373804,80.2795842,13.0944353,supermarket,shop,real,S09,245.59796698136012,"proxy: straight-line distance to synthetic bins, not resident walking access"
11772373805,80.279808,13.0956228,supermarket,shop,real,S09,126.45284829463787,"proxy: straight-line distance to synthetic bins, not resident walking access"
11773318769,80.2177164,13.087585,restaurant,amenity,real,S09,472.61847450271847,"proxy: straight-line distance to synthetic bins, not resident walking access"
11805421003,80.2892677,13.0950602,school,amenity,real,S09,163.69956233166474,"proxy: straight-line distance to synthetic bins, not resident walking access"
11828671526,80.24228,13.0496674,restaurant,amenity,real,S09,238.27239555678068,"proxy: straight-line distance to synthetic bins, not resident walking access"
11832498559,80.2642431,13.0376928,restaurant,amenity,real,S09,426.39153159481816,"proxy: straight-line distance to synthetic bins, not resident walking access"
11834576825,80.2440699,13.0631465,restaurant,amenity,real,S09,404.90385373686377,"proxy: straight-line distance to synthetic bins, not resident walking access"
11834587522,80.2457435,13.0579691,hospital,amenity,real,S09,377.4826309740428,"proxy: straight-line distance to synthetic bins, not resident walking access"
11834587756,80.245495,13.0609702,restaurant,amenity,real,S09,264.91715871084614,"proxy: straight-line distance to synthetic bins, not resident walking access"
11835034706,80.2402338,13.0501982,school,amenity,real,S09,87.54697620277796,"proxy: straight-line distance to synthetic bins, not resident walking access"
11850592829,80.1845758,13.0203079,restaurant,amenity,real,S09,423.9917184764358,"proxy: straight-line distance to synthetic bins, not resident walking access"
11901008265,80.2014829,13.1240104,restaurant,amenity,real,S09,160.00985558799982,"proxy: straight-line distance to synthetic bins, not resident walking access"
11901093588,80.2017243,13.1286953,supermarket,shop,real,S09,250.91843471622275,"proxy: straight-line distance to synthetic bins, not resident walking access"
11930811764,80.2017644,13.1295276,supermarket,shop,real,S09,221.40344904356633,"proxy: straight-line distance to synthetic bins, not resident walking access"
12028195947,80.2402905,12.9412022,supermarket,shop,real,S09,474.730829516773,"proxy: straight-line distance to synthetic bins, not resident walking access"
12146055740,80.2631177,13.081276,hospital,amenity,real,S09,351.8601804259895,"proxy: straight-line distance to synthetic bins, not resident walking access"
12167603124,80.2243634,13.079622,restaurant,amenity,real,S09,389.3788927640189,"proxy: straight-line distance to synthetic bins, not resident walking access"
12192792965,80.1894086,13.0719886,school,amenity,real,S09,351.4101246723909,"proxy: straight-line distance to synthetic bins, not resident walking access"
12290460802,80.2560383,13.075221,restaurant,amenity,real,S09,244.40904478167704,"proxy: straight-line distance to synthetic bins, not resident walking access"
12301045504,80.1534391,13.1262141,supermarket,shop,real,S09,202.96380833644383,"proxy: straight-line distance to synthetic bins, not resident walking access"
12367559381,80.2588062,13.0920988,hospital,amenity,real,S09,105.19976604608222,"proxy: straight-line distance to synthetic bins, not resident walking access"
12369185745,80.2734469,13.0630503,restaurant,amenity,real,S09,194.31396155884784,"proxy: straight-line distance to synthetic bins, not resident walking access"
12378706312,80.2013573,12.9831959,hospital,amenity,real,S09,279.6334209256158,"proxy: straight-line distance to synthetic bins, not resident walking access"
12458609016,80.3164193,13.1853398,convenience,shop,real,S09,228.52589707494673,"proxy: straight-line distance to synthetic bins, not resident walking access"
12458637069,80.3158942,13.1891282,convenience,shop,real,S09,253.9389533485377,"proxy: straight-line distance to synthetic bins, not resident walking access"
12458641820,80.3159949,13.1858817,convenience,shop,real,S09,154.151170326654,"proxy: straight-line distance to synthetic bins, not resident walking access"
12458688667,80.3090077,13.1847763,restaurant,amenity,real,S09,233.3945210105587,"proxy: straight-line distance to synthetic bins, not resident walking access"
12458688671,80.3085671,13.1838978,restaurant,amenity,real,S09,236.13845566052188,"proxy: straight-line distance to synthetic bins, not resident walking access"
12458763843,80.3078479,13.1801715,waste_disposal,amenity,real,S09,241.2090128022524,"proxy: straight-line distance to synthetic bins, not resident walking access"
12458790368,80.3072051,13.1792042,marketplace,amenity,real,S09,329.98301675221745,"proxy: straight-line distance to synthetic bins, not resident walking access"
12458790369,80.3074984,13.1789342,marketplace,amenity,real,S09,363.31419019364125,"proxy: straight-line distance to synthetic bins, not resident walking access"
12458790385,80.3157682,13.1824682,recycling,amenity,real,S09,485.9972638223343,"proxy: straight-line distance to synthetic bins, not resident walking access"
12473051001,80.2390445,13.0477044,restaurant,amenity,real,S09,90.91858372109218,"proxy: straight-line distance to synthetic bins, not resident walking access"
12517830701,80.2238705,13.0122894,restaurant,amenity,real,S09,75.78496287415437,"proxy: straight-line distance to synthetic bins, not resident walking access"
12528602501,80.2238958,13.0122977,restaurant,amenity,real,S09,78.65425685246315,"proxy: straight-line distance to synthetic bins, not resident walking access"
12543232801,80.2259631,13.0737596,restaurant,amenity,real,S09,117.56222909554963,"proxy: straight-line distance to synthetic bins, not resident walking access"
12546654989,80.2504038,13.0716807,restaurant,amenity,real,S09,400.4981821853323,"proxy: straight-line distance to synthetic bins, not resident walking access"
12548068101,80.2522631,13.072631,restaurant,amenity,real,S09,338.14448369175966,"proxy: straight-line distance to synthetic bins, not resident walking access"
12550777631,80.2536416,13.0075596,restaurant,amenity,real,S09,338.4792983581552,"proxy: straight-line distance to synthetic bins, not resident walking access"
12554057401,80.2248506,13.0143188,restaurant,amenity,real,S09,88.32319843926014,"proxy: straight-line distance to synthetic bins, not resident walking access"
12554273454,80.3031441,13.1592639,school,amenity,real,S09,103.57934293753456,"proxy: straight-line distance to synthetic bins, not resident walking access"
12557371741,80.2141896,12.9910214,waste_disposal,amenity,real,S09,398.3156513500717,"proxy: straight-line distance to synthetic bins, not resident walking access"
12557371742,80.2142188,12.9910117,waste_disposal,amenity,real,S09,400.4698379948681,"proxy: straight-line distance to synthetic bins, not resident walking access"
12557371744,80.2182575,12.9884101,restaurant,amenity,real,S09,204.57172251136586,"proxy: straight-line distance to synthetic bins, not resident walking access"
12557371745,80.2186763,12.9899176,restaurant,amenity,real,S09,41.11127859111411,"proxy: straight-line distance to synthetic bins, not resident walking access"
12557371754,80.2187592,12.990245,restaurant,amenity,real,S09,28.480346262445185,"proxy: straight-line distance to synthetic bins, not resident walking access"
12558418401,80.2244558,13.0110882,restaurant,amenity,real,S09,181.7258115893317,"proxy: straight-line distance to synthetic bins, not resident walking access"
12560767886,80.1871116,12.9809491,hospital,amenity,real,S09,144.776351911866,"proxy: straight-line distance to synthetic bins, not resident walking access"
12568401589,80.2741982,13.0564212,restaurant,amenity,real,S09,169.7814830311072,"proxy: straight-line distance to synthetic bins, not resident walking access"
12570580089,80.3004988,13.1530712,restaurant,amenity,real,S09,304.35589313838443,"proxy: straight-line distance to synthetic bins, not resident walking access"
12570580174,80.3008776,13.1581447,restaurant,amenity,real,S09,77.68811492571153,"proxy: straight-line distance to synthetic bins, not resident walking access"
12573526002,80.2240167,13.0131367,supermarket,shop,real,S09,140.868609067873,"proxy: straight-line distance to synthetic bins, not resident walking access"
12581525295,80.2157688,13.1363242,hospital,amenity,real,S09,427.2736454540196,"proxy: straight-line distance to synthetic bins, not resident walking access"
12581554806,80.2361716,13.132247,school,amenity,real,S09,137.2659070006215,"proxy: straight-line distance to synthetic bins, not resident walking access"
12581645343,80.2388481,13.1320397,school,amenity,real,S09,244.89250584543038,"proxy: straight-line distance to synthetic bins, not resident walking access"
12581645344,80.2412895,13.1287772,restaurant,amenity,real,S09,555.4848576976923,"proxy: straight-line distance to synthetic bins, not resident walking access"
12581658601,80.2377389,13.1396018,hospital,amenity,real,S09,325.3943262739449,"proxy: straight-line distance to synthetic bins, not resident walking access"
12581658602,80.2366698,13.1416026,school,amenity,real,S09,188.77472305503875,"proxy: straight-line distance to synthetic bins, not resident walking access"
12597545501,80.2251186,13.0148042,restaurant,amenity,real,S09,111.45042642197731,"proxy: straight-line distance to synthetic bins, not resident walking access"
12598528674,80.2612406,13.0924016,convenience,shop,real,S09,232.4010160963131,"proxy: straight-line distance to synthetic bins, not resident walking access"
12598528675,80.2603841,13.0922834,convenience,shop,real,S09,174.11562032813922,"proxy: straight-line distance to synthetic bins, not resident walking access"
12598528676,80.2603812,13.0923191,convenience,shop,real,S09,171.98452360696922,"proxy: straight-line distance to synthetic bins, not resident walking access"
12610892371,80.2546834,13.0090742,supermarket,shop,real,S09,453.52850358560096,"proxy: straight-line distance to synthetic bins, not resident walking access"
12611350337,80.2539306,13.0113205,restaurant,amenity,real,S09,668.3939337773602,"proxy: straight-line distance to synthetic bins, not resident walking access"
12611671704,80.2539882,13.0096655,supermarket,shop,real,S09,534.6876257163092,"proxy: straight-line distance to synthetic bins, not resident walking access"
12611675463,80.2539592,13.0112709,restaurant,amenity,real,S09,662.364939590606,"proxy: straight-line distance to synthetic bins, not resident walking access"
12611683468,80.2519401,13.0097391,supermarket,shop,real,S09,641.8203549912355,"proxy: straight-line distance to synthetic bins, not resident walking access"
12619467462,80.2400853,13.1002212,hospital,amenity,real,S09,91.380251589567,"proxy: straight-line distance to synthetic bins, not resident walking access"
12647547504,80.1872924,13.0722272,restaurant,amenity,real,S09,323.0648637480642,"proxy: straight-line distance to synthetic bins, not resident walking access"
12672392768,80.2473021,13.0583978,restaurant,amenity,real,S09,411.2920585618881,"proxy: straight-line distance to synthetic bins, not resident walking access"
12672392769,80.2470479,13.0582098,restaurant,amenity,real,S09,435.26700617314117,"proxy: straight-line distance to synthetic bins, not resident walking access"
12672392770,80.247065,13.0581405,restaurant,amenity,real,S09,442.57739427045476,"proxy: straight-line distance to synthetic bins, not resident walking access"
12841106303,80.1997052,13.0856268,restaurant,amenity,real,S09,356.5989010337855,"proxy: straight-line distance to synthetic bins, not resident walking access"
12861016324,80.2015564,13.128617,convenience,shop,real,S09,232.026741332787,"proxy: straight-line distance to synthetic bins, not resident walking access"
13096237915,80.2504829,13.0064894,hospital,amenity,real,S09,557.6096277352268,"proxy: straight-line distance to synthetic bins, not resident walking access"
13103792110,80.2556448,12.9966483,restaurant,amenity,real,S09,379.8559700186022,"proxy: straight-line distance to synthetic bins, not resident walking access"
13155026101,80.2343492,12.9810842,hospital,amenity,real,S09,406.6907336700437,"proxy: straight-line distance to synthetic bins, not resident walking access"
13167454322,80.2062996,13.0908281,restaurant,amenity,real,S09,119.3041157006148,"proxy: straight-line distance to synthetic bins, not resident walking access"
13253593001,80.254007,13.027376,restaurant,amenity,real,S09,455.2373863457857,"proxy: straight-line distance to synthetic bins, not resident walking access"
13253593301,80.2178044,13.088221,restaurant,amenity,real,S09,538.1285415285396,"proxy: straight-line distance to synthetic bins, not resident walking access"
13265521716,80.2389414,13.0391705,restaurant,amenity,real,S09,424.69754481494147,"proxy: straight-line distance to synthetic bins, not resident walking access"
13311063201,80.2348192,13.0413033,restaurant,amenity,real,S09,431.8451322418224,"proxy: straight-line distance to synthetic bins, not resident walking access"
13344518701,80.2422224,13.0224413,restaurant,amenity,real,S09,351.6531566230428,"proxy: straight-line distance to synthetic bins, not resident walking access"
13390341655,80.2149276,12.96562,school,amenity,real,S09,538.4884012291853,"proxy: straight-line distance to synthetic bins, not resident walking access"
13392511809,80.1960498,13.125858,school,amenity,real,S09,399.32895059553,"proxy: straight-line distance to synthetic bins, not resident walking access"
13394288611,80.1974428,13.1276797,school,amenity,real,S09,231.3355497031702,"proxy: straight-line distance to synthetic bins, not resident walking access"
13423161902,80.2573202,13.0062788,restaurant,amenity,real,S09,150.40181597441466,"proxy: straight-line distance to synthetic bins, not resident walking access"
13423162301,80.2574141,13.0065149,restaurant,amenity,real,S09,126.63215591100655,"proxy: straight-line distance to synthetic bins, not resident walking access"
13433948701,80.1717888,13.1169287,school,amenity,real,S09,507.85551675120627,"proxy: straight-line distance to synthetic bins, not resident walking access"
13463452901,80.2498334,13.0608518,restaurant,amenity,real,S09,274.20556932571066,"proxy: straight-line distance to synthetic bins, not resident walking access"
13463452903,80.2121848,13.0411346,restaurant,amenity,real,S09,240.65678485250425,"proxy: straight-line distance to synthetic bins, not resident walking access"
13463453201,80.2178099,13.0882779,restaurant,amenity,real,S09,543.9331421938929,"proxy: straight-line distance to synthetic bins, not resident walking access"
13507028501,80.2532251,12.942895,restaurant,amenity,real,S09,46.55681427620072,"proxy: straight-line distance to synthetic bins, not resident walking access"
13507032901,80.2532364,12.9430741,restaurant,amenity,real,S09,66.31870513324559,"proxy: straight-line distance to synthetic bins, not resident walking access"
13576016472,80.1980802,13.1185604,restaurant,amenity,real,S09,200.49647285266943,"proxy: straight-line distance to synthetic bins, not resident walking access"
13576016473,80.1980587,13.1185186,restaurant,amenity,real,S09,205.62461029117912,"proxy: straight-line distance to synthetic bins, not resident walking access"
13638977912,80.2198979,12.9720369,restaurant,amenity,real,S09,267.48499620839823,"proxy: straight-line distance to synthetic bins, not resident walking access"
13638977914,80.2201634,12.9720106,convenience,shop,real,S09,265.81102155599496,"proxy: straight-line distance to synthetic bins, not resident walking access"
13638977918,80.2202287,12.9719206,convenience,shop,real,S09,275.092341446066,"proxy: straight-line distance to synthetic bins, not resident walking access"
13638977934,80.2200924,12.9720714,supermarket,shop,real,S09,260.0589467259723,"proxy: straight-line distance to synthetic bins, not resident walking access"
13645694501,80.2084569,13.1027446,supermarket,shop,real,S09,448.3908259556285,"proxy: straight-line distance to synthetic bins, not resident walking access"
13657487396,80.2275978,13.0128241,restaurant,amenity,real,S09,354.41251738589347,"proxy: straight-line distance to synthetic bins, not resident walking access"
13694295601,80.1832531,13.0275517,hospital,amenity,real,S09,202.14491530146373,"proxy: straight-line distance to synthetic bins, not resident walking access"
13705161302,80.2546412,13.0340295,restaurant,amenity,real,S09,444.7218530139013,"proxy: straight-line distance to synthetic bins, not resident walking access"
13728746131,80.2590521,13.0676932,restaurant,amenity,real,S09,640.4081558558103,"proxy: straight-line distance to synthetic bins, not resident walking access"
13730065763,80.2583294,13.0645981,restaurant,amenity,real,S09,470.57788251660764,"proxy: straight-line distance to synthetic bins, not resident walking access"
13735001625,80.2181407,12.9877968,convenience,shop,real,S09,211.1678062426901,"proxy: straight-line distance to synthetic bins, not resident walking access"
13735001633,80.2183901,12.9890604,restaurant,amenity,real,S09,131.5091610032967,"proxy: straight-line distance to synthetic bins, not resident walking access"
13735001649,80.2185002,12.9894558,restaurant,amenity,real,S09,87.27215965246229,"proxy: straight-line distance to synthetic bins, not resident walking access"
13742137567,80.272575,13.0702663,restaurant,amenity,real,S09,586.8735717270663,"proxy: straight-line distance to synthetic bins, not resident walking access"
13742637360,80.2394335,13.0406713,restaurant,amenity,real,S09,270.20988923442746,"proxy: straight-line distance to synthetic bins, not resident walking access"
13743048380,80.2376226,13.0409378,restaurant,amenity,real,S09,397.50731511592886,"proxy: straight-line distance to synthetic bins, not resident walking access"
13760682156,80.2331116,13.0269231,restaurant,amenity,real,S09,384.691858180064,"proxy: straight-line distance to synthetic bins, not resident walking access"
13760704835,80.2104758,13.0083254,restaurant,amenity,real,S09,567.6113421056269,"proxy: straight-line distance to synthetic bins, not resident walking access"
13761150809,80.1910642,12.9855881,restaurant,amenity,real,S09,245.4722441552323,"proxy: straight-line distance to synthetic bins, not resident walking access"
13834525942,80.2676492,12.9952979,restaurant,amenity,real,S09,262.3057634909612,"proxy: straight-line distance to synthetic bins, not resident walking access"
13839242676,80.2698914,13.0343377,restaurant,amenity,real,S09,136.4275173319068,"proxy: straight-line distance to synthetic bins, not resident walking access"
13839371426,80.2679096,13.0344686,restaurant,amenity,real,S09,107.4079749832081,"proxy: straight-line distance to synthetic bins, not resident walking access"
13839589652,80.26776,13.032814,restaurant,amenity,real,S09,249.15598878314836,"proxy: straight-line distance to synthetic bins, not resident walking access"
13839589760,80.2673667,13.0325857,restaurant,amenity,real,S09,271.64734303203664,"proxy: straight-line distance to synthetic bins, not resident walking access"
13839689685,80.2705532,13.032104,convenience,shop,real,S09,77.83797869394827,"proxy: straight-line distance to synthetic bins, not resident walking access"
13839750698,80.2701597,13.0328781,restaurant,amenity,real,S09,32.68721090327286,"proxy: straight-line distance to synthetic bins, not resident walking access"
13839964413,80.2705059,13.0338908,supermarket,shop,real,S09,150.7688778029446,"proxy: straight-line distance to synthetic bins, not resident walking access"
13839977938,80.2702155,13.0342407,restaurant,amenity,real,S09,146.2194930545029,"proxy: straight-line distance to synthetic bins, not resident walking access"
13906558790,80.1794701,13.0860715,restaurant,amenity,real,S09,181.22892055883094,"proxy: straight-line distance to synthetic bins, not resident walking access"
13906558794,80.1794808,13.0868082,supermarket,shop,real,S09,261.6216181342004,"proxy: straight-line distance to synthetic bins, not resident walking access"
13916625175,80.1799477,13.0831296,convenience,shop,real,S09,173.28290592451052,"proxy: straight-line distance to synthetic bins, not resident walking access"
13928250803,80.1593062,13.0932325,school,amenity,real,S09,738.077560270781,"proxy: straight-line distance to synthetic bins, not resident walking access"
13930842905,80.2178059,12.9876878,supermarket,shop,real,S09,177.64882397576164,"proxy: straight-line distance to synthetic bins, not resident walking access"
13937483300,80.2052092,13.0702667,restaurant,amenity,real,S09,542.4367855135275,"proxy: straight-line distance to synthetic bins, not resident walking access"
13938004670,80.2934157,13.1065918,restaurant,amenity,real,S09,259.7634601353258,"proxy: straight-line distance to synthetic bins, not resident walking access"
13955229801,80.2263068,13.0737953,restaurant,amenity,real,S09,104.63595850222588,"proxy: straight-line distance to synthetic bins, not resident walking access"
13956836801,80.2259692,13.0795677,restaurant,amenity,real,S09,284.1382057745426,"proxy: straight-line distance to synthetic bins, not resident walking access"
13968593601,80.2273629,13.0159773,convenience,shop,real,S09,383.059851954266,"proxy: straight-line distance to synthetic bins, not resident walking access"
13968685201,80.2053623,13.0701946,restaurant,amenity,real,S09,560.8518993349601,"proxy: straight-line distance to synthetic bins, not resident walking access"
13968689301,80.2042857,13.0700913,restaurant,amenity,real,S09,464.3728561148328,"proxy: straight-line distance to synthetic bins, not resident walking access"
13968689501,80.2042028,13.0701335,restaurant,amenity,real,S09,454.2936813147696,"proxy: straight-line distance to synthetic bins, not resident walking access"
13968699201,80.2033537,13.0714691,restaurant,amenity,real,S09,305.45653698553434,"proxy: straight-line distance to synthetic bins, not resident walking access"
13977697506,80.1506588,13.1238282,restaurant,amenity,real,S09,73.21795843379473,"proxy: straight-line distance to synthetic bins, not resident walking access"
13988435676,80.2024068,13.0851133,restaurant,amenity,real,S09,64.88617638333488,"proxy: straight-line distance to synthetic bins, not resident walking access"
13994416401,80.2033854,12.9316216,hospital,amenity,real,S09,169.32268183496302,"proxy: straight-line distance to synthetic bins, not resident walking access"
13996678604,80.2317143,13.0697091,restaurant,amenity,real,S09,151.7756716633415,"proxy: straight-line distance to synthetic bins, not resident walking access"
14004672652,80.2561261,12.9893074,restaurant,amenity,real,S09,305.5902648152415,"proxy: straight-line distance to synthetic bins, not resident walking access"
14005877596,80.2418278,13.0399141,restaurant,amenity,real,S09,327.5854697340172,"proxy: straight-line distance to synthetic bins, not resident walking access"
14045621279,80.2114835,12.9901127,convenience,shop,real,S09,380.6597153496421,"proxy: straight-line distance to synthetic bins, not resident walking access"
14045621280,80.2115122,12.9901052,convenience,shop,real,S09,383.14693946576426,"proxy: straight-line distance to synthetic bins, not resident walking access"
14045621281,80.2117377,12.9900485,convenience,shop,real,S09,403.14415231009735,"proxy: straight-line distance to synthetic bins, not resident walking access"
14045621284,80.212022,12.9899664,restaurant,amenity,real,S09,428.7529162087185,"proxy: straight-line distance to synthetic bins, not resident walking access"
14045621287,80.2124001,12.9898723,restaurant,amenity,real,S09,464.54529763450034,"proxy: straight-line distance to synthetic bins, not resident walking access"
14045621289,80.212881,12.9897339,restaurant,amenity,real,S09,456.8312086756969,"proxy: straight-line distance to synthetic bins, not resident walking access"
14045621300,80.2147411,12.989344,restaurant,amenity,real,S09,386.82050761641864,"proxy: straight-line distance to synthetic bins, not resident walking access"
14045662207,80.2153144,12.9889194,restaurant,amenity,real,S09,313.94746652026436,"proxy: straight-line distance to synthetic bins, not resident walking access"
14045662228,80.2170981,12.9879021,restaurant,amenity,real,S09,164.16725387135833,"proxy: straight-line distance to synthetic bins, not resident walking access"
14045662245,80.2099248,12.9925096,waste_disposal,amenity,real,S09,379.6385249507259,"proxy: straight-line distance to synthetic bins, not resident walking access"
14045662246,80.2099181,12.9924586,waste_disposal,amenity,real,S09,383.34407417332494,"proxy: straight-line distance to synthetic bins, not resident walking access"
14045662247,80.2099033,12.9924129,waste_disposal,amenity,real,S09,387.4947040257867,"proxy: straight-line distance to synthetic bins, not resident walking access"
14045662248,80.2098939,12.9923698,waste_disposal,amenity,real,S09,391.02782783528863,"proxy: straight-line distance to synthetic bins, not resident walking access"
14049890114,80.2102919,12.9902793,restaurant,amenity,real,S09,280.010159831126,"proxy: straight-line distance to synthetic bins, not resident walking access"
14049890121,80.2096362,12.9905828,waste_disposal,amenity,real,S09,256.298757830488,"proxy: straight-line distance to synthetic bins, not resident walking access"
14049890122,80.2096525,12.9905769,waste_disposal,amenity,real,S09,256.77179319127947,"proxy: straight-line distance to synthetic bins, not resident walking access"
14049890123,80.2096714,12.9905731,waste_disposal,amenity,real,S09,257.6104551268931,"proxy: straight-line distance to synthetic bins, not resident walking access"
14049890125,80.2096874,12.9905689,waste_disposal,amenity,real,S09,258.2433653958856,"proxy: straight-line distance to synthetic bins, not resident walking access"
14053624292,80.1762245,13.0258709,restaurant,amenity,real,S09,462.02106795266377,"proxy: straight-line distance to synthetic bins, not resident walking access"
14059867401,80.2873329,13.1241668,hospital,amenity,real,S09,74.24441182130104,"proxy: straight-line distance to synthetic bins, not resident walking access"
14059898301,80.2336168,13.0986843,hospital,amenity,real,S09,234.82665153841594,"proxy: straight-line distance to synthetic bins, not resident walking access"
14063677766,80.218606,12.9897729,restaurant,amenity,real,S09,53.53274181970543,"proxy: straight-line distance to synthetic bins, not resident walking access"
14065915991,80.2175647,12.9830986,restaurant,amenity,real,S09,381.6504152601156,"proxy: straight-line distance to synthetic bins, not resident walking access"
14065948727,80.2185196,12.9793063,restaurant,amenity,real,S09,580.2811426156854,"proxy: straight-line distance to synthetic bins, not resident walking access"
14065948732,80.2193197,12.9774522,restaurant,amenity,real,S09,357.8731066731631,"proxy: straight-line distance to synthetic bins, not resident walking access"
14082018896,80.2171996,13.0865887,convenience,shop,real,S09,349.64660422674564,"proxy: straight-line distance to synthetic bins, not resident walking access"
14087534583,80.2477021,12.9651181,supermarket,shop,real,S09,284.05139809766894,"proxy: straight-line distance to synthetic bins, not resident walking access"
14105458201,80.2547353,13.0347504,hospital,amenity,real,S09,373.91377886034303,"proxy: straight-line distance to synthetic bins, not resident walking access"
14119190467,80.2508437,13.0420598,convenience,shop,real,S09,54.096226302639934,"proxy: straight-line distance to synthetic bins, not resident walking access"
14119190474,80.2509033,13.0420852,convenience,shop,real,S09,58.63349310038935,"proxy: straight-line distance to synthetic bins, not resident walking access"
14119433241,80.2517055,13.039855,recycling,amenity,real,S09,213.83206626634774,"proxy: straight-line distance to synthetic bins, not resident walking access"
14119496707,80.2490351,13.0407103,recycling,amenity,real,S09,230.27601707764111,"proxy: straight-line distance to synthetic bins, not resident walking access"
14123771200,80.1975456,13.0807376,restaurant,amenity,real,S09,452.96820489798756,"proxy: straight-line distance to synthetic bins, not resident walking access"
14123779505,80.1968551,13.080837,restaurant,amenity,real,S09,381.5112548999739,"proxy: straight-line distance to synthetic bins, not resident walking access"
14128631485,80.2478225,13.0391998,restaurant,amenity,real,S09,185.3854502734766,"proxy: straight-line distance to synthetic bins, not resident walking access"
14131679478,80.2528772,13.0409567,convenience,shop,real,S09,306.0924294782177,"proxy: straight-line distance to synthetic bins, not resident walking access"
14136671938,80.2191312,12.9721577,restaurant,amenity,real,S09,284.6843703580492,"proxy: straight-line distance to synthetic bins, not resident walking access"
