bin_id,issue_date,current_fill_pct,last_sensor_utc,fill04,fill06,last_service_utc,zone_id,capacity_l,issue_time_utc,target_time_utc,target_date,ma7_04,ewm7_04,seasonal7_04,history_growth_pct,recent_growth_pct,hours_since_collection,sensor_age_hours,target_dow_0,target_dow_1,target_dow_2,target_dow_3,target_dow_4,target_dow_5,target_dow_6,bin_holdout,data_origin,prediction_pct,upper80_pct,upper90_pct,upper95_pct,model,city_id,city_name
1,2026-09-23,11.52,2026-09-23 02:30:00,99.13,3.8,2026-09-23 00:30:00,001,1100,2026-09-23 02:30:00,2026-09-23 22:30:00,2026-09-24,81.56428473336356,81.81564749343327,100.0,45.91571371895926,3.8600001,2.0,0.0,0,0,0,1,0,0,0,False,synthetic,58.34289501204204,70.36652878986041,74.47564062348452,78.75518210234256,ridge,CBE,Coimbatore
2,2026-09-23,9.63,2026-09-23 02:30:00,80.84,1.83,2026-09-23 00:30:00,001,660,2026-09-23 02:30:00,2026-09-23 22:30:00,2026-09-24,69.00428499494281,67.27396740812979,93.85,32.68999917166574,3.9,2.0,0.0,0,0,0,1,0,0,0,False,synthetic,45.27015040748355,57.29378418530192,61.40289601892604,65.68243749778406,ridge,CBE,Coimbatore
3,2026-09-23,12.02,2026-09-23 02:30:00,91.63,4.51,2026-09-23 00:30:00,001,660,2026-09-23 02:30:00,2026-09-23 22:30:00,2026-09-24,77.90571430751255,82.16723657526394,49.4,52.91285651070731,3.755,2.0,0.0,0,0,0,1,0,0,0,False,synthetic,65.46233047466086,77.48596425247922,81.59507608610335,85.87461756496138,ridge,CBE,Coimbatore
4,2026-09-23,12.51,2026-09-23 02:30:00,99.01,4.94,2026-09-23 00:30:00,001,1100,2026-09-23 02:30:00,2026-09-23 22:30:00,2026-09-24,80.68571472167969,79.20242105366785,99.41,36.04857199532645,3.785,2.0,0.0,0,0,0,1,0,0,0,False,synthetic,52.1936688373192,64.21730261513756,68.32641444876168,72.60595592761972,ridge,CBE,Coimbatore
5,2026-09-23,9.7,2026-09-23 02:30:00,71.86,6.4,2026-09-23 00:30:00,001,660,2026-09-23 02:30:00,2026-09-23 22:30:00,2026-09-24,72.08857127598354,73.76810077297594,69.99,45.052857535226,1.6499999,2.0,0.0,0,0,0,1,0,0,0,True,synthetic,58.369507057747015,70.39314083556539,74.5022526691895,78.78179414804754,ridge,CBE,Coimbatore
6,2026-09-23,9.73,2026-09-23 02:30:00,67.0,3.15,2026-09-23 00:30:00,002,660,2026-09-23 02:30:00,2026-09-23 22:30:00,2026-09-24,84.69714246477399,80.75208316824288,100.0,57.30857031685965,3.2899997,2.0,0.0,0,0,0,1,0,0,0,False,synthetic,68.4748894562644,80.49852323408277,84.6076350677069,88.88717654656493,ridge,CBE,Coimbatore
7,2026-09-23,12.12,2026-09-23 02:30:00,90.9,4.82,2026-09-23 00:30:00,002,660,2026-09-23 02:30:00,2026-09-23 22:30:00,2026-09-24,85.65999984741211,85.88782995329409,80.06,67.50285720825195,3.6499999,2.0,0.0,0,0,0,1,0,0,0,False,synthetic,73.73368869242691,85.75732247024527,89.8664343038694,94.14597578272743,ridge,CBE,Coimbatore
8,2026-09-23,69.54,2026-09-23 02:30:00,54.67,60.18,2026-09-22 00:30:00,002,1100,2026-09-23 02:30:00,2026-09-23 22:30:00,2026-09-24,74.18285642351422,74.60220595546329,50.76,39.431427001953125,4.6800003,26.0,0.0,0,0,0,1,0,0,0,False,synthetic,100.0,100.0,100.0,100.0,ridge,CBE,Coimbatore
9,2026-09-23,5.75,2026-09-23 02:30:00,97.55,9.83,2026-09-23 00:30:00,002,660,2026-09-23 02:30:00,2026-09-23 22:30:00,2026-09-24,81.66285760062081,83.55090250502364,62.65,44.241427830287385,0.0,2.0,0.0,0,0,0,1,0,0,0,False,synthetic,56.01861622852759,68.04225000634597,72.15136183997008,76.43090331882811,ridge,CBE,Coimbatore
10,2026-09-23,10.01,2026-09-23 02:30:00,70.77,5.73,2026-09-23 00:30:00,002,660,2026-09-23 02:30:00,2026-09-23 22:30:00,2026-09-24,82.7042852129255,80.2781712615725,100.0,43.267142159598215,2.14,2.0,0.0,0,0,0,1,0,0,0,True,synthetic,61.08349046318352,73.10712424100188,77.21623607462601,81.49577755348405,ridge,CBE,Coimbatore
11,2026-09-23,10.13,2026-09-23 02:30:00,59.29,6.34,2026-09-23 00:30:00,003,1100,2026-09-23 02:30:00,2026-09-23 22:30:00,2026-09-24,63.28285762241909,61.286649263218806,68.69,33.52571487426758,1.895,2.0,0.0,0,0,0,1,0,0,0,False,synthetic,47.001097059423415,59.02473083724178,63.1338426708659,67.41338414972394,ridge,CBE,Coimbatore
12,2026-09-23,7.14,2026-09-23 02:30:00,68.82,3.45,2026-09-23 00:30:00,003,660,2026-09-23 02:30:00,2026-09-23 22:30:00,2026-09-24,65.72571454729352,61.57492293881372,85.87,32.33428682599749,1.8449999,2.0,0.0,0,0,0,1,0,0,0,False,synthetic,41.86936232168579,53.89299609950416,58.00210793312828,62.28164941198632,ridge,CBE,Coimbatore
13,2026-09-23,53.0,2026-09-23 02:30:00,48.01,50.56,2026-09-22 00:30:00,003,1100,2026-09-23 02:30:00,2026-09-23 22:30:00,2026-09-24,68.0471420288086,67.62700022239923,40.36,42.53142820085798,1.2199993,26.0,0.0,0,0,0,1,0,0,0,False,synthetic,89.13018743479408,100.0,100.0,100.0,ridge,CBE,Coimbatore
14,2026-09-23,4.28,2026-09-23 02:30:00,74.19,0.93,2026-09-23 00:30:00,003,240,2026-09-23 02:30:00,2026-09-23 22:30:00,2026-09-24,72.74285725184849,72.05954723966849,62.33,42.10714340209961,1.6750001,2.0,0.0,0,0,0,1,0,0,0,False,synthetic,51.47861322095821,63.50224699877658,67.6113588324007,71.89090031125873,ridge,CBE,Coimbatore
15,2026-09-23,7.81,2026-09-23 02:30:00,52.79,2.38,2026-09-23 00:30:00,003,1100,2026-09-23 02:30:00,2026-09-23 22:30:00,2026-09-24,43.77000045776367,43.28590335688118,65.22,25.908571788242885,2.715,2.0,0.0,0,0,0,1,0,0,0,True,synthetic,32.04635932099198,44.06999309881035,48.17910493243447,52.458646411292506,ridge,CBE,Coimbatore
16,2026-09-23,5.9,2026-09-23 02:30:00,76.21,1.28,2026-09-23 00:30:00,004,660,2026-09-23 02:30:00,2026-09-23 22:30:00,2026-09-24,91.73142787388392,87.45974861805105,91.0,71.00714329310826,2.31,2.0,0.0,0,0,0,1,0,0,0,False,synthetic,74.68777079327769,86.71140457109607,90.82051640472018,95.10005788357822,ridge,CBE,Coimbatore
17,2026-09-23,9.47,2026-09-23 02:30:00,68.2,4.48,2026-09-23 00:30:00,004,240,2026-09-23 02:30:00,2026-09-23 22:30:00,2026-09-24,87.21285683768136,85.29994149800974,74.59,75.6528560093471,2.4950001,2.0,0.0,0,0,0,1,0,0,0,False,synthetic,80.36571343173651,92.38934720955488,96.498459043179,100.0,ridge,CBE,Coimbatore
18,2026-09-23,12.59,2026-09-23 02:30:00,100.0,6.25,2026-09-23 00:30:00,004,660,2026-09-23 02:30:00,2026-09-23 22:30:00,2026-09-24,92.82142857142856,89.0831921045858,100.0,58.07571465628488,3.17,2.0,0.0,0,0,0,1,0,0,0,False,synthetic,68.3534070411727,80.37704081899108,84.48615265261519,88.76569413147323,ridge,CBE,Coimbatore
19,2026-09-23,5.76,2026-09-23 02:30:00,99.6,5.3,2026-09-23 00:30:00,004,1100,2026-09-23 02:30:00,2026-09-23 22:30:00,2026-09-24,84.49999945504325,83.36924881700942,100.0,41.52571269444057,0.23000002,2.0,0.0,0,0,0,1,0,0,0,False,synthetic,52.86217654836305,64.88581032618143,68.99492215980554,73.27446363866358,ridge,CBE,Coimbatore
20,2026-09-23,74.92,2026-09-23 02:30:00,64.93,65.05,2026-09-22 00:30:00,004,660,2026-09-23 02:30:00,2026-09-23 22:30:00,2026-09-24,83.07142748151507,82.70152616877985,84.17,75.61571393694196,4.9349976,26.0,0.0,0,0,0,1,0,0,0,True,synthetic,100.0,100.0,100.0,100.0,ridge,CBE,Coimbatore
21,2026-09-23,14.59,2026-09-23 02:30:00,76.89,4.94,2026-09-23 00:30:00,005,240,2026-09-23 02:30:00,2026-09-23 22:30:00,2026-09-24,80.76142828805106,82.32342413585204,62.5,44.21999958583287,4.825,2.0,0.0,0,0,0,1,0,0,0,False,synthetic,65.98467031630928,78.00830409412765,82.11741592775176,86.3969574066098,ridge,CBE,Coimbatore
22,2026-09-23,62.55,2026-09-23 02:30:00,55.61,57.26,2026-09-22 00:30:00,005,240,2026-09-23 02:30:00,2026-09-23 22:30:00,2026-09-24,76.46714346749442,75.79665450287345,57.93,39.36714390345982,2.6450005,26.0,0.0,0,0,0,1,0,0,0,False,synthetic,97.26719018755188,100.0,100.0,100.0,ridge,CBE,Coimbatore
23,2026-09-23,8.79,2026-09-23 02:30:00,98.75,8.01,2026-09-23 00:30:00,005,660,2026-09-23 02:30:00,2026-09-23 22:30:00,2026-09-24,74.11428615025112,78.26119031467451,49.36,42.32571465628488,0.38999987,2.0,0.0,0,0,0,1,0,0,0,False,synthetic,53.77528911806135,65.79892289587971,69.90803472950384,74.18757620836188,ridge,CBE,Coimbatore
24,2026-09-23,6.07,2026-09-23 02:30:00,80.31,4.06,2026-09-23 00:30:00,005,660,2026-09-23 02:30:00,2026-09-23 22:30:00,2026-09-24,88.34857286725726,85.71156154526255,99.47,73.00857271466937,1.0050001,2.0,0.0,0,0,0,1,0,0,0,False,synthetic,73.76076663307222,85.78440041089058,89.89351224451471,94.17305372337276,ridge,CBE,Coimbatore
25,2026-09-23,62.9,2026-09-23 02:30:00,51.96,58.83,2026-09-22 00:30:00,005,660,2026-09-23 02:30:00,2026-09-23 22:30:00,2026-09-24,76.31142698015485,71.06776136361002,99.53,41.378568921770366,2.0349998,26.0,0.0,0,0,0,1,0,0,0,True,synthetic,94.51344894626824,100.0,100.0,100.0,ridge,CBE,Coimbatore
26,2026-09-23,66.91,2026-09-23 02:30:00,61.58,66.08,2026-09-22 00:30:00,006,240,2026-09-23 02:30:00,2026-09-23 22:30:00,2026-09-24,72.98142950875419,72.41939399581378,59.12,56.08428682599749,0.41500092,26.0,0.0,0,0,0,1,0,0,0,False,synthetic,100.0,100.0,100.0,100.0,ridge,CBE,Coimbatore
27,2026-09-23,31.73,2026-09-23 02:30:00,27.74,26.27,2026-09-22 00:30:00,006,240,2026-09-23 02:30:00,2026-09-23 22:30:00,2026-09-24,64.1185714176723,58.97453081302282,51.71,34.1771433694022,2.7299995,26.0,0.0,0,0,0,1,0,0,0,False,synthetic,70.05170868604452,82.07534246386288,86.18445429748701,90.46399577634504,ridge,CBE,Coimbatore
28,2026-09-23,37.77,2026-09-23 02:30:00,32.88,37.12,2026-09-22 00:30:00,006,1100,2026-09-23 02:30:00,2026-09-23 22:30:00,2026-09-24,56.28285707746233,55.99587390351812,30.21,32.86428533281599,0.32500076,26.0,0.0,0,0,0,1,0,0,0,False,synthetic,70.99228401533769,83.01591779315606,87.12502962678018,91.4045711056382,ridge,CBE,Coimbatore
29,2026-09-23,44.61,2026-09-23 02:30:00,40.07,43.03,2026-09-22 00:30:00,006,660,2026-09-23 02:30:00,2026-09-23 22:30:00,2026-09-24,48.50714274815151,52.14513644660829,27.75,27.448571068899973,0.7900009,26.0,0.0,0,0,0,1,0,0,0,False,synthetic,69.52818308447449,81.55181686229287,85.66092869591698,89.94047017477502,ridge,CBE,Coimbatore
30,2026-09-23,8.56,2026-09-23 02:30:00,100.0,4.16,2026-09-23 00:30:00,006,660,2026-09-23 02:30:00,2026-09-23 22:30:00,2026-09-24,76.07571411132812,78.98526381029059,97.63,39.71285629272461,2.2000003,2.0,0.0,0,0,0,1,0,0,0,True,synthetic,52.0326243405125,64.05625811833087,68.16536995195499,72.44491143081302,ridge,CBE,Coimbatore
31,2026-09-23,11.42,2026-09-23 02:30:00,87.83,4.26,2026-09-23 00:30:00,007,240,2026-09-23 02:30:00,2026-09-23 22:30:00,2026-09-24,62.82000051225935,70.36350674136236,30.1,33.23714338030134,3.58,2.0,0.0,0,0,0,1,0,0,0,False,synthetic,49.92185259969823,61.9454863775166,66.05459821114071,70.33413968999875,ridge,CBE,Coimbatore
32,2026-09-23,5.86,2026-09-23 02:30:00,52.26,4.14,2026-09-23 00:30:00,007,660,2026-09-23 02:30:00,2026-09-23 22:30:00,2026-09-24,46.32142802647182,46.61418201201563,53.11,26.795713424682617,0.86000013,2.0,0.0,0,0,0,1,0,0,0,False,synthetic,33.73709656646794,45.76073034428631,49.86984217791043,54.149383656768464,ridge,CBE,Coimbatore
33,2026-09-23,59.64,2026-09-23 02:30:00,50.02,54.56,2026-09-22 00:30:00,007,660,2026-09-23 02:30:00,2026-09-23 22:30:00,2026-09-24,77.66571371895927,73.61167412809985,98.78,44.46428462437221,2.539999,26.0,0.0,0,0,0,1,0,0,0,False,synthetic,96.43926666092511,100.0,100.0,100.0,ridge,CBE,Coimbatore
34,2026-09-23,7.45,2026-09-23 02:30:00,99.27,5.78,2026-09-23 00:30:00,007,1100,2026-09-23 02:30:00,2026-09-23 22:30:00,2026-09-24,82.95571463448661,85.20808966686599,73.66,45.25714438302176,0.8349998,2.0,0.0,0,0,0,1,0,0,0,False,synthetic,58.11368477775896,70.13731855557734,74.24643038920145,78.52597186805949,ridge,CBE,Coimbatore
35,2026-09-23,48.14,2026-09-23 02:30:00,40.96,44.43,2026-09-22 00:30:00,007,240,2026-09-23 02:30:00,2026-09-23 22:30:00,2026-09-24,52.58142798287528,52.95373555258723,33.76,30.371427536010746,1.8549995,26.0,0.0,0,0,0,1,0,0,0,True,synthetic,72.75129219993775,84.77492597775611,88.88403781138024,93.16357929023827,ridge,CBE,Coimbatore
36,2026-09-23,68.87,2026-09-23 02:30:00,54.29,67.08,2026-09-22 00:30:00,008,240,2026-09-23 02:30:00,2026-09-23 22:30:00,2026-09-24,75.27999877929688,73.78903748455585,65.02,40.25428444998605,0.89500046,26.0,0.0,0,0,0,1,0,0,0,False,synthetic,100.0,100.0,100.0,100.0,ridge,CBE,Coimbatore
37,2026-09-23,7.41,2026-09-23 02:30:00,92.16,2.43,2026-09-23 00:30:00,008,660,2026-09-23 02:30:00,2026-09-23 22:30:00,2026-09-24,74.52714320591518,74.56683725993987,99.25,38.220001220703125,2.4899998,2.0,0.0,0,0,0,1,0,0,0,False,synthetic,48.86003906457069,60.88367284238906,64.99278467601317,69.27232615487122,ridge,CBE,Coimbatore
38,2026-09-23,5.96,2026-09-23 02:30:00,100.0,0.57,2026-09-23 00:30:00,008,660,2026-09-23 02:30:00,2026-09-23 22:30:00,2026-09-24,76.5700003306071,79.31289132255651,86.4,48.65166664123535,2.695,2.0,0.0,0,0,0,1,0,0,0,False,synthetic,54.95219639429765,66.97583017211602,71.08494200574015,75.36448348459817,ridge,CBE,Coimbatore
39,2026-09-23,3.69,2026-09-23 00:30:00,84.92,3.69,2026-09-23 00:30:00,008,660,2026-09-23 02:30:00,2026-09-23 22:30:00,2026-09-24,87.92999921526227,89.29618965484045,82.21,66.25142887660435,0.0,2.0,2.0,0,0,0,1,0,0,0,False,synthetic,73.28775319343274,85.3113869712511,89.42049880487522,93.70004028373326,ridge,CBE,Coimbatore
40,2026-09-23,7.1,2026-09-23 02:30:00,98.88,2.88,2026-09-23 00:30:00,008,1100,2026-09-23 02:30:00,2026-09-23 22:30:00,2026-09-24,82.81571415492466,82.8337866857174,89.65,47.11285618373326,2.11,2.0,0.0,0,0,0,1,0,0,0,True,synthetic,56.73007952375488,68.75371330157324,72.86282513519737,77.1423666140554,ridge,CBE,Coimbatore
41,2026-09-23,9.58,2026-09-23 02:30:00,100.0,4.28,2026-09-23 00:30:00,009,660,2026-09-23 02:30:00,2026-09-23 22:30:00,2026-09-24,76.75428553989956,78.5990339818182,65.0,49.35999952043806,2.6499999,2.0,0.0,0,0,0,1,0,0,0,False,synthetic,57.04749666160827,69.07113043942664,73.18024227305077,77.45978375190879,ridge,CBE,Coimbatore
42,2026-09-23,57.38,2026-09-23 02:30:00,85.87,50.59,2026-09-23 00:30:00,009,660,2026-09-23 02:30:00,2026-09-23 22:30:00,2026-09-24,64.80500030517578,66.10706291246002,,34.30000114440918,3.3950005,2.0,0.0,0,0,0,1,0,0,0,False,synthetic,74.77560460331483,86.7992383811332,90.90835021475732,95.18789169361536,ridge,CBE,Coimbatore
43,2026-09-23,8.6,2026-09-23 02:30:00,98.67,2.67,2026-09-23 00:30:00,009,660,2026-09-23 02:30:00,2026-09-23 22:30:00,2026-09-24,81.26500002543132,81.93509563324037,90.36,40.238332748413086,2.9650002,2.0,0.0,0,0,0,1,0,0,0,False,synthetic,54.19690933301822,66.22054311083659,70.32965494446071,74.60919642331874,ridge,CBE,Coimbatore
44,2026-09-23,72.0,2026-09-23 02:30:00,57.49,60.86,2026-09-22 00:30:00,009,660,2026-09-23 02:30:00,2026-09-23 22:30:00,2026-09-24,71.15285818917411,71.90043796658199,36.68,42.36571448189871,5.5699997,26.0,0.0,0,0,0,1,0,0,0,False,synthetic,100.0,100.0,100.0,100.0,ridge,CBE,Coimbatore
45,2026-09-23,42.73,2026-09-23 02:30:00,70.28,40.57,2026-09-23 00:30:00,009,240,2026-09-23 02:30:00,2026-09-23 22:30:00,2026-09-24,72.72142846243722,75.3606985832416,49.49,41.37000002179827,1.0799999,2.0,0.0,0,0,0,1,0,0,0,True,synthetic,79.06622890556733,91.08986268338568,95.19897451700982,99.47851599586784,ridge,CBE,Coimbatore
46,2026-09-23,71.69,2026-09-23 02:30:00,61.49,71.06,2026-09-22 00:30:00,010,660,2026-09-23 02:30:00,2026-09-23 22:30:00,2026-09-24,69.56166712443034,71.735781918064,52.88,42.7400016784668,0.31500244,26.0,0.0,0,0,0,1,0,0,0,False,synthetic,100.0,100.0,100.0,100.0,ridge,CBE,Coimbatore
47,2026-09-23,3.07,2026-09-23 02:30:00,68.58,5.31,2026-09-23 00:30:00,010,1100,2026-09-23 02:30:00,2026-09-23 22:30:00,2026-09-24,63.96857207162039,61.64869608942175,84.57,34.39285823277065,0.0,2.0,0.0,0,0,0,1,0,0,0,False,synthetic,40.679497031688186,52.70313080950656,56.81224264313067,61.09178412198871,ridge,CBE,Coimbatore
48,2026-09-23,16.36,2026-09-23 02:30:00,88.97,4.6,2026-09-23 00:30:00,010,1100,2026-09-23 02:30:00,2026-09-23 22:30:00,2026-09-24,76.72000067574638,74.93732157249411,99.36,40.51714379446848,5.88,2.0,0.0,0,0,0,1,0,0,0,False,synthetic,56.40684532725399,68.43047910507235,72.53959093869648,76.81913241755451,ridge,CBE,Coimbatore
49,2026-09-23,9.98,2026-09-23 02:30:00,96.48,2.76,2026-09-23 00:30:00,010,660,2026-09-23 02:30:00,2026-09-23 22:30:00,2026-09-24,73.19571467808315,75.4683209664424,51.33,49.71571513584682,3.6099997,2.0,0.0,0,0,0,1,0,0,0,False,synthetic,56.56402501348809,68.58765879130647,72.69677062493058,76.97631210378862,ridge,CBE,Coimbatore
50,2026-09-23,9.97,2026-09-23 02:30:00,83.97,5.78,2026-09-23 00:30:00,010,660,2026-09-23 02:30:00,2026-09-23 22:30:00,2026-09-24,72.03857149396624,71.93525785041604,96.69,34.47999954223633,2.095,2.0,0.0,0,0,0,1,0,0,0,True,synthetic,48.83868335896224,60.86231713678061,64.97142897040473,69.25097044926275,ridge,CBE,Coimbatore
51,2026-09-23,9.13,2026-09-23 02:30:00,99.06,6.28,2026-09-23 00:30:00,011,660,2026-09-23 02:30:00,2026-09-23 22:30:00,2026-09-24,75.17428588867188,77.82385453560133,46.53,33.00571496146066,1.425,2.0,0.0,0,0,0,1,0,0,0,False,synthetic,49.03067721831884,61.0543109961372,65.16342282976132,69.44296430861937,ridge,CBE,Coimbatore
52,2026-09-23,12.56,2026-09-23 02:30:00,100.0,6.2,2026-09-23 00:30:00,011,1100,2026-09-23 02:30:00,2026-09-23 22:30:00,2026-09-24,74.82142911638532,77.35083106244335,72.53,38.15714318411691,3.1800003,2.0,0.0,0,0,0,1,0,0,0,False,synthetic,52.912008930610654,64.93564270842901,69.04475454205314,73.32429602091118,ridge,CBE,Coimbatore
53,2026-09-23,44.48,2026-09-23 02:30:00,35.94,41.21,2026-09-22 00:30:00,011,660,2026-09-23 02:30:00,2026-09-23 22:30:00,2026-09-24,61.59999901907785,60.14772166217682,48.55,33.54571260724749,1.6350002,26.0,0.0,0,0,0,1,0,0,0,False,synthetic,77.27417624595209,89.29781002377047,93.40692185739458,97.6864633362526,ridge,CBE,Coimbatore
54,2026-09-23,2.73,2026-09-23 02:30:00,91.85,3.17,2026-09-23 00:30:00,011,660,2026-09-23 02:30:00,2026-09-23 22:30:00,2026-09-24,60.56285694667271,62.53107433295976,72.05,34.74571418762207,0.0,2.0,0.0,0,0,0,1,0,0,0,False,synthetic,36.84235826343941,48.865992041257776,52.975103874881896,57.25464535373993,ridge,CBE,Coimbatore
55,2026-09-23,35.83,2026-09-23 00:30:00,34.44,35.83,2026-09-22 00:30:00,011,660,2026-09-23 02:30:00,2026-09-23 22:30:00,2026-09-24,61.7557133265904,60.21293731807641,48.27,34.02571323939732,0.0,26.0,2.0,0,0,0,1,0,0,0,True,synthetic,74.17302730978669,86.19666108760507,90.30577292122918,94.5853144000872,ridge,CBE,Coimbatore
56,2026-09-23,7.77,2026-09-23 02:30:00,69.71,3.62,2026-09-23 00:30:00,012,1100,2026-09-23 02:30:00,2026-09-23 22:30:00,2026-09-24,54.25857162475586,54.9830175148095,74.48,30.3457145690918,2.075,2.0,0.0,0,0,0,1,0,0,0,False,synthetic,37.99528445050366,50.01891822832203,54.12803006194615,58.40757154080418,ridge,CBE,Coimbatore
57,2026-09-23,51.91,2026-09-23 02:30:00,41.15,47.99,2026-09-22 00:30:00,012,660,2026-09-23 02:30:00,2026-09-23 22:30:00,2026-09-24,73.36285781860352,69.91240734196218,100.0,34.98142950875418,1.9599991,26.0,0.0,0,0,0,1,0,0,0,False,synthetic,86.88858949464534,98.9122232724637,100.0,100.0,ridge,CBE,Coimbatore
58,2026-09-23,32.29,2026-09-23 02:30:00,22.81,29.51,2026-09-22 00:30:00,012,1100,2026-09-23 02:30:00,2026-09-23 22:30:00,2026-09-24,60.89571407863072,51.49761296909292,81.72,24.104285648890905,1.3900003,26.0,0.0,0,0,0,1,0,0,0,False,synthetic,60.28041144402045,72.30404522183882,76.41315705546293,80.69269853432098,ridge,CBE,Coimbatore
59,2026-09-23,22.83,2026-09-23 02:30:00,100.0,7.08,2026-09-23 00:30:00,012,660,2026-09-23 02:30:00,2026-09-23 22:30:00,2026-09-24,84.2471422467913,82.52412865609514,83.89,63.5085699898856,7.875,2.0,0.0,0,0,0,1,0,0,0,False,synthetic,74.10569505682774,86.12932883464612,90.23844066827024,94.51798214712828,ridge,CBE,Coimbatore
60,2026-09-23,45.18,2026-09-23 02:30:00,38.76,,2026-09-22 00:30:00,012,1100,2026-09-23 02:30:00,2026-09-23 22:30:00,2026-09-24,67.11166572570801,65.88757590126329,54.17,49.54666519165039,,26.0,0.0,0,0,0,1,0,0,0,True,synthetic,87.02595856470519,99.04959234252355,100.0,100.0,ridge,CBE,Coimbatore
61,2026-09-23,36.91,2026-09-23 02:30:00,29.05,33.26,2026-09-22 00:30:00,013,1100,2026-09-23 02:30:00,2026-09-23 22:30:00,2026-09-24,58.87714276994978,54.749838966055776,61.57,31.05714307512556,1.8250008,26.0,0.0,0,0,0,1,0,0,0,False,synthetic,68.62711846553525,80.65075224335362,84.75986407697773,89.03940555583577,ridge,CBE,Coimbatore
62,2026-09-23,9.8,2026-09-23 02:30:00,68.54,2.57,2026-09-23 00:30:00,013,660,2026-09-23 02:30:00,2026-09-23 22:30:00,2026-09-24,59.10142871311733,58.06386952187562,91.13,33.76000022888184,3.6150002,2.0,0.0,0,0,0,1,0,0,0,False,synthetic,42.83587023869284,54.85950401651121,58.96861585013533,63.248157328993365,ridge,CBE,Coimbatore
63,2026-09-23,14.9,2026-09-23 02:30:00,100.0,4.87,2026-09-23 00:30:00,013,1100,2026-09-23 02:30:00,2026-09-23 22:30:00,2026-09-24,78.42285592215401,78.85462037089665,96.99,39.78714207240513,5.015,2.0,0.0,0,0,0,1,0,0,0,False,synthetic,55.60089923108998,67.62453300890834,71.73364484253247,76.0131863213905,ridge,CBE,Coimbatore
64,2026-09-23,34.79,2026-09-23 02:30:00,26.05,27.83,2026-09-22 00:30:00,013,660,2026-09-23 02:30:00,2026-09-23 22:30:00,2026-09-24,56.76142883300781,51.347388568052615,58.16,26.507143020629883,3.4800005,26.0,0.0,0,0,0,1,0,0,0,False,synthetic,63.58910226432372,75.61273604214209,79.7218478757662,84.00138935462425,ridge,CBE,Coimbatore
65,2026-09-23,62.88,2026-09-23 02:30:00,53.69,57.9,2026-09-22 00:30:00,013,1100,2026-09-23 02:30:00,2026-09-23 22:30:00,2026-09-24,60.42714309692383,62.57893244930764,35.91,33.241428647722515,2.4899998,26.0,0.0,0,0,0,1,0,0,0,True,synthetic,87.02924287213754,99.05287664995592,100.0,100.0,ridge,CBE,Coimbatore
66,2026-09-23,6.51,2026-09-23 02:30:00,87.15,6.84,2026-09-23 00:30:00,014,1100,2026-09-23 02:30:00,2026-09-23 22:30:00,2026-09-24,64.58857182094029,66.8206665291105,65.72,33.335714612688335,0.0,2.0,0.0,0,0,0,1,0,0,0,False,synthetic,42.56862006282121,54.59225384063958,58.7013656742637,62.98090715312173,ridge,CBE,Coimbatore
67,2026-09-23,7.75,2026-09-23 02:30:00,67.64,3.41,2026-09-23 00:30:00,014,1100,2026-09-23 02:30:00,2026-09-23 22:30:00,2026-09-24,72.31428636823382,76.35140432686782,40.15,41.67428643362863,2.17,2.0,0.0,0,0,0,1,0,0,0,False,synthetic,59.15374283291489,71.17737661073326,75.28648844435737,79.56602992321541,ridge,CBE,Coimbatore
68,2026-09-23,37.79,2026-09-23 02:30:00,26.86,33.87,2026-09-22 00:30:00,014,240,2026-09-23 02:30:00,2026-09-23 22:30:00,2026-09-24,56.93428530011858,55.38710159465988,38.08,32.15285628182547,1.960001,26.0,0.0,0,0,0,1,0,0,0,False,synthetic,71.614751474514,83.63838525233237,87.74749708595648,92.02703856481452,ridge,CBE,Coimbatore
69,2026-09-23,38.25,2026-09-23 02:30:00,33.07,32.18,2026-09-22 00:30:00,014,1100,2026-09-23 02:30:00,2026-09-23 22:30:00,2026-09-24,51.73571341378348,49.00166510083655,41.14,29.7771418435233,3.0349998,26.0,0.0,0,0,0,1,0,0,0,False,synthetic,64.75713781770408,76.78077159552245,80.88988342914656,85.1694249080046,ridge,CBE,Coimbatore
70,2026-09-23,62.08,2026-09-23 02:30:00,97.53,56.94,2026-09-23 00:30:00,014,660,2026-09-23 02:30:00,2026-09-23 22:30:00,2026-09-24,79.90571321759906,78.98701136012187,100.0,44.999999455043245,2.5700016,2.0,0.0,0,0,0,1,0,0,0,True,synthetic,87.5240205793759,99.54765435719426,100.0,100.0,ridge,CBE,Coimbatore
71,2026-09-23,6.13,2026-09-23 02:30:00,40.42,0.0,2026-09-23 00:30:00,015,660,2026-09-23 02:30:00,2026-09-23 22:30:00,2026-09-24,46.415714263916016,41.06278593623631,61.54,17.227143015180314,3.065,2.0,0.0,0,0,0,1,0,0,0,False,synthetic,27.33586310736577,39.35949688518414,43.46860871880826,47.7481501976663,ridge,CBE,Coimbatore
72,2026-09-23,12.96,2026-09-23 02:30:00,100.0,4.13,2026-09-23 00:30:00,015,660,2026-09-23 02:30:00,2026-09-23 22:30:00,2026-09-24,80.4399997166225,82.04220458529214,83.82,56.07714298793248,4.415,2.0,0.0,0,0,0,1,0,0,0,False,synthetic,64.55906931473139,76.58270309254976,80.69181492617388,84.97135640503191,ridge,CBE,Coimbatore
73,2026-09-23,45.32,2026-09-23 02:30:00,42.29,46.9,2026-09-22 00:30:00,015,660,2026-09-23 02:30:00,2026-09-23 22:30:00,2026-09-24,55.89142935616629,57.10373501637055,33.0,34.72571454729353,0.0,26.0,0.0,0,0,0,1,0,0,0,False,synthetic,75.48640004535821,87.51003382317657,91.6191456568007,95.89868713565872,ridge,CBE,Coimbatore
74,2026-09-23,2.92,2026-09-23 02:30:00,99.37,6.12,2026-09-23 00:30:00,015,1100,2026-09-23 02:30:00,2026-09-23 22:30:00,2026-09-24,73.0250015258789,75.50130205121752,88.07,41.18000157674154,0.0,2.0,0.0,0,0,0,1,0,0,0,False,synthetic,46.838731127720905,58.86236490553927,62.97147673916339,67.25101821802143,ridge,CBE,Coimbatore
75,2026-09-23,6.64,2026-09-23 02:30:00,76.53,4.74,2026-09-23 00:30:00,015,660,2026-09-23 02:30:00,2026-09-23 22:30:00,2026-09-24,82.64428601946149,82.0746453695499,72.24,62.86571448189871,0.95000005,2.0,0.0,0,0,0,1,0,0,0,True,synthetic,68.59222055679942,80.61585433461778,84.7249661682419,89.00450764709994,ridge,CBE,Coimbatore
76,2026-09-23,6.68,2026-09-23 02:30:00,84.68,8.01,2026-09-23 00:30:00,016,660,2026-09-23 02:30:00,2026-09-23 22:30:00,2026-09-24,69.73857116699219,69.12299329289947,90.22,39.01142828805106,0.0,2.0,0.0,0,0,0,1,0,0,0,False,synthetic,46.62425728815989,58.64789106597826,62.75700289960238,67.0365443784604,ridge,CBE,Coimbatore
77,2026-09-23,4.44,2026-09-23 02:30:00,78.11,7.43,2026-09-23 00:30:00,016,1100,2026-09-23 02:30:00,2026-09-23 22:30:00,2026-09-24,58.71285738263811,59.92792314361596,68.6,32.120000566755024,0.0,2.0,0.0,0,0,0,1,0,0,0,False,synthetic,38.0981588334092,50.12179261122757,54.23090444485169,58.510445923709725,ridge,CBE,Coimbatore
78,2026-09-23,18.45,2026-09-23 02:30:00,96.11,4.16,2026-09-23 00:30:00,016,660,2026-09-23 02:30:00,2026-09-23 22:30:00,2026-09-24,84.18666648864746,85.36651781583201,92.84,46.51666704813639,7.1450005,2.0,0.0,0,0,0,1,0,0,0,False,synthetic,66.75152090500691,78.77515468282527,82.8842665164494,87.16380799530744,ridge,CBE,Coimbatore
79,2026-09-23,12.94,2026-09-23 02:30:00,97.98,5.02,2026-09-23 00:30:00,016,660,2026-09-23 02:30:00,2026-09-23 22:30:00,2026-09-24,74.26714324951172,73.34122711179506,90.39,39.72000067574637,3.9599998,2.0,0.0,0,0,0,1,0,0,0,False,synthetic,50.83055982833715,62.85419360615552,66.96330543977965,71.24284691863767,ridge,CBE,Coimbatore
80,2026-09-23,0.95,2026-09-23 00:30:00,64.5,0.95,2026-09-23 00:30:00,016,660,2026-09-23 02:30:00,2026-09-23 22:30:00,2026-09-24,74.56714194161552,72.54347714288681,100.0,35.56285531180246,0.0,2.0,2.0,0,0,0,1,0,0,0,True,synthetic,49.88889342060976,61.91252719842812,66.02163903205224,70.30118051091029,ridge,CBE,Coimbatore
81,2026-09-23,14.4,2026-09-23 02:30:00,100.0,4.92,2026-09-23 00:30:00,017,660,2026-09-23 02:30:00,2026-09-23 22:30:00,2026-09-24,80.45999908447266,84.0878737414655,100.0,37.548570905412944,4.74,2.0,0.0,0,0,0,1,0,0,0,False,synthetic,58.492802277194855,70.51643605501323,74.62554788863734,78.90508936749538,ridge,CBE,Coimbatore
82,2026-09-23,91.14,2026-09-23 02:30:00,81.75,80.38,2026-09-22 00:30:00,017,660,2026-09-23 02:30:00,2026-09-23 22:30:00,2026-09-24,77.38500086466472,78.01810135435575,80.66,66.81833330790202,5.380001,26.0,0.0,0,0,0,1,0,0,0,False,synthetic,100.0,100.0,100.0,100.0,ridge,CBE,Coimbatore
83,2026-09-23,59.62,2026-09-23 02:30:00,54.68,59.02,2026-09-22 00:30:00,017,660,2026-09-23 02:30:00,2026-09-23 22:30:00,2026-09-24,68.64857210431781,69.05442520166257,51.33,41.1428587777274,0.29999924,26.0,0.0,0,0,0,1,0,0,0,False,synthetic,92.01183036890784,100.0,100.0,100.0,ridge,CBE,Coimbatore
84,2026-09-23,8.3,2026-09-23 02:30:00,97.57,3.2,2026-09-23 00:30:00,017,1100,2026-09-23 02:30:00,2026-09-23 22:30:00,2026-09-24,89.12999943324498,87.80727637686732,99.53,71.03714261736188,2.5500002,2.0,0.0,0,0,0,1,0,0,0,False,synthetic,71.95684718769455,83.98048096551292,88.08959279913704,92.36913427799507,ridge,CBE,Coimbatore
85,2026-09-23,24.18,2026-09-23 02:30:00,87.81,4.79,2026-09-23 00:30:00,017,1100,2026-09-23 02:30:00,2026-09-23 22:30:00,2026-09-24,81.394284929548,83.10635499499504,93.82,70.7599983215332,9.695,2.0,0.0,0,0,0,1,0,0,0,True,synthetic,82.52534903439494,94.5489828122133,98.65809464583742,100.0,ridge,CBE,Coimbatore
86,2026-09-23,53.26,2026-09-23 02:30:00,45.95,49.25,2026-09-22 00:30:00,018,660,2026-09-23 02:30:00,2026-09-23 22:30:00,2026-09-24,69.23857171194894,69.90235851820017,51.68,41.85714285714285,2.0049992,26.0,0.0,0,0,0,1,0,0,0,False,synthetic,91.28056068387389,100.0,100.0,100.0,ridge,CBE,Coimbatore
87,2026-09-23,59.39,2026-09-23 02:30:00,56.2,59.92,2026-09-22 00:30:00,018,1100,2026-09-23 02:30:00,2026-09-23 22:30:00,2026-09-24,80.46666590372722,78.65591369705261,81.57,33.73333231608073,0.0,26.0,0.0,0,0,0,1,0,0,0,False,synthetic,93.5144051609277,100.0,100.0,100.0,ridge,CBE,Coimbatore
88,2026-09-23,5.34,2026-09-23 02:30:00,58.6,5.5,2026-09-23 00:30:00,018,1100,2026-09-23 02:30:00,2026-09-23 22:30:00,2026-09-24,53.154284613473074,53.0779823424464,70.14,25.39999852861677,0.0,2.0,0.0,0,0,0,1,0,0,0,False,synthetic,35.14702343382025,47.17065721163862,51.27976904526274,55.559310524120775,ridge,CBE,Coimbatore
89,2026-09-23,10.22,2026-09-23 02:30:00,100.0,5.81,2026-09-23 00:30:00,018,660,2026-09-23 02:30:00,2026-09-23 22:30:00,2026-09-24,74.60285677228656,74.76458561337478,95.36,38.762857164655415,2.2050002,2.0,0.0,0,0,0,1,0,0,0,False,synthetic,49.16789015413379,61.19152393195216,65.30063576557627,69.58017724443431,ridge,CBE,Coimbatore
90,2026-09-23,48.53,2026-09-23 02:30:00,47.75,44.21,2026-09-22 00:30:00,018,660,2026-09-23 02:30:00,2026-09-23 22:30:00,2026-09-24,60.98428508213589,60.38945634462439,60.11,35.33142825535366,2.1599998,26.0,0.0,0,0,0,1,0,0,0,True,synthetic,78.14662444886405,90.17025822668242,94.27937006030652,98.55891153916455,ridge,CBE,Coimbatore
91,2026-09-23,4.83,2026-09-23 02:30:00,62.43,1.94,2026-09-23 00:30:00,019,660,2026-09-23 02:30:00,2026-09-23 22:30:00,2026-09-24,51.75857189723423,50.73774942907781,67.0,26.322857448032924,1.4449999,2.0,0.0,0,0,0,1,0,0,0,False,synthetic,32.81457597359508,44.83820975141345,48.94732158503757,53.22686306389561,ridge,CBE,Coimbatore
92,2026-09-23,14.27,2026-09-23 02:30:00,63.52,5.17,2026-09-23 00:30:00,019,660,2026-09-23 02:30:00,2026-09-23 22:30:00,2026-09-24,82.40571539742606,79.33583890411646,82.87,48.53285762241909,4.55,2.0,0.0,0,0,0,1,0,0,0,False,synthetic,67.5911352872501,79.61476906506846,83.72388089869258,88.00342237755062,ridge,CBE,Coimbatore
93,2026-09-23,32.12,2026-09-23 02:30:00,35.24,34.52,2026-09-22 00:30:00,019,660,2026-09-23 02:30:00,2026-09-23 22:30:00,2026-09-24,53.15142822265625,48.39700185678548,66.34,24.93571404048375,0.0,26.0,0.0,0,0,0,1,0,0,0,False,synthetic,56.813562140489736,68.83719591830811,72.94630775193222,77.22584923079026,ridge,CBE,Coimbatore
94,2026-09-23,20.01,2026-09-23 02:30:00,17.64,17.01,2026-09-22 00:30:00,019,1100,2026-09-23 02:30:00,2026-09-23 22:30:00,2026-09-24,28.845714024135045,27.922550017670645,22.59,17.37142835344587,1.5,26.0,0.0,0,0,0,1,0,0,0,False,synthetic,37.6603188466904,49.68395262450877,53.79306445813289,58.072605936990925,ridge,CBE,Coimbatore
95,2026-09-23,2.82,2026-09-23 02:30:00,37.5,0.0,2026-09-23 00:30:00,019,660,2026-09-23 02:30:00,2026-09-23 22:30:00,2026-09-24,30.88166729609172,30.44809536610601,34.09,15.390000502268473,1.41,2.0,0.0,0,0,0,1,0,0,0,True,synthetic,19.313857165808777,31.337490943627145,35.446602777251265,39.7261442561093,ridge,CBE,Coimbatore
96,2026-09-23,11.99,2026-09-23 02:30:00,99.65,3.07,2026-09-23 00:30:00,020,660,2026-09-23 02:30:00,2026-09-23 22:30:00,2026-09-24,85.7357155936105,85.77029079247482,100.0,48.56285803658621,4.46,2.0,0.0,0,0,0,1,0,0,0,False,synthetic,62.45912012415575,74.48275390197412,78.59186573559823,82.87140721445627,ridge,CBE,Coimbatore
97,2026-09-23,56.51,2026-09-23 00:30:00,52.15,56.51,2026-09-22 00:30:00,020,660,2026-09-23 02:30:00,2026-09-23 22:30:00,2026-09-24,65.72857230050224,65.7051322172941,43.38,39.92285701206752,0.0,26.0,2.0,0,0,0,1,0,0,0,False,synthetic,89.68209502616912,100.0,100.0,100.0,ridge,CBE,Coimbatore
98,2026-09-23,4.69,2026-09-23 02:30:00,82.28,2.87,2026-09-23 00:30:00,020,1100,2026-09-23 02:30:00,2026-09-23 22:30:00,2026-09-24,79.54333241780598,80.04096292911562,92.61,52.97666549682617,0.9100001,2.0,0.0,0,0,0,1,0,0,0,False,synthetic,60.01757157448165,72.04120535230001,76.15031718592414,80.42985866478217,ridge,CBE,Coimbatore
99,2026-09-23,3.29,2026-09-23 02:30:00,49.79,0.0,2026-09-23 00:30:00,020,1100,2026-09-23 02:30:00,2026-09-23 22:30:00,2026-09-24,50.63428633553641,46.70206219361309,70.15,27.29142883845738,1.645,2.0,0.0,0,0,0,1,0,0,0,False,synthetic,31.857104256529944,43.88073803434831,47.98984986797243,52.26939134683047,ridge,CBE,Coimbatore
100,2026-09-23,6.26,2026-09-23 02:30:00,87.87,4.87,2026-09-23 00:30:00,020,660,2026-09-23 02:30:00,2026-09-23 22:30:00,2026-09-24,68.19400062561036,70.53531471561419,92.78,33.73400039672852,0.6950002,2.0,0.0,0,0,0,1,0,0,0,True,synthetic,44.79006881860768,56.81370259642605,60.92281443005017,65.2023559089082,ridge,CBE,Coimbatore
101,2026-09-23,8.63,2026-09-23 02:30:00,100.0,6.08,2026-09-23 00:30:00,021,660,2026-09-23 02:30:00,2026-09-23 22:30:00,2026-09-24,76.92142813546317,76.40515003141259,100.0,40.49142837524414,1.2750001,2.0,0.0,0,0,0,1,0,0,0,False,synthetic,49.76357359590798,61.787207373726346,65.89631920735047,70.1758606862085,ridge,CBE,Coimbatore
102,2026-09-23,18.03,2026-09-23 02:30:00,96.63,3.88,2026-09-23 00:30:00,021,1100,2026-09-23 02:30:00,2026-09-23 22:30:00,2026-09-24,66.78714316231864,68.61526684565133,92.47,32.90857151576451,7.0750003,2.0,0.0,0,0,0,1,0,0,0,False,synthetic,48.931380708282106,60.95501448610048,65.0641263197246,69.34366779858263,ridge,CBE,Coimbatore
103,2026-09-23,0.15,2026-09-23 02:30:00,80.98,4.86,2026-09-23 00:30:00,021,660,2026-09-23 02:30:00,2026-09-23 22:30:00,2026-09-24,60.60285677228655,61.42518062842369,75.6,31.76857103620257,0.0,2.0,0.0,0,0,0,1,0,0,0,False,synthetic,35.535326496023714,47.55896027384208,51.6680721074662,55.94761358632424,ridge,CBE,Coimbatore
104,2026-09-23,44.44,2026-09-23 02:30:00,37.9,41.27,2026-09-22 00:30:00,021,660,2026-09-23 02:30:00,2026-09-23 22:30:00,2026-09-24,54.20571381705148,53.56182554261127,31.24,31.49714251926967,1.5849991,26.0,0.0,0,0,0,1,0,0,0,False,synthetic,71.79862159761564,83.822255375434,87.93136720905812,92.21090868791616,ridge,CBE,Coimbatore
105,2026-09-23,61.04,2026-09-23 02:30:00,53.22,61.93,2026-09-22 00:30:00,021,660,2026-09-23 02:30:00,2026-09-23 22:30:00,2026-09-24,67.01999936785016,68.73642768700357,42.46,37.695713588169646,0.0,26.0,0.0,0,0,0,1,0,0,0,True,synthetic,91.8167426429759,100.0,100.0,100.0,ridge,CBE,Coimbatore
106,2026-09-23,34.36,2026-09-23 02:30:00,29.65,33.5,2026-09-22 00:30:00,022,1100,2026-09-23 02:30:00,2026-09-23 22:30:00,2026-09-24,40.30142838614328,41.27516618035796,22.43,24.37857164655413,0.4300003,26.0,0.0,0,0,0,1,0,0,0,False,synthetic,56.25396380318522,68.27759758100359,72.38670941462772,76.66625089348574,ridge,CBE,Coimbatore
107,2026-09-23,1.62,2026-09-23 02:30:00,70.2,2.97,2026-09-23 00:30:00,022,660,2026-09-23 02:30:00,2026-09-23 22:30:00,2026-09-24,65.74142783028739,65.13509808896545,81.58,31.648571286882675,0.0,2.0,0.0,0,0,0,1,0,0,0,False,synthetic,40.89101349567783,52.9146472734962,57.02375910712032,61.30330058597836,ridge,CBE,Coimbatore
108,2026-09-23,3.84,2026-09-23 02:30:00,67.99,0.18,2026-09-23 00:30:00,022,1100,2026-09-23 02:30:00,2026-09-23 22:30:00,2026-09-24,57.21285656520298,56.53169761806517,78.9,28.607142312186102,1.8299999,2.0,0.0,0,0,0,1,0,0,0,False,synthetic,35.758151489421024,47.78178526723939,51.89089710086351,56.17043857972155,ridge,CBE,Coimbatore
109,2026-09-23,32.91,2026-09-23 02:30:00,22.39,21.24,2026-09-22 00:30:00,022,1100,2026-09-23 02:30:00,2026-09-23 22:30:00,2026-09-24,44.65428597586496,44.32019899232228,34.22,23.65142904009138,5.835,26.0,0.0,0,0,0,1,0,0,0,False,synthetic,58.95240020279974,70.9760339806181,75.08514581424222,79.36468729310026,ridge,CBE,Coimbatore
110,2026-09-23,38.02,2026-09-23 02:30:00,32.85,35.72,2026-09-22 00:30:00,022,660,2026-09-23 02:30:00,2026-09-23 22:30:00,2026-09-24,44.36142757960728,45.840842232592266,28.64,25.91857065473284,1.1499996,26.0,0.0,0,0,0,1,0,0,0,True,synthetic,61.73627740134753,73.7599111791659,77.86902301279002,82.14856449164805,ridge,CBE,Coimbatore
111,2026-09-23,71.2,2026-09-23 02:30:00,63.81,68.65,2026-09-22 00:30:00,023,1100,2026-09-23 02:30:00,2026-09-23 22:30:00,2026-09-24,77.04833285013835,75.56060085764108,97.34,46.49333254496256,1.2749977,26.0,0.0,0,0,0,1,0,0,0,False,synthetic,100.0,100.0,100.0,100.0,ridge,CBE,Coimbatore
112,2026-09-23,4.6,2026-09-23 02:30:00,96.96,7.1,2026-09-23 00:30:00,023,660,2026-09-23 02:30:00,2026-09-23 22:30:00,2026-09-24,71.61857169015067,75.22621424149267,80.64,36.27142878941128,0.0,2.0,0.0,0,0,0,1,0,0,0,False,synthetic,46.347714636055,58.37134841387337,62.48046024749749,66.76000172635553,ridge,CBE,Coimbatore
113,2026-09-23,46.49,2026-09-23 02:30:00,42.68,43.8,2026-09-22 00:30:00,023,240,2026-09-23 02:30:00,2026-09-23 22:30:00,2026-09-24,69.01857158115932,68.45718732794286,45.19,42.47571509225028,1.3450012,26.0,0.0,0,0,0,1,0,0,0,False,synthetic,86.91381288168844,98.9374466595068,100.0,100.0,ridge,CBE,Coimbatore
114,2026-09-23,63.86,2026-09-23 02:30:00,57.49,59.6,2026-09-22 00:30:00,023,1100,2026-09-23 02:30:00,2026-09-23 22:30:00,2026-09-24,74.07428632463727,72.49606043752726,95.8,42.7928581237793,2.130001,26.0,0.0,0,0,0,1,0,0,0,False,synthetic,96.2914156690544,100.0,100.0,100.0,ridge,CBE,Coimbatore
115,2026-09-23,65.36,2026-09-23 02:30:00,59.31,57.87,2026-09-22 00:30:00,023,1100,2026-09-23 02:30:00,2026-09-23 22:30:00,2026-09-24,74.47714178902763,75.59022479525365,66.45,46.81857081821987,3.7450008,26.0,0.0,0,0,0,1,0,0,0,True,synthetic,100.0,100.0,100.0,100.0,ridge,CBE,Coimbatore
116,2026-09-23,8.04,2026-09-23 02:30:00,89.9,,2026-09-23 00:30:00,024,240,2026-09-23 02:30:00,2026-09-23 22:30:00,2026-09-24,72.41571426391602,72.20398603783975,99.92,36.824285234723774,,2.0,0.0,0,0,0,1,0,0,0,False,synthetic,47.57896933007112,59.602603107889486,63.711714941513605,67.99125642037164,ridge,CBE,Coimbatore
117,2026-09-23,5.65,2026-09-23 02:30:00,45.73,2.82,2026-09-23 00:30:00,024,1100,2026-09-23 02:30:00,2026-09-23 22:30:00,2026-09-24,42.30714307512556,40.87271617648351,56.32,21.49428531101772,1.4150001,2.0,0.0,0,0,0,1,0,0,0,False,synthetic,28.40636427030772,40.42999804812609,44.53910988175021,48.81865136060824,ridge,CBE,Coimbatore
118,2026-09-23,12.5,2026-09-23 02:30:00,72.2,6.82,2026-09-23 00:30:00,024,1100,2026-09-23 02:30:00,2026-09-23 22:30:00,2026-09-24,55.29714257376535,56.93347471907643,58.72,28.5514281136649,2.84,2.0,0.0,0,0,0,1,0,0,0,False,synthetic,41.26654809544474,53.29018187326311,57.39929370688723,61.678835185745264,ridge,CBE,Coimbatore
119,2026-09-23,38.81,2026-09-23 02:30:00,32.26,34.63,2026-09-22 00:30:00,024,240,2026-09-23 02:30:00,2026-09-23 22:30:00,2026-09-24,61.92857088361468,60.17758300170559,47.27,31.399999618530277,2.0900002,26.0,0.0,0,0,0,1,0,0,0,False,synthetic,73.676990568104,85.70062434592236,89.80973617954649,94.08927765840453,ridge,CBE,Coimbatore
120,2026-09-23,6.03,2026-09-23 00:30:00,77.6,6.03,2026-09-23 00:30:00,024,660,2026-09-23 02:30:00,2026-09-23 22:30:00,2026-09-24,66.81285585675921,65.1567085400325,87.49,34.64285578046526,0.0,2.0,2.0,0,0,0,1,0,0,0,True,synthetic,44.80441145661478,56.82804523443315,60.93715706805727,65.2166985469153,ridge,CBE,Coimbatore
121,2026-09-23,14.15,2026-09-23 02:30:00,98.54,7.95,2026-09-23 00:30:00,025,1100,2026-09-23 02:30:00,2026-09-23 22:30:00,2026-09-24,77.7014296395438,82.24334308474903,64.54,50.034285409109934,3.1,2.0,0.0,0,0,0,1,0,0,0,False,synthetic,63.63556492255572,75.65919870037408,79.7683105339982,84.04785201285624,ridge,CBE,Coimbatore
122,2026-09-23,82.43,2026-09-23 02:30:00,63.73,71.57,2026-09-22 00:30:00,025,660,2026-09-23 02:30:00,2026-09-23 22:30:00,2026-09-24,76.35142789568219,74.57236866663646,80.49,64.7099996294294,5.4300003,26.0,0.0,0,0,0,1,0,0,0,False,synthetic,100.0,100.0,100.0,100.0,ridge,CBE,Coimbatore
123,2026-09-23,6.46,2026-09-23 02:30:00,99.84,0.96,2026-09-23 00:30:00,025,240,2026-09-23 02:30:00,2026-09-23 22:30:00,2026-09-24,81.7471422467913,80.5729105833874,100.0,46.07714326041086,2.75,2.0,0.0,0,0,0,1,0,0,0,False,synthetic,53.90953317954609,65.93316695736445,70.04227879098858,74.32182026984661,ridge,CBE,Coimbatore
124,2026-09-23,9.28,2026-09-23 02:30:00,97.43,3.66,2026-09-23 00:30:00,025,660,2026-09-23 02:30:00,2026-09-23 22:30:00,2026-09-24,91.60714285714286,94.15237078020242,80.9,70.54857199532645,2.81,2.0,0.0,0,0,0,1,0,0,0,False,synthetic,77.79858782921006,89.82222160702844,93.93133344065257,98.2108749195106,ridge,CBE,Coimbatore
125,2026-09-23,53.04,2026-09-23 02:30:00,68.53,48.13,2026-09-23 00:30:00,025,1100,2026-09-23 02:30:00,2026-09-23 22:30:00,2026-09-24,77.4942855834961,75.83504053718724,97.46,40.83142798287528,2.455,2.0,0.0,0,0,0,1,0,0,0,True,synthetic,84.5052982409707,96.52893201878908,100.0,100.0,ridge,CBE,Coimbatore
126,2026-09-23,46.96,2026-09-23 02:30:00,38.82,42.51,2026-09-22 00:30:00,026,660,2026-09-23 02:30:00,2026-09-23 22:30:00,2026-09-24,66.32857186453683,64.40569951301774,54.31,37.58714348929269,2.2250004,26.0,0.0,0,0,0,1,0,0,0,False,synthetic,82.76204016431277,94.78567394213113,98.89478577575524,100.0,ridge,CBE,Coimbatore
127,2026-09-23,7.94,2026-09-23 02:30:00,72.01,2.71,2026-09-23 00:30:00,026,1100,2026-09-23 02:30:00,2026-09-23 22:30:00,2026-09-24,78.17000143868583,78.53235631973314,67.94,64.93571635654995,2.615,2.0,0.0,0,0,0,1,0,0,0,False,synthetic,69.4938730270002,81.51750680481857,85.6266186384427,89.90616011730073,ridge,CBE,Coimbatore
128,2026-09-23,61.9,2026-09-23 02:30:00,47.64,58.16,2026-09-22 00:30:00,026,660,2026-09-23 02:30:00,2026-09-23 22:30:00,2026-09-24,72.83142852783203,70.54405167004086,100.0,40.574285234723774,1.8700008,26.0,0.0,0,0,0,1,0,0,0,False,synthetic,94.8857741955236,100.0,100.0,100.0,ridge,CBE,Coimbatore
129,2026-09-23,7.31,2026-09-23 02:30:00,72.35,3.98,2026-09-23 00:30:00,026,660,2026-09-23 02:30:00,2026-09-23 22:30:00,2026-09-24,48.85857200622559,54.423625761021285,15.42,26.074286188398087,1.665,2.0,0.0,0,0,0,1,0,0,0,False,synthetic,36.46023352498919,48.48386730280755,52.59297913643167,56.87252061528971,ridge,CBE,Coimbatore
130,2026-09-23,8.99,2026-09-23 02:30:00,99.18,5.74,2026-09-23 00:30:00,026,660,2026-09-23 02:30:00,2026-09-23 22:30:00,2026-09-24,75.78285762241909,79.41102792914427,45.93,40.68714305332729,1.625,2.0,0.0,0,0,0,1,0,0,0,True,synthetic,53.84301237431327,65.86664615213164,69.97575798575576,74.25529946461378,ridge,CBE,Coimbatore
131,2026-09-23,4.69,2026-09-23 02:30:00,87.36,4.04,2026-09-23 00:30:00,027,1100,2026-09-23 02:30:00,2026-09-23 22:30:00,2026-09-24,72.82166608174641,71.42700006724219,95.24,41.583333333333336,0.32500005,2.0,0.0,0,0,0,1,0,0,0,False,synthetic,47.179864182673086,59.203497960491454,63.31260979411557,67.59215127297361,ridge,CBE,Coimbatore
132,2026-09-23,31.26,2026-09-23 02:30:00,29.69,33.1,2026-09-22 00:30:00,027,1100,2026-09-23 02:30:00,2026-09-23 22:30:00,2026-09-24,48.91571371895926,49.61319346097504,31.06,28.275713239397323,0.0,26.0,0.0,0,0,0,1,0,0,0,False,synthetic,61.559752306379856,73.58338608419822,77.69249791782235,81.97203939668037,ridge,CBE,Coimbatore
133,2026-09-23,10.75,2026-09-23 02:30:00,96.87,6.99,2026-09-23 00:30:00,027,1100,2026-09-23 02:30:00,2026-09-23 22:30:00,2026-09-24,67.7085712977818,70.64257930869192,75.07,35.30999973842076,1.8800001,2.0,0.0,0,0,0,1,0,0,0,False,synthetic,46.65340509877123,58.6770388765896,62.78615071021372,67.06569218907175,ridge,CBE,Coimbatore
134,2026-09-23,50.28,2026-09-23 02:30:00,39.75,43.99,2026-09-22 00:30:00,027,1100,2026-09-23 02:30:00,2026-09-23 22:30:00,2026-09-24,73.757143838065,69.12556779314465,65.41,38.48142950875418,3.1449986,26.0,0.0,0,0,0,1,0,0,0,False,synthetic,87.45197120392307,99.47560498174144,100.0,100.0,ridge,CBE,Coimbatore
135,2026-09-23,2.27,2026-09-23 02:30:00,61.93,5.06,2026-09-23 00:30:00,027,660,2026-09-23 02:30:00,2026-09-23 22:30:00,2026-09-24,64.15714209420341,61.09850620159432,88.93,36.40714182172503,0.0,2.0,0.0,0,0,0,1,0,0,0,True,synthetic,42.197562834801445,54.22119661261981,58.33030844624393,62.60984992510197,ridge,CBE,Coimbatore
136,2026-09-23,4.36,2026-09-23 02:30:00,79.04,6.87,2026-09-23 00:30:00,028,660,2026-09-23 02:30:00,2026-09-23 22:30:00,2026-09-24,68.36571502685547,71.3851498159205,38.23,35.85857173374721,0.0,2.0,0.0,0,0,0,1,0,0,0,False,synthetic,47.97410006904936,59.99773384686773,64.10684568049186,68.38638715934988,ridge,CBE,Coimbatore
137,2026-09-23,66.35,2026-09-23 02:30:00,55.68,58.2,2026-09-22 00:30:00,028,660,2026-09-23 02:30:00,2026-09-23 22:30:00,2026-09-24,80.26428658621651,76.50105121250185,99.32,47.23571559361049,4.074999,26.0,0.0,0,0,0,1,0,0,0,False,synthetic,100.0,100.0,100.0,100.0,ridge,CBE,Coimbatore
138,2026-09-23,77.62,2026-09-23 02:30:00,69.47,67.15,2026-09-22 00:30:00,028,1100,2026-09-23 02:30:00,2026-09-23 22:30:00,2026-09-24,67.8000005086263,68.97811836741869,54.05,41.79333432515463,5.2350006,26.0,0.0,0,0,0,1,0,0,0,False,synthetic,100.0,100.0,100.0,100.0,ridge,CBE,Coimbatore
139,2026-09-23,8.05,2026-09-23 02:30:00,75.12,1.74,2026-09-23 00:30:00,028,660,2026-09-23 02:30:00,2026-09-23 22:30:00,2026-09-24,71.70285742623466,69.24002051222381,100.0,37.57142802647182,3.1550002,2.0,0.0,0,0,0,1,0,0,0,False,synthetic,48.921177445309326,60.944811223127694,65.05392305675181,69.33346453560985,ridge,CBE,Coimbatore
140,2026-09-23,48.1,2026-09-23 02:30:00,38.65,43.5,2026-09-22 00:30:00,028,1100,2026-09-23 02:30:00,2026-09-23 22:30:00,2026-09-24,53.76571437290737,54.69511482931031,38.9,31.25285748073033,2.2999992,26.0,0.0,0,0,0,1,0,0,0,True,synthetic,74.87250762063013,86.89614139844849,91.00525323207262,95.28479471093064,ridge,CBE,Coimbatore
141,2026-09-23,10.36,2026-09-23 02:30:00,100.0,3.24,2026-09-23 00:30:00,029,660,2026-09-23 02:30:00,2026-09-23 22:30:00,2026-09-24,75.35999952043805,78.101611761469,68.8,39.085714612688335,3.56,2.0,0.0,0,0,0,1,0,0,0,False,synthetic,52.66583364904641,64.68946742686478,68.7985792604889,73.07812073934693,ridge,CBE,Coimbatore
142,2026-09-23,64.46,2026-09-23 02:30:00,52.43,58.46,2026-09-22 00:30:00,029,660,2026-09-23 02:30:00,2026-09-23 22:30:00,2026-09-24,76.75285720825195,72.29400559881151,99.07,39.76285661969866,3.0,26.0,0.0,0,0,0,1,0,0,0,False,synthetic,95.73704832032028,100.0,100.0,100.0,ridge,CBE,Coimbatore
143,2026-09-23,55.9,2026-09-23 02:30:00,100.0,53.38,2026-09-23 00:30:00,029,660,2026-09-23 02:30:00,2026-09-23 22:30:00,2026-09-24,77.11571448189872,76.79800166502517,100.0,44.29571424211775,1.2600002,2.0,0.0,0,0,0,1,0,0,0,False,synthetic,81.2963825092306,93.32001628704896,97.42912812067308,100.0,ridge,CBE,Coimbatore
144,2026-09-23,13.52,2026-09-23 02:30:00,89.6,4.46,2026-09-23 00:30:00,029,1100,2026-09-23 02:30:00,2026-09-23 22:30:00,2026-09-24,81.1585715157645,81.22849489524391,91.09,60.23142950875418,4.53,2.0,0.0,0,0,0,1,0,0,0,False,synthetic,68.30130991776348,80.32494369558185,84.43405552920596,88.713597008064,ridge,CBE,Coimbatore
145,2026-09-23,57.39,2026-09-23 02:30:00,46.51,48.32,2026-09-22 00:30:00,029,660,2026-09-23 02:30:00,2026-09-23 22:30:00,2026-09-24,65.37571280343192,66.03844500030189,64.29,34.48857034955706,4.535,26.0,0.0,0,0,0,1,0,0,0,True,synthetic,87.86047520241023,99.8841089802286,100.0,100.0,ridge,CBE,Coimbatore
146,2026-09-23,6.56,2026-09-23 02:30:00,100.0,10.81,2026-09-23 00:30:00,030,660,2026-09-23 02:30:00,2026-09-23 22:30:00,2026-09-24,82.43571308680943,83.24323039875591,98.68,44.86856896536691,0.0,2.0,0.0,0,0,0,1,0,0,0,False,synthetic,55.42690594770344,67.4505397255218,71.55965155914592,75.83919303800397,ridge,CBE,Coimbatore
147,2026-09-23,60.1,2026-09-23 02:30:00,100.0,54.67,2026-09-23 00:30:00,030,660,2026-09-23 02:30:00,2026-09-23 22:30:00,2026-09-24,78.62142780848912,82.51137392550135,78.74,46.687142508370535,2.7150002,2.0,0.0,0,0,0,1,0,0,0,False,synthetic,90.2303978600204,100.0,100.0,100.0,ridge,CBE,Coimbatore
148,2026-09-23,19.15,2026-09-23 02:30:00,100.0,4.37,2026-09-23 00:30:00,030,660,2026-09-23 02:30:00,2026-09-23 22:30:00,2026-09-24,88.6899997166225,90.73104831937744,99.28,21.765713827950613,7.39,2.0,0.0,0,0,0,1,0,0,0,False,synthetic,58.3889598386524,70.41259361647076,74.52170545009488,78.80124692895292,ridge,CBE,Coimbatore
149,2026-09-23,52.33,2026-09-23 02:30:00,42.04,42.68,2026-09-22 00:30:00,030,1100,2026-09-23 02:30:00,2026-09-23 22:30:00,2026-09-24,63.962856837681365,65.63011551802084,30.73,37.45142773219517,4.825001,26.0,0.0,0,0,0,1,0,0,0,False,synthetic,87.43452022928481,99.4581540071032,100.0,100.0,ridge,CBE,Coimbatore
150,2026-09-23,7.84,2026-09-23 02:30:00,98.74,4.67,2026-09-23 00:30:00,030,660,2026-09-23 02:30:00,2026-09-23 22:30:00,2026-09-24,70.31142861502511,75.76481181683398,46.97,37.34571402413504,1.585,2.0,0.0,0,0,0,1,0,0,0,True,synthetic,49.66611192629048,61.68974570410885,65.79885753773297,70.07839901659099,ridge,CBE,Coimbatore
151,2026-09-23,62.52,2026-09-23 02:30:00,47.25,52.21,2026-09-22 00:30:00,031,1100,2026-09-23 02:30:00,2026-09-23 22:30:00,2026-09-24,71.4028570992606,69.94696137415927,66.39,41.57285690307617,5.1550007,26.0,0.0,0,0,0,1,0,0,0,False,synthetic,96.28424605156884,100.0,100.0,100.0,ridge,CBE,Coimbatore
152,2026-09-23,64.12,2026-09-23 02:30:00,55.05,,2026-09-22 00:30:00,031,660,2026-09-23 02:30:00,2026-09-23 22:30:00,2026-09-24,76.06714303152901,73.21359408823562,93.05,39.405713762555806,,26.0,0.0,0,0,0,1,0,0,0,False,synthetic,93.62868028029852,100.0,100.0,100.0,ridge,CBE,Coimbatore
153,2026-09-23,7.68,2026-09-23 02:30:00,100.0,5.06,2026-09-23 00:30:00,031,1100,2026-09-23 02:30:00,2026-09-23 22:30:00,2026-09-24,73.3100002833775,81.20500883347648,46.1,31.41285760062081,1.31,2.0,0.0,0,0,0,1,0,0,0,False,synthetic,50.613577545606525,62.63721132342489,66.746323157049,71.02586463590706,ridge,CBE,Coimbatore
154,2026-09-23,72.36,2026-09-23 02:30:00,65.42,68.82,2026-09-22 00:30:00,031,660,2026-09-23 02:30:00,2026-09-23 22:30:00,2026-09-24,70.96142850603376,71.36265109285708,49.04,49.1057139805385,1.7700005,26.0,0.0,0,0,0,1,0,0,0,False,synthetic,100.0,100.0,100.0,100.0,ridge,CBE,Coimbatore
155,2026-09-23,6.67,2026-09-23 02:30:00,97.85,4.51,2026-09-23 00:30:00,031,660,2026-09-23 02:30:00,2026-09-23 22:30:00,2026-09-24,80.4057137625558,79.97007439985279,96.51,43.78714261736189,1.0799999,2.0,0.0,0,0,0,1,0,0,0,True,synthetic,53.00296251189684,65.0265962897152,69.13570812333933,73.41524960219736,ridge,CBE,Coimbatore
156,2026-09-23,22.11,2026-09-23 02:30:00,100.0,4.69,2026-09-23 00:30:00,032,660,2026-09-23 02:30:00,2026-09-23 22:30:00,2026-09-24,84.37000002179828,84.38742674502086,100.0,54.86285727364676,8.71,2.0,0.0,0,0,0,1,0,0,0,False,synthetic,71.20212535511746,83.22575913293582,87.33487096655995,91.61441244541798,ridge,CBE,Coimbatore
157,2026-09-23,9.79,2026-09-23 02:30:00,77.21,3.64,2026-09-23 00:30:00,032,1100,2026-09-23 02:30:00,2026-09-23 22:30:00,2026-09-24,80.21857125418526,80.86006815854213,69.5,53.281427655901226,3.0749998,2.0,0.0,0,0,0,1,0,0,0,False,synthetic,65.59420680587769,77.61784058369605,81.72695241732018,86.00649389617821,ridge,CBE,Coimbatore
158,2026-09-23,8.8,2026-09-23 02:30:00,100.0,1.32,2026-09-23 00:30:00,032,660,2026-09-23 02:30:00,2026-09-23 22:30:00,2026-09-24,80.04571369716099,81.88872639925702,64.13,55.79571424211775,3.74,2.0,0.0,0,0,0,1,0,0,0,False,synthetic,61.90471698829897,73.92835076611735,78.03746259974146,82.3170040785995,ridge,CBE,Coimbatore
159,2026-09-23,7.02,2026-09-23 02:30:00,87.56,1.29,2026-09-23 00:30:00,032,1100,2026-09-23 02:30:00,2026-09-23 22:30:00,2026-09-24,75.83857073102679,77.49381273173763,54.84,33.70428466796875,2.865,2.0,0.0,0,0,0,1,0,0,0,False,synthetic,50.34459644670049,62.36823022451886,66.47734205814298,70.75688353700102,ridge,CBE,Coimbatore
160,2026-09-23,77.48,2026-09-23 02:30:00,75.13,70.5,2026-09-22 00:30:00,032,660,2026-09-23 02:30:00,2026-09-23 22:30:00,2026-09-24,81.31142752511161,80.84298170401021,75.5,65.44428362165179,3.4900017,26.0,0.0,0,0,0,1,0,0,0,True,synthetic,100.0,100.0,100.0,100.0,ridge,CBE,Coimbatore
161,2026-09-23,7.52,2026-09-23 02:30:00,73.65,6.29,2026-09-23 00:30:00,033,660,2026-09-23 02:30:00,2026-09-23 22:30:00,2026-09-24,77.06142807006836,78.61290261654707,54.8,43.51571273803711,0.615,2.0,0.0,0,0,0,1,0,0,0,False,synthetic,59.08385702779115,71.10749080560952,75.21660263923363,79.49614411809168,ridge,CBE,Coimbatore
162,2026-09-23,9.65,2026-09-23 02:30:00,78.66,4.1,2026-09-23 00:30:00,033,660,2026-09-23 02:30:00,2026-09-23 22:30:00,2026-09-24,73.3100002833775,70.75942870370903,100.0,38.82142857142857,2.7749999,2.0,0.0,0,0,0,1,0,0,0,False,synthetic,50.60881996803026,62.63245374584863,66.74156557947275,71.02110705833078,ridge,CBE,Coimbatore
163,2026-09-23,49.3,2026-09-23 02:30:00,48.22,46.3,2026-09-22 00:30:00,033,660,2026-09-23 02:30:00,2026-09-23 22:30:00,2026-09-24,75.90142822265625,71.5492796800511,88.83,41.62285559517996,1.5,26.0,0.0,0,0,0,1,0,0,0,False,synthetic,87.62524975326737,99.64888353108574,100.0,100.0,ridge,CBE,Coimbatore
164,2026-09-23,54.47,2026-09-23 02:30:00,48.72,52.89,2026-09-22 00:30:00,033,660,2026-09-23 02:30:00,2026-09-23 22:30:00,2026-09-24,70.93833287556966,70.75981821267403,37.8,39.31666628519694,0.7900009,26.0,0.0,0,0,0,1,0,0,0,False,synthetic,90.5430175389334,100.0,100.0,100.0,ridge,CBE,Coimbatore
165,2026-09-23,59.36,2026-09-23 02:30:00,41.35,49.56,2026-09-22 00:30:00,033,1100,2026-09-23 02:30:00,2026-09-23 22:30:00,2026-09-24,76.38571384974888,70.38374388286691,96.39,64.43857247488839,4.8999996,26.0,0.0,0,0,0,1,0,0,0,True,synthetic,100.0,100.0,100.0,100.0,ridge,CBE,Coimbatore
166,2026-09-23,5.08,2026-09-23 02:30:00,98.06,2.91,2026-09-23 00:30:00,034,1100,2026-09-23 02:30:00,2026-09-23 22:30:00,2026-09-24,76.11142839704242,78.38907310034016,93.59,47.53285653250558,1.0849999,2.0,0.0,0,0,0,1,0,0,0,False,synthetic,53.29995275958954,65.32358653740792,69.43269837103203,73.71223984989007,ridge,CBE,Coimbatore
167,2026-09-23,9.59,2026-09-23 02:30:00,95.2,5.54,2026-09-23 00:30:00,034,1100,2026-09-23 02:30:00,2026-09-23 22:30:00,2026-09-24,69.97857121058873,68.2932991463893,81.96,39.67285564967564,2.025,2.0,0.0,0,0,0,1,0,0,0,False,synthetic,45.64107277907796,57.66470655689633,61.77381839052045,66.05335986937848,ridge,CBE,Coimbatore
168,2026-09-23,54.74,2026-09-23 02:30:00,39.79,45.07,2026-09-22 00:30:00,034,1100,2026-09-23 02:30:00,2026-09-23 22:30:00,2026-09-24,67.54142761230469,66.62408823445664,52.35,37.63714109148298,4.835001,26.0,0.0,0,0,0,1,0,0,0,False,synthetic,89.38308665558199,100.0,100.0,100.0,ridge,CBE,Coimbatore
169,2026-09-23,11.18,2026-09-23 02:30:00,72.33,1.54,2026-09-23 00:30:00,034,660,2026-09-23 02:30:00,2026-09-23 22:30:00,2026-09-24,74.7442855834961,68.11537306699067,97.61,35.47571454729353,4.82,2.0,0.0,0,0,0,1,0,0,0,False,synthetic,49.0047672395018,61.02840101732016,65.13751285094429,69.41705432980231,ridge,CBE,Coimbatore
170,2026-09-23,12.0,2026-09-23 02:30:00,100.0,4.72,2026-09-23 00:30:00,034,660,2026-09-23 02:30:00,2026-09-23 22:30:00,2026-09-24,75.00714302062988,73.23497522061385,93.54,41.13714272635324,3.64,2.0,0.0,0,0,0,1,0,0,0,True,synthetic,50.08680170616325,62.11043548398162,66.21954731760573,70.49908879646378,ridge,CBE,Coimbatore
171,2026-09-23,8.49,2026-09-23 02:30:00,96.82,5.17,2026-09-23 00:30:00,035,660,2026-09-23 02:30:00,2026-09-23 22:30:00,2026-09-24,79.97428567068917,83.94687844882512,55.03,40.22285624912807,1.6599998,2.0,0.0,0,0,0,1,0,0,0,False,synthetic,56.89160464804579,68.91523842586416,73.02435025948827,77.30389173834632,ridge,CBE,Coimbatore
172,2026-09-23,59.58,2026-09-23 02:30:00,40.19,46.67,2026-09-22 00:30:00,035,660,2026-09-23 02:30:00,2026-09-23 22:30:00,2026-09-24,64.46571404593331,60.79952101039255,87.54,29.937143053327286,6.455002,26.0,0.0,0,0,0,1,0,0,0,False,synthetic,84.05023883578839,96.07387261360677,100.0,100.0,ridge,CBE,Coimbatore
173,2026-09-23,6.5,2026-09-23 02:30:00,94.06,4.62,2026-09-23 00:30:00,035,660,2026-09-23 02:30:00,2026-09-23 22:30:00,2026-09-24,69.85333251953125,72.91316780997309,62.58,42.98666636149088,0.94000006,2.0,0.0,0,0,0,1,0,0,0,False,synthetic,49.8879852620468,61.911619039865165,66.02073087348928,70.30027235234732,ridge,CBE,Coimbatore
174,2026-09-23,42.36,2026-09-23 02:30:00,30.02,34.12,2026-09-22 00:30:00,035,660,2026-09-23 02:30:00,2026-09-23 22:30:00,2026-09-24,62.40714372907366,61.46413423905297,49.79,32.3428579057966,4.120001,26.0,0.0,0,0,0,1,0,0,0,False,synthetic,78.07005199799534,90.0936857758137,94.20279760943782,98.48233908829586,ridge,CBE,Coimbatore
175,2026-09-23,6.7,2026-09-23 02:30:00,98.91,4.47,2026-09-23 00:30:00,035,660,2026-09-23 02:30:00,2026-09-23 22:30:00,2026-09-24,74.2042852129255,79.40651187018406,44.25,39.65428570338658,1.115,2.0,0.0,0,0,0,1,0,0,0,True,synthetic,52.33288208711111,64.35651586492948,68.46562769855359,72.74516917741164,ridge,CBE,Coimbatore
176,2026-09-23,78.33,2026-09-23 02:30:00,78.17,76.82,2026-09-21 00:30:00,036,1100,2026-09-23 02:30:00,2026-09-23 22:30:00,2026-09-24,68.89571380615234,70.91261829392165,33.58,33.86428533281599,0.75500107,50.0,0.0,0,0,0,1,0,0,0,False,synthetic,100.0,100.0,100.0,100.0,ridge,CBE,Coimbatore
177,2026-09-23,7.38,2026-09-23 02:30:00,100.0,5.23,2026-09-23 00:30:00,036,660,2026-09-23 02:30:00,2026-09-23 22:30:00,2026-09-24,77.96428516932896,80.86965742064874,58.21,43.528571537562776,1.075,2.0,0.0,0,0,0,1,0,0,0,False,synthetic,54.59197894837534,66.61561272619372,70.72472455981783,75.00426603867587,ridge,CBE,Coimbatore
178,2026-09-23,8.5,2026-09-23 02:30:00,100.0,3.43,2026-09-23 00:30:00,036,660,2026-09-23 02:30:00,2026-09-23 22:30:00,2026-09-24,78.09285572596959,83.15454890671239,69.06,43.38856887817383,2.5349998,2.0,0.0,0,0,0,1,0,0,0,False,synthetic,57.33126403800243,69.3548978158208,73.46400964944492,77.74355112830295,ridge,CBE,Coimbatore
179,2026-09-23,8.39,2026-09-23 02:30:00,84.62,5.53,2026-09-23 00:30:00,036,1100,2026-09-23 02:30:00,2026-09-23 22:30:00,2026-09-24,56.40285737173898,64.73644625757646,28.28,30.25714247567313,1.4300001,2.0,0.0,0,0,0,1,0,0,0,False,synthetic,43.50501601824829,55.52864979606665,59.63776162969077,63.91730310854881,ridge,CBE,Coimbatore
180,2026-09-23,23.73,2026-09-23 02:30:00,95.25,8.03,2026-09-23 00:30:00,036,1100,2026-09-23 02:30:00,2026-09-23 22:30:00,2026-09-24,76.61999893188477,75.92665071153941,95.99,37.91999898638044,7.85,2.0,0.0,0,0,0,1,0,0,0,True,synthetic,59.46808473318979,71.49171851100816,75.60083034463227,79.88037182349032,ridge,CBE,Coimbatore
181,2026-09-23,8.63,2026-09-23 02:30:00,77.55,1.21,2026-09-23 00:30:00,037,660,2026-09-23 02:30:00,2026-09-23 22:30:00,2026-09-24,90.48714338030132,86.67778154164813,100.0,67.75714438302177,3.71,2.0,0.0,0,0,0,1,0,0,0,False,synthetic,74.21085234194261,86.23448611976099,90.3435979533851,94.62313943224314,ridge,CBE,Coimbatore
182,2026-09-23,1.44,2026-09-23 02:30:00,78.34,1.52,2026-09-23 00:30:00,037,660,2026-09-23 02:30:00,2026-09-23 22:30:00,2026-09-24,83.74142783028739,86.10548249120482,88.26,69.63285500662667,0.0,2.0,0.0,0,0,0,1,0,0,0,False,synthetic,71.2329362572775,83.25657003509588,87.36568186871999,91.64522334757802,ridge,CBE,Coimbatore
183,2026-09-23,55.46,2026-09-23 02:30:00,46.83,50.8,2026-09-22 00:30:00,037,240,2026-09-23 02:30:00,2026-09-23 22:30:00,2026-09-24,65.65428597586495,65.75733902931405,49.63,38.11571448189871,2.33,26.0,0.0,0,0,0,1,0,0,0,False,synthetic,87.90381577341273,99.92744955123108,100.0,100.0,ridge,CBE,Coimbatore
184,2026-09-23,48.06,2026-09-23 02:30:00,40.81,42.35,2026-09-22 00:30:00,037,660,2026-09-23 02:30:00,2026-09-23 22:30:00,2026-09-24,54.00857271466936,55.712751359947504,32.47,32.36285836356027,2.8550014,26.0,0.0,0,0,0,1,0,0,0,False,synthetic,75.90391065575949,87.92754443357785,92.03665626720198,96.31619774606,ridge,CBE,Coimbatore
185,2026-09-23,8.62,2026-09-23 02:30:00,78.25,0.0,2026-09-23 00:30:00,037,660,2026-09-23 02:30:00,2026-09-23 22:30:00,2026-09-24,52.63857214791434,55.94776159444591,64.66,26.37000002179827,4.31,2.0,0.0,0,0,0,1,0,0,0,True,synthetic,36.30884619033304,48.33247996815141,52.44159180177552,56.72113328063356,ridge,CBE,Coimbatore
186,2026-09-23,42.24,2026-09-23 02:30:00,33.83,40.15,2026-09-22 00:30:00,038,660,2026-09-23 02:30:00,2026-09-23 22:30:00,2026-09-24,60.120000566755024,62.20078009549079,34.8,32.59571402413504,1.0450001,26.0,0.0,0,0,0,1,0,0,0,False,synthetic,78.22313143067699,90.24676520849536,94.35587704211947,98.63541852097752,ridge,CBE,Coimbatore
187,2026-09-23,44.69,2026-09-23 02:30:00,40.45,42.3,2026-09-22 00:30:00,038,240,2026-09-23 02:30:00,2026-09-23 22:30:00,2026-09-24,50.0271429334368,49.34060925919224,50.81,28.134286608014783,1.1949997,26.0,0.0,0,0,0,1,0,0,0,False,synthetic,66.77233121792783,78.7959649957462,82.90507682937032,87.18461830822835,ridge,CBE,Coimbatore
188,2026-09-23,8.12,2026-09-23 02:30:00,77.52,4.01,2026-09-23 00:30:00,038,660,2026-09-23 02:30:00,2026-09-23 22:30:00,2026-09-24,60.75428662981306,60.23728849509383,87.4,31.020001002720424,2.0549998,2.0,0.0,0,0,0,1,0,0,0,False,synthetic,39.79793743480546,51.82157121262383,55.93068304624795,60.21022452510599,ridge,CBE,Coimbatore
189,2026-09-23,66.19,2026-09-23 02:30:00,53.92,56.19,2026-09-22 00:30:00,038,240,2026-09-23 02:30:00,2026-09-23 22:30:00,2026-09-24,69.15999984741211,70.22356944192389,42.03,39.661428451538086,5.000002,26.0,0.0,0,0,0,1,0,0,0,False,synthetic,97.2129925184976,100.0,100.0,100.0,ridge,CBE,Coimbatore
190,2026-09-23,51.89,2026-09-23 02:30:00,48.59,47.23,2026-09-22 00:30:00,038,660,2026-09-23 02:30:00,2026-09-23 22:30:00,2026-09-24,58.94333362579346,56.082115299665226,100.0,33.24833329518636,2.33,26.0,0.0,0,0,0,1,0,0,0,True,synthetic,75.28059737630443,87.30423115412279,91.41334298774692,95.69288446660497,ridge,CBE,Coimbatore
191,2026-09-23,43.05,2026-09-23 02:30:00,37.39,37.89,2026-09-22 00:30:00,039,660,2026-09-23 02:30:00,2026-09-23 22:30:00,2026-09-24,55.20571517944336,54.6277463722645,36.08,31.45571517944336,2.58,26.0,0.0,0,0,0,1,0,0,0,False,synthetic,71.82784883788017,83.85148261569853,87.96059444932266,92.24013592818068,ridge,CBE,Coimbatore
192,2026-09-23,5.31,2026-09-23 02:30:00,80.64,5.69,2026-09-23 00:30:00,039,660,2026-09-23 02:30:00,2026-09-23 22:30:00,2026-09-24,81.32333374023438,83.53996463583753,45.56,36.76499938964844,0.0,2.0,0.0,0,0,0,1,0,0,0,False,synthetic,56.34963470846484,68.37326848628321,72.48238031990732,76.76192179876537,ridge,CBE,Coimbatore
193,2026-09-23,10.92,2026-09-23 02:30:00,99.24,5.42,2026-09-23 00:30:00,039,1100,2026-09-23 02:30:00,2026-09-23 22:30:00,2026-09-24,66.93428584507534,68.37945666546725,100.0,35.40428624834333,2.75,2.0,0.0,0,0,0,1,0,0,0,False,synthetic,44.23306853451757,56.25670231233594,60.36581414596006,64.6453556248181,ridge,CBE,Coimbatore
194,2026-09-23,5.04,2026-09-23 02:30:00,100.0,3.98,2026-09-23 00:30:00,039,240,2026-09-23 02:30:00,2026-09-23 22:30:00,2026-09-24,61.32714298793248,68.87785545158432,32.38,26.255714416503903,0.53,2.0,0.0,0,0,0,1,0,0,0,False,synthetic,38.41923733828553,50.442871116103895,54.551982949728014,58.83152442858605,ridge,CBE,Coimbatore
195,2026-09-23,8.61,2026-09-23 02:30:00,64.43,4.51,2026-09-23 00:30:00,039,660,2026-09-23 02:30:00,2026-09-23 22:30:00,2026-09-24,58.19571304321289,56.66277601474151,57.41,27.4328556060791,2.0499997,2.0,0.0,0,0,0,1,0,0,0,True,synthetic,39.193883416737606,51.21751719455597,55.32662902818009,59.60617050703813,ridge,CBE,Coimbatore
196,2026-09-23,7.93,2026-09-23 02:30:00,58.82,2.96,2026-09-23 00:30:00,040,1100,2026-09-23 02:30:00,2026-09-23 22:30:00,2026-09-24,64.49142946515765,61.80672018112736,72.97,32.08428709847586,2.485,2.0,0.0,0,0,0,1,0,0,0,False,synthetic,45.27151068877058,57.29514446658895,61.40425630021307,65.68379777907111,ridge,CBE,Coimbatore
197,2026-09-23,69.99,2026-09-23 02:30:00,57.58,62.16,2026-09-22 00:30:00,040,1100,2026-09-23 02:30:00,2026-09-23 22:30:00,2026-09-24,73.91142926897321,73.98916782851212,55.65,39.89285768781389,3.914999,26.0,0.0,0,0,0,1,0,0,0,False,synthetic,100.0,100.0,100.0,100.0,ridge,CBE,Coimbatore
198,2026-09-23,10.31,2026-09-23 02:30:00,77.04,6.97,2026-09-23 00:30:00,040,660,2026-09-23 02:30:00,2026-09-23 22:30:00,2026-09-24,78.60714285714286,82.14319949979829,50.07,41.51571437290737,1.6700003,2.0,0.0,0,0,0,1,0,0,0,False,synthetic,62.07500479974702,74.0986385775654,78.20775041118951,82.48729189004754,ridge,CBE,Coimbatore
199,2026-09-23,73.01,2026-09-23 02:30:00,62.05,66.7,2026-09-21 00:30:00,040,660,2026-09-23 02:30:00,2026-09-23 22:30:00,2026-09-24,56.085713795253206,54.79691268909843,66.86,29.507142203194757,3.1550026,50.0,0.0,0,0,0,1,0,0,0,False,synthetic,87.1482316998403,99.17186547765866,100.0,100.0,ridge,CBE,Coimbatore
200,2026-09-23,7.01,2026-09-23 00:30:00,100.0,7.01,2026-09-23 00:30:00,040,1100,2026-09-23 02:30:00,2026-09-23 22:30:00,2026-09-24,80.59142957414899,82.56761833402933,64.16,46.78000095912388,0.0,2.0,2.0,0,0,0,1,0,0,0,True,synthetic,58.42162216878855,70.44525594660692,74.55436778023105,78.83390925908907,ridge,CBE,Coimbatore
201,2026-09-23,8.88,2026-09-23 02:30:00,100.0,3.47,2026-09-23 00:30:00,041,660,2026-09-23 02:30:00,2026-09-23 22:30:00,2026-09-24,81.44857134137835,80.32066864329636,89.3,39.37142835344587,2.705,2.0,0.0,0,0,0,1,0,0,0,False,synthetic,52.11788413570728,64.14151791352565,68.25062974714976,72.53017122600781,ridge,CBE,Coimbatore
202,2026-09-23,4.81,2026-09-23 02:30:00,97.34,3.73,2026-09-23 00:30:00,041,1100,2026-09-23 02:30:00,2026-09-23 22:30:00,2026-09-24,81.58714185442243,83.0473263573453,96.58,46.1499993460519,0.53999996,2.0,0.0,0,0,0,1,0,0,0,False,synthetic,55.46216473851076,67.48579851632913,71.59491034995324,75.87445182881129,ridge,CBE,Coimbatore
203,2026-09-23,7.54,2026-09-23 02:30:00,75.74,4.19,2026-09-23 00:30:00,041,240,2026-09-23 02:30:00,2026-09-23 22:30:00,2026-09-24,74.17714255196708,71.94417915146349,51.71,31.808570861816406,1.675,2.0,0.0,0,0,0,1,0,0,0,False,synthetic,47.9557990363904,59.97943281420877,64.08854464783289,68.36808612669091,ridge,CBE,Coimbatore
204,2026-09-23,10.31,2026-09-23 02:30:00,75.74,3.98,2026-09-23 00:30:00,041,660,2026-09-23 02:30:00,2026-09-23 22:30:00,2026-09-24,60.45857129778181,66.86335922149442,36.87,35.568571635655,3.1650002,2.0,0.0,0,0,0,1,0,0,0,False,synthetic,50.42477992269391,62.44841370051228,66.5575255341364,70.83706701299442,ridge,CBE,Coimbatore
205,2026-09-23,5.89,2026-09-23 02:30:00,100.0,9.07,2026-09-23 00:30:00,041,240,2026-09-23 02:30:00,2026-09-23 22:30:00,2026-09-24,73.52428490774972,73.88529621245377,94.7,41.70857020786831,0.0,2.0,0.0,0,0,0,1,0,0,0,True,synthetic,47.2451984952424,59.26883227306077,63.377944106684886,67.65748558554293,ridge,CBE,Coimbatore
206,2026-09-23,44.62,2026-09-23 02:30:00,41.34,43.3,2026-09-22 00:30:00,042,660,2026-09-23 02:30:00,2026-09-23 22:30:00,2026-09-24,55.96428625924246,56.19448874856269,38.05,35.14000047956194,0.65999985,26.0,0.0,0,0,0,1,0,0,0,False,synthetic,74.59444715308808,86.61808093090644,90.72719276453056,95.0067342433886,ridge,CBE,Coimbatore
207,2026-09-23,39.03,2026-09-23 02:30:00,32.16,35.05,2026-09-22 00:30:00,042,660,2026-09-23 02:30:00,2026-09-23 22:30:00,2026-09-24,55.44428580147879,54.576337057289294,46.04,32.36857141767229,1.9899998,26.0,0.0,0,0,0,1,0,0,0,False,synthetic,70.72657719249186,82.75021097031023,86.85932280393435,91.13886428279238,ridge,CBE,Coimbatore
208,2026-09-23,10.13,2026-09-23 02:30:00,96.12,6.64,2026-09-23 00:30:00,042,240,2026-09-23 02:30:00,2026-09-23 22:30:00,2026-09-24,85.14857264927456,80.79509779705774,100.0,41.75571441650391,1.7450001,2.0,0.0,0,0,0,1,0,0,0,False,synthetic,54.31015257116583,66.3337863489842,70.44289818260832,74.72243966146635,ridge,CBE,Coimbatore
209,2026-09-23,49.01,2026-09-23 02:30:00,44.97,46.92,2026-09-22 00:30:00,042,240,2026-09-23 02:30:00,2026-09-23 22:30:00,2026-09-24,75.72166697184245,73.77748902749255,52.81,40.52666664123535,1.0450001,26.0,0.0,0,0,0,1,0,0,0,False,synthetic,90.11928902462827,100.0,100.0,100.0,ridge,CBE,Coimbatore
210,2026-09-23,6.61,2026-09-23 02:30:00,97.0,4.99,2026-09-23 00:30:00,042,660,2026-09-23 02:30:00,2026-09-23 22:30:00,2026-09-24,70.75571496146065,74.42653780708102,70.04,32.76428658621652,0.8100002,2.0,0.0,0,0,0,1,0,0,0,True,synthetic,45.5276770803622,57.55131085818057,61.66042269180469,65.93996417066273,ridge,CBE,Coimbatore
211,2026-09-23,23.32,2026-09-23 02:30:00,22.23,24.16,2026-09-22 00:30:00,043,660,2026-09-23 02:30:00,2026-09-23 22:30:00,2026-09-24,45.07285690307617,44.423069877406064,24.14,28.329999378749303,0.0,26.0,0.0,0,0,0,1,0,0,0,False,synthetic,54.71901248525003,66.7426462630684,70.85175809669252,75.13129957555056,ridge,CBE,Coimbatore
212,2026-09-23,2.83,2026-09-23 02:30:00,59.76,3.55,2026-09-23 00:30:00,043,240,2026-09-23 02:30:00,2026-09-23 22:30:00,2026-09-24,50.75285748073033,50.66969838130103,70.48,27.674286161150253,0.0,2.0,0.0,0,0,0,1,0,0,0,False,synthetic,32.90205615359901,44.92568993141738,49.0348017650415,53.314343243899536,ridge,CBE,Coimbatore
213,2026-09-23,4.0,2026-09-23 02:30:00,68.2,2.08,2026-09-23 00:30:00,043,1100,2026-09-23 02:30:00,2026-09-23 22:30:00,2026-09-24,70.22285679408482,74.68285447258432,40.88,39.36142812456404,0.96000004,2.0,0.0,0,0,0,1,0,0,0,False,synthetic,54.44569670249509,66.46933048031346,70.57844231393757,74.85798379279561,ridge,CBE,Coimbatore
214,2026-09-23,6.81,2026-09-23 02:30:00,98.0,5.7,2026-09-23 00:30:00,043,660,2026-09-23 02:30:00,2026-09-23 22:30:00,2026-09-24,79.6042867388044,83.88519792640491,51.47,57.13285718645368,0.55500007,2.0,0.0,0,0,0,1,0,0,0,False,synthetic,63.44319475875131,75.46682853656968,79.57594037019379,83.85548184905184,ridge,CBE,Coimbatore
215,2026-09-23,39.84,2026-09-23 02:30:00,35.23,40.52,2026-09-22 00:30:00,043,660,2026-09-23 02:30:00,2026-09-23 22:30:00,2026-09-24,58.27999932425363,58.85568128084698,33.08,35.00285693577358,0.0,26.0,0.0,0,0,0,1,0,0,0,True,synthetic,74.85682421897081,86.88045799678918,90.9895698304133,95.26911130927134,ridge,CBE,Coimbatore
216,2026-09-23,4.22,2026-09-23 02:30:00,99.18,5.16,2026-09-23 00:30:00,044,1100,2026-09-23 02:30:00,2026-09-23 22:30:00,2026-09-24,70.5471431187221,73.11145435956476,69.22,35.37285695757185,0.0,2.0,0.0,0,0,0,1,0,0,0,False,synthetic,43.49508724915057,55.51872102696894,59.62783286059306,63.907374339451096,ridge,CBE,Coimbatore
217,2026-09-23,9.35,2026-09-23 02:30:00,93.12,3.6,2026-09-23 00:30:00,044,660,2026-09-23 02:30:00,2026-09-23 22:30:00,2026-09-24,69.54428700038365,69.13072463425571,99.4,35.28142983572824,2.8750002,2.0,0.0,0,0,0,1,0,0,0,False,synthetic,44.77750452544157,56.80113830325994,60.91025013688406,65.1897916157421,ridge,CBE,Coimbatore
218,2026-09-23,1.31,2026-09-23 02:30:00,46.83,1.04,2026-09-23 00:30:00,044,240,2026-09-23 02:30:00,2026-09-23 22:30:00,2026-09-24,35.90857151576451,36.74878943774271,48.82,19.44142859322684,0.13499999,2.0,0.0,0,0,0,1,0,0,0,False,synthetic,22.324378812233213,34.34801259005158,38.4571244236757,42.73666590253374,ridge,CBE,Coimbatore
219,2026-09-23,5.91,2026-09-23 02:30:00,96.03,4.45,2026-09-23 00:30:00,044,660,2026-09-23 02:30:00,2026-09-23 22:30:00,2026-09-24,76.62142835344586,75.41664302500247,100.0,46.3285710471017,0.73,2.0,0.0,0,0,0,1,0,0,0,False,synthetic,50.86514172595539,62.88877550377376,66.99788733739788,71.2774288162559,ridge,CBE,Coimbatore
220,2026-09-23,51.69,2026-09-23 02:30:00,44.71,43.18,2026-09-22 00:30:00,044,660,2026-09-23 02:30:00,2026-09-23 22:30:00,2026-09-24,73.41000039236886,67.05371611343391,84.65,40.19571467808315,4.254999,26.0,0.0,0,0,0,1,0,0,0,True,synthetic,86.15872891749088,98.18236269530924,100.0,100.0,ridge,CBE,Coimbatore
221,2026-09-23,2.11,2026-09-23 00:30:00,58.53,2.11,2026-09-23 00:30:00,045,660,2026-09-23 02:30:00,2026-09-23 22:30:00,2026-09-24,59.56428555079869,57.126630488028496,39.8,26.89714241027832,0.0,2.0,2.0,0,0,0,1,0,0,0,False,synthetic,38.18720131425447,50.210835092072834,54.31994692569696,58.59948840455499,ridge,CBE,Coimbatore
222,2026-09-23,52.67,2026-09-23 02:30:00,81.11,50.51,2026-09-23 00:30:00,045,240,2026-09-23 02:30:00,2026-09-23 22:30:00,2026-09-24,71.355715070452,70.71785460836239,79.55,34.9900016784668,1.0799999,2.0,0.0,0,0,0,1,0,0,0,False,synthetic,75.51403806162293,87.53767183944129,91.6467836730654,95.92632515192344,ridge,CBE,Coimbatore
223,2026-09-23,0.09,2026-09-23 02:30:00,53.25,5.43,2026-09-23 00:30:00,045,660,2026-09-23 02:30:00,2026-09-23 22:30:00,2026-09-24,54.23285675048828,52.052713662446735,98.7,24.80000005449568,0.0,2.0,0.0,0,0,0,1,0,0,0,False,synthetic,31.65286544310192,43.676499220920284,47.7856110545444,52.06515253340244,ridge,CBE,Coimbatore
224,2026-09-23,8.88,2026-09-23 02:30:00,51.16,4.41,2026-09-23 00:30:00,045,1100,2026-09-23 02:30:00,2026-09-23 22:30:00,2026-09-24,46.480000904628206,45.34342335290468,48.45,24.842857360839844,2.2350001,2.0,0.0,0,0,0,1,0,0,0,False,synthetic,33.91645635315024,45.940090130968606,50.049201964592726,54.32874344345076,ridge,CBE,Coimbatore
225,2026-09-23,5.56,2026-09-23 02:30:00,73.12,2.27,2026-09-23 00:30:00,045,660,2026-09-23 02:30:00,2026-09-23 22:30:00,2026-09-24,52.14714431762695,55.87210475540495,61.22,29.252858570643838,1.645,2.0,0.0,0,0,0,1,0,0,0,True,synthetic,36.75162016774155,48.77525394555992,52.88436577918404,57.16390725804207,ridge,CBE,Coimbatore
226,2026-09-23,32.29,2026-09-23 02:30:00,30.63,32.0,2026-09-22 00:30:00,046,660,2026-09-23 02:30:00,2026-09-23 22:30:00,2026-09-24,41.43999917166574,44.035141082371176,28.02,23.845713479178293,0.14500046,26.0,0.0,0,0,0,1,0,0,0,False,synthetic,56.6820684147507,68.70570219256908,72.81481402619319,77.09435550505123,ridge,CBE,Coimbatore
227,2026-09-23,58.79,2026-09-23 02:30:00,44.42,49.89,2026-09-22 00:30:00,046,1100,2026-09-23 02:30:00,2026-09-23 22:30:00,2026-09-24,68.83857236589704,67.30887490695551,51.25,38.69428661891392,4.450001,26.0,0.0,0,0,0,1,0,0,0,False,synthetic,91.57444714476328,100.0,100.0,100.0,ridge,CBE,Coimbatore
228,2026-09-23,48.88,2026-09-23 02:30:00,38.77,47.27,2026-09-22 00:30:00,046,660,2026-09-23 02:30:00,2026-09-23 22:30:00,2026-09-24,68.51428658621651,62.83439408429725,49.16,28.651429857526505,0.8050003,26.0,0.0,0,0,0,1,0,0,0,False,synthetic,77.70323955106451,89.72687332888287,93.835985162507,98.11552664136504,ridge,CBE,Coimbatore
229,2026-09-23,14.98,2026-09-23 02:30:00,95.43,2.45,2026-09-23 00:30:00,046,660,2026-09-23 02:30:00,2026-09-23 22:30:00,2026-09-24,74.42999976021903,74.81580055199213,65.65,37.5999995640346,6.265,2.0,0.0,0,0,0,1,0,0,0,False,synthetic,53.51610438633178,65.53973816415015,69.64884999777428,73.9283914766323,ridge,CBE,Coimbatore
230,2026-09-23,15.75,2026-09-23 02:30:00,98.01,7.53,2026-09-23 00:30:00,046,660,2026-09-23 02:30:00,2026-09-23 22:30:00,2026-09-24,79.58857127598354,78.29065330667405,100.0,39.82285690307617,4.1099997,2.0,0.0,0,0,0,1,0,0,0,True,synthetic,55.74834803431118,67.77198181212955,71.88109364575367,76.1606351246117,ridge,CBE,Coimbatore
231,2026-09-23,7.64,2026-09-23 02:30:00,53.42,2.68,2026-09-23 00:30:00,047,660,2026-09-23 02:30:00,2026-09-23 22:30:00,2026-09-24,46.46571377345494,45.96664252838477,56.81,24.64714241027832,2.48,2.0,0.0,0,0,0,1,0,0,0,False,synthetic,33.089617689121155,45.11325146693952,49.22236330056364,53.50190477942168,ridge,CBE,Coimbatore
232,2026-09-23,46.88,2026-09-23 02:30:00,38.42,40.95,2026-09-22 00:30:00,047,660,2026-09-23 02:30:00,2026-09-23 22:30:00,2026-09-24,61.477142333984375,57.82120827770216,43.8,36.91714232308524,2.9650002,26.0,0.0,0,0,0,1,0,0,0,False,synthetic,77.87853438858714,89.90216816640552,94.01128000002964,98.29082147888766,ridge,CBE,Coimbatore
233,2026-09-23,0.34,2026-09-23 02:30:00,60.36,1.22,2026-09-23 00:30:00,047,660,2026-09-23 02:30:00,2026-09-23 22:30:00,2026-09-24,57.5616652170817,54.37710153099131,71.38,27.961665471394856,0.0,2.0,0.0,0,0,0,1,0,0,0,False,synthetic,32.99920683389038,45.02284061170875,49.13195244533287,53.41149392419091,ridge,CBE,Coimbatore
234,2026-09-23,5.14,2026-09-23 02:30:00,84.49,0.22,2026-09-23 00:30:00,047,1100,2026-09-23 02:30:00,2026-09-23 22:30:00,2026-09-24,73.38142939976284,70.9235459034845,94.11,34.42571585518973,2.46,2.0,0.0,0,0,0,1,0,0,0,False,synthetic,44.44636126099315,56.46999503881152,60.57910687243564,64.85864835129368,ridge,CBE,Coimbatore
235,2026-09-23,25.63,2026-09-23 02:30:00,26.49,27.85,2026-09-22 00:30:00,047,660,2026-09-23 02:30:00,2026-09-23 22:30:00,2026-09-24,47.48000063214983,44.93914311747558,32.0,28.79428700038365,0.0,26.0,0.0,0,0,0,1,0,0,0,True,synthetic,55.224026472067926,67.2476602498863,71.3567720835104,75.63631356236846,ridge,CBE,Coimbatore
236,2026-09-23,10.39,2026-09-23 02:30:00,99.5,4.43,2026-09-23 00:30:00,048,1100,2026-09-23 02:30:00,2026-09-23 22:30:00,2026-09-24,78.961427961077,78.24595115545554,100.0,44.40999930245536,2.9800003,2.0,0.0,0,0,0,1,0,0,0,False,synthetic,54.1334520453288,66.15708582314716,70.26619765677128,74.54573913562932,ridge,CBE,Coimbatore
237,2026-09-23,53.41,2026-09-23 02:30:00,46.11,52.65,2026-09-22 00:30:00,048,1100,2026-09-23 02:30:00,2026-09-23 22:30:00,2026-09-24,70.33857127598354,68.32412352014303,65.88,40.73999949863979,0.37999916,26.0,0.0,0,0,0,1,0,0,0,False,synthetic,88.72931503025062,100.0,100.0,100.0,ridge,CBE,Coimbatore
238,2026-09-23,80.27,2026-09-23 02:30:00,80.06,79.49,2026-09-21 00:30:00,048,660,2026-09-23 02:30:00,2026-09-23 22:30:00,2026-09-24,67.5233325958252,68.49011391230201,83.49,35.66166559855143,0.3899994,50.0,0.0,0,0,0,1,0,0,0,False,synthetic,99.4564891295944,100.0,100.0,100.0,ridge,CBE,Coimbatore
239,2026-09-23,62.74,2026-09-23 02:30:00,44.37,52.98,2026-09-22 00:30:00,048,660,2026-09-23 02:30:00,2026-09-23 22:30:00,2026-09-24,62.33000019618443,63.84243596545606,42.2,36.48857171194894,4.880001,26.0,0.0,0,0,0,1,0,0,0,False,synthetic,91.63828857344436,100.0,100.0,100.0,ridge,CBE,Coimbatore
240,2026-09-23,30.62,2026-09-23 02:30:00,29.59,35.29,2026-09-22 00:30:00,048,660,2026-09-23 02:30:00,2026-09-23 22:30:00,2026-09-24,56.13285718645368,57.71646906131718,39.06,32.590000425066265,0.0,26.0,0.0,0,0,0,1,0,0,0,True,synthetic,68.90356579588455,80.92719957370292,85.03631140732703,89.31585288618507,ridge,CBE,Coimbatore
241,2026-09-23,4.02,2026-09-23 02:30:00,66.74,1.16,2026-09-23 00:30:00,049,660,2026-09-23 02:30:00,2026-09-23 22:30:00,2026-09-24,60.26333236694336,59.23229202204577,76.37,29.599999109903973,1.4300001,2.0,0.0,0,0,0,1,0,0,0,False,synthetic,38.38031308071123,50.4039468585296,54.51305869215372,58.79260017101176,ridge,CBE,Coimbatore
242,2026-09-23,6.01,2026-09-23 02:30:00,48.69,3.6,2026-09-23 00:30:00,049,1100,2026-09-23 02:30:00,2026-09-23 22:30:00,2026-09-24,53.86571339198521,51.34569551671237,62.84,28.17142677307129,1.2050002,2.0,0.0,0,0,0,1,0,0,0,False,synthetic,37.67734870335809,49.70098248117646,53.81009431480058,58.089635793658616,ridge,CBE,Coimbatore
243,2026-09-23,7.17,2026-09-23 02:30:00,100.0,6.58,2026-09-23 00:30:00,049,660,2026-09-23 02:30:00,2026-09-23 22:30:00,2026-09-24,83.35000038146973,84.65954198623596,,39.21000099182129,0.29500008,2.0,0.0,0,0,0,1,0,0,0,False,synthetic,54.43809937545934,66.4617331532777,70.57084498690182,74.85038646575987,ridge,CBE,Coimbatore
244,2026-09-23,37.68,2026-09-23 02:30:00,34.04,37.65,2026-09-22 00:30:00,049,660,2026-09-23 02:30:00,2026-09-23 22:30:00,2026-09-24,55.1542854309082,54.403746496461125,41.24,31.77571405683245,0.01499939,26.0,0.0,0,0,0,1,0,0,0,False,synthetic,68.89297404296892,80.91660782078728,85.0257196544114,89.30526113326944,ridge,CBE,Coimbatore
245,2026-09-23,81.84,2026-09-23 02:30:00,75.58,81.9,2026-09-21 00:30:00,049,660,2026-09-23 02:30:00,2026-09-23 22:30:00,2026-09-24,64.18285805838448,66.9643875805984,30.32,31.150001525878903,0.0,50.0,0.0,0,0,0,1,0,0,0,True,synthetic,99.27734202872938,100.0,100.0,100.0,ridge,CBE,Coimbatore
246,2026-09-23,26.86,2026-09-23 02:30:00,19.47,22.73,2026-09-22 00:30:00,050,660,2026-09-23 02:30:00,2026-09-23 22:30:00,2026-09-24,45.512857164655415,45.780645638043865,32.96,25.751428604125977,2.0650005,26.0,0.0,0,0,0,1,0,0,0,False,synthetic,57.616213763432185,69.63984754125056,73.74895937487467,78.02850085373271,ridge,CBE,Coimbatore
247,2026-09-23,43.05,2026-09-23 02:30:00,30.47,33.98,2026-09-22 00:30:00,050,660,2026-09-23 02:30:00,2026-09-23 22:30:00,2026-09-24,62.301666577657066,61.768596474998965,47.1,34.00000031789144,4.535,26.0,0.0,0,0,0,1,0,0,0,False,synthetic,79.54667151598615,91.57030529380452,95.67941712742864,99.95895860628669,ridge,CBE,Coimbatore
248,2026-09-23,6.25,2026-09-23 02:30:00,77.17,1.36,2026-09-23 00:30:00,050,1100,2026-09-23 02:30:00,2026-09-23 22:30:00,2026-09-24,57.13142776489258,59.666514843260245,65.03,31.774285180228095,2.445,2.0,0.0,0,0,0,1,0,0,0,False,synthetic,39.63589181637492,51.65952559419329,55.76863742781741,60.048178906675446,ridge,CBE,Coimbatore
249,2026-09-23,5.61,2026-09-23 02:30:00,69.17,5.84,2026-09-23 00:30:00,050,660,2026-09-23 02:30:00,2026-09-23 22:30:00,2026-09-24,55.91857092721121,57.49116332890979,49.1,29.224285125732425,0.0,2.0,0.0,0,0,0,1,0,0,0,False,synthetic,38.19800357609761,50.22163735391598,54.3307491875401,58.610290666398136,ridge,CBE,Coimbatore
250,2026-09-23,6.9,2026-09-23 02:30:00,94.17,1.15,2026-09-23 00:30:00,050,660,2026-09-23 02:30:00,2026-09-23 22:30:00,2026-09-24,56.80428532191685,62.17192937953308,35.19,27.898571286882675,2.875,2.0,0.0,0,0,0,1,0,0,0,True,synthetic,36.931685561544526,48.955319339362894,53.06443117298701,57.34397265184505,ridge,CBE,Coimbatore
251,2026-09-23,11.61,2026-09-23 02:30:00,,6.72,2026-09-23 00:30:00,051,660,2026-09-23 02:30:00,2026-09-23 22:30:00,2026-09-24,76.63499959309895,74.7622186084127,65.02,48.02000109354655,2.445,2.0,0.0,0,0,0,1,0,0,0,False,synthetic,63.192322434938845,75.21595621275722,79.32506804638133,83.60460952523937,ridge,CBE,Coimbatore
252,2026-09-23,37.25,2026-09-23 02:30:00,24.75,30.17,2026-09-22 00:30:00,051,660,2026-09-23 02:30:00,2026-09-23 22:30:00,2026-09-24,64.24142837524414,63.90153701960707,39.03,36.320000239780974,3.54,26.0,0.0,0,0,0,1,0,0,0,False,synthetic,79.81147709153291,91.83511086935128,95.9442227029754,100.0,ridge,CBE,Coimbatore
253,2026-09-23,6.19,2026-09-23 02:30:00,66.73,4.31,2026-09-23 00:30:00,051,660,2026-09-23 02:30:00,2026-09-23 22:30:00,2026-09-24,54.758572169712615,53.88850341687183,65.85,30.127143587384904,0.94000006,2.0,0.0,0,0,0,1,0,0,0,False,synthetic,36.51093981073902,48.534573588557386,52.64368542218151,56.92322690103954,ridge,CBE,Coimbatore
254,2026-09-23,13.8,2026-09-23 02:30:00,97.08,5.55,2026-09-23 00:30:00,051,1100,2026-09-23 02:30:00,2026-09-23 22:30:00,2026-09-24,76.66999980381557,76.31633951348668,100.0,36.24142810276577,4.125,2.0,0.0,0,0,0,1,0,0,0,False,synthetic,51.93427070492139,63.95790448273976,68.06701631636388,72.34655779522191,ridge,CBE,Coimbatore
255,2026-09-23,6.09,2026-09-23 02:30:00,74.34,0.61,2026-09-23 00:30:00,051,660,2026-09-23 02:30:00,2026-09-23 22:30:00,2026-09-24,71.83714239937919,69.01588160172648,99.14,36.32285581316267,2.74,2.0,0.0,0,0,0,1,0,0,0,True,synthetic,47.02401797545567,59.04765175327404,63.15676358689816,67.43630506575619,ridge,CBE,Coimbatore
256,2026-09-23,8.04,2026-09-23 02:30:00,92.56,2.09,2026-09-23 00:30:00,052,660,2026-09-23 02:30:00,2026-09-23 22:30:00,2026-09-24,94.2414278302874,93.06266866065025,99.82,60.697142464774,2.975,2.0,0.0,0,0,0,1,0,0,0,False,synthetic,71.76617656753733,83.7898103453557,87.89892217897982,92.17846365783784,ridge,CBE,Coimbatore
257,2026-09-23,86.63,2026-09-23 02:30:00,70.58,79.72,2026-09-22 00:30:00,052,1100,2026-09-23 02:30:00,2026-09-23 22:30:00,2026-09-24,87.94142804827008,86.52110942489892,75.47,57.34285736083984,3.454998,26.0,0.0,0,0,0,1,0,0,0,False,synthetic,100.0,100.0,100.0,100.0,ridge,CBE,Coimbatore
258,2026-09-23,11.58,2026-09-23 02:30:00,85.48,7.03,2026-09-23 00:30:00,052,660,2026-09-23 02:30:00,2026-09-23 22:30:00,2026-09-24,83.09714453560966,86.47902217092602,75.94,56.968575613839285,2.2749999,2.0,0.0,0,0,0,1,0,0,0,False,synthetic,70.78098390490365,82.80461768272201,86.91372951634614,91.19327099520416,ridge,CBE,Coimbatore
259,2026-09-23,46.8,2026-09-23 02:30:00,35.96,42.54,2026-09-22 00:30:00,052,660,2026-09-23 02:30:00,2026-09-23 22:30:00,2026-09-24,76.56499862670898,69.15369516200377,97.51,43.19999885559082,2.1299992,26.0,0.0,0,0,0,1,0,0,0,False,synthetic,87.37390535612487,99.39753913394324,100.0,100.0,ridge,CBE,Coimbatore
260,2026-09-23,76.53,2026-09-23 02:30:00,71.03,76.85,2026-09-22 00:30:00,052,660,2026-09-23 02:30:00,2026-09-23 22:30:00,2026-09-24,74.51142883300781,73.80017390858227,63.05,48.15285764421736,0.0,26.0,0.0,0,0,0,1,0,0,0,True,synthetic,100.0,100.0,100.0,100.0,ridge,CBE,Coimbatore
261,2026-09-23,57.99,2026-09-23 02:30:00,52.51,50.97,2026-09-22 00:30:00,053,660,2026-09-23 02:30:00,2026-09-23 22:30:00,2026-09-24,73.8933334350586,71.11072203894656,,37.33333269755045,3.5100002,26.0,0.0,0,0,0,1,0,0,0,False,synthetic,90.58206058715568,100.0,100.0,100.0,ridge,CBE,Coimbatore
262,2026-09-23,48.53,2026-09-23 02:30:00,48.51,47.37,2026-09-22 00:30:00,053,240,2026-09-23 02:30:00,2026-09-23 22:30:00,2026-09-24,79.0499997820173,75.21484109939082,94.29,33.18714196341379,0.5799999,26.0,0.0,0,0,0,1,0,0,0,False,synthetic,85.57684866441966,97.60048244223802,100.0,100.0,ridge,CBE,Coimbatore
263,2026-09-23,59.38,2026-09-23 02:30:00,59.78,64.35,2026-09-22 00:30:00,053,1100,2026-09-23 02:30:00,2026-09-23 22:30:00,2026-09-24,74.2042852129255,75.75342515222374,74.51,36.48857089451381,0.0,26.0,0.0,0,0,0,1,0,0,0,False,synthetic,93.0735625243942,100.0,100.0,100.0,ridge,CBE,Coimbatore
264,2026-09-23,9.23,2026-09-23 02:30:00,96.93,4.61,2026-09-23 00:30:00,053,240,2026-09-23 02:30:00,2026-09-23 22:30:00,2026-09-24,75.57142966134208,77.76721201064137,54.7,46.85571507045201,2.3099997,2.0,0.0,0,0,0,1,0,0,0,False,synthetic,56.030251782167454,68.05388555998582,72.16299739360994,76.44253887246798,ridge,CBE,Coimbatore
265,2026-09-23,43.77,2026-09-23 02:30:00,38.47,41.56,2026-09-22 00:30:00,053,1100,2026-09-23 02:30:00,2026-09-23 22:30:00,2026-09-24,68.08285685947963,66.03032028646103,46.48,39.8499995640346,1.1049995,26.0,0.0,0,0,0,1,0,0,0,True,synthetic,82.8589729678947,94.88260674571308,98.9917185793372,100.0,ridge,CBE,Coimbatore
266,2026-09-23,6.58,2026-09-23 02:30:00,76.81,2.23,2026-09-23 00:30:00,054,660,2026-09-23 02:30:00,2026-09-23 22:30:00,2026-09-24,54.58142798287528,55.06537136312522,84.77,28.76571355547224,2.175,2.0,0.0,0,0,0,1,0,0,0,False,synthetic,34.791349396635425,46.81498317445379,50.92409500807791,55.20363648693595,ridge,CBE,Coimbatore
267,2026-09-23,8.3,2026-09-23 02:30:00,53.75,1.38,2026-09-23 00:30:00,054,660,2026-09-23 02:30:00,2026-09-23 22:30:00,2026-09-24,75.61500040690105,72.93514592407129,,48.77333450317383,3.46,2.0,0.0,0,0,0,1,0,0,0,False,synthetic,62.21719648543051,74.24083026324888,78.34994209687301,82.62948357573103,ridge,CBE,Coimbatore
268,2026-09-23,6.11,2026-09-23 02:30:00,74.85,3.45,2026-09-23 00:30:00,054,240,2026-09-23 02:30:00,2026-09-23 22:30:00,2026-09-24,65.12285723005023,65.92647230170124,72.4,34.768571036202566,1.33,2.0,0.0,0,0,0,1,0,0,0,False,synthetic,45.16119904886589,57.18483282668426,61.29394466030838,65.57348613916642,ridge,CBE,Coimbatore
269,2026-09-23,9.08,2026-09-23 02:30:00,97.23,5.77,2026-09-23 00:30:00,054,660,2026-09-23 02:30:00,2026-09-23 22:30:00,2026-09-24,76.4457141331264,78.55446094296045,62.27,39.18142863682338,1.655,2.0,0.0,0,0,0,1,0,0,0,False,synthetic,52.56248839916648,64.58612217698484,68.69523401060897,72.974775489467,ridge,CBE,Coimbatore
270,2026-09-23,13.98,2026-09-23 02:30:00,,1.97,2026-09-23 00:30:00,054,660,2026-09-23 02:30:00,2026-09-23 22:30:00,2026-09-24,76.21600036621093,76.05972457206175,84.04,67.16600036621094,6.0049996,2.0,0.0,0,0,0,1,0,0,0,True,synthetic,75.16271805678679,87.18635183460515,91.29546366822927,95.57500514708732,ridge,CBE,Coimbatore
271,2026-09-23,78.69,2026-09-23 02:30:00,59.41,72.61,2026-09-22 00:30:00,055,1100,2026-09-23 02:30:00,2026-09-23 22:30:00,2026-09-24,78.32428632463727,77.24249142414067,69.22,41.37000165666853,3.040001,26.0,0.0,0,0,0,1,0,0,0,False,synthetic,100.0,100.0,100.0,100.0,ridge,CBE,Coimbatore
272,2026-09-23,14.29,2026-09-23 02:30:00,,4.22,2026-09-23 00:30:00,055,1100,2026-09-23 02:30:00,2026-09-23 22:30:00,2026-09-24,78.94499969482422,84.91878104093104,41.67,49.05999946594238,5.035,2.0,0.0,0,0,0,1,0,0,0,False,synthetic,74.47880163571348,86.50243541353186,90.61154724715595,94.891088726014,ridge,CBE,Coimbatore
273,2026-09-23,52.75,2026-09-23 02:30:00,48.9,51.06,2026-09-22 00:30:00,055,660,2026-09-23 02:30:00,2026-09-23 22:30:00,2026-09-24,64.79833348592122,65.34567173200678,45.28,40.268333435058594,0.8449993,26.0,0.0,0,0,0,1,0,0,0,False,synthetic,86.3846926078541,98.40832638567248,100.0,100.0,ridge,CBE,Coimbatore
274,2026-09-23,11.04,2026-09-23 02:30:00,100.0,3.82,2026-09-23 00:30:00,055,1100,2026-09-23 02:30:00,2026-09-23 22:30:00,2026-09-24,83.89428547450474,89.13570596458005,37.69,49.96142959594727,3.6100001,2.0,0.0,0,0,0,1,0,0,0,False,synthetic,66.39035880737515,78.41399258519351,82.52310441881764,86.80264589767567,ridge,CBE,Coimbatore
275,2026-09-23,53.6,2026-09-23 02:30:00,81.14,47.97,2026-09-23 00:30:00,055,660,2026-09-23 02:30:00,2026-09-23 22:30:00,2026-09-24,79.90857097080776,76.39424575180963,100.0,39.87142835344587,2.8149986,2.0,0.0,0,0,0,1,0,0,0,True,synthetic,81.40284710141945,93.42648087923784,97.53559271286194,100.0,ridge,CBE,Coimbatore
276,2026-09-23,8.76,2026-09-23 02:30:00,99.19,5.79,2026-09-23 00:30:00,056,660,2026-09-23 02:30:00,2026-09-23 22:30:00,2026-09-24,81.23428671700614,84.05621866771969,100.0,32.59714344569615,1.4850001,2.0,0.0,0,0,0,1,0,0,0,False,synthetic,52.25612743460932,64.27976121242769,68.3888730460518,72.66841452490985,ridge,CBE,Coimbatore
277,2026-09-23,88.71,2026-09-23 02:30:00,87.55,88.29,2026-09-21 00:30:00,056,660,2026-09-23 02:30:00,2026-09-23 22:30:00,2026-09-24,78.04285757882255,74.34559347099348,99.24,36.87857164655413,0.20999908,50.0,0.0,0,0,0,1,0,0,0,False,synthetic,100.0,100.0,100.0,100.0,ridge,CBE,Coimbatore
278,2026-09-23,61.61,2026-09-23 02:30:00,51.83,56.55,2026-09-22 00:30:00,056,1100,2026-09-23 02:30:00,2026-09-23 22:30:00,2026-09-24,68.52833302815755,68.66381775699891,52.97,50.13499959309896,2.5300007,26.0,0.0,0,0,0,1,0,0,0,False,synthetic,98.0079646690766,100.0,100.0,100.0,ridge,CBE,Coimbatore
279,2026-09-23,58.9,2026-09-23 02:30:00,46.59,55.85,2026-09-22 00:30:00,056,660,2026-09-23 02:30:00,2026-09-23 22:30:00,2026-09-24,60.2028568812779,60.66661513529973,42.99,34.34142875671387,1.5250015,26.0,0.0,0,0,0,1,0,0,0,False,synthetic,84.94935150206933,96.9729852798877,100.0,100.0,ridge,CBE,Coimbatore
280,2026-09-23,14.76,2026-09-23 02:30:00,97.3,3.8,2026-09-23 00:30:00,056,1100,2026-09-23 02:30:00,2026-09-23 22:30:00,2026-09-24,94.68000030517578,92.31777463733292,97.61,60.83714294433594,5.48,2.0,0.0,0,0,0,1,0,0,0,True,synthetic,74.36087975026952,86.3845135280879,90.493625361712,94.77316684057004,ridge,CBE,Coimbatore
281,2026-09-23,7.91,2026-09-23 02:30:00,100.0,4.2,2026-09-23 00:30:00,057,1100,2026-09-23 02:30:00,2026-09-23 22:30:00,2026-09-24,76.66428538731166,79.74828118479897,63.03,50.32142802647182,1.855,2.0,0.0,0,0,0,1,0,0,0,False,synthetic,57.39426598051441,69.41789975833278,73.52701159195689,77.80655307081494,ridge,CBE,Coimbatore
282,2026-09-23,66.5,2026-09-23 02:30:00,51.78,56.53,2026-09-22 00:30:00,057,1100,2026-09-23 02:30:00,2026-09-23 22:30:00,2026-09-24,73.0042860848563,71.77093696433572,60.35,40.31571415492466,4.9850006,26.0,0.0,0,0,0,1,0,0,0,False,synthetic,98.4025445788548,100.0,100.0,100.0,ridge,CBE,Coimbatore
283,2026-09-23,63.82,2026-09-23 02:30:00,51.81,59.59,2026-09-22 00:30:00,057,1100,2026-09-23 02:30:00,2026-09-23 22:30:00,2026-09-24,75.2983341217041,72.80982517666689,69.32,64.72000249226888,2.1149998,26.0,0.0,0,0,0,1,0,0,0,False,synthetic,100.0,100.0,100.0,100.0,ridge,CBE,Coimbatore
284,2026-09-23,18.01,2026-09-23 02:30:00,65.68,7.65,2026-09-23 00:30:00,057,1100,2026-09-23 02:30:00,2026-09-23 22:30:00,2026-09-24,77.03499984741211,74.87516549236281,81.04,47.25,5.1800003,2.0,0.0,0,0,0,1,0,0,0,False,synthetic,66.0918271545203,78.11546093233866,82.22457276596279,86.50411424482083,ridge,CBE,Coimbatore
285,2026-09-23,14.62,2026-09-23 02:30:00,78.54,0.0,2026-09-23 00:30:00,057,660,2026-09-23 02:30:00,2026-09-23 22:30:00,2026-09-24,85.48571395874023,83.30237639669795,99.09,49.43428584507534,7.31,2.0,0.0,0,0,0,1,0,0,0,True,synthetic,67.67920821593908,79.70284199375746,83.81195382738157,88.09149530623961,ridge,CBE,Coimbatore
286,2026-09-23,14.62,2026-09-23 02:30:00,100.0,6.47,2026-09-23 00:30:00,058,240,2026-09-23 02:30:00,2026-09-23 22:30:00,2026-09-24,80.22285624912807,81.26890398591249,55.78,37.34428460257394,4.075,2.0,0.0,0,0,0,1,0,0,0,False,synthetic,56.436278507932045,68.45991228575042,72.56902411937453,76.84856559823257,ridge,CBE,Coimbatore
287,2026-09-23,59.69,2026-09-23 02:30:00,55.34,59.79,2026-09-22 00:30:00,058,1100,2026-09-23 02:30:00,2026-09-23 22:30:00,2026-09-24,63.38571439470564,64.33706203983301,43.61,42.45000049046108,0.0,26.0,0.0,0,0,0,1,0,0,0,False,synthetic,89.49308309101404,100.0,100.0,100.0,ridge,CBE,Coimbatore
288,2026-09-23,5.16,2026-09-23 02:30:00,96.46,5.62,2026-09-23 00:30:00,058,660,2026-09-23 02:30:00,2026-09-23 22:30:00,2026-09-24,83.20142854963031,80.69919746554164,100.0,50.96142796107701,0.0,2.0,0.0,0,0,0,1,0,0,0,False,synthetic,55.60266660145839,67.62630037927676,71.73541221290088,76.0149536917589,ridge,CBE,Coimbatore
289,2026-09-23,30.7,2026-09-23 02:30:00,30.43,26.15,2026-09-22 00:30:00,058,1100,2026-09-23 02:30:00,2026-09-23 22:30:00,2026-09-24,57.68285751342773,51.05642183362709,68.48,26.64285768781389,2.2750006,26.0,0.0,0,0,0,1,0,0,0,False,synthetic,59.28089721671036,71.30453099452873,75.41364282815285,79.69318430701088,ridge,CBE,Coimbatore
290,2026-09-23,62.9,2026-09-23 02:30:00,56.41,56.32,2026-09-22 00:30:00,058,660,2026-09-23 02:30:00,2026-09-23 22:30:00,2026-09-24,75.51142883300781,73.97884470981192,67.0,41.86142948695591,3.290001,26.0,0.0,0,0,0,1,0,0,0,True,synthetic,96.97947380300631,100.0,100.0,100.0,ridge,CBE,Coimbatore
291,2026-09-23,71.95,2026-09-23 02:30:00,65.72,69.19,2026-09-22 00:30:00,059,1100,2026-09-23 02:30:00,2026-09-23 22:30:00,2026-09-24,72.4442858014788,74.68797857546531,53.6,43.2942864554269,1.3799973,26.0,0.0,0,0,0,1,0,0,0,False,synthetic,100.0,100.0,100.0,100.0,ridge,CBE,Coimbatore
292,2026-09-23,52.78,2026-09-23 02:30:00,,51.21,2026-09-22 00:30:00,059,660,2026-09-23 02:30:00,2026-09-23 22:30:00,2026-09-24,67.90333302815755,71.92167309465871,52.52,38.481666247049965,0.78499985,26.0,0.0,0,0,0,1,0,0,0,False,synthetic,87.55242782746828,99.57606160528664,100.0,100.0,ridge,CBE,Coimbatore
293,2026-09-23,58.27,2026-09-23 02:30:00,50.9,57.51,2026-09-22 00:30:00,059,1100,2026-09-23 02:30:00,2026-09-23 22:30:00,2026-09-24,61.58571515764509,67.33605527679144,33.09,34.567143304007395,0.38000107,26.0,0.0,0,0,0,1,0,0,0,False,synthetic,89.26577836656787,100.0,100.0,100.0,ridge,CBE,Coimbatore
294,2026-09-23,8.52,2026-09-23 02:30:00,78.93,0.0,2026-09-23 00:30:00,059,660,2026-09-23 02:30:00,2026-09-23 22:30:00,2026-09-24,78.6528570992606,74.73739581188717,59.51,38.52285739353725,4.26,2.0,0.0,0,0,0,1,0,0,0,False,synthetic,52.57753210996697,64.60116588778533,68.71027772140945,72.98981920026749,ridge,CBE,Coimbatore
295,2026-09-23,7.03,2026-09-23 02:30:00,99.1,7.53,2026-09-23 00:30:00,059,660,2026-09-23 02:30:00,2026-09-23 22:30:00,2026-09-24,80.07857077462333,85.00923809930491,48.62,34.787143162318635,0.0,2.0,0.0,0,0,0,1,0,0,0,True,synthetic,53.71786826339356,65.74150204121193,69.85061387483604,74.13015535369408,ridge,CBE,Coimbatore
296,2026-09-23,14.6,2026-09-23 02:30:00,93.5,4.48,2026-09-23 00:30:00,060,240,2026-09-23 02:30:00,2026-09-23 22:30:00,2026-09-24,67.75428581237793,69.46307471190306,44.76,31.87142835344587,5.0600004,2.0,0.0,0,0,0,1,0,0,0,False,synthetic,47.926981997840656,59.950615775659024,64.05972760928314,68.33926908814118,ridge,CBE,Coimbatore
297,2026-09-23,37.89,2026-09-23 02:30:00,36.8,37.75,2026-09-22 00:30:00,060,660,2026-09-23 02:30:00,2026-09-23 22:30:00,2026-09-24,60.562857491629465,60.14459442947367,44.09,31.60142844063895,0.069999695,26.0,0.0,0,0,0,1,0,0,0,False,synthetic,72.1645712671106,84.18820504492896,88.29731687855309,92.57685835741113,ridge,CBE,Coimbatore
298,2026-09-23,40.33,2026-09-23 02:30:00,40.11,42.19,2026-09-22 00:30:00,060,660,2026-09-23 02:30:00,2026-09-23 22:30:00,2026-09-24,66.5942862374442,60.30084851648442,73.19,32.174285888671875,0.0,26.0,0.0,0,0,0,1,0,0,0,False,synthetic,71.62530101704715,83.64893479486551,87.75804662848964,92.03758810734767,ridge,CBE,Coimbatore
299,2026-09-23,32.87,2026-09-23 02:30:00,31.91,29.48,2026-09-22 00:30:00,060,660,2026-09-23 02:30:00,2026-09-23 22:30:00,2026-09-24,51.73428644452776,50.214802624855466,31.87,29.752857208251957,1.6949997,26.0,0.0,0,0,0,1,0,0,0,False,synthetic,62.76490601016309,74.78853978798145,78.89765162160558,83.17719310046361,ridge,CBE,Coimbatore
300,2026-09-23,62.08,2026-09-23 02:30:00,53.58,61.43,2026-09-22 00:30:00,060,660,2026-09-23 02:30:00,2026-09-23 22:30:00,2026-09-24,77.9414291381836,75.43737169232429,98.62,38.24571446010045,0.32500076,26.0,0.0,0,0,0,1,0,0,0,True,synthetic,95.53094916349362,100.0,100.0,100.0,ridge,CBE,Coimbatore
301,2026-09-23,8.65,2026-09-23 02:30:00,51.71,0.33,2026-09-23 00:30:00,061,240,2026-09-23 02:30:00,2026-09-23 22:30:00,2026-09-24,44.1285719190325,40.9129821703917,45.27,19.417143412998744,4.16,2.0,0.0,0,0,0,1,0,0,0,False,synthetic,28.008257474185434,40.0318912520038,44.14100308562792,48.42054456448596,ridge,CBE,Coimbatore
302,2026-09-23,9.41,2026-09-23 02:30:00,100.0,6.36,2026-09-23 00:30:00,061,660,2026-09-23 02:30:00,2026-09-23 22:30:00,2026-09-24,75.66714205060687,78.49318720163431,87.71,40.77999905177525,1.5249999,2.0,0.0,0,0,0,1,0,0,0,False,synthetic,52.733149128059125,64.75678290587749,68.86589473950161,73.14543621835965,ridge,CBE,Coimbatore
303,2026-09-23,59.19,2026-09-23 02:30:00,56.7,59.03,2026-09-22 00:30:00,061,1100,2026-09-23 02:30:00,2026-09-23 22:30:00,2026-09-24,71.29714257376534,69.93223370231448,59.26,42.16857201712472,0.07999992,26.0,0.0,0,0,0,1,0,0,0,False,synthetic,91.74012134974755,100.0,100.0,100.0,ridge,CBE,Coimbatore
304,2026-09-23,100.0,2026-09-23 02:30:00,100.0,100.0,2026-09-21 00:30:00,061,1100,2026-09-23 02:30:00,2026-09-23 22:30:00,2026-09-24,76.88571439470563,78.39355583220909,92.64,42.522856848580496,0.0,50.0,0.0,0,0,0,1,0,0,0,False,synthetic,100.0,100.0,100.0,100.0,ridge,CBE,Coimbatore
305,2026-09-23,8.16,2026-09-23 02:30:00,98.17,5.0,2026-09-23 00:30:00,061,660,2026-09-23 02:30:00,2026-09-23 22:30:00,2026-09-24,70.99714279174805,71.74214179065368,81.01,39.48428562709263,1.5799999,2.0,0.0,0,0,0,1,0,0,0,True,synthetic,46.85591519803066,58.87954897584903,62.988660809473146,67.26820228833118,ridge,CBE,Coimbatore
306,2026-09-23,34.85,2026-09-23 02:30:00,30.08,32.04,2026-09-22 00:30:00,062,660,2026-09-23 02:30:00,2026-09-23 22:30:00,2026-09-24,50.30571365356445,47.25610483428581,40.37,29.13999884469169,1.4049988,26.0,0.0,0,0,0,1,0,0,0,False,synthetic,61.689833768645386,73.71346754646376,77.82257938008787,82.10212085894591,ridge,CBE,Coimbatore
307,2026-09-23,6.04,2026-09-23 02:30:00,78.25,4.45,2026-09-23 00:30:00,062,1100,2026-09-23 02:30:00,2026-09-23 22:30:00,2026-09-24,62.2533327738444,63.434566384618265,64.06,34.85333251953125,0.7950001,2.0,0.0,0,0,0,1,0,0,0,False,synthetic,42.69043717494215,54.71407095276052,58.82318278638464,63.10272426524267,ridge,CBE,Coimbatore
308,2026-09-23,41.58,2026-09-23 02:30:00,35.59,33.09,2026-09-22 00:30:00,062,660,2026-09-23 02:30:00,2026-09-23 22:30:00,2026-09-24,71.59000069754464,67.06824003522188,44.32,43.66571480887277,4.245001,26.0,0.0,0,0,0,1,0,0,0,False,synthetic,84.50152019077554,96.52515396859393,100.0,100.0,ridge,CBE,Coimbatore
309,2026-09-23,44.64,2026-09-23 02:30:00,30.65,38.77,2026-09-22 00:30:00,062,660,2026-09-23 02:30:00,2026-09-23 22:30:00,2026-09-24,45.70857157026018,44.22785320832669,32.29,27.00571414402553,2.9349995,26.0,0.0,0,0,0,1,0,0,0,False,synthetic,65.27088339558333,77.29451717340169,81.40362900702581,85.68317048588385,ridge,CBE,Coimbatore
310,2026-09-23,1.61,2026-09-23 02:30:00,60.65,4.92,2026-09-23 00:30:00,062,660,2026-09-23 02:30:00,2026-09-23 22:30:00,2026-09-24,40.43714359828404,42.263922934889656,43.54,21.01714379446847,0.0,2.0,0.0,0,0,0,1,0,0,0,True,synthetic,23.982307323722083,36.00594110154045,40.11505293516457,44.394594414022606,ridge,CBE,Coimbatore
311,2026-09-23,2.32,2026-09-23 02:30:00,77.31,6.79,2026-09-23 00:30:00,063,1100,2026-09-23 02:30:00,2026-09-23 22:30:00,2026-09-24,53.56142834254673,57.64704296919084,72.77,30.64571421486991,0.0,2.0,0.0,0,0,0,1,0,0,0,False,synthetic,35.47208528898403,47.4957190668024,51.60483090042652,55.88437237928456,ridge,CBE,Coimbatore
312,2026-09-23,7.37,2026-09-23 02:30:00,100.0,6.28,2026-09-23 00:30:00,063,1100,2026-09-23 02:30:00,2026-09-23 22:30:00,2026-09-24,88.68714414324079,87.77664687065726,74.93,40.92714418683733,0.54499984,2.0,0.0,0,0,0,1,0,0,0,False,synthetic,56.75251114204114,68.77614491985952,72.88525675348363,77.16479823234167,ridge,CBE,Coimbatore
313,2026-09-23,43.18,2026-09-23 02:30:00,32.18,37.2,2026-09-22 00:30:00,063,660,2026-09-23 02:30:00,2026-09-23 22:30:00,2026-09-24,65.62857110159737,64.80376190176946,39.88,37.97142791748047,2.9899998,26.0,0.0,0,0,0,1,0,0,0,False,synthetic,82.92507259843701,94.9487063762554,99.0578182098795,100.0,ridge,CBE,Coimbatore
314,2026-09-23,8.45,2026-09-23 02:30:00,80.7,1.09,2026-09-23 00:30:00,063,240,2026-09-23 02:30:00,2026-09-23 22:30:00,2026-09-24,80.31142915998187,80.36910097451512,62.99,63.01143046787807,3.6799998,2.0,0.0,0,0,0,1,0,0,0,False,synthetic,68.27382501139643,80.2974587892148,84.40657062283891,88.68611210169695,ridge,CBE,Coimbatore
315,2026-09-23,18.58,2026-09-23 02:30:00,100.0,2.83,2026-09-23 00:30:00,063,240,2026-09-23 02:30:00,2026-09-23 22:30:00,2026-09-24,87.08571352277484,88.94389255604622,100.0,51.47999790736607,7.875,2.0,0.0,0,0,0,1,0,0,0,True,synthetic,70.85223897878548,82.87587275660385,86.98498459022797,91.264526069086,ridge,CBE,Coimbatore
316,2026-09-23,7.16,2026-09-23 02:30:00,95.26,6.76,2026-09-23 00:30:00,064,1100,2026-09-23 02:30:00,2026-09-23 22:30:00,2026-09-24,77.98000063214984,77.8112457613821,97.28,41.82142857142857,0.19999981,2.0,0.0,0,0,0,1,0,0,0,False,synthetic,51.46334752356643,63.4869813013848,67.59609313500891,71.87563461386696,ridge,CBE,Coimbatore
317,2026-09-23,32.62,2026-09-23 02:30:00,29.76,29.0,2026-09-22 00:30:00,064,1100,2026-09-23 02:30:00,2026-09-23 22:30:00,2026-09-24,43.218571526663645,44.01806905938908,30.82,26.888571330479213,1.8099995,26.0,0.0,0,0,0,1,0,0,0,False,synthetic,58.18289824607997,70.20653202389835,74.31564385752246,78.5951853363805,ridge,CBE,Coimbatore
318,2026-09-23,39.5,2026-09-23 02:30:00,34.69,39.18,2026-09-22 00:30:00,064,1100,2026-09-23 02:30:00,2026-09-23 22:30:00,2026-09-24,57.534285409109934,58.1518667442034,36.53,34.32857050214495,0.15999985,26.0,0.0,0,0,0,1,0,0,0,False,synthetic,73.90085460336769,85.92448838118605,90.03360021481018,94.3131416936682,ridge,CBE,Coimbatore
319,2026-09-23,41.26,2026-09-23 02:30:00,35.28,35.34,2026-09-22 00:30:00,064,1100,2026-09-23 02:30:00,2026-09-23 22:30:00,2026-09-24,66.855712890625,63.93257620665246,58.87,36.19142641339983,2.959999,26.0,0.0,0,0,0,1,0,0,0,False,synthetic,78.82395058548758,90.84758436330594,94.95669619693008,99.2362376757881,ridge,CBE,Coimbatore
320,2026-09-23,5.26,2026-09-23 02:30:00,90.74,4.9,2026-09-23 00:30:00,064,1100,2026-09-23 02:30:00,2026-09-23 22:30:00,2026-09-24,65.79571424211774,70.85872560002778,35.39,39.387142998831614,0.18000007,2.0,0.0,0,0,0,1,0,0,0,True,synthetic,47.45240414930991,59.47603792712828,63.5851497607524,67.86469123961044,ridge,CBE,Coimbatore
321,2026-09-23,5.07,2026-09-23 02:30:00,99.32,6.36,2026-09-23 00:30:00,065,660,2026-09-23 02:30:00,2026-09-23 22:30:00,2026-09-24,80.29714257376534,82.4449069070115,55.63,37.26714379446848,0.0,2.0,0.0,0,0,0,1,0,0,0,False,synthetic,51.18965361975358,63.213287397571946,67.32239923119607,71.6019407100541,ridge,CBE,Coimbatore
322,2026-09-23,4.49,2026-09-23 00:30:00,100.0,4.49,2026-09-23 00:30:00,065,660,2026-09-23 02:30:00,2026-09-23 22:30:00,2026-09-24,84.97714287894112,87.12744741565407,100.0,47.37428447178432,0.0,2.0,2.0,0,0,0,1,0,0,0,False,synthetic,59.91804575972149,71.94167953753987,76.05079137116398,80.33033285002202,ridge,CBE,Coimbatore
323,2026-09-23,41.29,2026-09-23 02:30:00,38.79,37.63,2026-09-22 00:30:00,065,660,2026-09-23 02:30:00,2026-09-23 22:30:00,2026-09-24,55.51428549630301,55.83777782943027,48.67,32.83000019618443,1.8299999,26.0,0.0,0,0,0,1,0,0,0,False,synthetic,71.86002719297855,83.88366097079691,87.99277280442104,92.27231428327909,ridge,CBE,Coimbatore
324,2026-09-23,45.45,2026-09-23 00:30:00,45.3,45.45,2026-09-22 00:30:00,065,1100,2026-09-23 02:30:00,2026-09-23 22:30:00,2026-09-24,68.14571489606585,68.59035796357263,46.24,39.220001220703125,0.0,26.0,2.0,0,0,0,1,0,0,0,False,synthetic,86.03985816713254,98.0634919449509,100.0,100.0,ridge,CBE,Coimbatore
325,2026-09-23,70.94,2026-09-23 02:30:00,,71.14,2026-09-22 00:30:00,065,660,2026-09-23 02:30:00,2026-09-23 22:30:00,2026-09-24,75.83999951680501,79.76820892076714,47.57,39.09333165486654,0.0,26.0,0.0,0,0,0,1,0,0,0,True,synthetic,100.0,100.0,100.0,100.0,ridge,CBE,Coimbatore
326,2026-09-23,60.6,2026-09-23 02:30:00,100.0,51.41,2026-09-23 00:30:00,066,660,2026-09-23 02:30:00,2026-09-23 22:30:00,2026-09-24,86.70714133126395,89.10369961823451,75.81,72.06999860491071,4.5949993,2.0,0.0,0,0,0,1,0,0,0,False,synthetic,100.0,100.0,100.0,100.0,ridge,CBE,Coimbatore
327,2026-09-23,55.14,2026-09-23 02:30:00,48.22,53.52,2026-09-22 00:30:00,066,660,2026-09-23 02:30:00,2026-09-23 22:30:00,2026-09-24,73.20857238769531,73.30290138035556,72.33,46.947144644601,0.80999947,26.0,0.0,0,0,0,1,0,0,0,False,synthetic,96.0878280368248,100.0,100.0,100.0,ridge,CBE,Coimbatore
328,2026-09-23,16.72,2026-09-23 02:30:00,98.22,6.64,2026-09-23 00:30:00,066,1100,2026-09-23 02:30:00,2026-09-23 22:30:00,2026-09-24,80.11285727364677,82.41153358721513,57.97,44.10857118879046,5.04,2.0,0.0,0,0,0,1,0,0,0,False,synthetic,62.384870298610274,74.40850407642864,78.51761591005277,82.79715738891079,ridge,CBE,Coimbatore
329,2026-09-23,48.68,2026-09-23 02:30:00,34.31,40.05,2026-09-22 00:30:00,066,1100,2026-09-23 02:30:00,2026-09-23 22:30:00,2026-09-24,67.18285696847099,67.26349826324739,47.14,33.9028570992606,4.3150005,26.0,0.0,0,0,0,1,0,0,0,False,synthetic,85.8162596105077,97.83989338832606,100.0,100.0,ridge,CBE,Coimbatore
330,2026-09-23,46.73,2026-09-23 02:30:00,36.32,39.62,2026-09-22 00:30:00,066,1100,2026-09-23 02:30:00,2026-09-23 22:30:00,2026-09-24,66.49285725184849,63.50368173387351,51.38,33.96571431841169,3.5550003,26.0,0.0,0,0,0,1,0,0,0,True,synthetic,80.77834704406389,92.80198082188228,96.91109265550638,100.0,ridge,CBE,Coimbatore
331,2026-09-23,72.89,2026-09-23 02:30:00,62.09,70.56,2026-09-22 00:30:00,067,660,2026-09-23 02:30:00,2026-09-23 22:30:00,2026-09-24,87.97999954223633,84.90011970420075,79.4,58.12142835344587,1.1650009,26.0,0.0,0,0,0,1,0,0,0,False,synthetic,100.0,100.0,100.0,100.0,ridge,CBE,Coimbatore
332,2026-09-23,7.61,2026-09-23 02:30:00,72.1,5.11,2026-09-23 00:30:00,067,240,2026-09-23 02:30:00,2026-09-23 22:30:00,2026-09-24,80.14714322771344,79.7264732500033,97.07,50.65571485246931,1.25,2.0,0.0,0,0,0,1,0,0,0,False,synthetic,62.84137160099672,74.86500537881508,78.97411721243921,83.25365869129723,ridge,CBE,Coimbatore
333,2026-09-23,70.04,2026-09-23 02:30:00,65.86,,2026-09-22 00:30:00,067,660,2026-09-23 02:30:00,2026-09-23 22:30:00,2026-09-24,79.07857186453683,77.37721511690424,96.83,45.63428551810129,,26.0,0.0,0,0,0,1,0,0,0,False,synthetic,100.0,100.0,100.0,100.0,ridge,CBE,Coimbatore
334,2026-09-23,22.12,2026-09-23 02:30:00,98.84,8.16,2026-09-23 00:30:00,067,1100,2026-09-23 02:30:00,2026-09-23 22:30:00,2026-09-24,82.18999917166573,82.67330152451044,66.07,63.34142848423549,6.9800005,2.0,0.0,0,0,0,1,0,0,0,False,synthetic,74.50731430222224,86.53094808004062,90.64005991366471,94.91960139252276,ridge,CBE,Coimbatore
335,2026-09-23,56.39,2026-09-23 02:30:00,51.59,56.34,2026-09-22 00:30:00,067,1100,2026-09-23 02:30:00,2026-09-23 22:30:00,2026-09-24,74.00714220319476,69.67872067671519,96.13,42.23857062203543,0.024999619,26.0,0.0,0,0,0,1,0,0,0,True,synthetic,89.99263188868372,100.0,100.0,100.0,ridge,CBE,Coimbatore
336,2026-09-23,82.26,2026-09-23 02:30:00,60.9,67.36,2026-09-22 00:30:00,068,240,2026-09-23 02:30:00,2026-09-23 22:30:00,2026-09-24,80.26999936785016,79.34041386486501,80.63,58.351426805768696,7.450001,26.0,0.0,0,0,0,1,0,0,0,False,synthetic,100.0,100.0,100.0,100.0,ridge,CBE,Coimbatore
337,2026-09-23,14.07,2026-09-23 02:30:00,77.18,6.16,2026-09-23 00:30:00,068,660,2026-09-23 02:30:00,2026-09-23 22:30:00,2026-09-24,83.22285679408482,82.50797439816671,64.16,48.48714174543108,3.955,2.0,0.0,0,0,0,1,0,0,0,False,synthetic,66.99350733099351,79.01714110881187,83.126252942436,87.40579442129403,ridge,CBE,Coimbatore
338,2026-09-23,13.66,2026-09-23 02:30:00,99.95,4.32,2026-09-23 00:30:00,068,660,2026-09-23 02:30:00,2026-09-23 22:30:00,2026-09-24,83.18142809186664,81.93702194758954,63.81,50.68000085013254,4.67,2.0,0.0,0,0,0,1,0,0,0,False,synthetic,61.93458869076572,73.95822246858408,78.0673343022082,82.34687578106625,ridge,CBE,Coimbatore
339,2026-09-23,98.58,2026-09-23 02:30:00,100.0,100.0,2026-09-21 00:30:00,068,1100,2026-09-23 02:30:00,2026-09-23 22:30:00,2026-09-24,76.28142765590123,78.83636418128941,75.88,54.76285607474191,0.0,50.0,0.0,0,0,0,1,0,0,0,False,synthetic,100.0,100.0,100.0,100.0,ridge,CBE,Coimbatore
340,2026-09-23,16.37,2026-09-23 02:30:00,100.0,7.82,2026-09-23 00:30:00,068,660,2026-09-23 02:30:00,2026-09-23 22:30:00,2026-09-24,85.50571387154716,88.48104517920082,82.67,67.25999941144671,4.2750006,2.0,0.0,0,0,0,1,0,0,0,True,synthetic,76.54367479779812,88.5673085756165,92.6764204092406,96.95596188809864,ridge,CBE,Coimbatore
341,2026-09-23,3.25,2026-09-23 02:30:00,100.0,5.5,2026-09-23 00:30:00,069,660,2026-09-23 02:30:00,2026-09-23 22:30:00,2026-09-24,73.41285760062081,74.88890492482656,96.93,41.25999995640346,0.0,2.0,0.0,0,0,0,1,0,0,0,False,synthetic,46.21732148721249,58.240955265030856,62.350067098654975,66.62960857751301,ridge,CBE,Coimbatore
342,2026-09-23,24.37,2026-09-23 02:30:00,20.08,20.38,2026-09-22 00:30:00,069,660,2026-09-23 02:30:00,2026-09-23 22:30:00,2026-09-24,54.00000027247837,43.99643862114871,86.57,20.23285756792341,1.9950008,26.0,0.0,0,0,0,1,0,0,0,False,synthetic,49.12268897351564,61.146322751334,65.25543458495812,69.53497606381616,ridge,CBE,Coimbatore
343,2026-09-23,4.54,2026-09-23 02:30:00,100.0,4.9,2026-09-23 00:30:00,069,660,2026-09-23 02:30:00,2026-09-23 22:30:00,2026-09-24,75.38142994471959,80.17386426100602,47.45,41.14285768781389,0.0,2.0,0.0,0,0,0,1,0,0,0,False,synthetic,51.69248095650743,63.7161147343258,67.82522656794993,72.10476804680795,ridge,CBE,Coimbatore
344,2026-09-23,52.57,2026-09-23 02:30:00,46.57,47.71,2026-09-22 00:30:00,069,1100,2026-09-23 02:30:00,2026-09-23 22:30:00,2026-09-24,66.3766663869222,67.81012333886999,42.58,33.77166620890299,2.4300003,26.0,0.0,0,0,0,1,0,0,0,False,synthetic,85.7829959209983,97.80662969881666,100.0,100.0,ridge,CBE,Coimbatore
345,2026-09-23,34.76,2026-09-23 02:30:00,31.19,37.05,2026-09-22 00:30:00,069,240,2026-09-23 02:30:00,2026-09-23 22:30:00,2026-09-24,55.32857159205845,55.7896977289284,41.54,30.08142934526716,0.0,26.0,0.0,0,0,0,1,0,0,0,True,synthetic,68.3098909444044,80.33352472222276,84.44263655584689,88.72217803470492,ridge,CBE,Coimbatore
346,2026-09-23,65.59,2026-09-23 02:30:00,60.78,62.22,2026-09-22 00:30:00,070,660,2026-09-23 02:30:00,2026-09-23 22:30:00,2026-09-24,72.32714298793248,74.486433633975,43.65,47.98571559361049,1.6849976,26.0,0.0,0,0,0,1,0,0,0,False,synthetic,100.0,100.0,100.0,100.0,ridge,CBE,Coimbatore
347,2026-09-23,56.08,2026-09-23 02:30:00,45.09,50.61,2026-09-22 00:30:00,070,1100,2026-09-23 02:30:00,2026-09-23 22:30:00,2026-09-24,71.58714239937919,69.89446111959626,96.92,41.47000013078962,2.7350006,26.0,0.0,0,0,0,1,0,0,0,False,synthetic,92.07210213677736,100.0,100.0,100.0,ridge,CBE,Coimbatore
348,2026-09-23,28.1,2026-09-23 02:30:00,100.0,1.1,2026-09-23 00:30:00,070,660,2026-09-23 02:30:00,2026-09-23 22:30:00,2026-09-24,86.22999954223633,87.0322313213679,100.0,33.45285633632115,13.5,2.0,0.0,0,0,0,1,0,0,0,False,synthetic,67.3854947467487,79.40912852456708,83.51824035819119,87.79778183704923,ridge,CBE,Coimbatore
349,2026-09-23,8.3,2026-09-23 02:30:00,51.73,0.0,2026-09-23 00:30:00,070,1100,2026-09-23 02:30:00,2026-09-23 22:30:00,2026-09-24,63.05999892098563,58.93117697272479,92.99,34.04142733982631,4.15,2.0,0.0,0,0,0,1,0,0,0,False,synthetic,45.84052600165134,57.86415977946971,61.97327161309383,66.25281309195186,ridge,CBE,Coimbatore
350,2026-09-23,65.23,2026-09-23 02:30:00,57.34,65.33,2026-09-22 00:30:00,070,660,2026-09-23 02:30:00,2026-09-23 22:30:00,2026-09-24,71.56142861502511,71.58057950137916,57.88,39.02571378435408,0.0,26.0,0.0,0,0,0,1,0,0,0,True,synthetic,95.37232058401108,100.0,100.0,100.0,ridge,CBE,Coimbatore
351,2026-09-23,11.61,2026-09-23 02:30:00,100.0,4.59,2026-09-23 00:30:00,071,1100,2026-09-23 02:30:00,2026-09-23 22:30:00,2026-09-24,73.2000002179827,73.92187298639085,100.0,38.022857666015625,3.5099998,2.0,0.0,0,0,0,1,0,0,0,False,synthetic,49.310224771061314,61.33385854887968,65.4429703825038,69.72251186136184,ridge,CBE,Coimbatore
352,2026-09-23,17.53,2026-09-23 02:30:00,98.14,4.0,2026-09-23 00:30:00,071,660,2026-09-23 02:30:00,2026-09-23 22:30:00,2026-09-24,71.28142820085797,73.3360053422202,100.0,36.11571339198521,6.7650003,2.0,0.0,0,0,0,1,0,0,0,False,synthetic,52.91073777896217,64.93437155678055,69.04348339040466,73.3230248692627,ridge,CBE,Coimbatore
353,2026-09-23,5.75,2026-09-23 02:30:00,72.03,4.53,2026-09-23 00:30:00,071,660,2026-09-23 02:30:00,2026-09-23 22:30:00,2026-09-24,86.24142892020089,85.87743588729083,80.33,73.0414287022182,0.6099999,2.0,0.0,0,0,0,1,0,0,0,False,synthetic,76.34593866927881,88.36957244709717,92.4786842807213,96.75822575957932,ridge,CBE,Coimbatore
354,2026-09-23,12.12,2026-09-23 02:30:00,100.0,7.37,2026-09-23 00:30:00,071,1100,2026-09-23 02:30:00,2026-09-23 22:30:00,2026-09-24,81.1585715157645,82.1004192096386,73.18,45.26571382795061,2.375,2.0,0.0,0,0,0,1,0,0,0,False,synthetic,58.64940628376648,70.67304006158486,74.78215189520897,79.061693374067,ridge,CBE,Coimbatore
355,2026-09-23,11.29,2026-09-23 02:30:00,79.33,3.72,2026-09-23 00:30:00,071,240,2026-09-23 02:30:00,2026-09-23 22:30:00,2026-09-24,77.44714300973075,79.28975003379975,70.76,53.491428920200896,3.7849998,2.0,0.0,0,0,0,1,0,0,0,True,synthetic,65.55210979690084,77.57574357471921,81.68485540834332,85.96439688720136,ridge,CBE,Coimbatore
356,2026-09-23,9.65,2026-09-23 02:30:00,92.94,6.37,2026-09-23 00:30:00,072,1100,2026-09-23 02:30:00,2026-09-23 22:30:00,2026-09-24,82.2000013078962,81.2662743575631,100.0,62.25285884312221,1.6399999,2.0,0.0,0,0,0,1,0,0,0,False,synthetic,65.40822786702489,77.43186164484325,81.54097347846738,85.82051495732541,ridge,CBE,Coimbatore
357,2026-09-23,9.72,2026-09-23 02:30:00,77.3,3.83,2026-09-23 00:30:00,072,660,2026-09-23 02:30:00,2026-09-23 22:30:00,2026-09-24,89.46500142415364,89.63886661309651,85.26,67.54500071207683,2.9450002,2.0,0.0,0,0,0,1,0,0,0,False,synthetic,77.84083492506853,89.86446870288691,93.97358053651102,98.25312201536906,ridge,CBE,Coimbatore
358,2026-09-23,6.39,2026-09-23 02:30:00,100.0,5.23,2026-09-23 00:30:00,072,660,2026-09-23 02:30:00,2026-09-23 22:30:00,2026-09-24,71.36428615025112,74.60578867716676,81.92,35.49142837524414,0.5799999,2.0,0.0,0,0,0,1,0,0,0,False,synthetic,45.83170682921551,57.855340607033874,61.96445244065799,66.24399391951603,ridge,CBE,Coimbatore
359,2026-09-23,9.31,2026-09-23 02:30:00,100.0,,2026-09-23 00:30:00,072,1100,2026-09-23 02:30:00,2026-09-23 22:30:00,2026-09-24,75.09000069754464,78.57922469686669,61.65,36.00857162475586,,2.0,0.0,0,0,0,1,0,0,0,False,synthetic,50.93609351839399,62.95972729621236,67.06883912983648,71.34838060869451,ridge,CBE,Coimbatore
360,2026-09-23,52.71,2026-09-23 02:30:00,50.99,46.3,2026-09-22 00:30:00,072,1100,2026-09-23 02:30:00,2026-09-23 22:30:00,2026-09-24,72.88285718645368,70.75358904361067,56.86,42.91000039236887,3.205,26.0,0.0,0,0,0,1,0,0,0,True,synthetic,90.15366007594614,100.0,100.0,100.0,ridge,CBE,Coimbatore
361,2026-09-23,34.96,2026-09-23 02:30:00,29.57,32.21,2026-09-22 00:30:00,073,240,2026-09-23 02:30:00,2026-09-23 22:30:00,2026-09-24,61.88285664149693,62.2244872727256,40.85,36.574285234723774,1.375,26.0,0.0,0,0,0,1,0,0,0,False,synthetic,76.19662998365104,88.2202637614694,92.32937559509352,96.60891707395156,ridge,CBE,Coimbatore
362,2026-09-23,37.6,2026-09-23 02:30:00,31.77,35.93,2026-09-22 00:30:00,073,240,2026-09-23 02:30:00,2026-09-23 22:30:00,2026-09-24,58.61857169015067,58.15012443370768,34.29,33.15857124328613,0.8349991,26.0,0.0,0,0,0,1,0,0,0,False,synthetic,72.80864336667057,84.83227714448893,88.94138897811305,93.22093045697108,ridge,CBE,Coimbatore
363,2026-09-23,49.69,2026-09-23 02:30:00,48.54,47.87,2026-09-22 00:30:00,073,1100,2026-09-23 02:30:00,2026-09-23 22:30:00,2026-09-24,56.87857164655413,55.19160842218817,40.85,31.898571286882675,0.90999985,26.0,0.0,0,0,0,1,0,0,0,False,synthetic,73.33140333224776,85.35503711006612,89.46414894369025,93.74369042254828,ridge,CBE,Coimbatore
364,2026-09-23,14.29,2026-09-23 02:30:00,97.62,4.03,2026-09-23 00:30:00,073,660,2026-09-23 02:30:00,2026-09-23 22:30:00,2026-09-24,69.89142881120954,74.27044174148857,42.68,44.93428584507534,5.13,2.0,0.0,0,0,0,1,0,0,0,False,synthetic,56.70668551682856,68.73031929464693,72.83943112827104,77.11897260712908,ridge,CBE,Coimbatore
365,2026-09-23,5.24,2026-09-23 02:30:00,100.0,7.56,2026-09-23 00:30:00,073,660,2026-09-23 02:30:00,2026-09-23 22:30:00,2026-09-24,76.09285736083984,75.84609992112131,98.09,46.02285739353725,0.0,2.0,0.0,0,0,0,1,0,0,0,True,synthetic,49.90206251094657,61.92569628876494,66.03480812238905,70.3143496012471,ridge,CBE,Coimbatore
366,2026-09-23,8.38,2026-09-23 02:30:00,96.0,3.37,2026-09-23 00:30:00,074,660,2026-09-23 02:30:00,2026-09-23 22:30:00,2026-09-24,74.11142839704242,79.4116816446854,43.85,40.49714388166155,2.505,2.0,0.0,0,0,0,1,0,0,0,False,synthetic,54.65774430438925,66.68137808220763,70.79048991583174,75.07003139468978,ridge,CBE,Coimbatore
367,2026-09-23,3.46,2026-09-23 02:30:00,52.19,1.01,2026-09-23 00:30:00,074,1100,2026-09-23 02:30:00,2026-09-23 22:30:00,2026-09-24,42.96285656520298,42.8978571934845,55.46,22.05428559439523,1.225,2.0,0.0,0,0,0,1,0,0,0,False,synthetic,27.43654217612293,39.4601759539413,43.56928778756542,47.84882926642346,ridge,CBE,Coimbatore
368,2026-09-23,10.11,2026-09-23 02:30:00,69.42,5.43,2026-09-23 00:30:00,074,1100,2026-09-23 02:30:00,2026-09-23 22:30:00,2026-09-24,75.57999992370605,75.60791165284633,63.84,54.54166666666666,2.34,2.0,0.0,0,0,0,1,0,0,0,False,synthetic,64.56301050892631,76.58664428674467,80.6957561203688,84.97529759922683,ridge,CBE,Coimbatore
369,2026-09-23,65.19,2026-09-23 02:30:00,61.09,58.08,2026-09-22 00:30:00,074,1100,2026-09-23 02:30:00,2026-09-23 22:30:00,2026-09-24,77.16999925885882,72.91044477098401,92.7,39.48428453717913,3.5550003,26.0,0.0,0,0,0,1,0,0,0,False,synthetic,94.52995790412142,100.0,100.0,100.0,ridge,CBE,Coimbatore
370,2026-09-23,6.54,2026-09-23 02:30:00,100.0,4.69,2026-09-23 00:30:00,074,660,2026-09-23 02:30:00,2026-09-23 22:30:00,2026-09-24,79.89428601946149,79.27100567588806,99.32,37.29571533203125,0.92499995,2.0,0.0,0,0,0,1,0,0,0,True,synthetic,48.80846055316268,60.83209433098104,64.94120616460516,69.2207476434632,ridge,CBE,Coimbatore
371,2026-09-23,52.9,2026-09-23 02:30:00,56.3,55.54,2026-09-22 00:30:00,075,1100,2026-09-23 02:30:00,2026-09-23 22:30:00,2026-09-24,69.69571467808315,71.33553432570397,43.67,40.64857183183943,0.0,26.0,0.0,0,0,0,1,0,0,0,False,synthetic,89.1095437381091,100.0,100.0,100.0,ridge,CBE,Coimbatore
372,2026-09-23,6.51,2026-09-23 02:30:00,98.11,6.95,2026-09-23 00:30:00,075,660,2026-09-23 02:30:00,2026-09-23 22:30:00,2026-09-24,79.50428553989956,79.6644331441769,100.0,39.661428451538086,0.0,2.0,0.0,0,0,0,1,0,0,0,False,synthetic,50.70480781098025,62.72844158879862,66.83755342242273,71.11709490128078,ridge,CBE,Coimbatore
373,2026-09-23,6.66,2026-09-23 02:30:00,99.08,9.0,2026-09-23 00:30:00,075,1100,2026-09-23 02:30:00,2026-09-23 22:30:00,2026-09-24,90.7528577532087,86.7683693212482,98.12,73.00714274815151,0.0,2.0,0.0,0,0,0,1,0,0,0,False,synthetic,69.97225918549978,81.99589296331814,86.10500479694227,90.3845462758003,ridge,CBE,Coimbatore
374,2026-09-23,9.98,2026-09-23 02:30:00,97.42,8.42,2026-09-23 00:30:00,075,660,2026-09-23 02:30:00,2026-09-23 22:30:00,2026-09-24,83.12571443830218,86.51617510394115,66.15,46.63857051304409,0.77999973,2.0,0.0,0,0,0,1,0,0,0,False,synthetic,62.04737127250146,74.07100505031983,78.18011688394395,82.45965836280197,ridge,CBE,Coimbatore
375,2026-09-23,8.65,2026-09-23 02:30:00,100.0,4.84,2026-09-23 00:30:00,075,660,2026-09-23 02:30:00,2026-09-23 22:30:00,2026-09-24,86.86714226858956,90.61520931945964,46.84,45.15714318411691,1.9049997,2.0,0.0,0,0,0,1,0,0,0,True,synthetic,63.04041446171463,75.064048239533,79.1731600731571,83.45270155201516,ridge,CBE,Coimbatore
376,2026-09-23,11.69,2026-09-23 02:30:00,100.0,4.54,2026-09-23 00:30:00,076,660,2026-09-23 02:30:00,2026-09-23 22:30:00,2026-09-24,79.04142924717495,79.67458707002959,100.0,47.09285845075335,3.5749998,2.0,0.0,0,0,0,1,0,0,0,False,synthetic,57.4874731667232,69.51110694454157,73.62021877816568,77.89976025702373,ridge,CBE,Coimbatore
377,2026-09-23,12.73,2026-09-23 02:30:00,,6.1,2026-09-23 00:30:00,076,660,2026-09-23 02:30:00,2026-09-23 22:30:00,2026-09-24,58.460000356038414,58.24731532153783,61.77,33.67500019073486,3.3149998,2.0,0.0,0,0,0,1,0,0,0,False,synthetic,46.70546694480581,58.72910072262418,62.8382125562483,67.11775403510634,ridge,CBE,Coimbatore
378,2026-09-23,7.25,2026-09-23 02:30:00,81.29,2.38,2026-09-23 00:30:00,076,660,2026-09-23 02:30:00,2026-09-23 22:30:00,2026-09-24,51.98142787388393,54.9629203792278,72.45,32.79285648890904,2.435,2.0,0.0,0,0,0,1,0,0,0,False,synthetic,36.72191345001852,48.74554722783689,52.85465906146101,57.13420054031904,ridge,CBE,Coimbatore
379,2026-09-23,49.67,2026-09-23 02:30:00,44.16,42.02,2026-09-22 00:30:00,076,660,2026-09-23 02:30:00,2026-09-23 22:30:00,2026-09-24,71.96428516932896,69.17676133926,82.21,34.074285234723774,3.8249989,26.0,0.0,0,0,0,1,0,0,0,False,synthetic,84.41109689344981,96.43473067126816,100.0,100.0,ridge,CBE,Coimbatore
380,2026-09-23,31.01,2026-09-23 02:30:00,29.36,28.18,2026-09-22 00:30:00,076,660,2026-09-23 02:30:00,2026-09-23 22:30:00,2026-09-24,38.68142890930176,40.617170295658816,16.07,22.940000534057617,1.415,26.0,0.0,0,0,0,1,0,0,0,True,synthetic,53.589550015685504,65.61318379350388,69.72229562712799,74.00183710598603,ridge,CBE,Coimbatore
381,2026-09-23,1.2,2026-09-23 02:30:00,73.86,0.0,2026-09-23 00:30:00,077,660,2026-09-23 02:30:00,2026-09-23 22:30:00,2026-09-24,57.76714270455496,57.968251165666175,70.95,31.9728570665632,0.6,2.0,0.0,0,0,0,1,0,0,0,False,synthetic,35.461086215203565,47.48471999302193,51.59383182664605,55.87337330550409,ridge,CBE,Coimbatore
382,2026-09-23,61.95,2026-09-23 02:30:00,40.76,50.67,2026-09-22 00:30:00,077,1100,2026-09-23 02:30:00,2026-09-23 22:30:00,2026-09-24,67.42714309692383,66.73437600535627,45.01,38.80000032697405,5.6400013,26.0,0.0,0,0,0,1,0,0,0,False,synthetic,94.4804053873192,100.0,100.0,100.0,ridge,CBE,Coimbatore
383,2026-09-23,50.21,2026-09-23 02:30:00,43.27,48.41,2026-09-22 00:30:00,077,660,2026-09-23 02:30:00,2026-09-23 22:30:00,2026-09-24,70.48714174543109,68.67357729174385,48.14,38.36428560529436,0.8999996,26.0,0.0,0,0,0,1,0,0,0,False,synthetic,86.86578537501546,98.88941915283382,100.0,100.0,ridge,CBE,Coimbatore
384,2026-09-23,48.34,2026-09-23 02:30:00,36.74,40.94,2026-09-22 00:30:00,077,660,2026-09-23 02:30:00,2026-09-23 22:30:00,2026-09-24,50.37428637913296,50.64895305032746,38.58,27.44285787854876,3.7000008,26.0,0.0,0,0,0,1,0,0,0,False,synthetic,71.05871000653127,83.08234378434963,87.19145561797376,91.4709970968318,ridge,CBE,Coimbatore
385,2026-09-23,9.88,2026-09-23 02:30:00,80.5,3.22,2026-09-23 00:30:00,077,1100,2026-09-23 02:30:00,2026-09-23 22:30:00,2026-09-24,82.94285692487445,83.53978826578802,63.44,60.48000008719308,3.33,2.0,0.0,0,0,0,1,0,0,0,True,synthetic,70.10718649665662,82.13082027447498,86.23993210809911,90.51947358695716,ridge,CBE,Coimbatore
386,2026-09-23,0.3,2026-09-23 02:30:00,66.16,2.11,2026-09-23 00:30:00,078,660,2026-09-23 02:30:00,2026-09-23 22:30:00,2026-09-24,57.54571505955288,56.00167457511911,64.68,30.37714331490653,0.0,2.0,0.0,0,0,0,1,0,0,0,False,synthetic,34.309275441484104,46.33290921930247,50.44202105292659,54.72156253178463,ridge,CBE,Coimbatore
387,2026-09-23,67.6,2026-09-23 02:30:00,44.29,53.3,2026-09-22 00:30:00,078,660,2026-09-23 02:30:00,2026-09-23 22:30:00,2026-09-24,59.15142713274275,60.42703081103308,48.17,34.417140688214985,7.1499996,26.0,0.0,0,0,0,1,0,0,0,False,synthetic,91.5865395985103,100.0,100.0,100.0,ridge,CBE,Coimbatore
388,2026-09-23,59.74,2026-09-23 02:30:00,48.9,52.26,2026-09-22 00:30:00,078,1100,2026-09-23 02:30:00,2026-09-23 22:30:00,2026-09-24,63.89142935616629,64.51794413367361,53.58,37.90857206072126,3.7400017,26.0,0.0,0,0,0,1,0,0,0,False,synthetic,89.29560756563292,100.0,100.0,100.0,ridge,CBE,Coimbatore
389,2026-09-23,10.35,2026-09-23 02:30:00,74.31,4.9,2026-09-23 00:30:00,078,240,2026-09-23 02:30:00,2026-09-23 22:30:00,2026-09-24,62.01499875386556,62.50959102274852,66.78,35.1816660563151,2.7250001,2.0,0.0,0,0,0,1,0,0,0,False,synthetic,45.99123705894855,58.01487083676692,62.12398267039104,66.40352414924908,ridge,CBE,Coimbatore
390,2026-09-23,0.0,2026-09-23 02:30:00,83.03,5.78,2026-09-23 00:30:00,078,660,2026-09-23 02:30:00,2026-09-23 22:30:00,2026-09-24,64.72571454729352,63.969319845387616,60.56,34.142856870378765,0.0,2.0,0.0,0,0,0,1,0,0,0,True,synthetic,37.56411695576397,49.58775073358233,53.69686256720645,57.97640404606449,ridge,CBE,Coimbatore
391,2026-09-23,6.65,2026-09-23 02:30:00,79.1,0.0,2026-09-23 00:30:00,079,1100,2026-09-23 02:30:00,2026-09-23 22:30:00,2026-09-24,82.5399996439616,78.85255937551437,99.39,46.33666674296061,3.325,2.0,0.0,0,0,0,1,0,0,0,False,synthetic,57.28309346240276,69.30672724022114,73.41583907384525,77.69538055270328,ridge,CBE,Coimbatore
392,2026-09-23,5.91,2026-09-23 02:30:00,66.03,6.8,2026-09-23 00:30:00,079,1100,2026-09-23 02:30:00,2026-09-23 22:30:00,2026-09-24,65.22999954223633,62.720289152826666,76.55,35.52142769949777,0.0,2.0,0.0,0,0,0,1,0,0,0,False,synthetic,44.27655759513641,56.30019137295478,60.4093032065789,64.68884468543693,ridge,CBE,Coimbatore
393,2026-09-23,67.95,2026-09-23 02:30:00,61.2,68.14,2026-09-22 00:30:00,079,1100,2026-09-23 02:30:00,2026-09-23 22:30:00,2026-09-24,79.99666659037273,76.34094792174206,98.96,42.89166704813639,0.0,26.0,0.0,0,0,0,1,0,0,0,False,synthetic,99.787445748396,100.0,100.0,100.0,ridge,CBE,Coimbatore
394,2026-09-23,65.26,2026-09-23 02:30:00,56.36,59.23,2026-09-22 00:30:00,079,1100,2026-09-23 02:30:00,2026-09-23 22:30:00,2026-09-24,88.98428562709263,84.09435962852298,82.71,74.58000183105469,3.0150013,26.0,0.0,0,0,0,1,0,0,0,False,synthetic,100.0,100.0,100.0,100.0,ridge,CBE,Coimbatore
395,2026-09-23,64.11,2026-09-23 02:30:00,55.31,61.91,2026-09-22 00:30:00,079,240,2026-09-23 02:30:00,2026-09-23 22:30:00,2026-09-24,76.96428571428571,72.02295887518652,100.0,32.632857186453684,1.1000004,26.0,0.0,0,0,0,1,0,0,0,True,synthetic,91.01690260513296,100.0,100.0,100.0,ridge,CBE,Coimbatore
396,2026-09-23,74.84,2026-09-23 02:30:00,72.09,73.06,2026-09-22 00:30:00,080,1100,2026-09-23 02:30:00,2026-09-23 22:30:00,2026-09-24,69.84285817827497,70.7165696887323,74.73,32.475714274815154,0.8899994,26.0,0.0,0,0,0,1,0,0,0,False,synthetic,94.28985841807844,100.0,100.0,100.0,ridge,CBE,Coimbatore
397,2026-09-23,17.75,2026-09-23 02:30:00,100.0,4.4,2026-09-23 00:30:00,080,660,2026-09-23 02:30:00,2026-09-23 22:30:00,2026-09-24,74.55857195172992,78.50828063123694,41.02,44.6928574698312,6.675,2.0,0.0,0,0,0,1,0,0,0,False,synthetic,61.09176097268945,73.11539475050782,77.22450658413194,81.50404806298997,ridge,CBE,Coimbatore
398,2026-09-23,65.73,2026-09-23 02:30:00,56.28,60.09,2026-09-22 00:30:00,080,1100,2026-09-23 02:30:00,2026-09-23 22:30:00,2026-09-24,70.79285757882255,71.56405743133378,58.16,42.0514281136649,2.8200016,26.0,0.0,0,0,0,1,0,0,0,False,synthetic,97.78914562936066,100.0,100.0,100.0,ridge,CBE,Coimbatore
399,2026-09-23,100.0,2026-09-23 02:30:00,99.25,100.0,2026-09-21 00:30:00,080,660,2026-09-23 02:30:00,2026-09-23 22:30:00,2026-09-24,83.55857140677315,83.38730025123334,100.0,37.15999984741211,0.0,50.0,0.0,0,0,0,1,0,0,0,False,synthetic,100.0,100.0,100.0,100.0,ridge,CBE,Coimbatore
400,2026-09-23,52.0,2026-09-23 02:30:00,41.07,43.78,2026-09-22 00:30:00,080,1100,2026-09-23 02:30:00,2026-09-23 22:30:00,2026-09-24,74.96857016427177,67.94109212211855,97.38,48.90857097080776,4.1100006,26.0,0.0,0,0,0,1,0,0,0,True,synthetic,91.53687676803816,100.0,100.0,100.0,ridge,CBE,Coimbatore
401,2026-09-23,53.96,2026-09-23 02:30:00,38.88,43.61,2026-09-22 00:30:00,081,1100,2026-09-23 02:30:00,2026-09-23 22:30:00,2026-09-24,82.7542860848563,76.97417455108967,88.97,72.42142922537667,5.174999,26.0,0.0,0,0,0,1,0,0,0,False,synthetic,100.0,100.0,100.0,100.0,ridge,CBE,Coimbatore
402,2026-09-23,10.67,2026-09-23 02:30:00,,5.42,2026-09-23 00:30:00,081,660,2026-09-23 02:30:00,2026-09-23 22:30:00,2026-09-24,89.26500002543132,89.53563490590702,98.12,66.625,2.625,2.0,0.0,0,0,0,1,0,0,0,False,synthetic,81.38945118028977,93.41308495810812,97.52219679173226,100.0,ridge,CBE,Coimbatore
403,2026-09-23,12.4,2026-09-23 02:30:00,85.99,5.2,2026-09-23 00:30:00,081,660,2026-09-23 02:30:00,2026-09-23 22:30:00,2026-09-24,85.2316665649414,86.66551493523255,,58.4800001780192,3.6,2.0,0.0,0,0,0,1,0,0,0,False,synthetic,71.81543269511307,83.83906647293145,87.94817830655556,92.2277197854136,ridge,CBE,Coimbatore
404,2026-09-23,9.74,2026-09-23 02:30:00,76.78,2.75,2026-09-23 00:30:00,081,660,2026-09-23 02:30:00,2026-09-23 22:30:00,2026-09-24,74.54571533203125,75.69645144222854,76.23,51.49571555001395,3.495,2.0,0.0,0,0,0,1,0,0,0,False,synthetic,61.55661997680462,73.58025375462299,77.68936558824711,81.96890706710514,ridge,CBE,Coimbatore
405,2026-09-23,4.26,2026-09-23 02:30:00,82.56,4.49,2026-09-23 00:30:00,081,660,2026-09-23 02:30:00,2026-09-23 22:30:00,2026-09-24,70.31142752511161,69.29596189663191,95.63,33.47714178902762,0.0,2.0,0.0,0,0,0,1,0,0,0,True,synthetic,42.94684673602373,54.9704805138421,59.07959234746622,63.35913382632425,ridge,CBE,Coimbatore
406,2026-09-23,2.96,2026-09-23 02:30:00,81.93,6.03,2026-09-23 00:30:00,082,660,2026-09-23 02:30:00,2026-09-23 22:30:00,2026-09-24,78.4200013478597,80.37793099788367,60.74,45.90666707356771,0.0,2.0,0.0,0,0,0,1,0,0,0,False,synthetic,56.66037862442892,68.68401240224728,72.7931242358714,77.07266571472944,ridge,CBE,Coimbatore
407,2026-09-23,31.88,2026-09-23 02:30:00,27.83,33.07,2026-09-22 00:30:00,082,660,2026-09-23 02:30:00,2026-09-23 22:30:00,2026-09-24,52.55571447099958,54.692787400154046,37.65,28.902856826782227,0.0,26.0,0.0,0,0,0,1,0,0,0,False,synthetic,66.37980604533494,78.40343982315332,82.51255165677743,86.79209313563547,ridge,CBE,Coimbatore
408,2026-09-23,6.38,2026-09-23 02:30:00,63.98,4.4,2026-09-23 00:30:00,082,660,2026-09-23 02:30:00,2026-09-23 22:30:00,2026-09-24,48.42571340288435,49.92071035845154,46.0,24.42142759050642,0.99,2.0,0.0,0,0,0,1,0,0,0,False,synthetic,32.73688644276589,44.76052022058426,48.86963205420838,53.14917353306642,ridge,CBE,Coimbatore
409,2026-09-23,47.02,2026-09-23 02:30:00,38.07,42.63,2026-09-22 00:30:00,082,660,2026-09-23 02:30:00,2026-09-23 22:30:00,2026-09-24,59.66285705566406,58.09837998285469,49.81,37.3285710471017,2.1949997,26.0,0.0,0,0,0,1,0,0,0,False,synthetic,78.78758207030651,90.81121584812487,94.920327681749,99.19986916060704,ridge,CBE,Coimbatore
410,2026-09-23,8.09,2026-09-23 02:30:00,100.0,6.44,2026-09-23 00:30:00,082,1100,2026-09-23 02:30:00,2026-09-23 22:30:00,2026-09-24,71.16285760062081,72.05019498264573,90.75,40.34714344569615,0.82500005,2.0,0.0,0,0,0,1,0,0,0,True,synthetic,46.78362523199252,58.807259009810885,62.91637084343501,67.19591232229304,ridge,CBE,Coimbatore
411,2026-09-23,16.86,2026-09-23 02:30:00,86.75,5.23,2026-09-23 00:30:00,083,660,2026-09-23 02:30:00,2026-09-23 22:30:00,2026-09-24,83.35999870300293,81.81504648923327,100.0,44.31000010172526,5.8150005,2.0,0.0,0,0,0,1,0,0,0,False,synthetic,63.70256068934733,75.7261944671657,79.83530630078982,84.11484777964785,ridge,CBE,Coimbatore
412,2026-09-23,7.08,2026-09-23 02:30:00,86.03,3.66,2026-09-23 00:30:00,083,1100,2026-09-23 02:30:00,2026-09-23 22:30:00,2026-09-24,72.1471426827567,72.18070547535967,94.52,36.82999965122768,1.7099999,2.0,0.0,0,0,0,1,0,0,0,False,synthetic,47.76821013890786,59.79184391672623,63.90095575035035,68.18049722920838,ridge,CBE,Coimbatore
413,2026-09-23,16.12,2026-09-23 02:30:00,98.79,2.18,2026-09-23 00:30:00,083,660,2026-09-23 02:30:00,2026-09-23 22:30:00,2026-09-24,84.89285659790039,81.63272380370049,100.0,36.88428606305804,6.9700003,2.0,0.0,0,0,0,1,0,0,0,False,synthetic,56.49061375176692,68.51424752958529,72.6233593632094,76.90290084206745,ridge,CBE,Coimbatore
414,2026-09-23,8.98,2026-09-23 02:30:00,97.59,5.03,2026-09-23 00:30:00,083,660,2026-09-23 02:30:00,2026-09-23 22:30:00,2026-09-24,81.07142802647182,80.20816774227472,100.0,45.75857053484236,1.9749997,2.0,0.0,0,0,0,1,0,0,0,False,synthetic,55.5528625828678,67.57649636068618,71.68560819431029,75.96514967316833,ridge,CBE,Coimbatore
415,2026-09-23,8.98,2026-09-23 02:30:00,77.41,1.92,2026-09-23 00:30:00,083,660,2026-09-23 02:30:00,2026-09-23 22:30:00,2026-09-24,81.58714403424945,82.82055655566116,62.39,44.27857426234654,3.5299997,2.0,0.0,0,0,0,1,0,0,0,True,synthetic,62.44260994090649,74.46624371872485,78.57535555234898,82.85489703120702,ridge,CBE,Coimbatore
416,2026-09-23,13.33,2026-09-23 02:30:00,98.87,5.59,2026-09-23 00:30:00,084,660,2026-09-23 02:30:00,2026-09-23 22:30:00,2026-09-24,87.47714342389789,89.76570071267659,89.96,53.294285910470144,3.87,2.0,0.0,0,0,0,1,0,0,0,False,synthetic,68.93405185207148,80.95768562988985,85.06679746351396,89.346338942372,ridge,CBE,Coimbatore
417,2026-09-23,55.5,2026-09-23 02:30:00,99.69,53.52,2026-09-23 00:30:00,084,660,2026-09-23 02:30:00,2026-09-23 22:30:00,2026-09-24,76.42000089372907,75.51372555352677,93.01,46.92285701206752,0.9899998,2.0,0.0,0,0,0,1,0,0,0,False,synthetic,81.39312763167172,93.41676140949008,97.5258732431142,100.0,ridge,CBE,Coimbatore
418,2026-09-23,8.98,2026-09-23 02:30:00,100.0,4.88,2026-09-23 00:30:00,084,1100,2026-09-23 02:30:00,2026-09-23 22:30:00,2026-09-24,69.45857075282505,73.95221353681228,83.32,35.60999952043806,2.0499997,2.0,0.0,0,0,0,1,0,0,0,False,synthetic,47.46862235149504,59.49225612931341,63.60136796293753,67.88090944179557,ridge,CBE,Coimbatore
419,2026-09-23,8.53,2026-09-23 02:30:00,71.72,4.28,2026-09-23 00:30:00,084,660,2026-09-23 02:30:00,2026-09-23 22:30:00,2026-09-24,74.96428571428571,77.45690861042215,69.58,57.54285757882254,2.1249998,2.0,0.0,0,0,0,1,0,0,0,False,synthetic,66.2470052334701,78.27063901128847,82.37975084491259,86.65929232377063,ridge,CBE,Coimbatore
420,2026-09-23,30.96,2026-09-23 02:30:00,28.77,28.85,2026-09-22 00:30:00,084,660,2026-09-23 02:30:00,2026-09-23 22:30:00,2026-09-24,61.88428551810129,55.77082173702337,78.13,31.477142606462756,1.0549994,26.0,0.0,0,0,0,1,0,0,0,True,synthetic,65.19049246336809,77.21412624118645,81.32323807481058,85.60277955366861,ridge,CBE,Coimbatore
421,2026-09-23,20.36,2026-09-23 02:30:00,81.8,6.02,2026-09-23 00:30:00,085,660,2026-09-23 02:30:00,2026-09-23 22:30:00,2026-09-24,89.21571568080357,87.55914890213063,99.22,78.85714612688336,7.17,2.0,0.0,0,0,0,1,0,0,0,False,synthetic,87.23266218180363,99.256295959622,100.0,100.0,ridge,CBE,Coimbatore
422,2026-09-23,99.86,2026-09-23 02:30:00,82.32,88.78,2026-09-21 00:30:00,085,1100,2026-09-23 02:30:00,2026-09-23 22:30:00,2026-09-24,73.84571402413505,72.45313271451067,89.04,38.3985710144043,5.540001,50.0,0.0,0,0,0,1,0,0,0,False,synthetic,100.0,100.0,100.0,100.0,ridge,CBE,Coimbatore
423,2026-09-23,16.51,2026-09-23 02:30:00,100.0,5.79,2026-09-23 00:30:00,085,660,2026-09-23 02:30:00,2026-09-23 22:30:00,2026-09-24,77.9442858014788,80.17769238518184,88.19,54.62857273646763,5.36,2.0,0.0,0,0,0,1,0,0,0,False,synthetic,65.06991392438744,77.0935477022058,81.20265953582992,85.48220101468796,ridge,CBE,Coimbatore
424,2026-09-23,43.73,2026-09-23 00:30:00,38.02,43.73,2026-09-22 00:30:00,085,660,2026-09-23 02:30:00,2026-09-23 22:30:00,2026-09-24,67.89714322771344,63.593803122546106,99.44,37.36142921447754,0.0,26.0,2.0,0,0,0,1,0,0,0,False,synthetic,80.89273767495762,92.916371452776,97.0254832864001,100.0,ridge,CBE,Coimbatore
425,2026-09-23,13.88,2026-09-23 02:30:00,74.65,4.49,2026-09-23 00:30:00,085,660,2026-09-23 02:30:00,2026-09-23 22:30:00,2026-09-24,81.32500139872234,80.78973651020257,55.84,49.01666831970215,4.695,2.0,0.0,0,0,0,1,0,0,0,True,synthetic,66.79121553568429,78.81484931350266,82.92396114712678,87.20350262598481,ridge,CBE,Coimbatore
426,2026-09-23,54.21,2026-09-23 02:30:00,46.43,48.27,2026-09-22 00:30:00,086,660,2026-09-23 02:30:00,2026-09-23 22:30:00,2026-09-24,58.51857158115932,61.045355550604896,32.28,33.4242856161935,2.9699993,26.0,0.0,0,0,0,1,0,0,0,False,synthetic,82.65916064944003,94.6827944272584,98.79190626088251,100.0,ridge,CBE,Coimbatore
427,2026-09-23,5.98,2026-09-23 02:30:00,100.0,6.3,2026-09-23 00:30:00,086,660,2026-09-23 02:30:00,2026-09-23 22:30:00,2026-09-24,76.7557144165039,79.36501724877573,51.7,52.804285866873606,0.0,2.0,0.0,0,0,0,1,0,0,0,False,synthetic,56.95224524774635,68.97587902556472,73.08499085918884,77.36453233804687,ridge,CBE,Coimbatore
428,2026-09-23,63.95,2026-09-23 02:30:00,48.87,58.55,2026-09-22 00:30:00,086,1100,2026-09-23 02:30:00,2026-09-23 22:30:00,2026-09-24,72.55142865862165,73.70348450997051,48.13,39.03142874581473,2.7000008,26.0,0.0,0,0,0,1,0,0,0,False,synthetic,98.62231598477138,100.0,100.0,100.0,ridge,CBE,Coimbatore
429,2026-09-23,68.69,2026-09-23 02:30:00,62.43,66.66,2026-09-22 00:30:00,086,660,2026-09-23 02:30:00,2026-09-23 22:30:00,2026-09-24,85.95857238769531,84.4469913222189,91.37,46.33571570260184,1.0149994,26.0,0.0,0,0,0,1,0,0,0,False,synthetic,100.0,100.0,100.0,100.0,ridge,CBE,Coimbatore
430,2026-09-23,8.08,2026-09-23 02:30:00,95.91,5.32,2026-09-23 00:30:00,086,660,2026-09-23 02:30:00,2026-09-23 22:30:00,2026-09-24,77.60142789568219,77.26370142699845,99.57,34.08142798287528,1.3799999,2.0,0.0,0,0,0,1,0,0,0,True,synthetic,48.01476720847936,60.03840098629773,64.14751281992184,68.42705429877988,ridge,CBE,Coimbatore
431,2026-09-23,40.49,2026-09-23 02:30:00,39.65,36.0,2026-09-22 00:30:00,087,660,2026-09-23 02:30:00,2026-09-23 22:30:00,2026-09-24,59.614286695207866,62.39276219151347,27.07,33.070001057216096,2.2450008,26.0,0.0,0,0,0,1,0,0,0,False,synthetic,76.48325581769335,88.50688959551172,92.61600142913584,96.89554290799389,ridge,CBE,Coimbatore
432,2026-09-23,7.81,2026-09-23 02:30:00,76.08,0.0,2026-09-23 00:30:00,087,660,2026-09-23 02:30:00,2026-09-23 22:30:00,2026-09-24,66.22857257298061,70.10049271422236,50.19,44.88428742544992,3.905,2.0,0.0,0,0,0,1,0,0,0,False,synthetic,54.65473093621398,66.67836471403234,70.78747654765647,75.0670180265145,ridge,CBE,Coimbatore
433,2026-09-23,9.14,2026-09-23 02:30:00,93.06,3.12,2026-09-23 00:30:00,087,660,2026-09-23 02:30:00,2026-09-23 22:30:00,2026-09-24,74.77714266095843,75.58048805316237,50.22,42.93571363176618,3.0100002,2.0,0.0,0,0,0,1,0,0,0,False,synthetic,53.330172993057474,65.35380677087585,69.46291860449996,73.742460083358,ridge,CBE,Coimbatore
434,2026-09-23,54.41,2026-09-23 02:30:00,48.26,52.62,2026-09-22 00:30:00,087,1100,2026-09-23 02:30:00,2026-09-23 22:30:00,2026-09-24,77.15285655430385,73.35331151326035,93.53,35.50571278163365,0.89500046,26.0,0.0,0,0,0,1,0,0,0,False,synthetic,89.08867626435449,100.0,100.0,100.0,ridge,CBE,Coimbatore
435,2026-09-23,8.8,2026-09-23 02:30:00,97.18,7.09,2026-09-23 00:30:00,087,660,2026-09-23 02:30:00,2026-09-23 22:30:00,2026-09-24,78.74571337018695,81.63962536534862,70.43,51.3528562273298,0.855,2.0,0.0,0,0,0,1,0,0,0,True,synthetic,60.18518451963072,72.20881829744908,76.31793013107321,80.59747160993125,ridge,CBE,Coimbatore
436,2026-09-23,47.1,2026-09-23 02:30:00,41.32,46.27,2026-09-22 00:30:00,088,1100,2026-09-23 02:30:00,2026-09-23 22:30:00,2026-09-24,49.94857134137835,51.7674228239933,33.03,27.76999991280692,0.414999,26.0,0.0,0,0,0,1,0,0,0,False,synthetic,70.08814005169185,82.11177382951021,86.22088566313434,90.50042714199238,ridge,CBE,Coimbatore
437,2026-09-23,13.54,2026-09-23 02:30:00,93.91,4.67,2026-09-23 00:30:00,088,660,2026-09-23 02:30:00,2026-09-23 22:30:00,2026-09-24,75.92000089372907,76.23200932238898,46.06,39.11857223510742,4.435,2.0,0.0,0,0,0,1,0,0,0,False,synthetic,54.59533557620664,66.61896935402501,70.72808118764914,75.00762266650716,ridge,CBE,Coimbatore
438,2026-09-23,8.78,2026-09-23 02:30:00,96.74,3.82,2026-09-23 00:30:00,088,660,2026-09-23 02:30:00,2026-09-23 22:30:00,2026-09-24,84.49333318074544,85.61780442472154,79.67,55.16833178202311,2.48,2.0,0.0,0,0,0,1,0,0,0,False,synthetic,64.38307664133471,76.40671041915309,80.5158222527772,84.79536373163523,ridge,CBE,Coimbatore
439,2026-09-23,59.07,2026-09-23 02:30:00,53.61,56.77,2026-09-22 00:30:00,088,660,2026-09-23 02:30:00,2026-09-23 22:30:00,2026-09-24,75.2957147870745,72.85520054268827,100.0,27.5971429007394,1.1499996,26.0,0.0,0,0,0,1,0,0,0,False,synthetic,87.03042400806827,99.05405778588664,100.0,100.0,ridge,CBE,Coimbatore
440,2026-09-23,8.81,2026-09-23 02:30:00,81.94,3.38,2026-09-23 00:30:00,088,660,2026-09-23 02:30:00,2026-09-23 22:30:00,2026-09-24,75.74571337018695,75.8331478134402,51.67,31.67142813546317,2.7150002,2.0,0.0,0,0,0,1,0,0,0,True,synthetic,50.42555158691617,62.44918536473454,66.55829719835866,70.8378386772167,ridge,CBE,Coimbatore
441,2026-09-23,15.05,2026-09-23 02:30:00,100.0,4.59,2026-09-23 00:30:00,089,1100,2026-09-23 02:30:00,2026-09-23 22:30:00,2026-09-24,69.81714248657227,76.14836983246265,64.63,21.91000039236886,5.23,2.0,0.0,0,0,0,1,0,0,0,False,synthetic,47.27278604392765,59.29641982174602,63.40553165537014,67.68507313422818,ridge,CBE,Coimbatore
442,2026-09-23,12.07,2026-09-23 02:30:00,100.0,5.17,2026-09-23 00:30:00,089,660,2026-09-23 02:30:00,2026-09-23 22:30:00,2026-09-24,82.63571384974888,82.17938611517144,100.0,39.73714338030134,3.4499998,2.0,0.0,0,0,0,1,0,0,0,False,synthetic,55.65851120734181,67.68214498516018,71.79125681878429,76.07079829764234,ridge,CBE,Coimbatore
443,2026-09-23,37.07,2026-09-23 02:30:00,33.27,36.27,2026-09-22 00:30:00,089,660,2026-09-23 02:30:00,2026-09-23 22:30:00,2026-09-24,60.47333335876465,57.10904551215671,74.73,35.27833334604899,0.39999962,26.0,0.0,0,0,0,1,0,0,0,False,synthetic,71.22602277722446,83.24965655504283,87.35876838866695,91.63830986752498,ridge,CBE,Coimbatore
444,2026-09-23,6.48,2026-09-23 02:30:00,100.0,6.13,2026-09-23 00:30:00,089,1100,2026-09-23 02:30:00,2026-09-23 22:30:00,2026-09-24,73.09714344569615,77.84691701871746,50.69,40.86857223510742,0.17499995,2.0,0.0,0,0,0,1,0,0,0,False,synthetic,51.13160814281476,63.15524192063313,67.26435375425726,71.54389523311528,ridge,CBE,Coimbatore
445,2026-09-23,7.48,2026-09-23 02:30:00,85.44,2.91,2026-09-23 00:30:00,089,1100,2026-09-23 02:30:00,2026-09-23 22:30:00,2026-09-24,71.74142919267926,73.99393101064427,58.24,37.264286041259766,2.2849998,2.0,0.0,0,0,0,1,0,0,0,True,synthetic,50.52305837881219,62.54669215663056,66.65580399025467,70.93534546911272,ridge,CBE,Coimbatore
446,2026-09-23,8.36,2026-09-23 02:30:00,99.29,5.61,2026-09-23 00:30:00,090,660,2026-09-23 02:30:00,2026-09-23 22:30:00,2026-09-24,69.31142915998187,72.7642103982573,97.3,35.772858483450754,1.3749998,2.0,0.0,0,0,0,1,0,0,0,False,synthetic,46.12898533248061,58.15261911029898,62.2617309439231,66.54127242278113,ridge,CBE,Coimbatore
447,2026-09-23,36.66,2026-09-23 02:30:00,38.45,40.16,2026-09-22 00:30:00,090,660,2026-09-23 02:30:00,2026-09-23 22:30:00,2026-09-24,75.79166666666667,72.45095127826968,60.6,38.56000010172526,0.0,26.0,0.0,0,0,0,1,0,0,0,False,synthetic,81.71516243698346,93.73879621480182,97.84790804842596,100.0,ridge,CBE,Coimbatore
448,2026-09-23,7.3,2026-09-23 02:30:00,100.0,6.25,2026-09-23 00:30:00,090,660,2026-09-23 02:30:00,2026-09-23 22:30:00,2026-09-24,75.7999997820173,76.37521866873257,92.36,37.98000063214983,0.5250001,2.0,0.0,0,0,0,1,0,0,0,False,synthetic,47.98883157112186,60.01246534894023,64.12157718256435,68.40111866142237,ridge,CBE,Coimbatore
449,2026-09-23,60.08,2026-09-23 02:30:00,56.13,54.66,2026-09-22 00:30:00,090,660,2026-09-23 02:30:00,2026-09-23 22:30:00,2026-09-24,71.55714198521206,73.04874526549884,40.25,44.35142762320383,2.710001,26.0,0.0,0,0,0,1,0,0,0,False,synthetic,96.7657029252696,100.0,100.0,100.0,ridge,CBE,Coimbatore
450,2026-09-23,43.62,2026-09-23 02:30:00,31.55,36.58,2026-09-22 00:30:00,090,660,2026-09-23 02:30:00,2026-09-23 22:30:00,2026-09-24,60.326667149861656,56.36975258063441,39.21,39.62999979654948,3.5199986,26.0,0.0,0,0,0,1,0,0,0,True,synthetic,77.82372677169143,89.8473605495098,93.95647238313391,98.23601386199196,ridge,CBE,Coimbatore
451,2026-09-23,11.17,2026-09-23 02:30:00,95.91,0.08,2026-09-23 00:30:00,091,660,2026-09-23 02:30:00,2026-09-23 22:30:00,2026-09-24,64.62571498325893,68.18560956264268,86.72,35.13571439470564,5.545,2.0,0.0,0,0,0,1,0,0,0,False,synthetic,45.94662672798519,57.97026050580356,62.07937233942768,66.35891381828571,ridge,CBE,Coimbatore
452,2026-09-23,34.62,2026-09-23 02:30:00,60.7,35.4,2026-09-23 00:30:00,091,1100,2026-09-23 02:30:00,2026-09-23 22:30:00,2026-09-24,45.67714255196707,45.7458458427151,56.92,24.382856096540177,0.0,2.0,0.0,0,0,0,1,0,0,0,False,synthetic,47.71490214945487,59.73853592727324,63.84764776089736,68.1271892397554,ridge,CBE,Coimbatore
453,2026-09-23,5.68,2026-09-23 02:30:00,50.86,1.46,2026-09-23 00:30:00,091,1100,2026-09-23 02:30:00,2026-09-23 22:30:00,2026-09-24,44.63666693369547,46.06346085877716,50.5,21.521666526794437,2.11,2.0,0.0,0,0,0,1,0,0,0,False,synthetic,31.50329853420297,43.52693231202134,47.63604414564546,51.91558562450349,ridge,CBE,Coimbatore
454,2026-09-23,52.41,2026-09-23 02:30:00,47.24,52.2,2026-09-22 00:30:00,091,1100,2026-09-23 02:30:00,2026-09-23 22:30:00,2026-09-24,79.75428499494281,73.07513964211144,100.0,53.74142728533064,0.10499954,26.0,0.0,0,0,0,1,0,0,0,False,synthetic,95.6071369128058,100.0,100.0,100.0,ridge,CBE,Coimbatore
455,2026-09-23,3.96,2026-09-23 02:30:00,94.69,2.31,2026-09-23 00:30:00,091,660,2026-09-23 02:30:00,2026-09-23 22:30:00,2026-09-24,58.148572376796174,63.84124575274084,58.51,25.574287142072404,0.82500005,2.0,0.0,0,0,0,1,0,0,0,True,synthetic,34.61389812706486,46.637531904883225,50.74664373850735,55.02618521736538,ridge,CBE,Coimbatore
456,2026-09-23,8.99,2026-09-23 02:30:00,67.81,3.02,2026-09-23 00:30:00,092,1100,2026-09-23 02:30:00,2026-09-23 22:30:00,2026-09-24,76.954284123012,73.59692162226617,100.0,51.25285502842495,2.985,2.0,0.0,0,0,0,1,0,0,0,False,synthetic,60.26963558595596,72.29326936377433,76.40238119739846,80.68192267625648,ridge,CBE,Coimbatore
457,2026-09-23,11.28,2026-09-23 02:30:00,90.47,4.77,2026-09-23 00:30:00,092,240,2026-09-23 02:30:00,2026-09-23 22:30:00,2026-09-24,75.21285792759487,77.03538590647449,91.44,36.83143016270229,3.2549999,2.0,0.0,0,0,0,1,0,0,0,False,synthetic,53.31349251695804,65.3371262947764,69.44623812840052,73.72577960725856,ridge,CBE,Coimbatore
458,2026-09-23,43.25,2026-09-23 02:30:00,34.06,43.89,2026-09-22 00:30:00,092,660,2026-09-23 02:30:00,2026-09-23 22:30:00,2026-09-24,61.39285768781389,62.106155774224575,52.45,35.81571497235979,0.0,26.0,0.0,0,0,0,1,0,0,0,False,synthetic,79.64729364685549,91.67092742467386,95.78003925829798,100.0,ridge,CBE,Coimbatore
459,2026-09-23,42.8,2026-09-23 02:30:00,39.93,43.76,2026-09-22 00:30:00,092,660,2026-09-23 02:30:00,2026-09-23 22:30:00,2026-09-24,62.768571036202566,60.78337470927649,87.66,31.96285683768136,0.0,26.0,0.0,0,0,0,1,0,0,0,False,synthetic,74.30068218129077,86.32431595910913,90.43342779273326,94.71296927159128,ridge,CBE,Coimbatore
460,2026-09-23,35.71,2026-09-23 02:30:00,27.05,32.26,2026-09-22 00:30:00,092,660,2026-09-23 02:30:00,2026-09-23 22:30:00,2026-09-24,55.32142802647182,56.310662565771054,35.01,33.22999954223633,1.7250004,26.0,0.0,0,0,0,1,0,0,0,True,synthetic,71.95815628937613,83.98179006719451,88.09090190081862,92.37044337967666,ridge,CBE,Coimbatore
461,2026-09-23,70.82,2026-09-23 02:30:00,65.32,69.28,2026-09-22 00:30:00,093,660,2026-09-23 02:30:00,2026-09-23 22:30:00,2026-09-24,79.69714191981724,79.40680188732027,46.84,39.13571330479213,0.77000046,26.0,0.0,0,0,0,1,0,0,0,False,synthetic,100.0,100.0,100.0,100.0,ridge,CBE,Coimbatore
462,2026-09-23,65.23,2026-09-23 02:30:00,54.78,54.17,2026-09-22 00:30:00,093,660,2026-09-23 02:30:00,2026-09-23 22:30:00,2026-09-24,79.46285683768136,73.74291016078136,99.15,40.69285637991769,5.5300026,26.0,0.0,0,0,0,1,0,0,0,False,synthetic,97.04339953792598,100.0,100.0,100.0,ridge,CBE,Coimbatore
463,2026-09-23,61.64,2026-09-23 02:30:00,100.0,55.84,2026-09-23 00:30:00,093,660,2026-09-23 02:30:00,2026-09-23 22:30:00,2026-09-24,80.46714346749442,79.4647686278033,99.12,40.03285762241909,2.8999996,2.0,0.0,0,0,0,1,0,0,0,False,synthetic,84.67558224423524,96.6992160220536,100.0,100.0,ridge,CBE,Coimbatore
464,2026-09-23,34.81,2026-09-23 02:30:00,26.91,35.24,2026-09-22 00:30:00,093,1100,2026-09-23 02:30:00,2026-09-23 22:30:00,2026-09-24,59.419999258858816,57.76350542717617,41.66,32.92142840794155,0.0,26.0,0.0,0,0,0,1,0,0,0,False,synthetic,71.30571942999241,83.32935320781078,87.4384650414349,91.71800652029292,ridge,CBE,Coimbatore
465,2026-09-23,39.3,2026-09-23 02:30:00,34.16,36.52,2026-09-22 00:30:00,093,240,2026-09-23 02:30:00,2026-09-23 22:30:00,2026-09-24,47.17000034877232,46.79127070210197,39.95,27.09571511404855,1.3899994,26.0,0.0,0,0,0,1,0,0,0,True,synthetic,62.92879292221865,74.95242670003702,79.06153853366114,83.34108001251917,ridge,CBE,Coimbatore
466,2026-09-23,56.66,2026-09-23 02:30:00,44.54,43.09,2026-09-22 00:30:00,094,1100,2026-09-23 02:30:00,2026-09-23 22:30:00,2026-09-24,59.71142986842564,52.98317707987045,71.54,30.36142948695592,6.785,26.0,0.0,0,0,0,1,0,0,0,False,synthetic,75.5891598422127,87.61279362003106,91.72190545365518,96.00144693251322,ridge,CBE,Coimbatore
467,2026-09-23,14.08,2026-09-23 02:30:00,100.0,3.68,2026-09-23 00:30:00,094,240,2026-09-23 02:30:00,2026-09-23 22:30:00,2026-09-24,76.42714309692383,80.85758689339993,55.11,52.66428593226841,5.2,2.0,0.0,0,0,0,1,0,0,0,False,synthetic,63.975943410987504,75.99957718880587,80.10868902242999,84.38823050128804,ridge,CBE,Coimbatore
468,2026-09-23,54.34,2026-09-23 02:30:00,47.62,51.58,2026-09-22 00:30:00,094,660,2026-09-23 02:30:00,2026-09-23 22:30:00,2026-09-24,70.96000017438617,70.10667330762472,60.19,41.151427677699495,1.3799992,26.0,0.0,0,0,0,1,0,0,0,False,synthetic,90.83823908593176,100.0,100.0,100.0,ridge,CBE,Coimbatore
469,2026-09-23,0.66,2026-09-23 02:30:00,74.81,5.81,2026-09-23 00:30:00,094,660,2026-09-23 02:30:00,2026-09-23 22:30:00,2026-09-24,62.39999961853027,61.55068395079708,74.1,34.17142786298479,0.0,2.0,0.0,0,0,0,1,0,0,0,False,synthetic,38.15555512248112,50.179188900299486,54.288300733923606,58.56784221278164,ridge,CBE,Coimbatore
470,2026-09-23,10.34,2026-09-23 02:30:00,88.39,4.84,2026-09-23 00:30:00,094,240,2026-09-23 02:30:00,2026-09-23 22:30:00,2026-09-24,74.48000063214984,73.4629802841969,100.0,40.81857245309012,2.75,2.0,0.0,0,0,0,1,0,0,0,True,synthetic,51.88680319789394,63.91043697571231,68.01954880933643,72.29909028819446,ridge,CBE,Coimbatore
471,2026-09-23,14.68,2026-09-23 02:30:00,100.0,3.6,2026-09-23 00:30:00,095,1100,2026-09-23 02:30:00,2026-09-23 22:30:00,2026-09-24,80.05142865862165,80.94264906564456,97.6,41.19428580147879,5.54,2.0,0.0,0,0,0,1,0,0,0,False,synthetic,57.67967256514853,69.7033063429669,73.81241817659102,78.09195965544905,ridge,CBE,Coimbatore
472,2026-09-23,39.95,2026-09-23 02:30:00,39.64,41.42,2026-09-22 00:30:00,095,660,2026-09-23 02:30:00,2026-09-23 22:30:00,2026-09-24,52.6899995803833,54.55387308629011,27.38,30.061665534973145,0.0,26.0,0.0,0,0,0,1,0,0,0,False,synthetic,69.09452035489953,81.1181541327179,85.22726596634202,89.50680744520005,ridge,CBE,Coimbatore
473,2026-09-23,64.79,2026-09-23 02:30:00,57.66,60.64,2026-09-22 00:30:00,095,660,2026-09-23 02:30:00,2026-09-23 22:30:00,2026-09-24,65.32142802647182,66.91123195535566,53.17,38.71999931335449,2.0750008,26.0,0.0,0,0,0,1,0,0,0,False,synthetic,92.43526945107408,100.0,100.0,100.0,ridge,CBE,Coimbatore
474,2026-09-23,7.07,2026-09-23 02:30:00,97.53,3.7,2026-09-23 00:30:00,095,1100,2026-09-23 02:30:00,2026-09-23 22:30:00,2026-09-24,78.28142983572823,78.57481118495794,94.23,42.20428684779576,1.6850001,2.0,0.0,0,0,0,1,0,0,0,False,synthetic,51.86861450694333,63.89224828476169,68.0013601183858,72.28090159724385,ridge,CBE,Coimbatore
475,2026-09-23,4.63,2026-09-23 02:30:00,92.59,2.91,2026-09-23 00:30:00,095,660,2026-09-23 02:30:00,2026-09-23 22:30:00,2026-09-24,89.64000047956195,88.85132687270492,99.98,69.17428643362862,0.86,2.0,0.0,0,0,0,1,0,0,0,True,synthetic,70.66224533208103,82.68587910989939,86.79499094352352,91.07453242238157,ridge,CBE,Coimbatore
476,2026-09-23,7.07,2026-09-23 02:30:00,61.63,4.21,2026-09-23 00:30:00,096,660,2026-09-23 02:30:00,2026-09-23 22:30:00,2026-09-24,47.0471431187221,46.81186192563257,62.44,24.36000006539481,1.4300001,2.0,0.0,0,0,0,1,0,0,0,False,synthetic,31.099910311549365,43.12354408936773,47.23265592299185,51.51219740184989,ridge,CBE,Coimbatore
477,2026-09-23,4.83,2026-09-23 02:30:00,,4.51,2026-09-23 00:30:00,096,1100,2026-09-23 02:30:00,2026-09-23 22:30:00,2026-09-24,65.55999946594238,62.40916150199285,49.64,37.19166564941406,0.15999985,2.0,0.0,0,0,0,1,0,0,0,False,synthetic,45.186689931304464,57.21032370912283,61.31943554274695,65.59897702160498,ridge,CBE,Coimbatore
478,2026-09-23,25.96,2026-09-23 02:30:00,26.77,26.05,2026-09-22 00:30:00,096,660,2026-09-23 02:30:00,2026-09-23 22:30:00,2026-09-24,40.820000239780974,41.49495798558905,25.04,24.862857273646764,0.0,26.0,0.0,0,0,0,1,0,0,0,False,synthetic,51.99369035600781,64.01732413382618,68.12643596745029,72.40597744630833,ridge,CBE,Coimbatore
479,2026-09-23,44.2,2026-09-23 02:30:00,36.31,39.06,2026-09-22 00:30:00,096,660,2026-09-23 02:30:00,2026-09-23 22:30:00,2026-09-24,53.71571377345494,54.75381430014576,24.17,29.80714198521205,2.5699997,26.0,0.0,0,0,0,1,0,0,0,False,synthetic,72.61706050704902,84.64069428486738,88.7498061184915,93.02934759734954,ridge,CBE,Coimbatore
480,2026-09-23,18.41,2026-09-23 02:30:00,17.68,16.34,2026-09-22 00:30:00,096,660,2026-09-23 02:30:00,2026-09-23 22:30:00,2026-09-24,31.1271424974714,30.78250494561395,18.9,17.047142573765345,1.0349998,26.0,0.0,0,0,0,1,0,0,0,True,synthetic,38.58436287907235,50.60799665689072,54.71710849051484,58.99664996937288,ridge,CBE,Coimbatore
481,2026-09-23,64.98,2026-09-23 02:30:00,56.79,60.22,2026-09-22 00:30:00,097,660,2026-09-23 02:30:00,2026-09-23 22:30:00,2026-09-24,66.67285701206752,67.92115727805937,59.51,38.97428567068918,2.380001,26.0,0.0,0,0,0,1,0,0,0,False,synthetic,93.44253960370166,100.0,100.0,100.0,ridge,CBE,Coimbatore
482,2026-09-23,65.97,2026-09-23 02:30:00,50.98,59.76,2026-09-22 00:30:00,097,660,2026-09-23 02:30:00,2026-09-23 22:30:00,2026-09-24,64.29857145036969,63.13486187831332,49.63,36.40428515842983,3.1050014,26.0,0.0,0,0,0,1,0,0,0,False,synthetic,90.6424602563061,100.0,100.0,100.0,ridge,CBE,Coimbatore
483,2026-09-23,14.55,2026-09-23 02:30:00,99.71,6.03,2026-09-23 00:30:00,097,660,2026-09-23 02:30:00,2026-09-23 22:30:00,2026-09-24,74.45714460100446,77.29224961008602,55.58,51.16143035888672,4.26,2.0,0.0,0,0,0,1,0,0,0,False,synthetic,60.705230281324646,72.728864059143,76.83797589276713,81.11751737162517,ridge,CBE,Coimbatore
484,2026-09-23,6.03,2026-09-23 02:30:00,81.19,3.35,2026-09-23 00:30:00,097,660,2026-09-23 02:30:00,2026-09-23 22:30:00,2026-09-24,77.08571406773159,80.07011339346434,63.54,41.90714263916016,1.3400002,2.0,0.0,0,0,0,1,0,0,0,False,synthetic,56.92600128464666,68.94963506246503,73.05874689608915,77.33828837494718,ridge,CBE,Coimbatore
485,2026-09-23,6.8,2026-09-23 02:30:00,81.35,1.84,2026-09-23 00:30:00,097,660,2026-09-23 02:30:00,2026-09-23 22:30:00,2026-09-24,72.23999895368304,72.98387437890237,53.39,41.27428545270647,2.48,2.0,0.0,0,0,0,1,0,0,0,True,synthetic,52.041882449728696,64.06551622754706,68.17462806117118,72.45416954002923,ridge,CBE,Coimbatore
486,2026-09-23,8.9,2026-09-23 02:30:00,98.08,4.53,2026-09-23 00:30:00,098,660,2026-09-23 02:30:00,2026-09-23 22:30:00,2026-09-24,73.32333374023438,77.08287268237254,52.54,34.074999491373696,2.1849997,2.0,0.0,0,0,0,1,0,0,0,False,synthetic,49.42861916693452,61.452252944752885,65.561364778377,69.84090625723505,ridge,CBE,Coimbatore
487,2026-09-23,5.86,2026-09-23 02:30:00,75.43,3.51,2026-09-23 00:30:00,098,1100,2026-09-23 02:30:00,2026-09-23 22:30:00,2026-09-24,68.21499983469646,64.816257726316,75.45,36.11499977111816,1.1750001,2.0,0.0,0,0,0,1,0,0,0,False,synthetic,43.58110224364424,55.60473602146261,59.713847855086726,63.99338933394476,ridge,CBE,Coimbatore
488,2026-09-23,38.61,2026-09-23 02:30:00,35.86,36.81,2026-09-22 00:30:00,098,1100,2026-09-23 02:30:00,2026-09-23 22:30:00,2026-09-24,48.27857072012765,45.63126485989258,46.91,29.05571392604283,0.8999996,26.0,0.0,0,0,0,1,0,0,0,False,synthetic,61.45678831827772,73.48042209609608,77.5895339297202,81.86907540857824,ridge,CBE,Coimbatore
489,2026-09-23,71.24,2026-09-23 02:30:00,59.95,66.69,2026-09-22 00:30:00,098,240,2026-09-23 02:30:00,2026-09-23 22:30:00,2026-09-24,73.31428527832031,75.26664894234466,45.8,40.17571367536272,2.2749977,26.0,0.0,0,0,0,1,0,0,0,False,synthetic,100.0,100.0,100.0,100.0,ridge,CBE,Coimbatore
490,2026-09-23,6.94,2026-09-23 02:30:00,98.4,7.27,2026-09-23 00:30:00,098,1100,2026-09-23 02:30:00,2026-09-23 22:30:00,2026-09-24,76.56999969482422,75.02757339892432,98.6,43.27571323939732,0.0,2.0,0.0,0,0,0,1,0,0,0,True,synthetic,49.05422852309796,61.07786230091633,65.18697413454045,69.46651561339849,ridge,CBE,Coimbatore
491,2026-09-23,30.8,2026-09-23 02:30:00,23.59,29.05,2026-09-22 00:30:00,099,1100,2026-09-23 02:30:00,2026-09-23 22:30:00,2026-09-24,44.88999966212681,43.611642000714575,29.92,26.814285823277064,0.875,26.0,0.0,0,0,0,1,0,0,0,False,synthetic,57.60629723769727,69.62993101551564,73.73904284913976,78.01858432799779,ridge,CBE,Coimbatore
492,2026-09-23,12.21,2026-09-23 02:30:00,99.31,3.54,2026-09-23 00:30:00,099,240,2026-09-23 02:30:00,2026-09-23 22:30:00,2026-09-24,80.32571411132812,81.75084442047392,63.75,45.55142756870815,4.335,2.0,0.0,0,0,0,1,0,0,0,False,synthetic,59.317482699812096,71.34111647763046,75.45022831125459,79.72976979011261,ridge,CBE,Coimbatore
493,2026-09-23,6.09,2026-09-23 02:30:00,96.83,4.58,2026-09-23 00:30:00,099,660,2026-09-23 02:30:00,2026-09-23 22:30:00,2026-09-24,68.75,69.4200644478274,88.83,36.73571450369699,0.7550001,2.0,0.0,0,0,0,1,0,0,0,False,synthetic,42.8614223596412,54.88505613745957,58.99416797108368,63.27370944994172,ridge,CBE,Coimbatore
494,2026-09-23,6.04,2026-09-23 02:30:00,67.43,2.88,2026-09-23 00:30:00,099,660,2026-09-23 02:30:00,2026-09-23 22:30:00,2026-09-24,60.14857155936105,57.99318748101712,81.37,29.514285768781388,1.5799999,2.0,0.0,0,0,0,1,0,0,0,False,synthetic,38.305829623836416,50.32946340165479,54.4385752352789,58.71811671413694,ridge,CBE,Coimbatore
495,2026-09-23,65.52,2026-09-23 02:30:00,61.21,67.5,2026-09-22 00:30:00,099,660,2026-09-23 02:30:00,2026-09-23 22:30:00,2026-09-24,78.04285757882255,73.84184441832056,99.82,46.24000004359654,0.0,26.0,0.0,0,0,0,1,0,0,0,True,synthetic,98.16567915514776,100.0,100.0,100.0,ridge,CBE,Coimbatore
496,2026-09-23,2.57,2026-09-23 02:30:00,75.61,2.17,2026-09-23 00:30:00,100,1100,2026-09-23 02:30:00,2026-09-23 22:30:00,2026-09-24,70.0700003306071,67.36248123540842,100.0,32.1449998219808,0.19999993,2.0,0.0,0,0,0,1,0,0,0,False,synthetic,41.13807855669643,53.1617123345148,57.27082416813892,61.55036564699695,ridge,CBE,Coimbatore
497,2026-09-23,58.73,2026-09-23 02:30:00,49.82,57.49,2026-09-22 00:30:00,100,1100,2026-09-23 02:30:00,2026-09-23 22:30:00,2026-09-24,69.47857175554547,64.47621096806684,98.76,48.96000017438616,0.61999893,26.0,0.0,0,0,0,1,0,0,0,False,synthetic,91.444358229665,100.0,100.0,100.0,ridge,CBE,Coimbatore
498,2026-09-23,10.12,2026-09-23 02:30:00,81.5,4.67,2026-09-23 00:30:00,100,660,2026-09-23 02:30:00,2026-09-23 22:30:00,2026-09-24,70.57714189801898,72.1706592317271,46.62,40.31428446088518,2.725,2.0,0.0,0,0,0,1,0,0,0,False,synthetic,53.38232013736494,65.40595391518332,69.51506574880743,73.79460722766547,ridge,CBE,Coimbatore
499,2026-09-23,46.29,2026-09-23 02:30:00,41.01,40.19,2026-09-22 00:30:00,100,660,2026-09-23 02:30:00,2026-09-23 22:30:00,2026-09-24,63.84571402413504,63.865712907456896,46.78,37.40428515842983,3.0500011,26.0,0.0,0,0,0,1,0,0,0,False,synthetic,82.01919361980731,94.04282739762569,98.1519392312498,100.0,ridge,CBE,Coimbatore
500,2026-09-23,68.88,2026-09-23 02:30:00,63.42,66.67,2026-09-22 00:30:00,100,660,2026-09-23 02:30:00,2026-09-23 22:30:00,2026-09-24,70.5616668065389,72.08158801836524,,38.3033332824707,1.1049995,26.0,0.0,0,0,0,1,0,0,0,True,synthetic,96.64071635253336,100.0,100.0,100.0,ridge,CBE,Coimbatore
